Workbook

Sheet Exemplos Validação
A1: univ | B1: ref_date | C1: ambito | D1: segmento | E1: instrmnt_id_aux | F1: instrmnt_id | G1: lcl_instrmnt_id | H1: cempcta | I1: ckbalcao | J1: cknumcta | K1: zdeposit_mis | L1: ckarea | M1: bsnss_area | N1: cnclld_instrmnt_stts | O1: nw_bsnss | P1: mngmnt_prdct | Q1: flg_intrbsnss | R1: intrbsnss_adj_cod | S1: cod_soc_dstntn | T1: bsnss_area_dstntn | U1: intrnl_trnsfr_rt_off_blnc | V1: rwa_off_blnc | W1: grss_intrst_incm_ccrr | X1: grss_intrst_expns_ccrr | Y1: grss_cmmssn_incm_ccrr | Z1: grss_cmmssn_expns_ccrr | AA1: gns_fnncl_trnsctn_exchng_ccrr | AB1: bsnss_area_ccrr | AC1: grss_cmmssn_incm_off_blnc_ccrr | AD1: grss_cmmssn_expns_off_blnc_ccrr | AE1: ccf | AF1: ead | AG1: imprmnt_stts | AH1: prfrmng_stts | AI1: grss_crryng_amnt_instrmnt | AJ1: accmltd_chngs_fv_cr_instrmnt | AK1: off_blnc_sht_amnt_instrmnt | AL1: prvsns_off_blnc_sht | AM1: rwa | AN1: accmltd_imprmnt_instrmnt | AO1: last_ref_date | AP1: typ_off_blnc_prdct | AQ1: subportfolio_id | AR1: dflt_stts_instrmnt | AS1: typ_instrmnt | AT1: accntng_clssfctn | AU1: cod_soc_intrgrp | AV1: msaldo_final | AW1: msaldo_mis | AX1: count_chave | AY1: ponderador | AZ1: grss_cmmssn_incm | BA1: EXCEL_grss_cmmssn_incm | BB1: VALIDAÇÃO | BC1: grss_cmmssn_incm_off_blnc | BD1: =_xlfn.CONCAT("EXCEL_",BC1) -> EXCEL_grss_cmmssn_incm_off_blnc | BE1: VALIDAÇÃO | BF1: grss_cmmssn_expns | BG1: =_xlfn.CONCAT("EXCEL_",BF1) -> EXCEL_grss_cmmssn_expns | BH1: VALIDAÇÃO | BI1: grss_cmmssn_expns_off_blnc | BJ1: =_xlfn.CONCAT("EXCEL_",BI1) -> EXCEL_grss_cmmssn_expns_off_blnc | BK1: VALIDAÇÃO | BL1: nt_ln_lss_prvsn | BM1: =_xlfn.CONCAT("EXCEL_",BL1) -> EXCEL_nt_ln_lss_prvsn | BN1: VALIDAÇÃO | BO1: nt_ln_lss_prvsn_off_blnc | BP1: =_xlfn.CONCAT("EXCEL_",BO1) -> EXCEL_nt_ln_lss_prvsn_off_blnc | BQ1: VALIDAÇÃO | BR1: grss_intrst_incm | BS1: =_xlfn.CONCAT("EXCEL_",BR1) -> EXCEL_grss_intrst_incm | BT1: VALIDAÇÃO | BU1: grss_intrst_expns | BV1: =_xlfn.CONCAT("EXCEL_",BU1) -> EXCEL_grss_intrst_expns | BW1: VALIDAÇÃO | BX1: gns_fnncl_trnsctn_exchng_dffrncs | BY1: =_xlfn.CONCAT("EXCEL_",BX1) -> EXCEL_gns_fnncl_trnsctn_exchng_dffrncs | BZ1: VALIDAÇÃO | CA1: intrnl_trnsfr_rt | CB1: =_xlfn.CONCAT("EXCEL_",CA1) -> EXCEL_intrnl_trnsfr_rt | CC1: VALIDAÇÃO | CD1: avrg_blnc | CE1: =_xlfn.CONCAT("EXCEL_",CD1) -> EXCEL_avrg_blnc | CF1: VALIDAÇÃO | CG1: avrg_blnc_off_blnc | CH1: =_xlfn.CONCAT("EXCEL_",CG1) -> EXCEL_avrg_blnc_off_blnc | CI1: VALIDAÇÃO
A2: COMUM PM | B2: 2025-03-31 | C2: GD | D2: ESTR | E2: 82000020100005442001520240283046 | F2: 82000020100005442001520240283046 | G2: 82000020100005442001520240283046 | H2: 31 | I2: 0000 | J2: 20100005442 | K2: V0050C33343I125 | L2: AN01040220 | M2: BA5 | N2: N | O2: Y | P2: PRDCT010103 | Q2: N | R2: N/A | S2: 00000 | T2: N/A | U2: 11111111111 | V2: 11111111111 | W2: 11111111111 | X2: 11111111111 | Y2: 11111111111 | Z2: 11111111111 | AA2: 11111111111 | AB2: N/A | AC2: 11111111111 | AD2: 11111111111 | AE2: 0.000000 | AF2: 23319.29 | AG2: 23 | AH2: 11 | AI2: 75291.08 | AJ2: 11111111111.00 | AK2: 0.00 | AL2: 0.00 | AM2: 0.00 | AN2: 0.00 | AO2: 2025-03-31 | AP2: N/A | AQ2: APCAPRES1P | AR2: 14 | AS2: 71 | AT2: 6 | AU2: 00000 | AV2: 75291.08 | AW2: 929165.44 | AX2: 21 | AY2: 0.08103 | AZ2: 0 | BA2: {=INDEX('Cálculo excel'!$B$2:$X$36,MATCH(1,('Exemplos Validação'!$F2='Cálculo excel'!$B$2:$B$36)*('Cálculo excel'!$C$2:$C$36='Exemplos Validação'!$H2)*('Exemplos Validação'!$I2='Cálculo excel'!$D$2:$D$36)*('Cálculo excel'!$E$2:$E$36='Exemplos Validação'!$J2)*('Exemplos Validação'!$K2='Cálculo excel'!$F$2:$F$36),0),11)} -> 0 | BB2: =BA2-AZ2 -> 0 | BC2: 0 | BD2: {=INDEX('Cálculo excel'!$B$2:$X$36,MATCH(1,('Exemplos Validação'!$F2='Cálculo excel'!$B$2:$B$36)*('Cálculo excel'!$C$2:$C$36='Exemplos Validação'!$H2)*('Exemplos Validação'!$I2='Cálculo excel'!$D$2:$D$36)*('Cálculo excel'!$E$2:$E$36='Exemplos Validação'!$J2)*('Exemplos Validação'!$K2='Cálculo excel'!$F$2:$F$36),0),12)} -> 0 | BE2: =BD2-BC2 -> 0 | BF2: 0 | BG2: {=INDEX('Cálculo excel'!$B$2:$X$36,MATCH(1,('Exemplos Validação'!$F2='Cálculo excel'!$B$2:$B$36)*('Cálculo excel'!$C$2:$C$36='Exemplos Validação'!$H2)*('Exemplos Validação'!$I2='Cálculo excel'!$D$2:$D$36)*('Cálculo excel'!$E$2:$E$36='Exemplos Validação'!$J2)*('Exemplos Validação'!$K2='Cálculo excel'!$F$2:$F$36),0),13)} -> 0 | BH2: =BG2-BF2 -> 0 | BI2: 0 | BJ2: {=INDEX('Cálculo excel'!$B$2:$X$36,MATCH(1,('Exemplos Validação'!$F2='Cálculo excel'!$B$2:$B$36)*('Cálculo excel'!$C$2:$C$36='Exemplos Validação'!$H2)*('Exemplos Validação'!$I2='Cálculo excel'!$D$2:$D$36)*('Cálculo excel'!$E$2:$E$36='Exemplos Validação'!$J2)*('Exemplos Validação'!$K2='Cálculo excel'!$F$2:$F$36),0),14)} -> 0 | BK2: =BJ2-BI2 -> 0 | BL2: 0 | BM2: {=INDEX('Cálculo excel'!$B$2:$X$36,MATCH(1,('Exemplos Validação'!$F2='Cálculo excel'!$B$2:$B$36)*('Cálculo excel'!$C$2:$C$36='Exemplos Validação'!$H2)*('Exemplos Validação'!$I2='Cálculo excel'!$D$2:$D$36)*('Cálculo excel'!$E$2:$E$36='Exemplos Validação'!$J2)*('Exemplos Validação'!$K2='Cálculo excel'!$F$2:$F$36),0),15)} -> 0 | BN2: =BM2-BL2 -> 0 | BO2: 0 | BP2: {=INDEX('Cálculo excel'!$B$2:$X$36,MATCH(1,('Exemplos Validação'!$F2='Cálculo excel'!$B$2:$B$36)*('Cálculo excel'!$C$2:$C$36='Exemplos Validação'!$H2)*('Exemplos Validação'!$I2='Cálculo excel'!$D$2:$D$36)*('Cálculo excel'!$E$2:$E$36='Exemplos Validação'!$J2)*('Exemplos Validação'!$K2='Cálculo excel'!$F$2:$F$36),0),16)} -> 0 | BQ2: =BP2-BO2 -> 0 | BR2: 0 | BS2: {=INDEX('Cálculo excel'!$B$2:$X$36,MATCH(1,('Exemplos Validação'!$F2='Cálculo excel'!$B$2:$B$36)*('Cálculo excel'!$C$2:$C$36='Exemplos Validação'!$H2)*('Exemplos Validação'!$I2='Cálculo excel'!$D$2:$D$36)*('Cálculo excel'!$E$2:$E$36='Exemplos Validação'!$J2)*('Exemplos Validação'!$K2='Cálculo excel'!$F$2:$F$36),0),17)} -> 0 | BT2: =BS2-BR2 -> 0 | BU2: 0 | BV2: {=INDEX('Cálculo excel'!$B$2:$X$36,MATCH(1,('Exemplos Validação'!$F2='Cálculo excel'!$B$2:$B$36)*('Cálculo excel'!$C$2:$C$36='Exemplos Validação'!$H2)*('Exemplos Validação'!$I2='Cálculo excel'!$D$2:$D$36)*('Cálculo excel'!$E$2:$E$36='Exemplos Validação'!$J2)*('Exemplos Validação'!$K2='Cálculo excel'!$F$2:$F$36),0),18)} -> 0 | BW2: =BV2-BU2 -> 0 | BX2: 0 | BY2: {=INDEX('Cálculo excel'!$B$2:$X$36,MATCH(1,('Exemplos Validação'!$F2='Cálculo excel'!$B$2:$B$36)*('Cálculo excel'!$C$2:$C$36='Exemplos Validação'!$H2)*('Exemplos Validação'!$I2='Cálculo excel'!$D$2:$D$36)*('Cálculo excel'!$E$2:$E$36='Exemplos Validação'!$J2)*('Exemplos Validação'!$K2='Cálculo excel'!$F$2:$F$36),0),19)} -> 0 | BZ2: =BY2-BX2 -> 0 | CA2: 0 | CB2: {=INDEX('Cálculo excel'!$B$2:$X$36,MATCH(1,('Exemplos Validação'!$F2='Cálculo excel'!$B$2:$B$36)*('Cálculo excel'!$C$2:$C$36='Exemplos Validação'!$H2)*('Exemplos Validação'!$I2='Cálculo excel'!$D$2:$D$36)*('Cálculo excel'!$E$2:$E$36='Exemplos Validação'!$J2)*('Exemplos Validação'!$K2='Cálculo excel'!$F$2:$F$36),0),20)} -> 0 | CC2: =CB2-CA2 -> 0 | CD2: 0 | CE2: {=INDEX('Cálculo excel'!$B$2:$X$36,MATCH(1,('Exemplos Validação'!$F2='Cálculo excel'!$B$2:$B$36)*('Cálculo excel'!$C$2:$C$36='Exemplos Validação'!$H2)*('Exemplos Validação'!$I2='Cálculo excel'!$D$2:$D$36)*('Cálculo excel'!$E$2:$E$36='Exemplos Validação'!$J2)*('Exemplos Validação'!$K2='Cálculo excel'!$F$2:$F$36),0),21)} -> 0 | CF2: =CE2-CD2 -> 0 | CG2: 0 | CH2: {=INDEX('Cálculo excel'!$B$2:$X$36,MATCH(1,('Exemplos Validação'!$F2='Cálculo excel'!$B$2:$B$36)*('Cálculo excel'!$C$2:$C$36='Exemplos Validação'!$H2)*('Exemplos Validação'!$I2='Cálculo excel'!$D$2:$D$36)*('Cálculo excel'!$E$2:$E$36='Exemplos Validação'!$J2)*('Exemplos Validação'!$K2='Cálculo excel'!$F$2:$F$36),0),22)+INDEX('Cálculo excel'!$B$2:$X$36,MATCH(1,('Exemplos Validação'!$F2='Cálculo excel'!$B$2:$B$36)*('Cálculo excel'!$C$2:$C$36='Exemplos Validação'!$H2)*('Exemplos Validação'!$I2='Cálculo excel'!$D$2:$D$36)*('Cálculo excel'!$E$2:$E$36='Exemplos Validação'!$J2)*('Exemplos Validação'!$K2='Cálculo excel'!$F$2:$F$36),0),23)} -> 0 | CI2: =CH2-CG2 -> 0
A3: COMUM PM | B3: 2025-03-31 | C3: GD | D3: ESTR | E3: 82000020100005442001520250102622 | F3: 82000020100005442001520250102622 | G3: 82000020100005442001520250102622 | H3: 31 | I3: 0000 | J3: 20100005442 | K3: V0050C33343I125 | L3: AN01040220 | M3: BA5 | N3: N | O3: Y | P3: PRDCT010103 | Q3: N | R3: N/A | S3: 00000 | T3: N/A | U3: 11111111111 | V3: 11111111111 | W3: 11111111111 | X3: 11111111111 | Y3: 11111111111 | Z3: 11111111111 | AA3: 11111111111 | AB3: N/A | AC3: 11111111111 | AD3: 11111111111 | AE3: 0.000000 | AF3: 684.80 | AG3: 23 | AH3: 11 | AI3: 2211.01 | AJ3: 11111111111.00 | AK3: 0.00 | AL3: 0.00 | AM3: 0.00 | AN3: 0.00 | AO3: 2025-03-31 | AP3: N/A | AQ3: APCAPRES1P | AR3: 14 | AS3: 71 | AT3: 6 | AU3: 00000 | AV3: 2211.01 | AW3: 929165.44 | AX3: 21 | AY3: 0.002379 | AZ3: 0 | BA3: {=INDEX('Cálculo excel'!$B$2:$X$36,MATCH(1,('Exemplos Validação'!$F3='Cálculo excel'!$B$2:$B$36)*('Cálculo excel'!$C$2:$C$36='Exemplos Validação'!$H3)*('Exemplos Validação'!$I3='Cálculo excel'!$D$2:$D$36)*('Cálculo excel'!$E$2:$E$36='Exemplos Validação'!$J3)*('Exemplos Validação'!$K3='Cálculo excel'!$F$2:$F$36),0),11)} -> 0 | BB3: =BA3-AZ3 -> 0 | BC3: 0 | BD3: {=INDEX('Cálculo excel'!$B$2:$X$36,MATCH(1,('Exemplos Validação'!$F3='Cálculo excel'!$B$2:$B$36)*('Cálculo excel'!$C$2:$C$36='Exemplos Validação'!$H3)*('Exemplos Validação'!$I3='Cálculo excel'!$D$2:$D$36)*('Cálculo excel'!$E$2:$E$36='Exemplos Validação'!$J3)*('Exemplos Validação'!$K3='Cálculo excel'!$F$2:$F$36),0),12)} -> 0 | BE3: =BD3-BC3 -> 0 | BF3: 0 | BG3: {=INDEX('Cálculo excel'!$B$2:$X$36,MATCH(1,('Exemplos Validação'!$F3='Cálculo excel'!$B$2:$B$36)*('Cálculo excel'!$C$2:$C$36='Exemplos Validação'!$H3)*('Exemplos Validação'!$I3='Cálculo excel'!$D$2:$D$36)*('Cálculo excel'!$E$2:$E$36='Exemplos Validação'!$J3)*('Exemplos Validação'!$K3='Cálculo excel'!$F$2:$F$36),0),13)} -> 0 | BH3: =BG3-BF3 -> 0 | BI3: 0 | BJ3: {=INDEX('Cálculo excel'!$B$2:$X$36,MATCH(1,('Exemplos Validação'!$F3='Cálculo excel'!$B$2:$B$36)*('Cálculo excel'!$C$2:$C$36='Exemplos Validação'!$H3)*('Exemplos Validação'!$I3='Cálculo excel'!$D$2:$D$36)*('Cálculo excel'!$E$2:$E$36='Exemplos Validação'!$J3)*('Exemplos Validação'!$K3='Cálculo excel'!$F$2:$F$36),0),14)} -> 0 | BK3: =BJ3-BI3 -> 0 | BL3: 0 | BM3: {=INDEX('Cálculo excel'!$B$2:$X$36,MATCH(1,('Exemplos Validação'!$F3='Cálculo excel'!$B$2:$B$36)*('Cálculo excel'!$C$2:$C$36='Exemplos Validação'!$H3)*('Exemplos Validação'!$I3='Cálculo excel'!$D$2:$D$36)*('Cálculo excel'!$E$2:$E$36='Exemplos Validação'!$J3)*('Exemplos Validação'!$K3='Cálculo excel'!$F$2:$F$36),0),15)} -> 0 | BN3: =BM3-BL3 -> 0 | BO3: 0 | BP3: {=INDEX('Cálculo excel'!$B$2:$X$36,MATCH(1,('Exemplos Validação'!$F3='Cálculo excel'!$B$2:$B$36)*('Cálculo excel'!$C$2:$C$36='Exemplos Validação'!$H3)*('Exemplos Validação'!$I3='Cálculo excel'!$D$2:$D$36)*('Cálculo excel'!$E$2:$E$36='Exemplos Validação'!$J3)*('Exemplos Validação'!$K3='Cálculo excel'!$F$2:$F$36),0),16)} -> 0 | BQ3: =BP3-BO3 -> 0 | BR3: 0 | BS3: {=INDEX('Cálculo excel'!$B$2:$X$36,MATCH(1,('Exemplos Validação'!$F3='Cálculo excel'!$B$2:$B$36)*('Cálculo excel'!$C$2:$C$36='Exemplos Validação'!$H3)*('Exemplos Validação'!$I3='Cálculo excel'!$D$2:$D$36)*('Cálculo excel'!$E$2:$E$36='Exemplos Validação'!$J3)*('Exemplos Validação'!$K3='Cálculo excel'!$F$2:$F$36),0),17)} -> 0 | BT3: =BS3-BR3 -> 0 | BU3: 0 | BV3: {=INDEX('Cálculo excel'!$B$2:$X$36,MATCH(1,('Exemplos Validação'!$F3='Cálculo excel'!$B$2:$B$36)*('Cálculo excel'!$C$2:$C$36='Exemplos Validação'!$H3)*('Exemplos Validação'!$I3='Cálculo excel'!$D$2:$D$36)*('Cálculo excel'!$E$2:$E$36='Exemplos Validação'!$J3)*('Exemplos Validação'!$K3='Cálculo excel'!$F$2:$F$36),0),18)} -> 0 | BW3: =BV3-BU3 -> 0 | BX3: 0 | BY3: {=INDEX('Cálculo excel'!$B$2:$X$36,MATCH(1,('Exemplos Validação'!$F3='Cálculo excel'!$B$2:$B$36)*('Cálculo excel'!$C$2:$C$36='Exemplos Validação'!$H3)*('Exemplos Validação'!$I3='Cálculo excel'!$D$2:$D$36)*('Cálculo excel'!$E$2:$E$36='Exemplos Validação'!$J3)*('Exemplos Validação'!$K3='Cálculo excel'!$F$2:$F$36),0),19)} -> 0 | BZ3: =BY3-BX3 -> 0 | CA3: 0 | CB3: {=INDEX('Cálculo excel'!$B$2:$X$36,MATCH(1,('Exemplos Validação'!$F3='Cálculo excel'!$B$2:$B$36)*('Cálculo excel'!$C$2:$C$36='Exemplos Validação'!$H3)*('Exemplos Validação'!$I3='Cálculo excel'!$D$2:$D$36)*('Cálculo excel'!$E$2:$E$36='Exemplos Validação'!$J3)*('Exemplos Validação'!$K3='Cálculo excel'!$F$2:$F$36),0),20)} -> 0 | CC3: =CB3-CA3 -> 0 | CD3: 0 | CE3: {=INDEX('Cálculo excel'!$B$2:$X$36,MATCH(1,('Exemplos Validação'!$F3='Cálculo excel'!$B$2:$B$36)*('Cálculo excel'!$C$2:$C$36='Exemplos Validação'!$H3)*('Exemplos Validação'!$I3='Cálculo excel'!$D$2:$D$36)*('Cálculo excel'!$E$2:$E$36='Exemplos Validação'!$J3)*('Exemplos Validação'!$K3='Cálculo excel'!$F$2:$F$36),0),21)} -> 0 | CF3: =CE3-CD3 -> 0 | CG3: 0 | CH3: {=INDEX('Cálculo excel'!$B$2:$X$36,MATCH(1,('Exemplos Validação'!$F3='Cálculo excel'!$B$2:$B$36)*('Cálculo excel'!$C$2:$C$36='Exemplos Validação'!$H3)*('Exemplos Validação'!$I3='Cálculo excel'!$D$2:$D$36)*('Cálculo excel'!$E$2:$E$36='Exemplos Validação'!$J3)*('Exemplos Validação'!$K3='Cálculo excel'!$F$2:$F$36),0),22)+INDEX('Cálculo excel'!$B$2:$X$36,MATCH(1,('Exemplos Validação'!$F3='Cálculo excel'!$B$2:$B$36)*('Cálculo excel'!$C$2:$C$36='Exemplos Validação'!$H3)*('Exemplos Validação'!$I3='Cálculo excel'!$D$2:$D$36)*('Cálculo excel'!$E$2:$E$36='Exemplos Validação'!$J3)*('Exemplos Validação'!$K3='Cálculo excel'!$F$2:$F$36),0),23)} -> 0 | CI3: =CH3-CG3 -> 0
A4: CANCELADOS | B4: 2025-03-31 | C4: GD | D4: ESTR | E4: 31000314940851096000000000000000 | F4: 31000314940851096000000000000000 | G4: 31000314940851096000000000000000 | H4: 31 | I4: 0003 | J4: 14940851096 | K4: 000000000000000 | L4: AN01010201 | M4: BA2 | N4: C | O4: Y | P4: PRDCT010101 | Q4: N | R4: N/A | S4: 00000 | T4: N/A | U4: 11111111111 | V4: 11111111111 | W4: 11111111111 | X4: 11111111111 | Y4: 11111111111 | Z4: 11111111111 | AA4: 11111111111 | AB4: N/A | AC4: 11111111111 | AD4: 11111111111 | AE4: 11111111111.000000 | AF4: 11111111111.00 | AG4: 11111111111 | AH4: 11111111111 | AI4: 0.00 | AJ4: 0.00 | AK4: 0.00 | AL4: 0.00 | AM4: 0.00 | AN4: 0.00 | AO4: 2025-02-28 | AP4: N/A | AQ4: HOGCAPRES1P | AR4: 14 | AS4: 1004 | AT4: 6 | AU4: 00000 | AV4: 29706.82 | AW4: 29706.82 | AX4: 1 | AY4: 1 | AZ4: 947.63 | BA4: {=INDEX('Cálculo excel'!$B$2:$X$36,MATCH(1,('Exemplos Validação'!$F4='Cálculo excel'!$B$2:$B$36)*('Cálculo excel'!$C$2:$C$36='Exemplos Validação'!$H4)*('Exemplos Validação'!$I4='Cálculo excel'!$D$2:$D$36)*('Cálculo excel'!$E$2:$E$36='Exemplos Validação'!$J4)*('Exemplos Validação'!$K4='Cálculo excel'!$F$2:$F$36),0),11)} -> 947.63 | BB4: =BA4-AZ4 -> 0 | BC4: 0 | BD4: {=INDEX('Cálculo excel'!$B$2:$X$36,MATCH(1,('Exemplos Validação'!$F4='Cálculo excel'!$B$2:$B$36)*('Cálculo excel'!$C$2:$C$36='Exemplos Validação'!$H4)*('Exemplos Validação'!$I4='Cálculo excel'!$D$2:$D$36)*('Cálculo excel'!$E$2:$E$36='Exemplos Validação'!$J4)*('Exemplos Validação'!$K4='Cálculo excel'!$F$2:$F$36),0),12)} -> 0 | BE4: =BD4-BC4 -> 0 | BF4: 285.38 | BG4: {=INDEX('Cálculo excel'!$B$2:$X$36,MATCH(1,('Exemplos Validação'!$F4='Cálculo excel'!$B$2:$B$36)*('Cálculo excel'!$C$2:$C$36='Exemplos Validação'!$H4)*('Exemplos Validação'!$I4='Cálculo excel'!$D$2:$D$36)*('Cálculo excel'!$E$2:$E$36='Exemplos Validação'!$J4)*('Exemplos Validação'!$K4='Cálculo excel'!$F$2:$F$36),0),13)} -> 285.38 | BH4: =BG4-BF4 -> 0 | BI4: 0 | BJ4: {=INDEX('Cálculo excel'!$B$2:$X$36,MATCH(1,('Exemplos Validação'!$F4='Cálculo excel'!$B$2:$B$36)*('Cálculo excel'!$C$2:$C$36='Exemplos Validação'!$H4)*('Exemplos Validação'!$I4='Cálculo excel'!$D$2:$D$36)*('Cálculo excel'!$E$2:$E$36='Exemplos Validação'!$J4)*('Exemplos Validação'!$K4='Cálculo excel'!$F$2:$F$36),0),14)} -> 0 | BK4: =BJ4-BI4 -> 0 | BL4: -3.07 | BM4: {=INDEX('Cálculo excel'!$B$2:$X$36,MATCH(1,('Exemplos Validação'!$F4='Cálculo excel'!$B$2:$B$36)*('Cálculo excel'!$C$2:$C$36='Exemplos Validação'!$H4)*('Exemplos Validação'!$I4='Cálculo excel'!$D$2:$D$36)*('Cálculo excel'!$E$2:$E$36='Exemplos Validação'!$J4)*('Exemplos Validação'!$K4='Cálculo excel'!$F$2:$F$36),0),15)} -> -3.07 | BN4: =BM4-BL4 -> 0 | BO4: 0 | BP4: {=INDEX('Cálculo excel'!$B$2:$X$36,MATCH(1,('Exemplos Validação'!$F4='Cálculo excel'!$B$2:$B$36)*('Cálculo excel'!$C$2:$C$36='Exemplos Validação'!$H4)*('Exemplos Validação'!$I4='Cálculo excel'!$D$2:$D$36)*('Cálculo excel'!$E$2:$E$36='Exemplos Validação'!$J4)*('Exemplos Validação'!$K4='Cálculo excel'!$F$2:$F$36),0),16)} -> 0 | BQ4: =BP4-BO4 -> 0 | BR4: 134.29 | BS4: {=INDEX('Cálculo excel'!$B$2:$X$36,MATCH(1,('Exemplos Validação'!$F4='Cálculo excel'!$B$2:$B$36)*('Cálculo excel'!$C$2:$C$36='Exemplos Validação'!$H4)*('Exemplos Validação'!$I4='Cálculo excel'!$D$2:$D$36)*('Cálculo excel'!$E$2:$E$36='Exemplos Validação'!$J4)*('Exemplos Validação'!$K4='Cálculo excel'!$F$2:$F$36),0),17)} -> 134.29 | BT4: =BS4-BR4 -> 0 | BU4: 0 | BV4: {=INDEX('Cálculo excel'!$B$2:$X$36,MATCH(1,('Exemplos Validação'!$F4='Cálculo excel'!$B$2:$B$36)*('Cálculo excel'!$C$2:$C$36='Exemplos Validação'!$H4)*('Exemplos Validação'!$I4='Cálculo excel'!$D$2:$D$36)*('Cálculo excel'!$E$2:$E$36='Exemplos Validação'!$J4)*('Exemplos Validação'!$K4='Cálculo excel'!$F$2:$F$36),0),18)} -> 0 | BW4: =BV4-BU4 -> 0 | BX4: 0 | BY4: {=INDEX('Cálculo excel'!$B$2:$X$36,MATCH(1,('Exemplos Validação'!$F4='Cálculo excel'!$B$2:$B$36)*('Cálculo excel'!$C$2:$C$36='Exemplos Validação'!$H4)*('Exemplos Validação'!$I4='Cálculo excel'!$D$2:$D$36)*('Cálculo excel'!$E$2:$E$36='Exemplos Validação'!$J4)*('Exemplos Validação'!$K4='Cálculo excel'!$F$2:$F$36),0),19)} -> 0 | BZ4: =BY4-BX4 -> 0 | CA4: 36.97 | CB4: {=INDEX('Cálculo excel'!$B$2:$X$36,MATCH(1,('Exemplos Validação'!$F4='Cálculo excel'!$B$2:$B$36)*('Cálculo excel'!$C$2:$C$36='Exemplos Validação'!$H4)*('Exemplos Validação'!$I4='Cálculo excel'!$D$2:$D$36)*('Cálculo excel'!$E$2:$E$36='Exemplos Validação'!$J4)*('Exemplos Validação'!$K4='Cálculo excel'!$F$2:$F$36),0),20)} -> 36.97 | CC4: =CB4-CA4 -> 0 | CD4: 14152.03 | CE4: {=INDEX('Cálculo excel'!$B$2:$X$36,MATCH(1,('Exemplos Validação'!$F4='Cálculo excel'!$B$2:$B$36)*('Cálculo excel'!$C$2:$C$36='Exemplos Validação'!$H4)*('Exemplos Validação'!$I4='Cálculo excel'!$D$2:$D$36)*('Cálculo excel'!$E$2:$E$36='Exemplos Validação'!$J4)*('Exemplos Validação'!$K4='Cálculo excel'!$F$2:$F$36),0),21)} -> 14152.03 | CF4: =CE4-CD4 -> 0 | CG4: 0 | CH4: {=INDEX('Cálculo excel'!$B$2:$X$36,MATCH(1,('Exemplos Validação'!$F4='Cálculo excel'!$B$2:$B$36)*('Cálculo excel'!$C$2:$C$36='Exemplos Validação'!$H4)*('Exemplos Validação'!$I4='Cálculo excel'!$D$2:$D$36)*('Cálculo excel'!$E$2:$E$36='Exemplos Validação'!$J4)*('Exemplos Validação'!$K4='Cálculo excel'!$F$2:$F$36),0),22)+INDEX('Cálculo excel'!$B$2:$X$36,MATCH(1,('Exemplos Validação'!$F4='Cálculo excel'!$B$2:$B$36)*('Cálculo excel'!$C$2:$C$36='Exemplos Validação'!$H4)*('Exemplos Validação'!$I4='Cálculo excel'!$D$2:$D$36)*('Cálculo excel'!$E$2:$E$36='Exemplos Validação'!$J4)*('Exemplos Validação'!$K4='Cálculo excel'!$F$2:$F$36),0),23)} -> 0 | CI4: =CH4-CG4 -> 0
A5: COMUM PM | B5: 2025-03-31 | C5: GD | D5: ESTR | E5: 82000020100005442000007400570696 | F5: 82000020100005442000007400570696 | G5: 82000020100005442000007400570696 | H5: 31 | I5: 0000 | J5: 20100005442 | K5: V0050C33343I125 | L5: AN01040220 | M5: BA5 | N5: N | O5: N | P5: PRDCT010103 | Q5: N | R5: N/A | S5: 00000 | T5: N/A | U5: 11111111111 | V5: 11111111111 | W5: 11111111111 | X5: 11111111111 | Y5: 11111111111 | Z5: 11111111111 | AA5: 11111111111 | AB5: N/A | AC5: 11111111111 | AD5: 11111111111 | AE5: 0.000000 | AF5: 641382.64 | AG5: 23 | AH5: 11 | AI5: 0.00 | AJ5: 11111111111.00 | AK5: 2070834.56 | AL5: 0.00 | AM5: 0.00 | AN5: 0.00 | AO5: 2025-03-31 | AP5: MC42 | AQ5: APGUARS1P | AR5: 14 | AS5: 71 | AT5: 11111111111 | AU5: 00000 | AV5: 0 | AW5: 929165.44 | AX5: 21 | AY5: 0 | AZ5: 0 | BA5: {=INDEX('Cálculo excel'!$B$2:$X$36,MATCH(1,('Exemplos Validação'!$F5='Cálculo excel'!$B$2:$B$36)*('Cálculo excel'!$C$2:$C$36='Exemplos Validação'!$H5)*('Exemplos Validação'!$I5='Cálculo excel'!$D$2:$D$36)*('Cálculo excel'!$E$2:$E$36='Exemplos Validação'!$J5)*('Exemplos Validação'!$K5='Cálculo excel'!$F$2:$F$36),0),11)} -> 0 | BB5: =BA5-AZ5 -> 0 | BC5: 0 | BD5: {=INDEX('Cálculo excel'!$B$2:$X$36,MATCH(1,('Exemplos Validação'!$F5='Cálculo excel'!$B$2:$B$36)*('Cálculo excel'!$C$2:$C$36='Exemplos Validação'!$H5)*('Exemplos Validação'!$I5='Cálculo excel'!$D$2:$D$36)*('Cálculo excel'!$E$2:$E$36='Exemplos Validação'!$J5)*('Exemplos Validação'!$K5='Cálculo excel'!$F$2:$F$36),0),12)} -> 0 | BE5: =BD5-BC5 -> 0 | BF5: 0 | BG5: {=INDEX('Cálculo excel'!$B$2:$X$36,MATCH(1,('Exemplos Validação'!$F5='Cálculo excel'!$B$2:$B$36)*('Cálculo excel'!$C$2:$C$36='Exemplos Validação'!$H5)*('Exemplos Validação'!$I5='Cálculo excel'!$D$2:$D$36)*('Cálculo excel'!$E$2:$E$36='Exemplos Validação'!$J5)*('Exemplos Validação'!$K5='Cálculo excel'!$F$2:$F$36),0),13)} -> 0 | BH5: =BG5-BF5 -> 0 | BI5: 0 | BJ5: {=INDEX('Cálculo excel'!$B$2:$X$36,MATCH(1,('Exemplos Validação'!$F5='Cálculo excel'!$B$2:$B$36)*('Cálculo excel'!$C$2:$C$36='Exemplos Validação'!$H5)*('Exemplos Validação'!$I5='Cálculo excel'!$D$2:$D$36)*('Cálculo excel'!$E$2:$E$36='Exemplos Validação'!$J5)*('Exemplos Validação'!$K5='Cálculo excel'!$F$2:$F$36),0),14)} -> 0 | BK5: =BJ5-BI5 -> 0 | BL5: 0 | BM5: {=INDEX('Cálculo excel'!$B$2:$X$36,MATCH(1,('Exemplos Validação'!$F5='Cálculo excel'!$B$2:$B$36)*('Cálculo excel'!$C$2:$C$36='Exemplos Validação'!$H5)*('Exemplos Validação'!$I5='Cálculo excel'!$D$2:$D$36)*('Cálculo excel'!$E$2:$E$36='Exemplos Validação'!$J5)*('Exemplos Validação'!$K5='Cálculo excel'!$F$2:$F$36),0),15)} -> 0 | BN5: =BM5-BL5 -> 0 | BO5: 0 | BP5: {=INDEX('Cálculo excel'!$B$2:$X$36,MATCH(1,('Exemplos Validação'!$F5='Cálculo excel'!$B$2:$B$36)*('Cálculo excel'!$C$2:$C$36='Exemplos Validação'!$H5)*('Exemplos Validação'!$I5='Cálculo excel'!$D$2:$D$36)*('Cálculo excel'!$E$2:$E$36='Exemplos Validação'!$J5)*('Exemplos Validação'!$K5='Cálculo excel'!$F$2:$F$36),0),16)} -> 0 | BQ5: =BP5-BO5 -> 0 | BR5: 0 | BS5: {=INDEX('Cálculo excel'!$B$2:$X$36,MATCH(1,('Exemplos Validação'!$F5='Cálculo excel'!$B$2:$B$36)*('Cálculo excel'!$C$2:$C$36='Exemplos Validação'!$H5)*('Exemplos Validação'!$I5='Cálculo excel'!$D$2:$D$36)*('Cálculo excel'!$E$2:$E$36='Exemplos Validação'!$J5)*('Exemplos Validação'!$K5='Cálculo excel'!$F$2:$F$36),0),17)} -> 0 | BT5: =BS5-BR5 -> 0 | BU5: 0 | BV5: {=INDEX('Cálculo excel'!$B$2:$X$36,MATCH(1,('Exemplos Validação'!$F5='Cálculo excel'!$B$2:$B$36)*('Cálculo excel'!$C$2:$C$36='Exemplos Validação'!$H5)*('Exemplos Validação'!$I5='Cálculo excel'!$D$2:$D$36)*('Cálculo excel'!$E$2:$E$36='Exemplos Validação'!$J5)*('Exemplos Validação'!$K5='Cálculo excel'!$F$2:$F$36),0),18)} -> 0 | BW5: =BV5-BU5 -> 0 | BX5: 0 | BY5: {=INDEX('Cálculo excel'!$B$2:$X$36,MATCH(1,('Exemplos Validação'!$F5='Cálculo excel'!$B$2:$B$36)*('Cálculo excel'!$C$2:$C$36='Exemplos Validação'!$H5)*('Exemplos Validação'!$I5='Cálculo excel'!$D$2:$D$36)*('Cálculo excel'!$E$2:$E$36='Exemplos Validação'!$J5)*('Exemplos Validação'!$K5='Cálculo excel'!$F$2:$F$36),0),19)} -> 0 | BZ5: =BY5-BX5 -> 0 | CA5: 0 | CB5: {=INDEX('Cálculo excel'!$B$2:$X$36,MATCH(1,('Exemplos Validação'!$F5='Cálculo excel'!$B$2:$B$36)*('Cálculo excel'!$C$2:$C$36='Exemplos Validação'!$H5)*('Exemplos Validação'!$I5='Cálculo excel'!$D$2:$D$36)*('Cálculo excel'!$E$2:$E$36='Exemplos Validação'!$J5)*('Exemplos Validação'!$K5='Cálculo excel'!$F$2:$F$36),0),20)} -> 0 | CC5: =CB5-CA5 -> 0 | CD5: 0 | CE5: {=INDEX('Cálculo excel'!$B$2:$X$36,MATCH(1,('Exemplos Validação'!$F5='Cálculo excel'!$B$2:$B$36)*('Cálculo excel'!$C$2:$C$36='Exemplos Validação'!$H5)*('Exemplos Validação'!$I5='Cálculo excel'!$D$2:$D$36)*('Cálculo excel'!$E$2:$E$36='Exemplos Validação'!$J5)*('Exemplos Validação'!$K5='Cálculo excel'!$F$2:$F$36),0),21)} -> 0 | CF5: =CE5-CD5 -> 0 | CG5: 0 | CH5: {=INDEX('Cálculo excel'!$B$2:$X$36,MATCH(1,('Exemplos Validação'!$F5='Cálculo excel'!$B$2:$B$36)*('Cálculo excel'!$C$2:$C$36='Exemplos Validação'!$H5)*('Exemplos Validação'!$I5='Cálculo excel'!$D$2:$D$36)*('Cálculo excel'!$E$2:$E$36='Exemplos Validação'!$J5)*('Exemplos Validação'!$K5='Cálculo excel'!$F$2:$F$36),0),22)+INDEX('Cálculo excel'!$B$2:$X$36,MATCH(1,('Exemplos Validação'!$F5='Cálculo excel'!$B$2:$B$36)*('Cálculo excel'!$C$2:$C$36='Exemplos Validação'!$H5)*('Exemplos Validação'!$I5='Cálculo excel'!$D$2:$D$36)*('Cálculo excel'!$E$2:$E$36='Exemplos Validação'!$J5)*('Exemplos Validação'!$K5='Cálculo excel'!$F$2:$F$36),0),23)} -> 0 | CI5: =CH5-CG5 -> 0
A6: COMUM PM | B6: 2025-03-31 | C6: GD | D6: ESTR | E6: 82000020100005442001520250102730 | F6: 82000020100005442001520250102730 | G6: 82000020100005442001520250102730 | H6: 31 | I6: 0000 | J6: 20100005442 | K6: V0050C33343I125 | L6: AN01040220 | M6: BA5 | N6: N | O6: Y | P6: PRDCT010103 | Q6: N | R6: N/A | S6: 00000 | T6: N/A | U6: 11111111111 | V6: 11111111111 | W6: 11111111111 | X6: 11111111111 | Y6: 11111111111 | Z6: 11111111111 | AA6: 11111111111 | AB6: N/A | AC6: 11111111111 | AD6: 11111111111 | AE6: 0.000000 | AF6: 569.49 | AG6: 23 | AH6: 11 | AI6: 1838.72 | AJ6: 11111111111.00 | AK6: 0.00 | AL6: 0.00 | AM6: 0.00 | AN6: 0.00 | AO6: 2025-03-31 | AP6: N/A | AQ6: APCAPRES1P | AR6: 14 | AS6: 71 | AT6: 6 | AU6: 00000 | AV6: 1838.72 | AW6: 929165.44 | AX6: 21 | AY6: 0.001978 | AZ6: 0 | BA6: {=INDEX('Cálculo excel'!$B$2:$X$36,MATCH(1,('Exemplos Validação'!$F6='Cálculo excel'!$B$2:$B$36)*('Cálculo excel'!$C$2:$C$36='Exemplos Validação'!$H6)*('Exemplos Validação'!$I6='Cálculo excel'!$D$2:$D$36)*('Cálculo excel'!$E$2:$E$36='Exemplos Validação'!$J6)*('Exemplos Validação'!$K6='Cálculo excel'!$F$2:$F$36),0),11)} -> 0 | BB6: =BA6-AZ6 -> 0 | BC6: 0 | BD6: {=INDEX('Cálculo excel'!$B$2:$X$36,MATCH(1,('Exemplos Validação'!$F6='Cálculo excel'!$B$2:$B$36)*('Cálculo excel'!$C$2:$C$36='Exemplos Validação'!$H6)*('Exemplos Validação'!$I6='Cálculo excel'!$D$2:$D$36)*('Cálculo excel'!$E$2:$E$36='Exemplos Validação'!$J6)*('Exemplos Validação'!$K6='Cálculo excel'!$F$2:$F$36),0),12)} -> 0 | BE6: =BD6-BC6 -> 0 | BF6: 0 | BG6: {=INDEX('Cálculo excel'!$B$2:$X$36,MATCH(1,('Exemplos Validação'!$F6='Cálculo excel'!$B$2:$B$36)*('Cálculo excel'!$C$2:$C$36='Exemplos Validação'!$H6)*('Exemplos Validação'!$I6='Cálculo excel'!$D$2:$D$36)*('Cálculo excel'!$E$2:$E$36='Exemplos Validação'!$J6)*('Exemplos Validação'!$K6='Cálculo excel'!$F$2:$F$36),0),13)} -> 0 | BH6: =BG6-BF6 -> 0 | BI6: 0 | BJ6: {=INDEX('Cálculo excel'!$B$2:$X$36,MATCH(1,('Exemplos Validação'!$F6='Cálculo excel'!$B$2:$B$36)*('Cálculo excel'!$C$2:$C$36='Exemplos Validação'!$H6)*('Exemplos Validação'!$I6='Cálculo excel'!$D$2:$D$36)*('Cálculo excel'!$E$2:$E$36='Exemplos Validação'!$J6)*('Exemplos Validação'!$K6='Cálculo excel'!$F$2:$F$36),0),14)} -> 0 | BK6: =BJ6-BI6 -> 0 | BL6: 0 | BM6: {=INDEX('Cálculo excel'!$B$2:$X$36,MATCH(1,('Exemplos Validação'!$F6='Cálculo excel'!$B$2:$B$36)*('Cálculo excel'!$C$2:$C$36='Exemplos Validação'!$H6)*('Exemplos Validação'!$I6='Cálculo excel'!$D$2:$D$36)*('Cálculo excel'!$E$2:$E$36='Exemplos Validação'!$J6)*('Exemplos Validação'!$K6='Cálculo excel'!$F$2:$F$36),0),15)} -> 0 | BN6: =BM6-BL6 -> 0 | BO6: 0 | BP6: {=INDEX('Cálculo excel'!$B$2:$X$36,MATCH(1,('Exemplos Validação'!$F6='Cálculo excel'!$B$2:$B$36)*('Cálculo excel'!$C$2:$C$36='Exemplos Validação'!$H6)*('Exemplos Validação'!$I6='Cálculo excel'!$D$2:$D$36)*('Cálculo excel'!$E$2:$E$36='Exemplos Validação'!$J6)*('Exemplos Validação'!$K6='Cálculo excel'!$F$2:$F$36),0),16)} -> 0 | BQ6: =BP6-BO6 -> 0 | BR6: 0 | BS6: {=INDEX('Cálculo excel'!$B$2:$X$36,MATCH(1,('Exemplos Validação'!$F6='Cálculo excel'!$B$2:$B$36)*('Cálculo excel'!$C$2:$C$36='Exemplos Validação'!$H6)*('Exemplos Validação'!$I6='Cálculo excel'!$D$2:$D$36)*('Cálculo excel'!$E$2:$E$36='Exemplos Validação'!$J6)*('Exemplos Validação'!$K6='Cálculo excel'!$F$2:$F$36),0),17)} -> 0 | BT6: =BS6-BR6 -> 0 | BU6: 0 | BV6: {=INDEX('Cálculo excel'!$B$2:$X$36,MATCH(1,('Exemplos Validação'!$F6='Cálculo excel'!$B$2:$B$36)*('Cálculo excel'!$C$2:$C$36='Exemplos Validação'!$H6)*('Exemplos Validação'!$I6='Cálculo excel'!$D$2:$D$36)*('Cálculo excel'!$E$2:$E$36='Exemplos Validação'!$J6)*('Exemplos Validação'!$K6='Cálculo excel'!$F$2:$F$36),0),18)} -> 0 | BW6: =BV6-BU6 -> 0 | BX6: 0 | BY6: {=INDEX('Cálculo excel'!$B$2:$X$36,MATCH(1,('Exemplos Validação'!$F6='Cálculo excel'!$B$2:$B$36)*('Cálculo excel'!$C$2:$C$36='Exemplos Validação'!$H6)*('Exemplos Validação'!$I6='Cálculo excel'!$D$2:$D$36)*('Cálculo excel'!$E$2:$E$36='Exemplos Validação'!$J6)*('Exemplos Validação'!$K6='Cálculo excel'!$F$2:$F$36),0),19)} -> 0 | BZ6: =BY6-BX6 -> 0 | CA6: 0 | CB6: {=INDEX('Cálculo excel'!$B$2:$X$36,MATCH(1,('Exemplos Validação'!$F6='Cálculo excel'!$B$2:$B$36)*('Cálculo excel'!$C$2:$C$36='Exemplos Validação'!$H6)*('Exemplos Validação'!$I6='Cálculo excel'!$D$2:$D$36)*('Cálculo excel'!$E$2:$E$36='Exemplos Validação'!$J6)*('Exemplos Validação'!$K6='Cálculo excel'!$F$2:$F$36),0),20)} -> 0 | CC6: =CB6-CA6 -> 0 | CD6: 0 | CE6: {=INDEX('Cálculo excel'!$B$2:$X$36,MATCH(1,('Exemplos Validação'!$F6='Cálculo excel'!$B$2:$B$36)*('Cálculo excel'!$C$2:$C$36='Exemplos Validação'!$H6)*('Exemplos Validação'!$I6='Cálculo excel'!$D$2:$D$36)*('Cálculo excel'!$E$2:$E$36='Exemplos Validação'!$J6)*('Exemplos Validação'!$K6='Cálculo excel'!$F$2:$F$36),0),21)} -> 0 | CF6: =CE6-CD6 -> 0 | CG6: 0 | CH6: {=INDEX('Cálculo excel'!$B$2:$X$36,MATCH(1,('Exemplos Validação'!$F6='Cálculo excel'!$B$2:$B$36)*('Cálculo excel'!$C$2:$C$36='Exemplos Validação'!$H6)*('Exemplos Validação'!$I6='Cálculo excel'!$D$2:$D$36)*('Cálculo excel'!$E$2:$E$36='Exemplos Validação'!$J6)*('Exemplos Validação'!$K6='Cálculo excel'!$F$2:$F$36),0),22)+INDEX('Cálculo excel'!$B$2:$X$36,MATCH(1,('Exemplos Validação'!$F6='Cálculo excel'!$B$2:$B$36)*('Cálculo excel'!$C$2:$C$36='Exemplos Validação'!$H6)*('Exemplos Validação'!$I6='Cálculo excel'!$D$2:$D$36)*('Cálculo excel'!$E$2:$E$36='Exemplos Validação'!$J6)*('Exemplos Validação'!$K6='Cálculo excel'!$F$2:$F$36),0),23)} -> 0 | CI6: =CH6-CG6 -> 0
A7: COMUM PM | B7: 2025-03-31 | C7: GD | D7: ESTR | E7: 82000020100005442001520250106448 | F7: 82000020100005442001520250106448 | G7: 82000020100005442001520250106448 | H7: 31 | I7: 0000 | J7: 20100005442 | K7: V0050C33343I125 | L7: AN01040220 | M7: BA5 | N7: N | O7: Y | P7: PRDCT010103 | Q7: N | R7: N/A | S7: 00000 | T7: N/A | U7: 11111111111 | V7: 11111111111 | W7: 11111111111 | X7: 11111111111 | Y7: 11111111111 | Z7: 11111111111 | AA7: 11111111111 | AB7: N/A | AC7: 11111111111 | AD7: 11111111111 | AE7: 0.000000 | AF7: 13482.49 | AG7: 23 | AH7: 11 | AI7: 43530.97 | AJ7: 11111111111.00 | AK7: 0.00 | AL7: 0.00 | AM7: 0.00 | AN7: 0.00 | AO7: 2025-03-31 | AP7: N/A | AQ7: APCAPRES1P | AR7: 14 | AS7: 71 | AT7: 6 | AU7: 00000 | AV7: 43530.97 | AW7: 929165.44 | AX7: 21 | AY7: 0.046849 | AZ7: 0 | BA7: {=INDEX('Cálculo excel'!$B$2:$X$36,MATCH(1,('Exemplos Validação'!$F7='Cálculo excel'!$B$2:$B$36)*('Cálculo excel'!$C$2:$C$36='Exemplos Validação'!$H7)*('Exemplos Validação'!$I7='Cálculo excel'!$D$2:$D$36)*('Cálculo excel'!$E$2:$E$36='Exemplos Validação'!$J7)*('Exemplos Validação'!$K7='Cálculo excel'!$F$2:$F$36),0),11)} -> 0 | BB7: =BA7-AZ7 -> 0 | BC7: 0 | BD7: {=INDEX('Cálculo excel'!$B$2:$X$36,MATCH(1,('Exemplos Validação'!$F7='Cálculo excel'!$B$2:$B$36)*('Cálculo excel'!$C$2:$C$36='Exemplos Validação'!$H7)*('Exemplos Validação'!$I7='Cálculo excel'!$D$2:$D$36)*('Cálculo excel'!$E$2:$E$36='Exemplos Validação'!$J7)*('Exemplos Validação'!$K7='Cálculo excel'!$F$2:$F$36),0),12)} -> 0 | BE7: =BD7-BC7 -> 0 | BF7: 0 | BG7: {=INDEX('Cálculo excel'!$B$2:$X$36,MATCH(1,('Exemplos Validação'!$F7='Cálculo excel'!$B$2:$B$36)*('Cálculo excel'!$C$2:$C$36='Exemplos Validação'!$H7)*('Exemplos Validação'!$I7='Cálculo excel'!$D$2:$D$36)*('Cálculo excel'!$E$2:$E$36='Exemplos Validação'!$J7)*('Exemplos Validação'!$K7='Cálculo excel'!$F$2:$F$36),0),13)} -> 0 | BH7: =BG7-BF7 -> 0 | BI7: 0 | BJ7: {=INDEX('Cálculo excel'!$B$2:$X$36,MATCH(1,('Exemplos Validação'!$F7='Cálculo excel'!$B$2:$B$36)*('Cálculo excel'!$C$2:$C$36='Exemplos Validação'!$H7)*('Exemplos Validação'!$I7='Cálculo excel'!$D$2:$D$36)*('Cálculo excel'!$E$2:$E$36='Exemplos Validação'!$J7)*('Exemplos Validação'!$K7='Cálculo excel'!$F$2:$F$36),0),14)} -> 0 | BK7: =BJ7-BI7 -> 0 | BL7: 0 | BM7: {=INDEX('Cálculo excel'!$B$2:$X$36,MATCH(1,('Exemplos Validação'!$F7='Cálculo excel'!$B$2:$B$36)*('Cálculo excel'!$C$2:$C$36='Exemplos Validação'!$H7)*('Exemplos Validação'!$I7='Cálculo excel'!$D$2:$D$36)*('Cálculo excel'!$E$2:$E$36='Exemplos Validação'!$J7)*('Exemplos Validação'!$K7='Cálculo excel'!$F$2:$F$36),0),15)} -> 0 | BN7: =BM7-BL7 -> 0 | BO7: 0 | BP7: {=INDEX('Cálculo excel'!$B$2:$X$36,MATCH(1,('Exemplos Validação'!$F7='Cálculo excel'!$B$2:$B$36)*('Cálculo excel'!$C$2:$C$36='Exemplos Validação'!$H7)*('Exemplos Validação'!$I7='Cálculo excel'!$D$2:$D$36)*('Cálculo excel'!$E$2:$E$36='Exemplos Validação'!$J7)*('Exemplos Validação'!$K7='Cálculo excel'!$F$2:$F$36),0),16)} -> 0 | BQ7: =BP7-BO7 -> 0 | BR7: 0 | BS7: {=INDEX('Cálculo excel'!$B$2:$X$36,MATCH(1,('Exemplos Validação'!$F7='Cálculo excel'!$B$2:$B$36)*('Cálculo excel'!$C$2:$C$36='Exemplos Validação'!$H7)*('Exemplos Validação'!$I7='Cálculo excel'!$D$2:$D$36)*('Cálculo excel'!$E$2:$E$36='Exemplos Validação'!$J7)*('Exemplos Validação'!$K7='Cálculo excel'!$F$2:$F$36),0),17)} -> 0 | BT7: =BS7-BR7 -> 0 | BU7: 0 | BV7: {=INDEX('Cálculo excel'!$B$2:$X$36,MATCH(1,('Exemplos Validação'!$F7='Cálculo excel'!$B$2:$B$36)*('Cálculo excel'!$C$2:$C$36='Exemplos Validação'!$H7)*('Exemplos Validação'!$I7='Cálculo excel'!$D$2:$D$36)*('Cálculo excel'!$E$2:$E$36='Exemplos Validação'!$J7)*('Exemplos Validação'!$K7='Cálculo excel'!$F$2:$F$36),0),18)} -> 0 | BW7: =BV7-BU7 -> 0 | BX7: 0 | BY7: {=INDEX('Cálculo excel'!$B$2:$X$36,MATCH(1,('Exemplos Validação'!$F7='Cálculo excel'!$B$2:$B$36)*('Cálculo excel'!$C$2:$C$36='Exemplos Validação'!$H7)*('Exemplos Validação'!$I7='Cálculo excel'!$D$2:$D$36)*('Cálculo excel'!$E$2:$E$36='Exemplos Validação'!$J7)*('Exemplos Validação'!$K7='Cálculo excel'!$F$2:$F$36),0),19)} -> 0 | BZ7: =BY7-BX7 -> 0 | CA7: 0 | CB7: {=INDEX('Cálculo excel'!$B$2:$X$36,MATCH(1,('Exemplos Validação'!$F7='Cálculo excel'!$B$2:$B$36)*('Cálculo excel'!$C$2:$C$36='Exemplos Validação'!$H7)*('Exemplos Validação'!$I7='Cálculo excel'!$D$2:$D$36)*('Cálculo excel'!$E$2:$E$36='Exemplos Validação'!$J7)*('Exemplos Validação'!$K7='Cálculo excel'!$F$2:$F$36),0),20)} -> 0 | CC7: =CB7-CA7 -> 0 | CD7: 0 | CE7: {=INDEX('Cálculo excel'!$B$2:$X$36,MATCH(1,('Exemplos Validação'!$F7='Cálculo excel'!$B$2:$B$36)*('Cálculo excel'!$C$2:$C$36='Exemplos Validação'!$H7)*('Exemplos Validação'!$I7='Cálculo excel'!$D$2:$D$36)*('Cálculo excel'!$E$2:$E$36='Exemplos Validação'!$J7)*('Exemplos Validação'!$K7='Cálculo excel'!$F$2:$F$36),0),21)} -> 0 | CF7: =CE7-CD7 -> 0 | CG7: 0 | CH7: {=INDEX('Cálculo excel'!$B$2:$X$36,MATCH(1,('Exemplos Validação'!$F7='Cálculo excel'!$B$2:$B$36)*('Cálculo excel'!$C$2:$C$36='Exemplos Validação'!$H7)*('Exemplos Validação'!$I7='Cálculo excel'!$D$2:$D$36)*('Cálculo excel'!$E$2:$E$36='Exemplos Validação'!$J7)*('Exemplos Validação'!$K7='Cálculo excel'!$F$2:$F$36),0),22)+INDEX('Cálculo excel'!$B$2:$X$36,MATCH(1,('Exemplos Validação'!$F7='Cálculo excel'!$B$2:$B$36)*('Cálculo excel'!$C$2:$C$36='Exemplos Validação'!$H7)*('Exemplos Validação'!$I7='Cálculo excel'!$D$2:$D$36)*('Cálculo excel'!$E$2:$E$36='Exemplos Validação'!$J7)*('Exemplos Validação'!$K7='Cálculo excel'!$F$2:$F$36),0),23)} -> 0 | CI7: =CH7-CG7 -> 0
A8: COMUM PM | B8: 2025-03-31 | C8: GD | D8: ESTR | E8: 82000020100005442001520250102766 | F8: 82000020100005442001520250102766 | G8: 82000020100005442001520250102766 | H8: 31 | I8: 0000 | J8: 20100005442 | K8: V0050C33343I125 | L8: AN01040220 | M8: BA5 | N8: N | O8: Y | P8: PRDCT010103 | Q8: N | R8: N/A | S8: 00000 | T8: N/A | U8: 11111111111 | V8: 11111111111 | W8: 11111111111 | X8: 11111111111 | Y8: 11111111111 | Z8: 11111111111 | AA8: 11111111111 | AB8: N/A | AC8: 11111111111 | AD8: 11111111111 | AE8: 0.000000 | AF8: 0.16 | AG8: 23 | AH8: 11 | AI8: 0.51 | AJ8: 11111111111.00 | AK8: 0.00 | AL8: 0.00 | AM8: 0.00 | AN8: 0.00 | AO8: 2025-03-31 | AP8: N/A | AQ8: APCAPRES1P | AR8: 14 | AS8: 71 | AT8: 6 | AU8: 00000 | AV8: 0.51 | AW8: 929165.44 | AX8: 21 | AY8: 0 | AZ8: 0 | BA8: {=INDEX('Cálculo excel'!$B$2:$X$36,MATCH(1,('Exemplos Validação'!$F8='Cálculo excel'!$B$2:$B$36)*('Cálculo excel'!$C$2:$C$36='Exemplos Validação'!$H8)*('Exemplos Validação'!$I8='Cálculo excel'!$D$2:$D$36)*('Cálculo excel'!$E$2:$E$36='Exemplos Validação'!$J8)*('Exemplos Validação'!$K8='Cálculo excel'!$F$2:$F$36),0),11)} -> 0 | BB8: =BA8-AZ8 -> 0 | BC8: 0 | BD8: {=INDEX('Cálculo excel'!$B$2:$X$36,MATCH(1,('Exemplos Validação'!$F8='Cálculo excel'!$B$2:$B$36)*('Cálculo excel'!$C$2:$C$36='Exemplos Validação'!$H8)*('Exemplos Validação'!$I8='Cálculo excel'!$D$2:$D$36)*('Cálculo excel'!$E$2:$E$36='Exemplos Validação'!$J8)*('Exemplos Validação'!$K8='Cálculo excel'!$F$2:$F$36),0),12)} -> 0 | BE8: =BD8-BC8 -> 0 | BF8: 0 | BG8: {=INDEX('Cálculo excel'!$B$2:$X$36,MATCH(1,('Exemplos Validação'!$F8='Cálculo excel'!$B$2:$B$36)*('Cálculo excel'!$C$2:$C$36='Exemplos Validação'!$H8)*('Exemplos Validação'!$I8='Cálculo excel'!$D$2:$D$36)*('Cálculo excel'!$E$2:$E$36='Exemplos Validação'!$J8)*('Exemplos Validação'!$K8='Cálculo excel'!$F$2:$F$36),0),13)} -> 0 | BH8: =BG8-BF8 -> 0 | BI8: 0 | BJ8: {=INDEX('Cálculo excel'!$B$2:$X$36,MATCH(1,('Exemplos Validação'!$F8='Cálculo excel'!$B$2:$B$36)*('Cálculo excel'!$C$2:$C$36='Exemplos Validação'!$H8)*('Exemplos Validação'!$I8='Cálculo excel'!$D$2:$D$36)*('Cálculo excel'!$E$2:$E$36='Exemplos Validação'!$J8)*('Exemplos Validação'!$K8='Cálculo excel'!$F$2:$F$36),0),14)} -> 0 | BK8: =BJ8-BI8 -> 0 | BL8: 0 | BM8: {=INDEX('Cálculo excel'!$B$2:$X$36,MATCH(1,('Exemplos Validação'!$F8='Cálculo excel'!$B$2:$B$36)*('Cálculo excel'!$C$2:$C$36='Exemplos Validação'!$H8)*('Exemplos Validação'!$I8='Cálculo excel'!$D$2:$D$36)*('Cálculo excel'!$E$2:$E$36='Exemplos Validação'!$J8)*('Exemplos Validação'!$K8='Cálculo excel'!$F$2:$F$36),0),15)} -> 0 | BN8: =BM8-BL8 -> 0 | BO8: 0 | BP8: {=INDEX('Cálculo excel'!$B$2:$X$36,MATCH(1,('Exemplos Validação'!$F8='Cálculo excel'!$B$2:$B$36)*('Cálculo excel'!$C$2:$C$36='Exemplos Validação'!$H8)*('Exemplos Validação'!$I8='Cálculo excel'!$D$2:$D$36)*('Cálculo excel'!$E$2:$E$36='Exemplos Validação'!$J8)*('Exemplos Validação'!$K8='Cálculo excel'!$F$2:$F$36),0),16)} -> 0 | BQ8: =BP8-BO8 -> 0 | BR8: 0 | BS8: {=INDEX('Cálculo excel'!$B$2:$X$36,MATCH(1,('Exemplos Validação'!$F8='Cálculo excel'!$B$2:$B$36)*('Cálculo excel'!$C$2:$C$36='Exemplos Validação'!$H8)*('Exemplos Validação'!$I8='Cálculo excel'!$D$2:$D$36)*('Cálculo excel'!$E$2:$E$36='Exemplos Validação'!$J8)*('Exemplos Validação'!$K8='Cálculo excel'!$F$2:$F$36),0),17)} -> 0 | BT8: =BS8-BR8 -> 0 | BU8: 0 | BV8: {=INDEX('Cálculo excel'!$B$2:$X$36,MATCH(1,('Exemplos Validação'!$F8='Cálculo excel'!$B$2:$B$36)*('Cálculo excel'!$C$2:$C$36='Exemplos Validação'!$H8)*('Exemplos Validação'!$I8='Cálculo excel'!$D$2:$D$36)*('Cálculo excel'!$E$2:$E$36='Exemplos Validação'!$J8)*('Exemplos Validação'!$K8='Cálculo excel'!$F$2:$F$36),0),18)} -> 0 | BW8: =BV8-BU8 -> 0 | BX8: 0 | BY8: {=INDEX('Cálculo excel'!$B$2:$X$36,MATCH(1,('Exemplos Validação'!$F8='Cálculo excel'!$B$2:$B$36)*('Cálculo excel'!$C$2:$C$36='Exemplos Validação'!$H8)*('Exemplos Validação'!$I8='Cálculo excel'!$D$2:$D$36)*('Cálculo excel'!$E$2:$E$36='Exemplos Validação'!$J8)*('Exemplos Validação'!$K8='Cálculo excel'!$F$2:$F$36),0),19)} -> 0 | BZ8: =BY8-BX8 -> 0 | CA8: 0 | CB8: {=INDEX('Cálculo excel'!$B$2:$X$36,MATCH(1,('Exemplos Validação'!$F8='Cálculo excel'!$B$2:$B$36)*('Cálculo excel'!$C$2:$C$36='Exemplos Validação'!$H8)*('Exemplos Validação'!$I8='Cálculo excel'!$D$2:$D$36)*('Cálculo excel'!$E$2:$E$36='Exemplos Validação'!$J8)*('Exemplos Validação'!$K8='Cálculo excel'!$F$2:$F$36),0),20)} -> 0 | CC8: =CB8-CA8 -> 0 | CD8: 0 | CE8: {=INDEX('Cálculo excel'!$B$2:$X$36,MATCH(1,('Exemplos Validação'!$F8='Cálculo excel'!$B$2:$B$36)*('Cálculo excel'!$C$2:$C$36='Exemplos Validação'!$H8)*('Exemplos Validação'!$I8='Cálculo excel'!$D$2:$D$36)*('Cálculo excel'!$E$2:$E$36='Exemplos Validação'!$J8)*('Exemplos Validação'!$K8='Cálculo excel'!$F$2:$F$36),0),21)} -> 0 | CF8: =CE8-CD8 -> 0 | CG8: 0 | CH8: {=INDEX('Cálculo excel'!$B$2:$X$36,MATCH(1,('Exemplos Validação'!$F8='Cálculo excel'!$B$2:$B$36)*('Cálculo excel'!$C$2:$C$36='Exemplos Validação'!$H8)*('Exemplos Validação'!$I8='Cálculo excel'!$D$2:$D$36)*('Cálculo excel'!$E$2:$E$36='Exemplos Validação'!$J8)*('Exemplos Validação'!$K8='Cálculo excel'!$F$2:$F$36),0),22)+INDEX('Cálculo excel'!$B$2:$X$36,MATCH(1,('Exemplos Validação'!$F8='Cálculo excel'!$B$2:$B$36)*('Cálculo excel'!$C$2:$C$36='Exemplos Validação'!$H8)*('Exemplos Validação'!$I8='Cálculo excel'!$D$2:$D$36)*('Cálculo excel'!$E$2:$E$36='Exemplos Validação'!$J8)*('Exemplos Validação'!$K8='Cálculo excel'!$F$2:$F$36),0),23)} -> 0 | CI8: =CH8-CG8 -> 0
A9: COMUM PM | B9: 2025-03-31 | C9: GD | D9: ESTR | E9: 82000000000247479000450000764712 | F9: 82000000000247479000450000764712 | G9: 82000000000247479000450000764712 | H9: 31 | I9: 0000 | J9: 00000247479 | K9: 000450000764712 | L9: AN01020410 | M9: BA4 | N9: N | O9: N | P9: PRDCT010103 | Q9: N | R9: N/A | S9: 00000 | T9: N/A | U9: 11111111111 | V9: 11111111111 | W9: 11111111111 | X9: 11111111111 | Y9: 11111111111 | Z9: 11111111111 | AA9: 11111111111 | AB9: N/A | AC9: 11111111111 | AD9: 11111111111 | AE9: 0.400000 | AF9: 16970.40 | AG9: 24 | AH9: 11 | AI9: 17067.51 | AJ9: 11111111111.00 | AK9: 0.00 | AL9: 0.00 | AM9: 9153.75 | AN9: 951.24 | AO9: 2025-03-31 | AP9: N/A | AQ9: SNFCAPRES2P | AR9: 14 | AS9: 80 | AT9: 6 | AU9: 00000 | AV9: 17067.51 | AW9: 17067.51 | AX9: 1 | AY9: 1 | AZ9: 16.5 | BA9: {=INDEX('Cálculo excel'!$B$2:$X$36,MATCH(1,('Exemplos Validação'!$F9='Cálculo excel'!$B$2:$B$36)*('Cálculo excel'!$C$2:$C$36='Exemplos Validação'!$H9)*('Exemplos Validação'!$I9='Cálculo excel'!$D$2:$D$36)*('Cálculo excel'!$E$2:$E$36='Exemplos Validação'!$J9)*('Exemplos Validação'!$K9='Cálculo excel'!$F$2:$F$36),0),11)} -> 16.5 | BB9: =BA9-AZ9 -> 0 | BC9: 0 | BD9: {=INDEX('Cálculo excel'!$B$2:$X$36,MATCH(1,('Exemplos Validação'!$F9='Cálculo excel'!$B$2:$B$36)*('Cálculo excel'!$C$2:$C$36='Exemplos Validação'!$H9)*('Exemplos Validação'!$I9='Cálculo excel'!$D$2:$D$36)*('Cálculo excel'!$E$2:$E$36='Exemplos Validação'!$J9)*('Exemplos Validação'!$K9='Cálculo excel'!$F$2:$F$36),0),12)} -> 0 | BE9: =BD9-BC9 -> 0 | BF9: 0 | BG9: {=INDEX('Cálculo excel'!$B$2:$X$36,MATCH(1,('Exemplos Validação'!$F9='Cálculo excel'!$B$2:$B$36)*('Cálculo excel'!$C$2:$C$36='Exemplos Validação'!$H9)*('Exemplos Validação'!$I9='Cálculo excel'!$D$2:$D$36)*('Cálculo excel'!$E$2:$E$36='Exemplos Validação'!$J9)*('Exemplos Validação'!$K9='Cálculo excel'!$F$2:$F$36),0),13)} -> 0 | BH9: =BG9-BF9 -> 0 | BI9: 0 | BJ9: {=INDEX('Cálculo excel'!$B$2:$X$36,MATCH(1,('Exemplos Validação'!$F9='Cálculo excel'!$B$2:$B$36)*('Cálculo excel'!$C$2:$C$36='Exemplos Validação'!$H9)*('Exemplos Validação'!$I9='Cálculo excel'!$D$2:$D$36)*('Cálculo excel'!$E$2:$E$36='Exemplos Validação'!$J9)*('Exemplos Validação'!$K9='Cálculo excel'!$F$2:$F$36),0),14)} -> 0 | BK9: =BJ9-BI9 -> 0 | BL9: -69.4 | BM9: {=INDEX('Cálculo excel'!$B$2:$X$36,MATCH(1,('Exemplos Validação'!$F9='Cálculo excel'!$B$2:$B$36)*('Cálculo excel'!$C$2:$C$36='Exemplos Validação'!$H9)*('Exemplos Validação'!$I9='Cálculo excel'!$D$2:$D$36)*('Cálculo excel'!$E$2:$E$36='Exemplos Validação'!$J9)*('Exemplos Validação'!$K9='Cálculo excel'!$F$2:$F$36),0),15)} -> -69.4 | BN9: =BM9-BL9 -> 0 | BO9: 0 | BP9: {=INDEX('Cálculo excel'!$B$2:$X$36,MATCH(1,('Exemplos Validação'!$F9='Cálculo excel'!$B$2:$B$36)*('Cálculo excel'!$C$2:$C$36='Exemplos Validação'!$H9)*('Exemplos Validação'!$I9='Cálculo excel'!$D$2:$D$36)*('Cálculo excel'!$E$2:$E$36='Exemplos Validação'!$J9)*('Exemplos Validação'!$K9='Cálculo excel'!$F$2:$F$36),0),16)} -> 0 | BQ9: =BP9-BO9 -> 0 | BR9: 215.11 | BS9: {=INDEX('Cálculo excel'!$B$2:$X$36,MATCH(1,('Exemplos Validação'!$F9='Cálculo excel'!$B$2:$B$36)*('Cálculo excel'!$C$2:$C$36='Exemplos Validação'!$H9)*('Exemplos Validação'!$I9='Cálculo excel'!$D$2:$D$36)*('Cálculo excel'!$E$2:$E$36='Exemplos Validação'!$J9)*('Exemplos Validação'!$K9='Cálculo excel'!$F$2:$F$36),0),17)} -> 215.11 | BT9: =BS9-BR9 -> 0 | BU9: 0 | BV9: {=INDEX('Cálculo excel'!$B$2:$X$36,MATCH(1,('Exemplos Validação'!$F9='Cálculo excel'!$B$2:$B$36)*('Cálculo excel'!$C$2:$C$36='Exemplos Validação'!$H9)*('Exemplos Validação'!$I9='Cálculo excel'!$D$2:$D$36)*('Cálculo excel'!$E$2:$E$36='Exemplos Validação'!$J9)*('Exemplos Validação'!$K9='Cálculo excel'!$F$2:$F$36),0),18)} -> 0 | BW9: =BV9-BU9 -> 0 | BX9: 0 | BY9: {=INDEX('Cálculo excel'!$B$2:$X$36,MATCH(1,('Exemplos Validação'!$F9='Cálculo excel'!$B$2:$B$36)*('Cálculo excel'!$C$2:$C$36='Exemplos Validação'!$H9)*('Exemplos Validação'!$I9='Cálculo excel'!$D$2:$D$36)*('Cálculo excel'!$E$2:$E$36='Exemplos Validação'!$J9)*('Exemplos Validação'!$K9='Cálculo excel'!$F$2:$F$36),0),19)} -> 0 | BZ9: =BY9-BX9 -> 0 | CA9: 37.7 | CB9: {=INDEX('Cálculo excel'!$B$2:$X$36,MATCH(1,('Exemplos Validação'!$F9='Cálculo excel'!$B$2:$B$36)*('Cálculo excel'!$C$2:$C$36='Exemplos Validação'!$H9)*('Exemplos Validação'!$I9='Cálculo excel'!$D$2:$D$36)*('Cálculo excel'!$E$2:$E$36='Exemplos Validação'!$J9)*('Exemplos Validação'!$K9='Cálculo excel'!$F$2:$F$36),0),20)} -> 37.7 | CC9: =CB9-CA9 -> 0 | CD9: 17381.96 | CE9: {=INDEX('Cálculo excel'!$B$2:$X$36,MATCH(1,('Exemplos Validação'!$F9='Cálculo excel'!$B$2:$B$36)*('Cálculo excel'!$C$2:$C$36='Exemplos Validação'!$H9)*('Exemplos Validação'!$I9='Cálculo excel'!$D$2:$D$36)*('Cálculo excel'!$E$2:$E$36='Exemplos Validação'!$J9)*('Exemplos Validação'!$K9='Cálculo excel'!$F$2:$F$36),0),21)} -> 17381.96 | CF9: =CE9-CD9 -> 0 | CG9: 0 | CH9: {=INDEX('Cálculo excel'!$B$2:$X$36,MATCH(1,('Exemplos Validação'!$F9='Cálculo excel'!$B$2:$B$36)*('Cálculo excel'!$C$2:$C$36='Exemplos Validação'!$H9)*('Exemplos Validação'!$I9='Cálculo excel'!$D$2:$D$36)*('Cálculo excel'!$E$2:$E$36='Exemplos Validação'!$J9)*('Exemplos Validação'!$K9='Cálculo excel'!$F$2:$F$36),0),22)+INDEX('Cálculo excel'!$B$2:$X$36,MATCH(1,('Exemplos Validação'!$F9='Cálculo excel'!$B$2:$B$36)*('Cálculo excel'!$C$2:$C$36='Exemplos Validação'!$H9)*('Exemplos Validação'!$I9='Cálculo excel'!$D$2:$D$36)*('Cálculo excel'!$E$2:$E$36='Exemplos Validação'!$J9)*('Exemplos Validação'!$K9='Cálculo excel'!$F$2:$F$36),0),23)} -> 0 | CI9: =CH9-CG9 -> 0
A10: COMUM PM | B10: 2025-03-31 | C10: GD | D10: ESTR | E10: 82000000000247494000420000767284 | F10: 82000000000247494000420000767284 | G10: 82000000000247494000420000767284 | H10: 31 | I10: 0000 | J10: 00000247494 | K10: 000420000767284 | L10: AN01020410 | M10: BA4 | N10: N | O10: N | P10: PRDCT010103 | Q10: N | R10: N/A | S10: 00000 | T10: N/A | U10: 11111111111 | V10: 11111111111 | W10: 11111111111 | X10: 11111111111 | Y10: 11111111111 | Z10: 11111111111 | AA10: 11111111111 | AB10: N/A | AC10: 11111111111 | AD10: 11111111111 | AE10: 0.400000 | AF10: 4650.25 | AG10: 25 | AH10: 1 | AI10: 4650.25 | AJ10: 11111111111.00 | AK10: 0.00 | AL10: 0.00 | AM10: 1654.23 | AN10: 2996.02 | AO10: 2025-03-31 | AP10: N/A | AQ10: SNFCAPRES3NP | AR10: 18 | AS10: 80 | AT10: 6 | AU10: 00000 | AV10: 4650.25 | AW10: 4650.25 | AX10: 1 | AY10: 1 | AZ10: 0 | BA10: {=INDEX('Cálculo excel'!$B$2:$X$36,MATCH(1,('Exemplos Validação'!$F10='Cálculo excel'!$B$2:$B$36)*('Cálculo excel'!$C$2:$C$36='Exemplos Validação'!$H10)*('Exemplos Validação'!$I10='Cálculo excel'!$D$2:$D$36)*('Cálculo excel'!$E$2:$E$36='Exemplos Validação'!$J10)*('Exemplos Validação'!$K10='Cálculo excel'!$F$2:$F$36),0),11)} -> 0 | BB10: =BA10-AZ10 -> 0 | BC10: 0 | BD10: {=INDEX('Cálculo excel'!$B$2:$X$36,MATCH(1,('Exemplos Validação'!$F10='Cálculo excel'!$B$2:$B$36)*('Cálculo excel'!$C$2:$C$36='Exemplos Validação'!$H10)*('Exemplos Validação'!$I10='Cálculo excel'!$D$2:$D$36)*('Cálculo excel'!$E$2:$E$36='Exemplos Validação'!$J10)*('Exemplos Validação'!$K10='Cálculo excel'!$F$2:$F$36),0),12)} -> 0 | BE10: =BD10-BC10 -> 0 | BF10: 0 | BG10: {=INDEX('Cálculo excel'!$B$2:$X$36,MATCH(1,('Exemplos Validação'!$F10='Cálculo excel'!$B$2:$B$36)*('Cálculo excel'!$C$2:$C$36='Exemplos Validação'!$H10)*('Exemplos Validação'!$I10='Cálculo excel'!$D$2:$D$36)*('Cálculo excel'!$E$2:$E$36='Exemplos Validação'!$J10)*('Exemplos Validação'!$K10='Cálculo excel'!$F$2:$F$36),0),13)} -> 0 | BH10: =BG10-BF10 -> 0 | BI10: 0 | BJ10: {=INDEX('Cálculo excel'!$B$2:$X$36,MATCH(1,('Exemplos Validação'!$F10='Cálculo excel'!$B$2:$B$36)*('Cálculo excel'!$C$2:$C$36='Exemplos Validação'!$H10)*('Exemplos Validação'!$I10='Cálculo excel'!$D$2:$D$36)*('Cálculo excel'!$E$2:$E$36='Exemplos Validação'!$J10)*('Exemplos Validação'!$K10='Cálculo excel'!$F$2:$F$36),0),14)} -> 0 | BK10: =BJ10-BI10 -> 0 | BL10: 227.07 | BM10: {=INDEX('Cálculo excel'!$B$2:$X$36,MATCH(1,('Exemplos Validação'!$F10='Cálculo excel'!$B$2:$B$36)*('Cálculo excel'!$C$2:$C$36='Exemplos Validação'!$H10)*('Exemplos Validação'!$I10='Cálculo excel'!$D$2:$D$36)*('Cálculo excel'!$E$2:$E$36='Exemplos Validação'!$J10)*('Exemplos Validação'!$K10='Cálculo excel'!$F$2:$F$36),0),15)} -> 227.07 | BN10: =BM10-BL10 -> 0 | BO10: 0 | BP10: {=INDEX('Cálculo excel'!$B$2:$X$36,MATCH(1,('Exemplos Validação'!$F10='Cálculo excel'!$B$2:$B$36)*('Cálculo excel'!$C$2:$C$36='Exemplos Validação'!$H10)*('Exemplos Validação'!$I10='Cálculo excel'!$D$2:$D$36)*('Cálculo excel'!$E$2:$E$36='Exemplos Validação'!$J10)*('Exemplos Validação'!$K10='Cálculo excel'!$F$2:$F$36),0),16)} -> 0 | BQ10: =BP10-BO10 -> 0 | BR10: 0 | BS10: {=INDEX('Cálculo excel'!$B$2:$X$36,MATCH(1,('Exemplos Validação'!$F10='Cálculo excel'!$B$2:$B$36)*('Cálculo excel'!$C$2:$C$36='Exemplos Validação'!$H10)*('Exemplos Validação'!$I10='Cálculo excel'!$D$2:$D$36)*('Cálculo excel'!$E$2:$E$36='Exemplos Validação'!$J10)*('Exemplos Validação'!$K10='Cálculo excel'!$F$2:$F$36),0),17)} -> 0 | BT10: =BS10-BR10 -> 0 | BU10: 0 | BV10: {=INDEX('Cálculo excel'!$B$2:$X$36,MATCH(1,('Exemplos Validação'!$F10='Cálculo excel'!$B$2:$B$36)*('Cálculo excel'!$C$2:$C$36='Exemplos Validação'!$H10)*('Exemplos Validação'!$I10='Cálculo excel'!$D$2:$D$36)*('Cálculo excel'!$E$2:$E$36='Exemplos Validação'!$J10)*('Exemplos Validação'!$K10='Cálculo excel'!$F$2:$F$36),0),18)} -> 0 | BW10: =BV10-BU10 -> 0 | BX10: 0 | BY10: {=INDEX('Cálculo excel'!$B$2:$X$36,MATCH(1,('Exemplos Validação'!$F10='Cálculo excel'!$B$2:$B$36)*('Cálculo excel'!$C$2:$C$36='Exemplos Validação'!$H10)*('Exemplos Validação'!$I10='Cálculo excel'!$D$2:$D$36)*('Cálculo excel'!$E$2:$E$36='Exemplos Validação'!$J10)*('Exemplos Validação'!$K10='Cálculo excel'!$F$2:$F$36),0),19)} -> 0 | BZ10: =BY10-BX10 -> 0 | CA10: 0 | CB10: {=INDEX('Cálculo excel'!$B$2:$X$36,MATCH(1,('Exemplos Validação'!$F10='Cálculo excel'!$B$2:$B$36)*('Cálculo excel'!$C$2:$C$36='Exemplos Validação'!$H10)*('Exemplos Validação'!$I10='Cálculo excel'!$D$2:$D$36)*('Cálculo excel'!$E$2:$E$36='Exemplos Validação'!$J10)*('Exemplos Validação'!$K10='Cálculo excel'!$F$2:$F$36),0),20)} -> 0 | CC10: =CB10-CA10 -> 0 | CD10: 4650.25 | CE10: {=INDEX('Cálculo excel'!$B$2:$X$36,MATCH(1,('Exemplos Validação'!$F10='Cálculo excel'!$B$2:$B$36)*('Cálculo excel'!$C$2:$C$36='Exemplos Validação'!$H10)*('Exemplos Validação'!$I10='Cálculo excel'!$D$2:$D$36)*('Cálculo excel'!$E$2:$E$36='Exemplos Validação'!$J10)*('Exemplos Validação'!$K10='Cálculo excel'!$F$2:$F$36),0),21)} -> 4650.25 | CF10: =CE10-CD10 -> 0 | CG10: 0 | CH10: {=INDEX('Cálculo excel'!$B$2:$X$36,MATCH(1,('Exemplos Validação'!$F10='Cálculo excel'!$B$2:$B$36)*('Cálculo excel'!$C$2:$C$36='Exemplos Validação'!$H10)*('Exemplos Validação'!$I10='Cálculo excel'!$D$2:$D$36)*('Cálculo excel'!$E$2:$E$36='Exemplos Validação'!$J10)*('Exemplos Validação'!$K10='Cálculo excel'!$F$2:$F$36),0),22)+INDEX('Cálculo excel'!$B$2:$X$36,MATCH(1,('Exemplos Validação'!$F10='Cálculo excel'!$B$2:$B$36)*('Cálculo excel'!$C$2:$C$36='Exemplos Validação'!$H10)*('Exemplos Validação'!$I10='Cálculo excel'!$D$2:$D$36)*('Cálculo excel'!$E$2:$E$36='Exemplos Validação'!$J10)*('Exemplos Validação'!$K10='Cálculo excel'!$F$2:$F$36),0),23)} -> 0 | CI10: =CH10-CG10 -> 0
A11: COMUM PM | B11: 2025-03-31 | C11: GD | D11: ESTR | E11: 82000000000247524000450000763856 | F11: 82000000000247524000450000763856 | G11: 82000000000247524000450000763856 | H11: 31 | I11: 0000 | J11: 00000247524 | K11: 000450000763856 | L11: AN01020410 | M11: BA4 | N11: N | O11: N | P11: PRDCT010103 | Q11: N | R11: N/A | S11: 00000 | T11: N/A | U11: 11111111111 | V11: 11111111111 | W11: 11111111111 | X11: 11111111111 | Y11: 11111111111 | Z11: 11111111111 | AA11: 11111111111 | AB11: N/A | AC11: 11111111111 | AD11: 11111111111 | AE11: 0.400000 | AF11: 23136.50 | AG11: 24 | AH11: 11 | AI11: 23223.74 | AJ11: 11111111111.00 | AK11: 0.00 | AL11: 0.00 | AM11: 12706.29 | AN11: 6459.39 | AO11: 2025-03-31 | AP11: N/A | AQ11: SNFCAPRES2P | AR11: 14 | AS11: 80 | AT11: 6 | AU11: 00000 | AV11: 23223.74 | AW11: 23223.74 | AX11: 1 | AY11: 1 | AZ11: 87.45 | BA11: {=INDEX('Cálculo excel'!$B$2:$X$36,MATCH(1,('Exemplos Validação'!$F11='Cálculo excel'!$B$2:$B$36)*('Cálculo excel'!$C$2:$C$36='Exemplos Validação'!$H11)*('Exemplos Validação'!$I11='Cálculo excel'!$D$2:$D$36)*('Cálculo excel'!$E$2:$E$36='Exemplos Validação'!$J11)*('Exemplos Validação'!$K11='Cálculo excel'!$F$2:$F$36),0),11)} -> 87.45 | BB11: =BA11-AZ11 -> 0 | BC11: 0 | BD11: {=INDEX('Cálculo excel'!$B$2:$X$36,MATCH(1,('Exemplos Validação'!$F11='Cálculo excel'!$B$2:$B$36)*('Cálculo excel'!$C$2:$C$36='Exemplos Validação'!$H11)*('Exemplos Validação'!$I11='Cálculo excel'!$D$2:$D$36)*('Cálculo excel'!$E$2:$E$36='Exemplos Validação'!$J11)*('Exemplos Validação'!$K11='Cálculo excel'!$F$2:$F$36),0),12)} -> 0 | BE11: =BD11-BC11 -> 0 | BF11: 0 | BG11: {=INDEX('Cálculo excel'!$B$2:$X$36,MATCH(1,('Exemplos Validação'!$F11='Cálculo excel'!$B$2:$B$36)*('Cálculo excel'!$C$2:$C$36='Exemplos Validação'!$H11)*('Exemplos Validação'!$I11='Cálculo excel'!$D$2:$D$36)*('Cálculo excel'!$E$2:$E$36='Exemplos Validação'!$J11)*('Exemplos Validação'!$K11='Cálculo excel'!$F$2:$F$36),0),13)} -> 0 | BH11: =BG11-BF11 -> 0 | BI11: 0 | BJ11: {=INDEX('Cálculo excel'!$B$2:$X$36,MATCH(1,('Exemplos Validação'!$F11='Cálculo excel'!$B$2:$B$36)*('Cálculo excel'!$C$2:$C$36='Exemplos Validação'!$H11)*('Exemplos Validação'!$I11='Cálculo excel'!$D$2:$D$36)*('Cálculo excel'!$E$2:$E$36='Exemplos Validação'!$J11)*('Exemplos Validação'!$K11='Cálculo excel'!$F$2:$F$36),0),14)} -> 0 | BK11: =BJ11-BI11 -> 0 | BL11: 5263.09 | BM11: {=INDEX('Cálculo excel'!$B$2:$X$36,MATCH(1,('Exemplos Validação'!$F11='Cálculo excel'!$B$2:$B$36)*('Cálculo excel'!$C$2:$C$36='Exemplos Validação'!$H11)*('Exemplos Validação'!$I11='Cálculo excel'!$D$2:$D$36)*('Cálculo excel'!$E$2:$E$36='Exemplos Validação'!$J11)*('Exemplos Validação'!$K11='Cálculo excel'!$F$2:$F$36),0),15)} -> 5263.09 | BN11: =BM11-BL11 -> 0 | BO11: 0 | BP11: {=INDEX('Cálculo excel'!$B$2:$X$36,MATCH(1,('Exemplos Validação'!$F11='Cálculo excel'!$B$2:$B$36)*('Cálculo excel'!$C$2:$C$36='Exemplos Validação'!$H11)*('Exemplos Validação'!$I11='Cálculo excel'!$D$2:$D$36)*('Cálculo excel'!$E$2:$E$36='Exemplos Validação'!$J11)*('Exemplos Validação'!$K11='Cálculo excel'!$F$2:$F$36),0),16)} -> 0 | BQ11: =BP11-BO11 -> 0 | BR11: 190.22 | BS11: {=INDEX('Cálculo excel'!$B$2:$X$36,MATCH(1,('Exemplos Validação'!$F11='Cálculo excel'!$B$2:$B$36)*('Cálculo excel'!$C$2:$C$36='Exemplos Validação'!$H11)*('Exemplos Validação'!$I11='Cálculo excel'!$D$2:$D$36)*('Cálculo excel'!$E$2:$E$36='Exemplos Validação'!$J11)*('Exemplos Validação'!$K11='Cálculo excel'!$F$2:$F$36),0),17)} -> 190.22 | BT11: =BS11-BR11 -> 0 | BU11: 0 | BV11: {=INDEX('Cálculo excel'!$B$2:$X$36,MATCH(1,('Exemplos Validação'!$F11='Cálculo excel'!$B$2:$B$36)*('Cálculo excel'!$C$2:$C$36='Exemplos Validação'!$H11)*('Exemplos Validação'!$I11='Cálculo excel'!$D$2:$D$36)*('Cálculo excel'!$E$2:$E$36='Exemplos Validação'!$J11)*('Exemplos Validação'!$K11='Cálculo excel'!$F$2:$F$36),0),18)} -> 0 | BW11: =BV11-BU11 -> 0 | BX11: 0 | BY11: {=INDEX('Cálculo excel'!$B$2:$X$36,MATCH(1,('Exemplos Validação'!$F11='Cálculo excel'!$B$2:$B$36)*('Cálculo excel'!$C$2:$C$36='Exemplos Validação'!$H11)*('Exemplos Validação'!$I11='Cálculo excel'!$D$2:$D$36)*('Cálculo excel'!$E$2:$E$36='Exemplos Validação'!$J11)*('Exemplos Validação'!$K11='Cálculo excel'!$F$2:$F$36),0),19)} -> 0 | BZ11: =BY11-BX11 -> 0 | CA11: 41.98 | CB11: {=INDEX('Cálculo excel'!$B$2:$X$36,MATCH(1,('Exemplos Validação'!$F11='Cálculo excel'!$B$2:$B$36)*('Cálculo excel'!$C$2:$C$36='Exemplos Validação'!$H11)*('Exemplos Validação'!$I11='Cálculo excel'!$D$2:$D$36)*('Cálculo excel'!$E$2:$E$36='Exemplos Validação'!$J11)*('Exemplos Validação'!$K11='Cálculo excel'!$F$2:$F$36),0),20)} -> 41.98 | CC11: =CB11-CA11 -> 0 | CD11: 23910.355 | CE11: {=INDEX('Cálculo excel'!$B$2:$X$36,MATCH(1,('Exemplos Validação'!$F11='Cálculo excel'!$B$2:$B$36)*('Cálculo excel'!$C$2:$C$36='Exemplos Validação'!$H11)*('Exemplos Validação'!$I11='Cálculo excel'!$D$2:$D$36)*('Cálculo excel'!$E$2:$E$36='Exemplos Validação'!$J11)*('Exemplos Validação'!$K11='Cálculo excel'!$F$2:$F$36),0),21)} -> 23910.355 | CF11: =CE11-CD11 -> 0 | CG11: 0 | CH11: {=INDEX('Cálculo excel'!$B$2:$X$36,MATCH(1,('Exemplos Validação'!$F11='Cálculo excel'!$B$2:$B$36)*('Cálculo excel'!$C$2:$C$36='Exemplos Validação'!$H11)*('Exemplos Validação'!$I11='Cálculo excel'!$D$2:$D$36)*('Cálculo excel'!$E$2:$E$36='Exemplos Validação'!$J11)*('Exemplos Validação'!$K11='Cálculo excel'!$F$2:$F$36),0),22)+INDEX('Cálculo excel'!$B$2:$X$36,MATCH(1,('Exemplos Validação'!$F11='Cálculo excel'!$B$2:$B$36)*('Cálculo excel'!$C$2:$C$36='Exemplos Validação'!$H11)*('Exemplos Validação'!$I11='Cálculo excel'!$D$2:$D$36)*('Cálculo excel'!$E$2:$E$36='Exemplos Validação'!$J11)*('Exemplos Validação'!$K11='Cálculo excel'!$F$2:$F$36),0),23)} -> 0 | CI11: =CH11-CG11 -> 0
A12: COMUM PM | B12: 2025-03-31 | C12: GD | D12: ESTR | E12: 82000000000247530000450000611801 | F12: 82000000000247530000450000611801 | G12: 82000000000247530000450000611801 | H12: 31 | I12: 0000 | J12: 00000247530 | K12: 000450000611801 | L12: AN01020410 | M12: BA4 | N12: N | O12: N | P12: PRDCT010103 | Q12: N | R12: N/A | S12: 00000 | T12: N/A | U12: 11111111111 | V12: 11111111111 | W12: 11111111111 | X12: 11111111111 | Y12: 11111111111 | Z12: 11111111111 | AA12: 11111111111 | AB12: N/A | AC12: 11111111111 | AD12: 11111111111 | AE12: 0.400000 | AF12: 13067.92 | AG12: 23 | AH12: 11 | AI12: 13138.68 | AJ12: 11111111111.00 | AK12: 0.00 | AL12: 0.00 | AM12: 7453.02 | AN12: 25.06 | AO12: 2025-03-31 | AP12: N/A | AQ12: SNFCAPRES1P | AR12: 14 | AS12: 80 | AT12: 6 | AU12: 00000 | AV12: 13138.68 | AW12: 13138.68 | AX12: 1 | AY12: 1 | AZ12: 16.5 | BA12: {=INDEX('Cálculo excel'!$B$2:$X$36,MATCH(1,('Exemplos Validação'!$F12='Cálculo excel'!$B$2:$B$36)*('Cálculo excel'!$C$2:$C$36='Exemplos Validação'!$H12)*('Exemplos Validação'!$I12='Cálculo excel'!$D$2:$D$36)*('Cálculo excel'!$E$2:$E$36='Exemplos Validação'!$J12)*('Exemplos Validação'!$K12='Cálculo excel'!$F$2:$F$36),0),11)} -> 16.5 | BB12: =BA12-AZ12 -> 0 | BC12: 0 | BD12: {=INDEX('Cálculo excel'!$B$2:$X$36,MATCH(1,('Exemplos Validação'!$F12='Cálculo excel'!$B$2:$B$36)*('Cálculo excel'!$C$2:$C$36='Exemplos Validação'!$H12)*('Exemplos Validação'!$I12='Cálculo excel'!$D$2:$D$36)*('Cálculo excel'!$E$2:$E$36='Exemplos Validação'!$J12)*('Exemplos Validação'!$K12='Cálculo excel'!$F$2:$F$36),0),12)} -> 0 | BE12: =BD12-BC12 -> 0 | BF12: 0 | BG12: {=INDEX('Cálculo excel'!$B$2:$X$36,MATCH(1,('Exemplos Validação'!$F12='Cálculo excel'!$B$2:$B$36)*('Cálculo excel'!$C$2:$C$36='Exemplos Validação'!$H12)*('Exemplos Validação'!$I12='Cálculo excel'!$D$2:$D$36)*('Cálculo excel'!$E$2:$E$36='Exemplos Validação'!$J12)*('Exemplos Validação'!$K12='Cálculo excel'!$F$2:$F$36),0),13)} -> 0 | BH12: =BG12-BF12 -> 0 | BI12: 0 | BJ12: {=INDEX('Cálculo excel'!$B$2:$X$36,MATCH(1,('Exemplos Validação'!$F12='Cálculo excel'!$B$2:$B$36)*('Cálculo excel'!$C$2:$C$36='Exemplos Validação'!$H12)*('Exemplos Validação'!$I12='Cálculo excel'!$D$2:$D$36)*('Cálculo excel'!$E$2:$E$36='Exemplos Validação'!$J12)*('Exemplos Validação'!$K12='Cálculo excel'!$F$2:$F$36),0),14)} -> 0 | BK12: =BJ12-BI12 -> 0 | BL12: -1.54 | BM12: {=INDEX('Cálculo excel'!$B$2:$X$36,MATCH(1,('Exemplos Validação'!$F12='Cálculo excel'!$B$2:$B$36)*('Cálculo excel'!$C$2:$C$36='Exemplos Validação'!$H12)*('Exemplos Validação'!$I12='Cálculo excel'!$D$2:$D$36)*('Cálculo excel'!$E$2:$E$36='Exemplos Validação'!$J12)*('Exemplos Validação'!$K12='Cálculo excel'!$F$2:$F$36),0),15)} -> -1.54 | BN12: =BM12-BL12 -> 0 | BO12: 0 | BP12: {=INDEX('Cálculo excel'!$B$2:$X$36,MATCH(1,('Exemplos Validação'!$F12='Cálculo excel'!$B$2:$B$36)*('Cálculo excel'!$C$2:$C$36='Exemplos Validação'!$H12)*('Exemplos Validação'!$I12='Cálculo excel'!$D$2:$D$36)*('Cálculo excel'!$E$2:$E$36='Exemplos Validação'!$J12)*('Exemplos Validação'!$K12='Cálculo excel'!$F$2:$F$36),0),16)} -> 0 | BQ12: =BP12-BO12 -> 0 | BR12: 127.23 | BS12: {=INDEX('Cálculo excel'!$B$2:$X$36,MATCH(1,('Exemplos Validação'!$F12='Cálculo excel'!$B$2:$B$36)*('Cálculo excel'!$C$2:$C$36='Exemplos Validação'!$H12)*('Exemplos Validação'!$I12='Cálculo excel'!$D$2:$D$36)*('Cálculo excel'!$E$2:$E$36='Exemplos Validação'!$J12)*('Exemplos Validação'!$K12='Cálculo excel'!$F$2:$F$36),0),17)} -> 127.23 | BT12: =BS12-BR12 -> 0 | BU12: 0 | BV12: {=INDEX('Cálculo excel'!$B$2:$X$36,MATCH(1,('Exemplos Validação'!$F12='Cálculo excel'!$B$2:$B$36)*('Cálculo excel'!$C$2:$C$36='Exemplos Validação'!$H12)*('Exemplos Validação'!$I12='Cálculo excel'!$D$2:$D$36)*('Cálculo excel'!$E$2:$E$36='Exemplos Validação'!$J12)*('Exemplos Validação'!$K12='Cálculo excel'!$F$2:$F$36),0),18)} -> 0 | BW12: =BV12-BU12 -> 0 | BX12: 0 | BY12: {=INDEX('Cálculo excel'!$B$2:$X$36,MATCH(1,('Exemplos Validação'!$F12='Cálculo excel'!$B$2:$B$36)*('Cálculo excel'!$C$2:$C$36='Exemplos Validação'!$H12)*('Exemplos Validação'!$I12='Cálculo excel'!$D$2:$D$36)*('Cálculo excel'!$E$2:$E$36='Exemplos Validação'!$J12)*('Exemplos Validação'!$K12='Cálculo excel'!$F$2:$F$36),0),19)} -> 0 | BZ12: =BY12-BX12 -> 0 | CA12: 24.42 | CB12: {=INDEX('Cálculo excel'!$B$2:$X$36,MATCH(1,('Exemplos Validação'!$F12='Cálculo excel'!$B$2:$B$36)*('Cálculo excel'!$C$2:$C$36='Exemplos Validação'!$H12)*('Exemplos Validação'!$I12='Cálculo excel'!$D$2:$D$36)*('Cálculo excel'!$E$2:$E$36='Exemplos Validação'!$J12)*('Exemplos Validação'!$K12='Cálculo excel'!$F$2:$F$36),0),20)} -> 24.42 | CC12: =CB12-CA12 -> 0 | CD12: 13549.84 | CE12: {=INDEX('Cálculo excel'!$B$2:$X$36,MATCH(1,('Exemplos Validação'!$F12='Cálculo excel'!$B$2:$B$36)*('Cálculo excel'!$C$2:$C$36='Exemplos Validação'!$H12)*('Exemplos Validação'!$I12='Cálculo excel'!$D$2:$D$36)*('Cálculo excel'!$E$2:$E$36='Exemplos Validação'!$J12)*('Exemplos Validação'!$K12='Cálculo excel'!$F$2:$F$36),0),21)} -> 13549.84 | CF12: =CE12-CD12 -> 0 | CG12: 0 | CH12: {=INDEX('Cálculo excel'!$B$2:$X$36,MATCH(1,('Exemplos Validação'!$F12='Cálculo excel'!$B$2:$B$36)*('Cálculo excel'!$C$2:$C$36='Exemplos Validação'!$H12)*('Exemplos Validação'!$I12='Cálculo excel'!$D$2:$D$36)*('Cálculo excel'!$E$2:$E$36='Exemplos Validação'!$J12)*('Exemplos Validação'!$K12='Cálculo excel'!$F$2:$F$36),0),22)+INDEX('Cálculo excel'!$B$2:$X$36,MATCH(1,('Exemplos Validação'!$F12='Cálculo excel'!$B$2:$B$36)*('Cálculo excel'!$C$2:$C$36='Exemplos Validação'!$H12)*('Exemplos Validação'!$I12='Cálculo excel'!$D$2:$D$36)*('Cálculo excel'!$E$2:$E$36='Exemplos Validação'!$J12)*('Exemplos Validação'!$K12='Cálculo excel'!$F$2:$F$36),0),23)} -> 0 | CI12: =CH12-CG12 -> 0
A13: COMUM PM | B13: 2025-03-31 | C13: GD | D13: ESTR | E13: 82000000000247547000450000735784 | F13: 82000000000247547000450000735784 | G13: 82000000000247547000450000735784 | H13: 31 | I13: 0000 | J13: 00000247547 | K13: 000450000735784 | L13: AN01020410 | M13: BA4 | N13: N | O13: N | P13: PRDCT010103 | Q13: N | R13: N/A | S13: 00000 | T13: N/A | U13: 11111111111 | V13: 11111111111 | W13: 11111111111 | X13: 11111111111 | Y13: 11111111111 | Z13: 11111111111 | AA13: 11111111111 | AB13: N/A | AC13: 11111111111 | AD13: 11111111111 | AE13: 0.400000 | AF13: 28369.09 | AG13: 23 | AH13: 11 | AI13: 28431.80 | AJ13: 11111111111.00 | AK13: 0.00 | AL13: 0.00 | AM13: 16179.77 | AN13: 54.31 | AO13: 2025-03-31 | AP13: N/A | AQ13: SNFCAPRES1P | AR13: 14 | AS13: 80 | AT13: 6 | AU13: 00000 | AV13: 28431.8 | AW13: 28431.8 | AX13: 1 | AY13: 1 | AZ13: 8.25 | BA13: {=INDEX('Cálculo excel'!$B$2:$X$36,MATCH(1,('Exemplos Validação'!$F13='Cálculo excel'!$B$2:$B$36)*('Cálculo excel'!$C$2:$C$36='Exemplos Validação'!$H13)*('Exemplos Validação'!$I13='Cálculo excel'!$D$2:$D$36)*('Cálculo excel'!$E$2:$E$36='Exemplos Validação'!$J13)*('Exemplos Validação'!$K13='Cálculo excel'!$F$2:$F$36),0),11)} -> 8.25 | BB13: =BA13-AZ13 -> 0 | BC13: 0 | BD13: {=INDEX('Cálculo excel'!$B$2:$X$36,MATCH(1,('Exemplos Validação'!$F13='Cálculo excel'!$B$2:$B$36)*('Cálculo excel'!$C$2:$C$36='Exemplos Validação'!$H13)*('Exemplos Validação'!$I13='Cálculo excel'!$D$2:$D$36)*('Cálculo excel'!$E$2:$E$36='Exemplos Validação'!$J13)*('Exemplos Validação'!$K13='Cálculo excel'!$F$2:$F$36),0),12)} -> 0 | BE13: =BD13-BC13 -> 0 | BF13: 0 | BG13: {=INDEX('Cálculo excel'!$B$2:$X$36,MATCH(1,('Exemplos Validação'!$F13='Cálculo excel'!$B$2:$B$36)*('Cálculo excel'!$C$2:$C$36='Exemplos Validação'!$H13)*('Exemplos Validação'!$I13='Cálculo excel'!$D$2:$D$36)*('Cálculo excel'!$E$2:$E$36='Exemplos Validação'!$J13)*('Exemplos Validação'!$K13='Cálculo excel'!$F$2:$F$36),0),13)} -> 0 | BH13: =BG13-BF13 -> 0 | BI13: 0 | BJ13: {=INDEX('Cálculo excel'!$B$2:$X$36,MATCH(1,('Exemplos Validação'!$F13='Cálculo excel'!$B$2:$B$36)*('Cálculo excel'!$C$2:$C$36='Exemplos Validação'!$H13)*('Exemplos Validação'!$I13='Cálculo excel'!$D$2:$D$36)*('Cálculo excel'!$E$2:$E$36='Exemplos Validação'!$J13)*('Exemplos Validação'!$K13='Cálculo excel'!$F$2:$F$36),0),14)} -> 0 | BK13: =BJ13-BI13 -> 0 | BL13: -4.19 | BM13: {=INDEX('Cálculo excel'!$B$2:$X$36,MATCH(1,('Exemplos Validação'!$F13='Cálculo excel'!$B$2:$B$36)*('Cálculo excel'!$C$2:$C$36='Exemplos Validação'!$H13)*('Exemplos Validação'!$I13='Cálculo excel'!$D$2:$D$36)*('Cálculo excel'!$E$2:$E$36='Exemplos Validação'!$J13)*('Exemplos Validação'!$K13='Cálculo excel'!$F$2:$F$36),0),15)} -> -4.19 | BN13: =BM13-BL13 -> 0 | BO13: 0 | BP13: {=INDEX('Cálculo excel'!$B$2:$X$36,MATCH(1,('Exemplos Validação'!$F13='Cálculo excel'!$B$2:$B$36)*('Cálculo excel'!$C$2:$C$36='Exemplos Validação'!$H13)*('Exemplos Validação'!$I13='Cálculo excel'!$D$2:$D$36)*('Cálculo excel'!$E$2:$E$36='Exemplos Validação'!$J13)*('Exemplos Validação'!$K13='Cálculo excel'!$F$2:$F$36),0),16)} -> 0 | BQ13: =BP13-BO13 -> 0 | BR13: 270.67 | BS13: {=INDEX('Cálculo excel'!$B$2:$X$36,MATCH(1,('Exemplos Validação'!$F13='Cálculo excel'!$B$2:$B$36)*('Cálculo excel'!$C$2:$C$36='Exemplos Validação'!$H13)*('Exemplos Validação'!$I13='Cálculo excel'!$D$2:$D$36)*('Cálculo excel'!$E$2:$E$36='Exemplos Validação'!$J13)*('Exemplos Validação'!$K13='Cálculo excel'!$F$2:$F$36),0),17)} -> 270.67 | BT13: =BS13-BR13 -> 0 | BU13: 0 | BV13: {=INDEX('Cálculo excel'!$B$2:$X$36,MATCH(1,('Exemplos Validação'!$F13='Cálculo excel'!$B$2:$B$36)*('Cálculo excel'!$C$2:$C$36='Exemplos Validação'!$H13)*('Exemplos Validação'!$I13='Cálculo excel'!$D$2:$D$36)*('Cálculo excel'!$E$2:$E$36='Exemplos Validação'!$J13)*('Exemplos Validação'!$K13='Cálculo excel'!$F$2:$F$36),0),18)} -> 0 | BW13: =BV13-BU13 -> 0 | BX13: 0 | BY13: {=INDEX('Cálculo excel'!$B$2:$X$36,MATCH(1,('Exemplos Validação'!$F13='Cálculo excel'!$B$2:$B$36)*('Cálculo excel'!$C$2:$C$36='Exemplos Validação'!$H13)*('Exemplos Validação'!$I13='Cálculo excel'!$D$2:$D$36)*('Cálculo excel'!$E$2:$E$36='Exemplos Validação'!$J13)*('Exemplos Validação'!$K13='Cálculo excel'!$F$2:$F$36),0),19)} -> 0 | BZ13: =BY13-BX13 -> 0 | CA13: 51.37 | CB13: {=INDEX('Cálculo excel'!$B$2:$X$36,MATCH(1,('Exemplos Validação'!$F13='Cálculo excel'!$B$2:$B$36)*('Cálculo excel'!$C$2:$C$36='Exemplos Validação'!$H13)*('Exemplos Validação'!$I13='Cálculo excel'!$D$2:$D$36)*('Cálculo excel'!$E$2:$E$36='Exemplos Validação'!$J13)*('Exemplos Validação'!$K13='Cálculo excel'!$F$2:$F$36),0),20)} -> 51.37 | CC13: =CB13-CA13 -> 0 | CD13: 29657.11 | CE13: {=INDEX('Cálculo excel'!$B$2:$X$36,MATCH(1,('Exemplos Validação'!$F13='Cálculo excel'!$B$2:$B$36)*('Cálculo excel'!$C$2:$C$36='Exemplos Validação'!$H13)*('Exemplos Validação'!$I13='Cálculo excel'!$D$2:$D$36)*('Cálculo excel'!$E$2:$E$36='Exemplos Validação'!$J13)*('Exemplos Validação'!$K13='Cálculo excel'!$F$2:$F$36),0),21)} -> 29657.11 | CF13: =CE13-CD13 -> 0 | CG13: 0 | CH13: {=INDEX('Cálculo excel'!$B$2:$X$36,MATCH(1,('Exemplos Validação'!$F13='Cálculo excel'!$B$2:$B$36)*('Cálculo excel'!$C$2:$C$36='Exemplos Validação'!$H13)*('Exemplos Validação'!$I13='Cálculo excel'!$D$2:$D$36)*('Cálculo excel'!$E$2:$E$36='Exemplos Validação'!$J13)*('Exemplos Validação'!$K13='Cálculo excel'!$F$2:$F$36),0),22)+INDEX('Cálculo excel'!$B$2:$X$36,MATCH(1,('Exemplos Validação'!$F13='Cálculo excel'!$B$2:$B$36)*('Cálculo excel'!$C$2:$C$36='Exemplos Validação'!$H13)*('Exemplos Validação'!$I13='Cálculo excel'!$D$2:$D$36)*('Cálculo excel'!$E$2:$E$36='Exemplos Validação'!$J13)*('Exemplos Validação'!$K13='Cálculo excel'!$F$2:$F$36),0),23)} -> 0 | CI13: =CH13-CG13 -> 0
... A35: COMUM PM | B35: 2025-03-31 | C35: GD | D35: ESTR | E35: 31003195552230011525025400000001 | F35: 31003195552230011525025400000001 | G35: 31003195552230011525025400000001 | H35: 31 | I35: 0031 | J35: 95552230011 | K35: 000000000000000 | L35: AN01010201 | M35: BA2 | N35: N | O35: Y | P35: PRDCT010103 | Q35: N | R35: N/A | S35: 00000 | T35: N/A | U35: 11111111111 | V35: 11111111111 | W35: 11111111111 | X35: 11111111111 | Y35: 11111111111 | Z35: 11111111111 | AA35: 11111111111 | AB35: N/A | AC35: 11111111111 | AD35: 11111111111 | AE35: 0.000000 | AF35: 3087.24 | AG35: 23 | AH35: 11 | AI35: 2706.59 | AJ35: 11111111111.00 | AK35: 0.00 | AL35: 0.00 | AM35: 1799.83 | AN35: 177.90 | AO35: 2025-03-31 | AP35: N/A | AQ35: HOGCAPRES1P | AR35: 14 | AS35: 51 | AT35: 6 | AU35: 00000 | AV35: 2706.59 | AW35: 3012.9 | AX35: 2 | AY35: 0.898333 | AZ35: 0 | BA35: {=INDEX('Cálculo excel'!$B$2:$X$36,MATCH(1,('Exemplos Validação'!$F35='Cálculo excel'!$B$2:$B$36)*('Cálculo excel'!$C$2:$C$36='Exemplos Validação'!$H35)*('Exemplos Validação'!$I35='Cálculo excel'!$D$2:$D$36)*('Cálculo excel'!$E$2:$E$36='Exemplos Validação'!$J35)*('Exemplos Validação'!$K35='Cálculo excel'!$F$2:$F$36),0),11)} -> 0 | BB35: =BA35-AZ35 -> 0 | BC35: 0 | BD35: {=INDEX('Cálculo excel'!$B$2:$X$36,MATCH(1,('Exemplos Validação'!$F35='Cálculo excel'!$B$2:$B$36)*('Cálculo excel'!$C$2:$C$36='Exemplos Validação'!$H35)*('Exemplos Validação'!$I35='Cálculo excel'!$D$2:$D$36)*('Cálculo excel'!$E$2:$E$36='Exemplos Validação'!$J35)*('Exemplos Validação'!$K35='Cálculo excel'!$F$2:$F$36),0),12)} -> 0 | BE35: =BD35-BC35 -> 0 | BF35: 0 | BG35: {=INDEX('Cálculo excel'!$B$2:$X$36,MATCH(1,('Exemplos Validação'!$F35='Cálculo excel'!$B$2:$B$36)*('Cálculo excel'!$C$2:$C$36='Exemplos Validação'!$H35)*('Exemplos Validação'!$I35='Cálculo excel'!$D$2:$D$36)*('Cálculo excel'!$E$2:$E$36='Exemplos Validação'!$J35)*('Exemplos Validação'!$K35='Cálculo excel'!$F$2:$F$36),0),13)} -> 0 | BH35: =BG35-BF35 -> 0 | BI35: 0 | BJ35: {=INDEX('Cálculo excel'!$B$2:$X$36,MATCH(1,('Exemplos Validação'!$F35='Cálculo excel'!$B$2:$B$36)*('Cálculo excel'!$C$2:$C$36='Exemplos Validação'!$H35)*('Exemplos Validação'!$I35='Cálculo excel'!$D$2:$D$36)*('Cálculo excel'!$E$2:$E$36='Exemplos Validação'!$J35)*('Exemplos Validação'!$K35='Cálculo excel'!$F$2:$F$36),0),14)} -> 0 | BK35: =BJ35-BI35 -> 0 | BL35: 29.869572 | BM35: {=INDEX('Cálculo excel'!$B$2:$X$36,MATCH(1,('Exemplos Validação'!$F35='Cálculo excel'!$B$2:$B$36)*('Cálculo excel'!$C$2:$C$36='Exemplos Validação'!$H35)*('Exemplos Validação'!$I35='Cálculo excel'!$D$2:$D$36)*('Cálculo excel'!$E$2:$E$36='Exemplos Validação'!$J35)*('Exemplos Validação'!$K35='Cálculo excel'!$F$2:$F$36),0),15)} -> 29.8696 | BN35: =BM35-BL35 -> 2.7637152e-05 | BO35: 0 | BP35: {=INDEX('Cálculo excel'!$B$2:$X$36,MATCH(1,('Exemplos Validação'!$F35='Cálculo excel'!$B$2:$B$36)*('Cálculo excel'!$C$2:$C$36='Exemplos Validação'!$H35)*('Exemplos Validação'!$I35='Cálculo excel'!$D$2:$D$36)*('Cálculo excel'!$E$2:$E$36='Exemplos Validação'!$J35)*('Exemplos Validação'!$K35='Cálculo excel'!$F$2:$F$36),0),16)} -> 0 | BQ35: =BP35-BO35 -> 0 | BR35: 31.226055 | BS35: {=INDEX('Cálculo excel'!$B$2:$X$36,MATCH(1,('Exemplos Validação'!$F35='Cálculo excel'!$B$2:$B$36)*('Cálculo excel'!$C$2:$C$36='Exemplos Validação'!$H35)*('Exemplos Validação'!$I35='Cálculo excel'!$D$2:$D$36)*('Cálculo excel'!$E$2:$E$36='Exemplos Validação'!$J35)*('Exemplos Validação'!$K35='Cálculo excel'!$F$2:$F$36),0),17)} -> 31.226084 | BT35: =BS35-BR35 -> 2.8892253e-05 | BU35: 0 | BV35: {=INDEX('Cálculo excel'!$B$2:$X$36,MATCH(1,('Exemplos Validação'!$F35='Cálculo excel'!$B$2:$B$36)*('Cálculo excel'!$C$2:$C$36='Exemplos Validação'!$H35)*('Exemplos Validação'!$I35='Cálculo excel'!$D$2:$D$36)*('Cálculo excel'!$E$2:$E$36='Exemplos Validação'!$J35)*('Exemplos Validação'!$K35='Cálculo excel'!$F$2:$F$36),0),18)} -> 0 | BW35: =BV35-BU35 -> 0 | BX35: 0 | BY35: {=INDEX('Cálculo excel'!$B$2:$X$36,MATCH(1,('Exemplos Validação'!$F35='Cálculo excel'!$B$2:$B$36)*('Cálculo excel'!$C$2:$C$36='Exemplos Validação'!$H35)*('Exemplos Validação'!$I35='Cálculo excel'!$D$2:$D$36)*('Cálculo excel'!$E$2:$E$36='Exemplos Validação'!$J35)*('Exemplos Validação'!$K35='Cálculo excel'!$F$2:$F$36),0),19)} -> 0 | BZ35: =BY35-BX35 -> 0 | CA35: 6.0008644 | CB35: {=INDEX('Cálculo excel'!$B$2:$X$36,MATCH(1,('Exemplos Validação'!$F35='Cálculo excel'!$B$2:$B$36)*('Cálculo excel'!$C$2:$C$36='Exemplos Validação'!$H35)*('Exemplos Validação'!$I35='Cálculo excel'!$D$2:$D$36)*('Cálculo excel'!$E$2:$E$36='Exemplos Validação'!$J35)*('Exemplos Validação'!$K35='Cálculo excel'!$F$2:$F$36),0),20)} -> 6.00087 | CC35: =CB35-CA35 -> 5.5523662e-06 | CD35: 2638.6017 | CE35: {=INDEX('Cálculo excel'!$B$2:$X$36,MATCH(1,('Exemplos Validação'!$F35='Cálculo excel'!$B$2:$B$36)*('Cálculo excel'!$C$2:$C$36='Exemplos Validação'!$H35)*('Exemplos Validação'!$I35='Cálculo excel'!$D$2:$D$36)*('Cálculo excel'!$E$2:$E$36='Exemplos Validação'!$J35)*('Exemplos Validação'!$K35='Cálculo excel'!$F$2:$F$36),0),21)} -> 2638.6041 | CF35: =CE35-CD35 -> 0.0024413953 | CG35: 8.5768343 | CH35: {=INDEX('Cálculo excel'!$B$2:$X$36,MATCH(1,('Exemplos Validação'!$F35='Cálculo excel'!$B$2:$B$36)*('Cálculo excel'!$C$2:$C$36='Exemplos Validação'!$H35)*('Exemplos Validação'!$I35='Cálculo excel'!$D$2:$D$36)*('Cálculo excel'!$E$2:$E$36='Exemplos Validação'!$J35)*('Exemplos Validação'!$K35='Cálculo excel'!$F$2:$F$36),0),22)+INDEX('Cálculo excel'!$B$2:$X$36,MATCH(1,('Exemplos Validação'!$F35='Cálculo excel'!$B$2:$B$36)*('Cálculo excel'!$C$2:$C$36='Exemplos Validação'!$H35)*('Exemplos Validação'!$I35='Cálculo excel'!$D$2:$D$36)*('Cálculo excel'!$E$2:$E$36='Exemplos Validação'!$J35)*('Exemplos Validação'!$K35='Cálculo excel'!$F$2:$F$36),0),23)} -> 8.5768423 | CI35: =CH35-CG35 -> 7.9358108e-06

Sheet Cálculo excel
W1: credito assinatura | X1: linhas de credito
B2: instrmnt_id | C2: cempcta | D2: ckbalcao | E2: cknumcta | F2: zdeposit_mis | G2: bsnss_area | H2: msaldo_final | I2: msaldo_mis | J2: count_chave | K2: ponderador | L2: grss_cmmssn_incm | M2: grss_cmmssn_incm_off_blnc | N2: grss_cmmssn_expns | O2: grss_cmmssn_expns_off_blnc | P2: nt_ln_lss_prvsn | Q2: nt_ln_lss_prvsn_off_blnc | R2: grss_intrst_incm | S2: grss_intrst_expns | T2: gns_fnncl_trnsctn_exchng_dffrncs | U2: intrnl_trnsfr_rt | V2: avrg_blnc | W2: avrg_blnc_off_blnc | X2: avrg_blnc_off_blnc
B3: 82000000000247479000450000764712 | C3: 31 | D3: 0000 | E3: 00000247479 | F3: 000450000764712 | G3: BA4 | H3: =_xlfn.IFNA(INDEX('Info LT001'!$G:$H,MATCH('Cálculo excel'!B3,'Info LT001'!$G:$G,0),2),0) -> 17067.51 | I3: =SUMIFS($H$3:$H$36,$C$3:$C$36,C3,$D$3:$D$36,D3,$E$3:$E$36,E3,$F$3:$F$36,F3,$G$3:$G$36,G3) -> 17067.51 | J3: =COUNTIFS($C$3:$C$36,C3,$D$3:$D$36,D3,$E$3:$E$36,E3,$F$3:$F$36,F3,$G$3:$G$36,G3) -> 1 | K3: =IF(I3=0,1/J3,IF(AND(H3=0,I3<>0),0,H3/I3)) -> 1 | L3: {=INDEX(MIS_MAR25!$A:$AR,MATCH(1,('Cálculo excel'!$C3=MIS_MAR25!$B:$B)*('Cálculo excel'!$D3=MIS_MAR25!$C:$C)*(MIS_MAR25!$D:$D='Cálculo excel'!$E3)*('Cálculo excel'!$F3=MIS_MAR25!$E:$E),0),36)-INDEX(MIS_MAR25!$A:$AR,MATCH(1,('Cálculo excel'!$C3=MIS_MAR25!$B:$B)*('Cálculo excel'!$D3=MIS_MAR25!$C:$C)*(MIS_MAR25!$D:$D='Cálculo excel'!$E3)*('Cálculo excel'!$F3=MIS_MAR25!$E:$E),0),38)*K3} -> 16.5 | M3: {=INDEX(MIS_MAR25!$A:$AR,MATCH(1,('Cálculo excel'!$C3=MIS_MAR25!$B:$B)*('Cálculo excel'!$D3=MIS_MAR25!$C:$C)*(MIS_MAR25!$D:$D='Cálculo excel'!$E3)*('Cálculo excel'!$F3=MIS_MAR25!$E:$E),0),37)-INDEX(MIS_MAR25!$A:$AR,MATCH(1,('Cálculo excel'!$C3=MIS_MAR25!$B:$B)*('Cálculo excel'!$D3=MIS_MAR25!$C:$C)*(MIS_MAR25!$D:$D='Cálculo excel'!$E3)*('Cálculo excel'!$F3=MIS_MAR25!$E:$E),0),39)*K3} -> 0 | N3: {=INDEX(MIS_MAR25!$A:$AR,MATCH(1,('Cálculo excel'!$C3=MIS_MAR25!$B:$B)*('Cálculo excel'!$D3=MIS_MAR25!$C:$C)*(MIS_MAR25!$D:$D='Cálculo excel'!$E3)*('Cálculo excel'!$F3=MIS_MAR25!$E:$E),0),40)-INDEX(MIS_MAR25!$A:$AR,MATCH(1,('Cálculo excel'!$C3=MIS_MAR25!$B:$B)*('Cálculo excel'!$D3=MIS_MAR25!$C:$C)*(MIS_MAR25!$D:$D='Cálculo excel'!$E3)*('Cálculo excel'!$F3=MIS_MAR25!$E:$E),0),42)*K3} -> 0 | O3: {=INDEX(MIS_MAR25!$A:$AR,MATCH(1,('Cálculo excel'!$C3=MIS_MAR25!$B:$B)*('Cálculo excel'!$D3=MIS_MAR25!$C:$C)*(MIS_MAR25!$D:$D='Cálculo excel'!$E3)*('Cálculo excel'!$F3=MIS_MAR25!$E:$E),0),41)-INDEX(MIS_MAR25!$A:$AR,MATCH(1,('Cálculo excel'!$C3=MIS_MAR25!$B:$B)*('Cálculo excel'!$D3=MIS_MAR25!$C:$C)*(MIS_MAR25!$D:$D='Cálculo excel'!$E3)*('Cálculo excel'!$F3=MIS_MAR25!$E:$E),0),43)*K3} -> 0 | P3: {=(INDEX(MIS_MAR25!$A:$AR,MATCH(1,('Cálculo excel'!$C3=MIS_MAR25!$B:$B)*('Cálculo excel'!$D3=MIS_MAR25!$C:$C)*(MIS_MAR25!$D:$D='Cálculo excel'!$E3)*('Cálculo excel'!$F3=MIS_MAR25!$E:$E),0),31)+INDEX(MIS_FEV25!$A:$AR,MATCH(1,('Cálculo excel'!$C3=MIS_FEV25!$B:$B)*('Cálculo excel'!$D3=MIS_FEV25!$C:$C)*(MIS_FEV25!$D:$D='Cálculo excel'!$E3)*('Cálculo excel'!$F3=MIS_FEV25!$E:$E),0),31)+INDEX(MIS_JAN25!$A:$AR,MATCH(1,('Cálculo excel'!$C3=MIS_JAN25!$B:$B)*('Cálculo excel'!$D3=MIS_JAN25!$C:$C)*(MIS_JAN25!$D:$D='Cálculo excel'!$E3)*('Cálculo excel'!$F3=MIS_JAN25!$E:$E),0),31))*K3} -> -69.4 | Q3: {=INDEX(MIS_MAR25!$A:$AR,MATCH(1,('Cálculo excel'!$C3=MIS_MAR25!$B:$B)*('Cálculo excel'!$D3=MIS_MAR25!$C:$C)*(MIS_MAR25!$D:$D='Cálculo excel'!$E3)*('Cálculo excel'!$F3=MIS_MAR25!$E:$E),0),32)+INDEX(MIS_FEV25!$A:$AR,MATCH(1,('Cálculo excel'!$C3=MIS_FEV25!$B:$B)*('Cálculo excel'!$D3=MIS_FEV25!$C:$C)*(MIS_FEV25!$D:$D='Cálculo excel'!$E3)*('Cálculo excel'!$F3=MIS_FEV25!$E:$E),0),32)+INDEX(MIS_JAN25!$A:$AR,MATCH(1,('Cálculo excel'!$C3=MIS_JAN25!$B:$B)*('Cálculo excel'!$D3=MIS_JAN25!$C:$C)*(MIS_JAN25!$D:$D='Cálculo excel'!$E3)*('Cálculo excel'!$F3=MIS_JAN25!$E:$E),0),32)*K3} -> 0 | R3: {=INDEX(MIS_MAR25!$A:$AR,MATCH(1,('Cálculo excel'!$C3=MIS_MAR25!$B:$B)*('Cálculo excel'!$D3=MIS_MAR25!$C:$C)*(MIS_MAR25!$D:$D='Cálculo excel'!$E3)*('Cálculo excel'!$F3=MIS_MAR25!$E:$E),0),25)*K3} -> 215.11 | S3: {=INDEX(MIS_MAR25!$A:$AR,MATCH(1,('Cálculo excel'!$C3=MIS_MAR25!$B:$B)*('Cálculo excel'!$D3=MIS_MAR25!$C:$C)*(MIS_MAR25!$D:$D='Cálculo excel'!$E3)*('Cálculo excel'!$F3=MIS_MAR25!$E:$E),0),27)*K3} -> 0 | T3: {=INDEX(MIS_MAR25!$A:$AR,MATCH(1,('Cálculo excel'!$C3=MIS_MAR25!$B:$B)*('Cálculo excel'!$D3=MIS_MAR25!$C:$C)*(MIS_MAR25!$D:$D='Cálculo excel'!$E3)*('Cálculo excel'!$F3=MIS_MAR25!$E:$E),0),34)*K3} -> 0 | U3: {=(INDEX(MIS_MAR25!$A:$AR,MATCH(1,('Cálculo excel'!$C3=MIS_MAR25!$B:$B)*('Cálculo excel'!$D3=MIS_MAR25!$C:$C)*(MIS_MAR25!$D:$D='Cálculo excel'!$E3)*('Cálculo excel'!$F3=MIS_MAR25!$E:$E),0),29)-INDEX(MIS_FEV25!$A:$AR,MATCH(1,('Cálculo excel'!$C3=MIS_FEV25!$B:$B)*('Cálculo excel'!$D3=MIS_FEV25!$C:$C)*(MIS_FEV25!$D:$D='Cálculo excel'!$E3)*('Cálculo excel'!$F3=MIS_FEV25!$E:$E),0),29))*K3} -> 37.7 | V3: {=(INDEX(MIS_MAR25!$A:$AR,MATCH(1,('Cálculo excel'!$C3=MIS_MAR25!$B:$B)*('Cálculo excel'!$D3=MIS_MAR25!$C:$C)*(MIS_MAR25!$D:$D='Cálculo excel'!$E3)*('Cálculo excel'!$F3=MIS_MAR25!$E:$E),0),22)+(INDEX(MIS_MAR25!$A:$AR,MATCH(1,('Cálculo excel'!$C3=MIS_MAR25!$B:$B)*('Cálculo excel'!$D3=MIS_MAR25!$C:$C)*(MIS_MAR25!$D:$D='Cálculo excel'!$E3)*('Cálculo excel'!$F3=MIS_MAR25!$E:$E),0),19)+INDEX(MIS_FEV25!$A:$AR,MATCH(1,('Cálculo excel'!$C3=MIS_FEV25!$B:$B)*('Cálculo excel'!$D3=MIS_FEV25!$C:$C)*(MIS_FEV25!$D:$D='Cálculo excel'!$E3)*('Cálculo excel'!$F3=MIS_FEV25!$E:$E),0),19)+INDEX(MIS_JAN25!$A:$AR,MATCH(1,('Cálculo excel'!$C3=MIS_JAN25!$B:$B)*('Cálculo excel'!$D3=MIS_JAN25!$C:$C)*(MIS_JAN25!$D:$D='Cálculo excel'!$E3)*('Cálculo excel'!$F3=MIS_JAN25!$E:$E),0),19)+INDEX(MIS_DEZ24!$A:$AR,MATCH(1,('Cálculo excel'!$C3=MIS_DEZ24!$B:$B)*('Cálculo excel'!$D3=MIS_DEZ24!$C:$C)*(MIS_DEZ24!$D:$D='Cálculo excel'!$E3)*('Cálculo excel'!$F3=MIS_DEZ24!$E:$E),0),19))/4)*K3} -> 17381.96 | W3: {=(INDEX(MIS_MAR25!$A:$AR,MATCH(1,('Cálculo excel'!$C3=MIS_MAR25!$B:$B)*('Cálculo excel'!$D3=MIS_MAR25!$C:$C)*(MIS_MAR25!$D:$D='Cálculo excel'!$E3)*('Cálculo excel'!$F3=MIS_MAR25!$E:$E),0),23)+(INDEX(MIS_MAR25!$A:$AR,MATCH(1,('Cálculo excel'!$C3=MIS_MAR25!$B:$B)*('Cálculo excel'!$D3=MIS_MAR25!$C:$C)*(MIS_MAR25!$D:$D='Cálculo excel'!$E3)*('Cálculo excel'!$F3=MIS_MAR25!$E:$E),0),20)+INDEX(MIS_FEV25!$A:$AR,MATCH(1,('Cálculo excel'!$C3=MIS_FEV25!$B:$B)*('Cálculo excel'!$D3=MIS_FEV25!$C:$C)*(MIS_FEV25!$D:$D='Cálculo excel'!$E3)*('Cálculo excel'!$F3=MIS_FEV25!$E:$E),0),20)+INDEX(MIS_JAN25!$A:$AR,MATCH(1,('Cálculo excel'!$C3=MIS_JAN25!$B:$B)*('Cálculo excel'!$D3=MIS_JAN25!$C:$C)*(MIS_JAN25!$D:$D='Cálculo excel'!$E3)*('Cálculo excel'!$F3=MIS_JAN25!$E:$E),0),20)+INDEX(MIS_DEZ24!$A:$AR,MATCH(1,('Cálculo excel'!$C3=MIS_DEZ24!$B:$B)*('Cálculo excel'!$D3=MIS_DEZ24!$C:$C)*(MIS_DEZ24!$D:$D='Cálculo excel'!$E3)*('Cálculo excel'!$F3=MIS_DEZ24!$E:$E),0),20))/4+(INDEX(MIS_MAR25!$A:$AR,MATCH(1,('Cálculo excel'!$C3=MIS_MAR25!$B:$B)*('Cálculo excel'!$D3=MIS_MAR25!$C:$C)*(MIS_MAR25!$D:$D='Cálculo excel'!$E3)*('Cálculo excel'!$F3=MIS_MAR25!$E:$E),0),17)+INDEX(MIS_FEV25!$A:$AR,MATCH(1,('Cálculo excel'!$C3=MIS_FEV25!$B:$B)*('Cálculo excel'!$D3=MIS_FEV25!$C:$C)*(MIS_FEV25!$D:$D='Cálculo excel'!$E3)*('Cálculo excel'!$F3=MIS_FEV25!$E:$E),0),17)+INDEX(MIS_JAN25!$A:$AR,MATCH(1,('Cálculo excel'!$C3=MIS_JAN25!$B:$B)*('Cálculo excel'!$D3=MIS_JAN25!$C:$C)*(MIS_JAN25!$D:$D='Cálculo excel'!$E3)*('Cálculo excel'!$F3=MIS_JAN25!$E:$E),0),17)+INDEX(MIS_DEZ24!$A:$AR,MATCH(1,('Cálculo excel'!$C3=MIS_DEZ24!$B:$B)*('Cálculo excel'!$D3=MIS_DEZ24!$C:$C)*(MIS_DEZ24!$D:$D='Cálculo excel'!$E3)*('Cálculo excel'!$F3=MIS_DEZ24!$E:$E),0),17))/4)*K3} -> 0 | X3: {=+((INDEX(MIS_MAR25!$A:$AR,MATCH(1,('Cálculo excel'!$C3=MIS_MAR25!$B:$B)*('Cálculo excel'!$D3=MIS_MAR25!$C:$C)*(MIS_MAR25!$D:$D='Cálculo excel'!$E3)*('Cálculo excel'!$F3=MIS_MAR25!$E:$E),0),18)+INDEX(MIS_FEV25!$A:$AR,MATCH(1,('Cálculo excel'!$C3=MIS_FEV25!$B:$B)*('Cálculo excel'!$D3=MIS_FEV25!$C:$C)*(MIS_FEV25!$D:$D='Cálculo excel'!$E3)*('Cálculo excel'!$F3=MIS_FEV25!$E:$E),0),18)+INDEX(MIS_JAN25!$A:$AR,MATCH(1,('Cálculo excel'!$C3=MIS_JAN25!$B:$B)*('Cálculo excel'!$D3=MIS_JAN25!$C:$C)*(MIS_JAN25!$D:$D='Cálculo excel'!$E3)*('Cálculo excel'!$F3=MIS_JAN25!$E:$E),0),18)+INDEX(MIS_DEZ24!$A:$AR,MATCH(1,('Cálculo excel'!$C3=MIS_DEZ24!$B:$B)*('Cálculo excel'!$D3=MIS_DEZ24!$C:$C)*(MIS_DEZ24!$D:$D='Cálculo excel'!$E3)*('Cálculo excel'!$F3=MIS_DEZ24!$E:$E),0),18))/4)*K3} -> 0
B4: 82000000000247494000420000767284 | C4: 31 | D4: 0000 | E4: 00000247494 | F4: 000420000767284 | G4: BA4 | H4: =_xlfn.IFNA(INDEX('Info LT001'!$G:$H,MATCH('Cálculo excel'!B4,'Info LT001'!$G:$G,0),2),0) -> 4650.25 | I4: =SUMIFS($H$3:$H$36,$C$3:$C$36,C4,$D$3:$D$36,D4,$E$3:$E$36,E4,$F$3:$F$36,F4,$G$3:$G$36,G4) -> 4650.25 | J4: =COUNTIFS($C$3:$C$36,C4,$D$3:$D$36,D4,$E$3:$E$36,E4,$F$3:$F$36,F4,$G$3:$G$36,G4) -> 1 | K4: =IF(I4=0,1/J4,IF(AND(H4=0,I4<>0),0,H4/I4)) -> 1 | L4: 0 | M4: 0 | N4: 0 | O4: 0 | P4: 227.07 | Q4: 0 | R4: 0 | S4: 0 | T4: 0 | U4: 0 | V4: 4650.25 | W4: 0 | X4: 0
B5: 82000000000247524000450000763856 | C5: 31 | D5: 0000 | E5: 00000247524 | F5: 000450000763856 | G5: BA4 | H5: =_xlfn.IFNA(INDEX('Info LT001'!$G:$H,MATCH('Cálculo excel'!B5,'Info LT001'!$G:$G,0),2),0) -> 23223.74 | I5: =SUMIFS($H$3:$H$36,$C$3:$C$36,C5,$D$3:$D$36,D5,$E$3:$E$36,E5,$F$3:$F$36,F5,$G$3:$G$36,G5) -> 23223.74 | J5: =COUNTIFS($C$3:$C$36,C5,$D$3:$D$36,D5,$E$3:$E$36,E5,$F$3:$F$36,F5,$G$3:$G$36,G5) -> 1 | K5: =IF(I5=0,1/J5,IF(AND(H5=0,I5<>0),0,H5/I5)) -> 1 | L5: 87.45 | M5: 0 | N5: 0 | O5: 0 | P5: 5263.09 | Q5: 0 | R5: 190.22 | S5: 0 | T5: 0 | U5: 41.98 | V5: 23910.355 | W5: 0 | X5: 0
B6: 82000000000247530000450000611801 | C6: 31 | D6: 0000 | E6: 00000247530 | F6: 000450000611801 | G6: BA4 | H6: =_xlfn.IFNA(INDEX('Info LT001'!$G:$H,MATCH('Cálculo excel'!B6,'Info LT001'!$G:$G,0),2),0) -> 13138.68 | I6: =SUMIFS($H$3:$H$36,$C$3:$C$36,C6,$D$3:$D$36,D6,$E$3:$E$36,E6,$F$3:$F$36,F6,$G$3:$G$36,G6) -> 13138.68 | J6: =COUNTIFS($C$3:$C$36,C6,$D$3:$D$36,D6,$E$3:$E$36,E6,$F$3:$F$36,F6,$G$3:$G$36,G6) -> 1 | K6: =IF(I6=0,1/J6,IF(AND(H6=0,I6<>0),0,H6/I6)) -> 1 | L6: 16.5 | M6: 0 | N6: 0 | O6: 0 | P6: -1.54 | Q6: 0 | R6: 127.23 | S6: 0 | T6: 0 | U6: 24.42 | V6: 13549.84 | W6: 0 | X6: 0
B7: 82000000000247547000450000735784 | C7: 31 | D7: 0000 | E7: 00000247547 | F7: 000450000735784 | G7: BA4 | H7: =_xlfn.IFNA(INDEX('Info LT001'!$G:$H,MATCH('Cálculo excel'!B7,'Info LT001'!$G:$G,0),2),0) -> 28431.8 | I7: =SUMIFS($H$3:$H$36,$C$3:$C$36,C7,$D$3:$D$36,D7,$E$3:$E$36,E7,$F$3:$F$36,F7,$G$3:$G$36,G7) -> 28431.8 | J7: =COUNTIFS($C$3:$C$36,C7,$D$3:$D$36,D7,$E$3:$E$36,E7,$F$3:$F$36,F7,$G$3:$G$36,G7) -> 1 | K7: =IF(I7=0,1/J7,IF(AND(H7=0,I7<>0),0,H7/I7)) -> 1 | L7: 8.25 | M7: 0 | N7: 0 | O7: 0 | P7: -4.19 | Q7: 0 | R7: 270.67 | S7: 0 | T7: 0 | U7: 51.37 | V7: 29657.11 | W7: 0 | X7: 0
B8: 82000020100005442001520240283046 | C8: 31 | D8: 0000 | E8: 20100005442 | F8: V0050C33343I125 | G8: BA5 | H8: =_xlfn.IFNA(INDEX('Info LT001'!$G:$H,MATCH('Cálculo excel'!B8,'Info LT001'!$G:$G,0),2),0) -> 75291.08 | I8: =SUMIFS($H$3:$H$36,$C$3:$C$36,C8,$D$3:$D$36,D8,$E$3:$E$36,E8,$F$3:$F$36,F8,$G$3:$G$36,G8) -> 929165.44 | J8: =COUNTIFS($C$3:$C$36,C8,$D$3:$D$36,D8,$E$3:$E$36,E8,$F$3:$F$36,F8,$G$3:$G$36,G8) -> 21 | K8: =IF(I8=0,1/J8,IF(AND(H8=0,I8<>0),0,H8/I8)) -> 0.081030866 | L8: 0 | M8: 0 | N8: 0 | O8: 0 | P8: 0 | Q8: 0 | R8: 0 | S8: 0 | T8: 0 | U8: 0 | V8: 0 | W8: 0 | X8: 0
B9: 82000020100005442001520250102622 | C9: 31 | D9: 0000 | E9: 20100005442 | F9: V0050C33343I125 | G9: BA5 | H9: =_xlfn.IFNA(INDEX('Info LT001'!$G:$H,MATCH('Cálculo excel'!B9,'Info LT001'!$G:$G,0),2),0) -> 2211.01 | I9: =SUMIFS($H$3:$H$36,$C$3:$C$36,C9,$D$3:$D$36,D9,$E$3:$E$36,E9,$F$3:$F$36,F9,$G$3:$G$36,G9) -> 929165.44 | J9: =COUNTIFS($C$3:$C$36,C9,$D$3:$D$36,D9,$E$3:$E$36,E9,$F$3:$F$36,F9,$G$3:$G$36,G9) -> 21 | K9: =IF(I9=0,1/J9,IF(AND(H9=0,I9<>0),0,H9/I9)) -> 0.0023795655 | L9: 0 | M9: 0 | N9: 0 | O9: 0 | P9: 0 | Q9: 0 | R9: 0 | S9: 0 | T9: 0 | U9: 0 | V9: 0 | W9: 0 | X9: 0
B10: 82000020100005442000007400570696 | C10: 31 | D10: 0000 | E10: 20100005442 | F10: V0050C33343I125 | G10: BA5 | H10: =_xlfn.IFNA(INDEX('Info LT001'!$G:$H,MATCH('Cálculo excel'!B10,'Info LT001'!$G:$G,0),2),0) -> 0 | I10: =SUMIFS($H$3:$H$36,$C$3:$C$36,C10,$D$3:$D$36,D10,$E$3:$E$36,E10,$F$3:$F$36,F10,$G$3:$G$36,G10) -> 929165.44 | J10: =COUNTIFS($C$3:$C$36,C10,$D$3:$D$36,D10,$E$3:$E$36,E10,$F$3:$F$36,F10,$G$3:$G$36,G10) -> 21 | K10: =IF(I10=0,1/J10,IF(AND(H10=0,I10<>0),0,H10/I10)) -> 0 | L10: 0 | M10: 0 | N10: 0 | O10: 0 | P10: 0 | Q10: 0 | R10: 0 | S10: 0 | T10: 0 | U10: 0 | V10: 0 | W10: 0 | X10: 0
B11: 82000020100005442001520250102730 | C11: 31 | D11: 0000 | E11: 20100005442 | F11: V0050C33343I125 | G11: BA5 | H11: =_xlfn.IFNA(INDEX('Info LT001'!$G:$H,MATCH('Cálculo excel'!B11,'Info LT001'!$G:$G,0),2),0) -> 1838.72 | I11: =SUMIFS($H$3:$H$36,$C$3:$C$36,C11,$D$3:$D$36,D11,$E$3:$E$36,E11,$F$3:$F$36,F11,$G$3:$G$36,G11) -> 929165.44 | J11: =COUNTIFS($C$3:$C$36,C11,$D$3:$D$36,D11,$E$3:$E$36,E11,$F$3:$F$36,F11,$G$3:$G$36,G11) -> 21 | K11: =IF(I11=0,1/J11,IF(AND(H11=0,I11<>0),0,H11/I11)) -> 0.0019788941 | L11: 0 | M11: 0 | N11: 0 | O11: 0 | P11: 0 | Q11: 0 | R11: 0 | S11: 0 | T11: 0 | U11: 0 | V11: 0 | W11: 0 | X11: 0
B12: 82000020100005442001520250106448 | C12: 31 | D12: 0000 | E12: 20100005442 | F12: V0050C33343I125 | G12: BA5 | H12: =_xlfn.IFNA(INDEX('Info LT001'!$G:$H,MATCH('Cálculo excel'!B12,'Info LT001'!$G:$G,0),2),0) -> 43530.97 | I12: =SUMIFS($H$3:$H$36,$C$3:$C$36,C12,$D$3:$D$36,D12,$E$3:$E$36,E12,$F$3:$F$36,F12,$G$3:$G$36,G12) -> 929165.44 | J12: =COUNTIFS($C$3:$C$36,C12,$D$3:$D$36,D12,$E$3:$E$36,E12,$F$3:$F$36,F12,$G$3:$G$36,G12) -> 21 | K12: =IF(I12=0,1/J12,IF(AND(H12=0,I12<>0),0,H12/I12)) -> 0.046849536 | L12: 0 | M12: 0 | N12: 0 | O12: 0 | P12: 0 | Q12: 0 | R12: 0 | S12: 0 | T12: 0 | U12: 0 | V12: 0 | W12: 0 | X12: 0
B13: 82000020100005442001520250102766 | C13: 31 | D13: 0000 | E13: 20100005442 | F13: V0050C33343I125 | G13: BA5 | H13: =_xlfn.IFNA(INDEX('Info LT001'!$G:$H,MATCH('Cálculo excel'!B13,'Info LT001'!$G:$G,0),2),0) -> 0.51 | I13: =SUMIFS($H$3:$H$36,$C$3:$C$36,C13,$D$3:$D$36,D13,$E$3:$E$36,E13,$F$3:$F$36,F13,$G$3:$G$36,G13) -> 929165.44 | J13: =COUNTIFS($C$3:$C$36,C13,$D$3:$D$36,D13,$E$3:$E$36,E13,$F$3:$F$36,F13,$G$3:$G$36,G13) -> 21 | K13: =IF(I13=0,1/J13,IF(AND(H13=0,I13<>0),0,H13/I13)) -> 5.4887965e-07 | L13: 0 | M13: 0 | N13: 0 | O13: 0 | P13: 0 | Q13: 0 | R13: 0 | S13: 0 | T13: 0 | U13: 0 | V13: 0 | W13: 0 | X13: 0
B14: 82000020100005442001520250102452 | C14: 31 | D14: 0000 | E14: 20100005442 | F14: V0050C33343I125 | G14: BA5 | H14: =_xlfn.IFNA(INDEX('Info LT001'!$G:$H,MATCH('Cálculo excel'!B14,'Info LT001'!$G:$G,0),2),0) -> 2631.54 | I14: =SUMIFS($H$3:$H$36,$C$3:$C$36,C14,$D$3:$D$36,D14,$E$3:$E$36,E14,$F$3:$F$36,F14,$G$3:$G$36,G14) -> 929165.44 | J14: =COUNTIFS($C$3:$C$36,C14,$D$3:$D$36,D14,$E$3:$E$36,E14,$F$3:$F$36,F14,$G$3:$G$36,G14) -> 21 | K14: =IF(I14=0,1/J14,IF(AND(H14=0,I14<>0),0,H14/I14)) -> 0.0028321544 | L14: 0 | M14: 0 | N14: 0 | O14: 0 | P14: 0 | Q14: 0 | R14: 0 | S14: 0 | T14: 0 | U14: 0 | V14: 0 | W14: 0 | X14: 0
B15: 82000020100005442001520250102776 | C15: 31 | D15: 0000 | E15: 20100005442 | F15: V0050C33343I125 | G15: BA5 | H15: =_xlfn.IFNA(INDEX('Info LT001'!$G:$H,MATCH('Cálculo excel'!B15,'Info LT001'!$G:$G,0),2),0) -> 24087.23 | I15: =SUMIFS($H$3:$H$36,$C$3:$C$36,C15,$D$3:$D$36,D15,$E$3:$E$36,E15,$F$3:$F$36,F15,$G$3:$G$36,G15) -> 929165.44 | J15: =COUNTIFS($C$3:$C$36,C15,$D$3:$D$36,D15,$E$3:$E$36,E15,$F$3:$F$36,F15,$G$3:$G$36,G15) -> 21 | K15: =IF(I15=0,1/J15,IF(AND(H15=0,I15<>0),0,H15/I15)) -> 0.02592351 | L15: 0 | M15: 0 | N15: 0 | O15: 0 | P15: 0 | Q15: 0 | R15: 0 | S15: 0 | T15: 0 | U15: 0 | V15: 0 | W15: 0 | X15: 0
... B36: 310051258632200116910945P0020001 | C36: 31 | D36: 0051 | E36: 25863220011 | F36: 000000000000000 | G36: BA2 | H36: =_xlfn.IFNA(INDEX('Info LT001'!$G:$H,MATCH('Cálculo excel'!B36,'Info LT001'!$G:$G,0),2),0) -> 445.54 | I36: =SUMIFS($H$3:$H$36,$C$3:$C$36,C36,$D$3:$D$36,D36,$E$3:$E$36,E36,$F$3:$F$36,F36,$G$3:$G$36,G36) -> 1277.92 | J36: =COUNTIFS($C$3:$C$36,C36,$D$3:$D$36,D36,$E$3:$E$36,E36,$F$3:$F$36,F36,$G$3:$G$36,G36) -> 2 | K36: =IF(I36=0,1/J36,IF(AND(H36=0,I36<>0),0,H36/I36)) -> 0.34864467 | L36: 0 | M36: 0 | N36: 0 | O36: 0 | P36: -0.3730498 | Q36: 0 | R36: 17.090562 | S36: 0 | T36: 0 | U36: 0.59269594 | V36: 699.43351 | W36: 0 | X36: 658.6386

Sheet MIS_MAR25
A1: ref_date | B1: cempcta | C1: ckbalcao | D1: cknumcta | E1: zdeposit | F1: ckmetamis | G1: ckarea | H1: c001_patrm | I1: c001_extrap | J1: c007_patrm | K1: c007_extrap | L1: c008_patrm | M1: c008_extrap | N1: c011_patrm | O1: c011_extrap | P1: c134_patrm | Q1: c134_extrap_ca | R1: c134_extrap_lc | S1: c224_patrm | T1: c224_extrap_ca | U1: c224_extrap_lc | V1: c295_patrm | W1: c295_extrap_ca | X1: c295_extrap_lc | Y1: c298_patrm | Z1: c298_extrap | AA1: c299_patrm | AB1: c299_extrap | AC1: c300_patrm | AD1: c300_extrap | AE1: m009_patrm | AF1: m009_extrap_ca | AG1: m009_serv_fact | AH1: ac310_patrm | AI1: ac310_extrap | AJ1: c457_patrm | AK1: c457_extrap | AL1: c458_patrm | AM1: c458_extrap | AN1: c459_patrm | AO1: c459_extrap | AP1: c460_patrm | AQ1: c460_extrap | AR1: dinioper_aux
A2: 2025-03-31 | B2: 31 | C2: 0000 | D2: 00000247479 | E2: 000450000764712 | F2: AD0104 | G2: AN01020410 | H2: 17051.4 | I2: 17051.4 | J2: 16997.59 | K2: 16997.59 | L2: 0 | M2: 0 | N2: 0 | O2: 0 | P2: 0 | Q2: 0 | R2: 0 | S2: 0 | T2: 0 | U2: 0 | V2: 17381.96 | W2: 0 | X2: 17381.96 | Y2: 215.11 | Z2: 215.11 | AA2: 0 | AB2: 0 | AC2: 112.38 | AD2: 112.38 | AE2: -27.97 | AF2: 0 | AG2: 0 | AH2: 0 | AI2: 0 | AJ2: 16.5 | AK2: 0 | AL2: 0 | AM2: 0 | AN2: 0 | AO2: 0 | AP2: 0 | AQ2: 0 | AR2: 2024-01-01
A3: 2025-03-31 | B3: 31 | C3: 0000 | D3: 20100005442 | E3: V0050C33343I125 | F3: SO0711 | G3: AN01040220 | H3: 0 | I3: 0 | J3: 0 | K3: 0 | L3: 0 | M3: 0 | N3: 0 | O3: 0 | P3: 0 | Q3: 0 | R3: 0 | S3: 0 | T3: 0 | U3: 0 | V3: 0 | W3: 0 | X3: 0 | Y3: 0 | Z3: 0 | AA3: 0 | AB3: 0 | AC3: 0 | AD3: 0 | AE3: 0 | AF3: 0 | AG3: 0 | AH3: 0 | AI3: 0 | AJ3: 0 | AK3: 0 | AL3: 0 | AM3: 0 | AN3: 0 | AO3: 0 | AP3: 0 | AQ3: 0 | AR3: 2017-01-26
A4: 2025-03-31 | B4: 31 | C4: 0000 | D4: 00000247530 | E4: 000450000611801 | F4: AD0104 | G4: AN01020410 | H4: 13272.75 | I4: 13272.75 | J4: 13116.17 | K4: 13116.17 | L4: 0 | M4: 0 | N4: 0 | O4: 0 | P4: 0 | Q4: 0 | R4: 0 | S4: 0 | T4: 0 | U4: 0 | V4: 13549.84 | W4: 0 | X4: 13549.84 | Y4: 127.23 | Z4: 127.23 | AA4: 0 | AB4: 0 | AC4: 72.36 | AD4: 72.36 | AE4: -0.51 | AF4: 0 | AG4: 0 | AH4: 0 | AI4: 0 | AJ4: 16.5 | AK4: 0 | AL4: 0 | AM4: 0 | AN4: 0 | AO4: 0 | AP4: 0 | AQ4: 0 | AR4: 2023-12-15
A5: 2025-03-31 | B5: 31 | C5: 0051 | D5: 25692970011 | E5: 000000000000000 | F5: AI0820 | G5: AN01010500 | H5: 519.91 | I5: 519.91 | J5: 508.29 | K5: 508.29 | L5: 0 | M5: 0 | N5: 13.66 | O5: 13.66 | P5: 4491.71 | Q5: 0 | R5: 4491.71 | S5: 0 | T5: 0 | U5: 0 | V5: 431.25 | W5: 0 | X5: 431.25 | Y5: 1.14 | Z5: 1.14 | AA5: 0 | AB5: 0 | AC5: 3.01 | AD5: 3.01 | AE5: 23.98 | AF5: 0 | AG5: 0 | AH5: 0 | AI5: 0 | AJ5: 0 | AK5: 0 | AL5: 0 | AM5: 0 | AN5: 0 | AO5: 0 | AP5: 0 | AQ5: 0 | AR5: 2023-01-25
A6: 2025-03-31 | B6: 31 | C6: 0000 | D6: 00000247494 | E6: 000420000767284 | F6: AD0105 | G6: AN01020410 | H6: 0.05 | I6: 0.05 | J6: 0.05 | K6: 0.05 | L6: 0 | M6: 0 | N6: 0 | O6: 0 | P6: 0 | Q6: 0 | R6: 0 | S6: 4650.2 | T6: 0 | U6: 4650.2 | V6: 0.05 | W6: 0 | X6: 0.05 | Y6: 0 | Z6: 0 | AA6: 0 | AB6: 0 | AC6: 0 | AD6: 0 | AE6: 43.98 | AF6: 0 | AG6: 0 | AH6: 0 | AI6: 0 | AJ6: 0 | AK6: 0 | AL6: 0 | AM6: 0 | AN6: 0 | AO6: 0 | AP6: 0 | AQ6: 0 | AR6: 2024-01-01
A7: 2025-03-31 | B7: 31 | C7: 0051 | D7: 25863220011 | E7: 000000000000000 | F7: AI0820 | G7: AN01010201 | H7: 753.24 | I7: 753.24 | J7: 1277.92 | K7: 1277.92 | L7: 445.54 | M7: 445.54 | N7: 205.26 | O7: 205.26 | P7: 2722.08 | Q7: 0 | R7: 2722.08 | S7: 0 | T7: 0 | U7: 0 | V7: 2006.15 | W7: 0 | X7: 2006.15 | Y7: 49.02 | Z7: 49.02 | AA7: 0 | AB7: 0 | AC7: 14.72 | AD7: 14.72 | AE7: 2.77 | AF7: 0 | AG7: 0 | AH7: 0 | AI7: 0 | AJ7: 0 | AK7: 0 | AL7: 0 | AM7: 0 | AN7: 0 | AO7: 0 | AP7: 0 | AQ7: 0 | AR7: 2023-02-09
A8: 2025-03-31 | B8: 31 | C8: 0000 | D8: 00000247524 | E8: 000450000763856 | F8: AD0104 | G8: AN01020410 | H8: 22824.88 | I8: 22824.88 | J8: 22471 | K8: 22471 | L8: 0 | M8: 0 | N8: 0 | O8: 0 | P8: 0 | Q8: 0 | R8: 0 | S8: 719.3 | T8: 0 | U8: 719.3 | V8: 23369.18 | W8: 0 | X8: 23369.18 | Y8: 190.22 | Z8: 190.22 | AA8: 0 | AB8: 0 | AC8: 124.79 | AD8: 124.79 | AE8: -155.56 | AF8: 0 | AG8: 0 | AH8: 0 | AI8: 0 | AJ8: 87.45 | AK8: 0 | AL8: 0 | AM8: 0 | AN8: 0 | AO8: 0 | AP8: 0 | AQ8: 0 | AR8: 2023-12-15
A9: 2025-03-31 | B9: 31 | C9: 0003 | D9: 14940851096 | E9: 000000000000000 | F9: AI0301 | G9: AN01010201 | H9: 12885.25 | I9: 12885.25 | J9: 0 | K9: 0 | L9: 0 | M9: 0 | N9: 0 | O9: 0 | P9: 0 | Q9: 0 | R9: 0 | S9: 0 | T9: 0 | U9: 0 | V9: 14152.03 | W9: 0 | X9: 14152.03 | Y9: 134.29 | Z9: 134.29 | AA9: 0 | AB9: 0 | AC9: 117.89 | AD9: 117.89 | AE9: -3.06 | AF9: 0 | AG9: 0 | AH9: 0 | AI9: 0 | AJ9: 947.63 | AK9: 0 | AL9: 0 | AM9: 0 | AN9: 285.38 | AO9: 0 | AP9: 0 | AQ9: 0 | AR9: 2023-06-11
A10: 2025-03-31 | B10: 31 | C10: 0031 | D10: 95552230011 | E10: 000000000000000 | F10: AI0820 | G10: AN01010201 | H10: 2968.04 | I10: 2968.04 | J10: 3012.9 | K10: 3012.9 | L10: 0 | M10: 0 | N10: 74.29 | O10: 74.29 | P10: 0 | Q10: 0 | R10: 0 | S10: 0 | T10: 0 | U10: 0 | V10: 2937.22 | W10: 0 | X10: 2937.22 | Y10: 34.76 | Z10: 34.76 | AA10: 0 | AB10: 0 | AC10: 20.69 | AD10: 20.69 | AE10: 18.91 | AF10: 0 | AG10: 0 | AH10: 0 | AI10: 0 | AJ10: 0 | AK10: 0 | AL10: 0 | AM10: 0 | AN10: 0 | AO10: 0 | AP10: 0 | AQ10: 0 | AR10: 2019-10-16
A11: 2025-03-31 | B11: 31 | C11: 0003 | D11: 11441135096 | E11: 000000000000000 | F11: AI0301 | G11: AN01010201 | H11: 0 | I11: 0 | J11: 0 | K11: 0 | L11: 0 | M11: 0 | N11: 0 | O11: 0 | P11: 0 | Q11: 0 | R11: 0 | S11: 0 | T11: 0 | U11: 0 | V11: 26274.61 | W11: 0 | X11: 26274.61 | Y11: 291.71 | Z11: 291.71 | AA11: 0 | AB11: 0 | AC11: 216.9 | AD11: 216.9 | AE11: 0 | AF11: 0 | AG11: 0 | AH11: 0 | AI11: 0 | AJ11: 640.01 | AK11: 0 | AL11: 0 | AM11: 0 | AN11: 324.18 | AO11: 0 | AP11: 0 | AQ11: 0 | AR11: 2018-01-05
A12: 2025-03-31 | B12: 31 | C12: 0000 | D12: 00000247547 | E12: 000450000735784 | F12: AD0104 | G12: AN01020410 | H12: 28846.8 | I12: 28846.8 | J12: 28387.23 | K12: 28387.23 | L12: 0 | M12: 0 | N12: 0 | O12: 0 | P12: 0 | Q12: 0 | R12: 0 | S12: 0 | T12: 0 | U12: 0 | V12: 29657.11 | W12: 0 | X12: 29657.11 | Y12: 270.67 | Z12: 270.67 | AA12: 0 | AB12: 0 | AC12: 168.1 | AD12: 168.1 | AE12: -1.51 | AF12: 0 | AG12: 0 | AH12: 0 | AI12: 0 | AJ12: 8.25 | AK12: 0 | AL12: 0 | AM12: 0 | AN12: 0 | AO12: 0 | AP12: 0 | AQ12: 0 | AR12: 2024-01-15

Sheet MIS_FEV25
A1: ref_date | B1: cempcta | C1: ckbalcao | D1: cknumcta | E1: zdeposit | F1: ckmetamis | G1: ckarea | H1: c001_patrm | I1: c001_extrap | J1: c007_patrm | K1: c007_extrap | L1: c008_patrm | M1: c008_extrap | N1: c011_patrm | O1: c011_extrap | P1: c134_patrm | Q1: c134_extrap_ca | R1: c134_extrap_lc | S1: c224_patrm | T1: c224_extrap_ca | U1: c224_extrap_lc | V1: c295_patrm | W1: c295_extrap_ca | X1: c295_extrap_lc | Y1: c298_patrm | Z1: c298_extrap | AA1: c299_patrm | AB1: c299_extrap | AC1: c300_patrm | AD1: c300_extrap | AE1: m009_patrm | AF1: m009_extrap_ca | AG1: m009_serv_fact | AH1: ac310_patrm | AI1: ac310_extrap | AJ1: c457_patrm | AK1: c457_extrap | AL1: c458_patrm | AM1: c458_extrap | AN1: c459_patrm | AO1: c459_extrap | AP1: c460_patrm | AQ1: c460_extrap | AR1: dinioper_aux
A2: 2025-02-28 | B2: 31 | C2: 0000 | D2: 00000247530 | E2: 000450000611801 | F2: AD0104 | G2: AN01020410 | H2: 13558.67 | I2: 13558.67 | J2: 13385.85 | K2: 13385.85 | L2: 0 | M2: 0 | N2: 0 | O2: 0 | P2: 0 | Q2: 0 | R2: 0 | S2: 0 | T2: 0 | U2: 0 | V2: 13695.42 | W2: 0 | X2: 13695.42 | Y2: 85.67 | Z2: 85.67 | AA2: 0 | AB2: 0 | AC2: 47.94 | AD2: 47.94 | AE2: -0.52 | AF2: 0 | AG2: 0 | AH2: 0 | AI2: 0 | AJ2: 11 | AK2: 0 | AL2: 0 | AM2: 0 | AN2: 0 | AO2: 0 | AP2: 0 | AQ2: 0 | AR2: 2023-12-15
A3: 2025-02-28 | B3: 31 | C3: 0031 | D3: 95552230011 | E3: 000000000000000 | F3: AI0820 | G3: AN01010201 | H3: 2933.18 | I3: 2933.18 | J3: 2999.62 | K3: 2999.62 | L3: 0 | M3: 0 | N3: 71.82 | O3: 71.82 | P3: 0.38 | Q3: 0 | R3: 0.38 | S3: 0 | T3: 0 | U3: 0 | V3: 2921.02 | W3: 0 | X3: 2921.02 | Y3: 22.8 | Z3: 22.8 | AA3: 0 | AB3: 0 | AC3: 14.01 | AD3: 14.01 | AE3: -0.04 | AF3: 0 | AG3: 0 | AH3: 0 | AI3: 0 | AJ3: 0 | AK3: 0 | AL3: 0 | AM3: 0 | AN3: 0 | AO3: 0 | AP3: 0 | AQ3: 0 | AR3: 2019-10-16
A4: 2025-02-28 | B4: 31 | C4: 0000 | D4: 00000247524 | E4: 000450000763856 | F4: AD0104 | G4: AN01020410 | H4: 23384.17 | I4: 23384.17 | J4: 22993.4 | K4: 22993.4 | L4: 0 | M4: 0 | N4: 0 | O4: 0 | P4: 0 | Q4: 0 | R4: 0 | S4: 726.1 | T4: 0 | U4: 726.1 | V4: 23655.17 | W4: 0 | X4: 23655.17 | Y4: 128.26 | Z4: 128.26 | AA4: 0 | AB4: 0 | AC4: 82.81 | AD4: 82.81 | AE4: -152.95 | AF4: 0 | AG4: 0 | AH4: 0 | AI4: 0 | AJ4: 35.17 | AK4: 0 | AL4: 0 | AM4: 0 | AN4: 0 | AO4: 0 | AP4: 0 | AQ4: 0 | AR4: 2023-12-15
A5: 2025-02-28 | B5: 31 | C5: 0000 | D5: 00000247547 | E5: 000450000735784 | F5: AD0104 | G5: AN01020410 | H5: 29686.08 | I5: 29686.08 | J5: 29178.72 | K5: 29178.72 | L5: 0 | M5: 0 | N5: 0 | O5: 0 | P5: 0 | Q5: 0 | R5: 0 | S5: 0 | T5: 0 | U5: 0 | V5: 30082.86 | W5: 0 | X5: 30082.86 | Y5: 188.03 | Z5: 188.03 | AA5: 0 | AB5: 0 | AC5: 116.73 | AD5: 116.73 | AE5: -1.52 | AF5: 0 | AG5: 0 | AH5: 0 | AI5: 0 | AJ5: 5.5 | AK5: 0 | AL5: 0 | AM5: 0 | AN5: 0 | AO5: 0 | AP5: 0 | AQ5: 0 | AR5: 2024-01-15
A6: 2025-02-28 | B6: 31 | C6: 0000 | D6: 00000247494 | E6: 000420000767284 | F6: AD0105 | G6: AN01020410 | H6: 0.05 | I6: 0.05 | J6: 0.05 | K6: 0.05 | L6: 0 | M6: 0 | N6: 0 | O6: 0 | P6: 0 | Q6: 0 | R6: 0 | S6: 4650.2 | T6: 0 | U6: 4650.2 | V6: 0.05 | W6: 0 | X6: 0.05 | Y6: 0 | Z6: 0 | AA6: 0 | AB6: 0 | AC6: 0 | AD6: 0 | AE6: 91.55 | AF6: 0 | AG6: 0 | AH6: 0 | AI6: 0 | AJ6: 0 | AK6: 0 | AL6: 0 | AM6: 0 | AN6: 0 | AO6: 0 | AP6: 0 | AQ6: 0 | AR6: 2024-01-01
A7: 2025-02-28 | B7: 31 | C7: 0051 | D7: 25692970011 | E7: 000000000000000 | F7: AI0820 | G7: AN01010500 | H7: 591.78 | I7: 591.78 | J7: 587.12 | K7: 587.12 | L7: 429.27 | M7: 429.27 | N7: 0 | O7: 0 | P7: 4412.88 | Q7: 0 | R7: 4412.88 | S7: 0 | T7: 0 | U7: 0 | V7: 384.66 | W7: 0 | X7: 384.66 | Y7: 0.53 | Z7: 0.53 | AA7: 0 | AB7: 0 | AC7: 1.82 | AD7: 1.82 | AE7: -25.45 | AF7: 0 | AG7: 0 | AH7: 0 | AI7: 0 | AJ7: 0 | AK7: 0 | AL7: 0 | AM7: 0 | AN7: 0 | AO7: 0 | AP7: 0 | AQ7: 0 | AR7: 2023-01-25
A8: 2025-02-28 | B8: 31 | C8: 0000 | D8: 00000247479 | E8: 000450000764712 | F8: AD0104 | G8: AN01020410 | H8: 17378.68 | I8: 17378.68 | J8: 17331.22 | K8: 17331.22 | L8: 0 | M8: 0 | N8: 0 | O8: 0 | P8: 0 | Q8: 0 | R8: 0 | S8: 0 | T8: 0 | U8: 0 | V8: 17555.65 | W8: 0 | X8: 17555.65 | Y8: 144.97 | Z8: 144.97 | AA8: 0 | AB8: 0 | AC8: 74.68 | AD8: 74.68 | AE8: -27.86 | AF8: 0 | AG8: 0 | AH8: 0 | AI8: 0 | AJ8: 11 | AK8: 0 | AL8: 0 | AM8: 0 | AN8: 0 | AO8: 0 | AP8: 0 | AQ8: 0 | AR8: 2024-01-01
A9: 2025-02-28 | B9: 31 | C9: 0000 | D9: 20100005442 | E9: V0050C33343I125 | F9: SO0711 | G9: AN01040220 | H9: 0 | I9: 0 | J9: 0 | K9: 0 | L9: 0 | M9: 0 | N9: 0 | O9: 0 | P9: 0 | Q9: 0 | R9: 0 | S9: 0 | T9: 0 | U9: 0 | V9: 0 | W9: 0 | X9: 0 | Y9: 0 | Z9: 0 | AA9: 0 | AB9: 0 | AC9: 0 | AD9: 0 | AE9: 0 | AF9: 0 | AG9: 0 | AH9: 0 | AI9: 0 | AJ9: 0 | AK9: 0 | AL9: 0 | AM9: 0 | AN9: 0 | AO9: 0 | AP9: 0 | AQ9: 0 | AR9: 2017-01-26
A10: 2025-02-28 | B10: 31 | C10: 0051 | D10: 25863220011 | E10: 000000000000000 | F10: AI0820 | G10: AN01010201 | H10: 2099.38 | I10: 2099.38 | J10: 627.12 | K10: 627.12 | L10: 0 | M10: 0 | N10: 0 | O10: 0 | P10: 3372.88 | Q10: 0 | R10: 3372.88 | S10: 0 | T10: 0 | U10: 0 | V10: 2664.47 | W10: 0 | X10: 2664.47 | Y10: 38.6 | Z10: 38.6 | AA10: 0 | AB10: 0 | AC10: 13.02 | AD10: 13.02 | AE10: -3.45 | AF10: 0 | AG10: 0 | AH10: 0 | AI10: 0 | AJ10: 0 | AK10: 0 | AL10: 0 | AM10: 0 | AN10: 0 | AO10: 0 | AP10: 0 | AQ10: 0 | AR10: 2023-02-09
A11: 2025-02-28 | B11: 31 | C11: 0003 | D11: 11441135096 | E11: 000000000000000 | F11: AI0301 | G11: AN01010201 | H11: 20590.03 | I11: 20590.03 | J11: 0 | K11: 0 | L11: 0 | M11: 0 | N11: 0 | O11: 0 | P11: 0 | Q11: 0 | R11: 0 | S11: 0 | T11: 0 | U11: 0 | V11: 40079.91 | W11: 0 | X11: 40079.91 | Y11: 291.71 | Z11: 291.71 | AA11: 0 | AB11: 0 | AC11: 216.9 | AD11: 216.9 | AE11: -101.21 | AF11: 0 | AG11: 0 | AH11: 0 | AI11: 0 | AJ11: 640.01 | AK11: 0 | AL11: 0 | AM11: 0 | AN11: 324.18 | AO11: 0 | AP11: 0 | AQ11: 0 | AR11: 2018-01-05
A12: 2025-02-28 | B12: 31 | C12: 0003 | D12: 14940851096 | E12: 000000000000000 | F12: AI0301 | G12: AN01010201 | H12: 14809.76 | I12: 14809.76 | J12: 14808.65 | K12: 14808.65 | L12: 0 | M12: 0 | N12: 0 | O12: 0 | P12: 0 | Q12: 0 | R12: 0 | S12: 0 | T12: 0 | U12: 0 | V12: 14817.62 | W12: 0 | X12: 14817.62 | Y12: 92.66 | Z12: 92.66 | AA12: 0 | AB12: 0 | AC12: 80.92 | AD12: 80.92 | AE12: 0 | AF12: 0 | AG12: 0 | AH12: 0 | AI12: 0 | AJ12: 8.53 | AK12: 0 | AL12: 0 | AM12: 0 | AN12: 1.25 | AO12: 0 | AP12: 0 | AQ12: 0 | AR12: 2023-06-11

Sheet MIS_JAN25
A1: ref_date | B1: cempcta | C1: ckbalcao | D1: cknumcta | E1: zdeposit | F1: ckmetamis | G1: ckarea | H1: c001_patrm | I1: c001_extrap | J1: c007_patrm | K1: c007_extrap | L1: c008_patrm | M1: c008_extrap | N1: c011_patrm | O1: c011_extrap | P1: c134_patrm | Q1: c134_extrap_ca | R1: c134_extrap_lc | S1: c224_patrm | T1: c224_extrap_ca | U1: c224_extrap_lc | V1: c295_patrm | W1: c295_extrap_ca | X1: c295_extrap_lc | Y1: c298_patrm | Z1: c298_extrap | AA1: c299_patrm | AB1: c299_extrap | AC1: c300_patrm | AD1: c300_extrap | AE1: m009_patrm | AF1: m009_extrap_ca | AG1: m009_serv_fact | AH1: ac310_patrm | AI1: ac310_extrap | AJ1: c457_patrm | AK1: c457_extrap | AL1: c458_patrm | AM1: c458_extrap | AN1: c459_patrm | AO1: c459_extrap | AP1: c460_patrm | AQ1: c460_extrap | AR1: dinioper_aux
A2: 2025-01-31 | B2: 31 | C2: 0000 | D2: 20100005442 | E2: V0050C33343I125 | F2: SO0711 | G2: AN01040220 | H2: 0 | I2: 0 | J2: 0 | K2: 0 | L2: 0 | M2: 0 | N2: 0 | O2: 0 | P2: 0 | Q2: 0 | R2: 0 | S2: 0 | T2: 0 | U2: 0 | V2: 0 | W2: 0 | X2: 0 | Y2: 0 | Z2: 0 | AA2: 0 | AB2: 0 | AC2: 0 | AD2: 0 | AE2: 0 | AF2: 0 | AG2: 0 | AH2: 0 | AI2: 0 | AJ2: 0 | AK2: 0 | AL2: 0 | AM2: 0 | AN2: 0 | AO2: 0 | AP2: 0 | AQ2: 0 | AR2: 2017-01-26
A3: 2025-01-31 | B3: 31 | C3: 0000 | D3: 00000247479 | E3: 000450000764712 | F3: AD0104 | G3: AN01020410 | H3: 17715.5 | I3: 17715.5 | J3: 17663.48 | K3: 17663.48 | L3: 0 | M3: 0 | N3: 0 | O3: 0 | P3: 0 | Q3: 0 | R3: 0 | S3: 0 | T3: 0 | U3: 0 | V3: 17715.5 | W3: 0 | X3: 17715.5 | Y3: 73.5 | Z3: 73.5 | AA3: 0 | AB3: 0 | AC3: 39.97 | AD3: 39.97 | AE3: -13.57 | AF3: 0 | AG3: 0 | AH3: 0 | AI3: 0 | AJ3: 5.5 | AK3: 0 | AL3: 0 | AM3: 0 | AN3: 0 | AO3: 0 | AP3: 0 | AQ3: 0 | AR3: 2024-01-01
A4: 2025-01-31 | B4: 31 | C4: 0051 | D4: 25863220011 | E4: 000000000000000 | F4: AI0820 | G4: AN01010201 | H4: 3174.87 | I4: 3174.87 | J4: 3243.95 | K4: 3243.95 | L4: 0 | M4: 0 | N4: 0 | O4: 0 | P4: 756.05 | Q4: 0 | R4: 756.05 | S4: 0 | T4: 0 | U4: 0 | V4: 3174.87 | W4: 0 | X4: 3174.87 | Y4: 19.69 | Z4: 19.69 | AA4: 0 | AB4: 0 | AC4: 8.34 | AD4: 8.34 | AE4: -0.39 | AF4: 0 | AG4: 0 | AH4: 0 | AI4: 0 | AJ4: 0 | AK4: 0 | AL4: 0 | AM4: 0 | AN4: 0 | AO4: 0 | AP4: 0 | AQ4: 0 | AR4: 2023-02-09
A5: 2025-01-31 | B5: 31 | C5: 0000 | D5: 00000247547 | E5: 000450000735784 | F5: AD0104 | G5: AN01020410 | H5: 30441.25 | I5: 30441.25 | J5: 29967.95 | K5: 29967.95 | L5: 0 | M5: 0 | N5: 0 | O5: 0 | P5: 0 | Q5: 0 | R5: 0 | S5: 0 | T5: 0 | U5: 0 | V5: 30441.25 | W5: 0 | X5: 30441.25 | Y5: 103.13 | Z5: 103.13 | AA5: 0 | AB5: 0 | AC5: 68.98 | AD5: 68.98 | AE5: -1.16 | AF5: 0 | AG5: 0 | AH5: 0 | AI5: 0 | AJ5: 2.75 | AK5: 0 | AL5: 0 | AM5: 0 | AN5: 0 | AO5: 0 | AP5: 0 | AQ5: 0 | AR5: 2024-01-15
A6: 2025-01-31 | B6: 31 | C6: 0000 | D6: 00000247494 | E6: 000420000767284 | F6: AD0105 | G6: AN01020410 | H6: 0.05 | I6: 0.05 | J6: 0.05 | K6: 0.05 | L6: 0 | M6: 0 | N6: 0 | O6: 0 | P6: 0 | Q6: 0 | R6: 0 | S6: 4650.2 | T6: 0 | U6: 4650.2 | V6: 0.05 | W6: 0 | X6: 0.05 | Y6: 0 | Z6: 0 | AA6: 0 | AB6: 0 | AC6: 0 | AD6: 0 | AE6: 91.54 | AF6: 0 | AG6: 0 | AH6: 0 | AI6: 0 | AJ6: 0 | AK6: 0 | AL6: 0 | AM6: 0 | AN6: 0 | AO6: 0 | AP6: 0 | AQ6: 0 | AR6: 2024-01-01
A7: 2025-01-31 | B7: 31 | C7: 0003 | D7: 11441135096 | E7: 000000000000000 | F7: AI0301 | G7: AN01010500 | H7: 57683.67 | I7: 57683.67 | J7: 57682.46 | K7: 57682.46 | L7: 0 | M7: 0 | N7: 0 | O7: 0 | P7: 0 | Q7: 0 | R7: 0 | S7: 0 | T7: 0 | U7: 0 | V7: 57683.67 | W7: 0 | X7: 57683.67 | Y7: 218.82 | Z7: 218.82 | AA7: 0 | AB7: 0 | AC7: 164.02 | AD7: 164.02 | AE7: -0.07 | AF7: 0 | AG7: 0 | AH7: 0 | AI7: 0 | AJ7: 2.53 | AK7: 0 | AL7: 0 | AM7: 0 | AN7: 0.65 | AO7: 0 | AP7: 0 | AQ7: 0 | AR7: 2018-01-05
A8: 2025-01-31 | B8: 31 | C8: 0000 | D8: 00000247530 | E8: 000450000611801 | F8: AD0104 | G8: AN01020410 | H8: 13818.94 | I8: 13818.94 | J8: 13654.69 | K8: 13654.69 | L8: 0 | M8: 0 | N8: 0 | O8: 0 | P8: 0 | Q8: 0 | R8: 0 | S8: 0 | T8: 0 | U8: 0 | V8: 13818.94 | W8: 0 | X8: 13818.94 | Y8: 43.27 | Z8: 43.27 | AA8: 0 | AB8: 0 | AC8: 25.42 | AD8: 25.42 | AE8: -0.51 | AF8: 0 | AG8: 0 | AH8: 0 | AI8: 0 | AJ8: 5.5 | AK8: 0 | AL8: 0 | AM8: 0 | AN8: 0 | AO8: 0 | AP8: 0 | AQ8: 0 | AR8: 2023-12-15
A9: 2025-01-31 | B9: 31 | C9: 0031 | D9: 95552230011 | E9: 000000000000000 | F9: AI0820 | G9: AN01010201 | H9: 2910.04 | I9: 2910.04 | J9: 2988.73 | K9: 2988.73 | L9: 0 | M9: 0 | N9: 76.13 | O9: 76.13 | P9: 11.27 | Q9: 0 | R9: 11.27 | S9: 0 | T9: 0 | U9: 0 | V9: 2910.04 | W9: 0 | X9: 2910.04 | Y9: 11.24 | Z9: 11.24 | AA9: 0 | AB9: 0 | AC9: 7.58 | AD9: 7.58 | AE9: 14.38 | AF9: 0 | AG9: 0 | AH9: 0 | AI9: 0 | AJ9: 0 | AK9: 0 | AL9: 0 | AM9: 0 | AN9: 0 | AO9: 0 | AP9: 0 | AQ9: 0 | AR9: 2019-10-16
A10: 2025-01-31 | B10: 31 | C10: 0003 | D10: 14940851096 | E10: 000000000000000 | F10: AI0301 | G10: AN01010201 | H10: 14824.73 | I10: 14824.73 | J10: 14824.23 | K10: 14824.23 | L10: 0 | M10: 0 | N10: 0 | O10: 0 | P10: 0 | Q10: 0 | R10: 0 | S10: 0 | T10: 0 | U10: 0 | V10: 14824.73 | W10: 0 | X10: 14824.73 | Y10: 46.36 | Z10: 46.36 | AA10: 0 | AB10: 0 | AC10: 42.54 | AD10: 42.54 | AE10: -0.01 | AF10: 0 | AG10: 0 | AH10: 0 | AI10: 0 | AJ10: 4.27 | AK10: 0 | AL10: 0 | AM10: 0 | AN10: 0.66 | AO10: 0 | AP10: 0 | AQ10: 0 | AR10: 2023-06-11
A11: 2025-01-31 | B11: 31 | C11: 0051 | D11: 25692970011 | E11: 000000000000000 | F11: AI0820 | G11: AN01010500 | H11: 197.6 | I11: 197.6 | J11: 616.5 | K11: 616.5 | L11: 0 | M11: 0 | N11: 442.66 | O11: 442.66 | P11: 4383.5 | Q11: 0 | R11: 4383.5 | S11: 0 | T11: 0 | U11: 0 | V11: 197.6 | W11: 0 | X11: 197.6 | Y11: 0.18 | Z11: 0.18 | AA11: 0 | AB11: 0 | AC11: 0.52 | AD11: 0.52 | AE11: -6.51 | AF11: 0 | AG11: 0 | AH11: 0 | AI11: 0 | AJ11: 0 | AK11: 0 | AL11: 0 | AM11: 0 | AN11: 0 | AO11: 0 | AP11: 0 | AQ11: 0 | AR11: 2023-01-25
A12: 2025-01-31 | B12: 31 | C12: 0000 | D12: 00000247524 | E12: 000450000763856 | F12: AD0104 | G12: AN01020410 | H12: 23899.93 | I12: 23899.93 | J12: 23514.45 | K12: 23514.45 | L12: 0 | M12: 0 | N12: 0 | O12: 0 | P12: 0 | Q12: 0 | R12: 0 | S12: 719.3 | T12: 0 | U12: 719.3 | V12: 23899.93 | W12: 0 | X12: 23899.93 | Y12: 64.88 | Z12: 64.88 | AA12: 0 | AB12: 0 | AC12: 43.96 | AD12: 43.96 | AE12: 5571.6 | AF12: 0 | AG12: 0 | AH12: 0 | AI12: 0 | AJ12: 29.67 | AK12: 0 | AL12: 0 | AM12: 0 | AN12: 0 | AO12: 0 | AP12: 0 | AQ12: 0 | AR12: 2023-12-15

Sheet MIS_DEZ24
A1: ref_date | B1: cempcta | C1: ckbalcao | D1: cknumcta | E1: zdeposit | F1: ckmetamis | G1: ckarea | H1: c001_patrm | I1: c001_extrap | J1: c007_patrm | K1: c007_extrap | L1: c008_patrm | M1: c008_extrap | N1: c011_patrm | O1: c011_extrap | P1: c134_patrm | Q1: c134_extrap_ca | R1: c134_extrap_lc | S1: c224_patrm | T1: c224_extrap_ca | U1: c224_extrap_lc | V1: c295_patrm | W1: c295_extrap_ca | X1: c295_extrap_lc | Y1: c298_patrm | Z1: c298_extrap | AA1: c299_patrm | AB1: c299_extrap | AC1: c300_patrm | AD1: c300_extrap | AE1: m009_patrm | AF1: m009_extrap_ca | AG1: m009_serv_fact | AH1: ac310_patrm | AI1: ac310_extrap | AJ1: c457_patrm | AK1: c457_extrap | AL1: c458_patrm | AM1: c458_extrap | AN1: c459_patrm | AO1: c459_extrap | AP1: c460_patrm | AQ1: c460_extrap | AR1: dinioper_aux
A2: 2024-12-31 | B2: 31 | C2: 0000 | D2: 00000247547 | E2: 000450000735784 | F2: AD0104 | G2: AN01020410 | H2: 31186.84 | I2: 31186.84 | J2: 30740.19 | K2: 30740.19 | L2: 0 | M2: 0 | N2: 0 | O2: 0 | P2: 0 | Q2: 0 | R2: 0 | S2: 0 | T2: 0 | U2: 0 | V2: 33827.47 | W2: 0 | X2: 33827.47 | Y2: 1582.42 | Z2: 1582.42 | AA2: 0 | AB2: 0 | AC2: 1136.29 | AD2: 1136.29 | AE2: -1539.47 | AF2: 0 | AG2: 0 | AH2: 0 | AI2: 0 | AJ2: 155.5 | AK2: 0 | AL2: 0 | AM2: 0 | AN2: 0 | AO2: 0 | AP2: 0 | AQ2: 0 | AR2: 2024-01-15
A3: 2024-12-31 | B3: 31 | C3: 0000 | D3: 00000247524 | E3: 000450000763856 | F3: AD0104 | G3: AN01020410 | H3: 24442.53 | I3: 24442.53 | J3: 24034.03 | K3: 24034.03 | L3: 0 | M3: 0 | N3: 0 | O3: 0 | P3: 0 | Q3: 0 | R3: 0 | S3: 0 | T3: 0 | U3: 0 | V3: 27110.8 | W3: 0 | X3: 27110.8 | Y3: 1278.92 | Z3: 1278.92 | AA3: 0 | AB3: 0 | AC3: 990.18 | AD3: 990.18 | AE3: -26.65 | AF3: 0 | AG3: 0 | AH3: 0 | AI3: 0 | AJ3: 90.17 | AK3: 0 | AL3: 0 | AM3: 0 | AN3: 0 | AO3: 0 | AP3: 0 | AQ3: 0 | AR3: 2023-12-15
A4: 2024-12-31 | B4: 31 | C4: 0051 | D4: 25863220011 | E4: 000000000000000 | F4: AI0820 | G4: AN01010201 | H4: 3310.19 | I4: 3310.19 | J4: 3294.45 | K4: 3294.45 | L4: 0 | M4: 0 | N4: 0 | O4: 0 | P4: 705.55 | Q4: 0 | R4: 705.55 | S4: 0 | T4: 0 | U4: 0 | V4: 2617.12 | W4: 0 | X4: 2617.12 | Y4: 149.45 | Z4: 149.45 | AA4: 0 | AB4: 0 | AC4: 98 | AD4: 98 | AE4: -1.13 | AF4: 0 | AG4: 0 | AH4: 0 | AI4: 0 | AJ4: 0 | AK4: 0 | AL4: 0 | AM4: 0 | AN4: 0 | AO4: 0 | AP4: 0 | AQ4: 0 | AR4: 2023-02-09
A5: 2024-12-31 | B5: 31 | C5: 0003 | D5: 14940851096 | E5: 000000000000000 | F5: AI0301 | G5: AN01010500 | H5: 14840.25 | I5: 14840.25 | J5: 14839.76 | K5: 14839.76 | L5: 0 | M5: 0 | N5: 0 | O5: 0 | P5: 0 | Q5: 0 | R5: 0 | S5: 0 | T5: 0 | U5: 0 | V5: 14911.34 | W5: 0 | X5: 14911.34 | Y5: 677.73 | Z5: 677.73 | AA5: 0 | AB5: 0 | AC5: 626.45 | AD5: 626.45 | AE5: 0 | AF5: 0 | AG5: 0 | AH5: 0 | AI5: 0 | AJ5: 51.97 | AK5: 0 | AL5: 0 | AM5: 0 | AN5: 3810.85 | AO5: 0 | AP5: 3786.23 | AQ5: 0 | AR5: 2023-06-11
A6: 2024-12-31 | B6: 31 | C6: 0031 | D6: 95552230011 | E6: 000000000000000 | F6: AI0820 | G6: AN01010201 | H6: 2890.08 | I6: 2890.08 | J6: 2973.46 | K6: 2973.46 | L6: 0 | M6: 0 | N6: 55.3 | O6: 55.3 | P6: 26.54 | Q6: 0 | R6: 26.54 | S6: 0 | T6: 0 | U6: 0 | V6: 1632.19 | W6: 0 | X6: 1632.19 | Y6: 42.1 | Z6: 42.1 | AA6: 0 | AB6: 0 | AC6: 59.64 | AD6: 59.64 | AE6: -0.34 | AF6: 0 | AG6: 0 | AH6: 0 | AI6: 0 | AJ6: 0 | AK6: 0 | AL6: 0 | AM6: 0 | AN6: 0 | AO6: 0 | AP6: 0 | AQ6: 0 | AR6: 2019-10-16
A7: 2024-12-31 | B7: 31 | C7: 0000 | D7: 20100005442 | E7: V0050C33343I125 | F7: SO0711 | G7: AN01040220 | H7: 0 | I7: 0 | J7: 0 | K7: 0 | L7: 0 | M7: 0 | N7: 0 | O7: 0 | P7: 0 | Q7: 0 | R7: 0 | S7: 0 | T7: 0 | U7: 0 | V7: 0 | W7: 0 | X7: 0 | Y7: 0 | Z7: 0 | AA7: 0 | AB7: 0 | AC7: 0 | AD7: 0 | AE7: 0 | AF7: 0 | AG7: 0 | AH7: 0 | AI7: 0 | AJ7: 0 | AK7: 0 | AL7: 0 | AM7: 0 | AN7: 0 | AO7: 0 | AP7: 0 | AQ7: 0 | AR7: 2017-01-26
A8: 2024-12-31 | B8: 31 | C8: 0051 | D8: 25692970011 | E8: 000000000000000 | F8: AI0820 | G8: AN01010500 | H8: 251.9 | I8: 251.9 | J8: 230.57 | K8: 230.57 | L8: 0 | M8: 0 | N8: 0 | O8: 0 | P8: 4769.43 | Q8: 0 | R8: 4769.43 | S8: 0 | T8: 0 | U8: 0 | V8: 1061.64 | W8: 0 | X8: 1061.64 | Y8: 16.71 | Z8: 16.71 | AA8: 0 | AB8: 0 | AC8: 42.08 | AD8: 42.08 | AE8: 7.77 | AF8: 0 | AG8: 0 | AH8: 0 | AI8: 0 | AJ8: 0 | AK8: 0 | AL8: 0 | AM8: 0 | AN8: 0 | AO8: 0 | AP8: 0 | AQ8: 0 | AR8: 2023-01-25
A9: 2024-12-31 | B9: 31 | C9: 0003 | D9: 11441135096 | E9: 000000000000000 | F9: AI0301 | G9: AN01010500 | H9: 57721.47 | I9: 57721.47 | J9: 57720.26 | K9: 57720.26 | L9: 0 | M9: 0 | N9: 0 | O9: 0 | P9: 0 | Q9: 0 | R9: 0 | S9: 0 | T9: 0 | U9: 0 | V9: 57888.14 | W9: 0 | X9: 57888.14 | Y9: 3093.9 | Z9: 3093.9 | AA9: 0 | AB9: 0 | AC9: 2414.1 | AD9: 2414.1 | AE9: -0.07 | AF9: 0 | AG9: 0 | AH9: 0 | AI9: 0 | AJ9: 30.67 | AK9: 0 | AL9: 0 | AM9: 0 | AN9: 4344.11 | AO9: 0 | AP9: 4290.29 | AQ9: 0 | AR9: 2018-01-05
A10: 2024-12-31 | B10: 31 | C10: 0000 | D10: 00000247530 | E10: 000450000611801 | F10: AD0104 | G10: AN01020410 | H10: 14073.08 | I10: 14073.08 | J10: 13922.69 | K10: 13922.69 | L10: 0 | M10: 0 | N10: 0 | O10: 0 | P10: 0 | Q10: 0 | R10: 0 | S10: 0 | T10: 0 | U10: 0 | V10: 15474.51 | W10: 0 | X10: 15474.51 | Y10: 807.3 | Z10: 807.3 | AA10: 0 | AB10: 0 | AC10: 565.14 | AD10: 565.14 | AE10: -0.32 | AF10: 0 | AG10: 0 | AH10: 0 | AI10: 0 | AJ10: 66 | AK10: 0 | AL10: 0 | AM10: 0 | AN10: 0 | AO10: 0 | AP10: 0 | AQ10: 0 | AR10: 2023-12-15
A11: 2024-12-31 | B11: 31 | C11: 0000 | D11: 00000247479 | E11: 000450000764712 | F11: AD0104 | G11: AN01020410 | H11: 18017.07 | I11: 18017.07 | J11: 17986.02 | K11: 17986.02 | L11: 0 | M11: 0 | N11: 0 | O11: 0 | P11: 0 | Q11: 0 | R11: 0 | S11: 0 | T11: 0 | U11: 0 | V11: 19795.68 | W11: 0 | X11: 19795.68 | Y11: 1223.52 | Z11: 1223.52 | AA11: 0 | AB11: 0 | AC11: 835.62 | AD11: 835.62 | AE11: -28 | AF11: 0 | AG11: 0 | AH11: 0 | AI11: 0 | AJ11: 227.5 | AK11: 0 | AL11: 0 | AM11: 0 | AN11: 0 | AO11: 0 | AP11: 0 | AQ11: 0 | AR11: 2024-01-01
A12: 2024-12-31 | B12: 31 | C12: 0000 | D12: 00000247494 | E12: 000420000767284 | F12: AD0105 | G12: AN01020410 | H12: 0.05 | I12: 0.05 | J12: 0.05 | K12: 0.05 | L12: 0 | M12: 0 | N12: 0 | O12: 0 | P12: 0 | Q12: 0 | R12: 0 | S12: 4650.2 | T12: 0 | U12: 4650.2 | V12: 33839.2 | W12: 0 | X12: 33839.2 | Y12: 1925.49 | Z12: 1925.49 | AA12: 0 | AB12: 0 | AC12: 1428.42 | AD12: 1428.42 | AE12: 91.55 | AF12: 0 | AG12: 0 | AH12: 0 | AI12: 0 | AJ12: 271.12 | AK12: 0 | AL12: 10.68 | AM12: 0 | AN12: 0 | AO12: 0 | AP12: 0 | AQ12: 0 | AR12: 2024-01-01

Sheet Info LT001
A1: max_ref_date | B1: ref_date | C1: cempresa | D1: cbalcao | E1: cnumecta | F1: zdeposit | G1: chave finrep | H1: msaldo_final
A2: 2025-03-31 | B2: 2025-03-31 | C2: 31 | D2: 0031 | E2: 95552230011 | F2: 5250254P0070001 | G2: 310031955522300115250254P0070001 | H2: 306.31
A3: 2025-03-31 | B3: 2025-03-31 | C3: 31 | D3: 0051 | E3: 25863220011 | F3: 691094500000001 | G3: 31005125863220011691094500000001 | H3: 832.38
A4: 2025-03-31 | B4: 2025-03-31 | C4: 82 | D4: 0000 | E4: 20100005442 | F4: 001520250102628 | G4: 82000020100005442001520250102628 | H4: 144923.73
A5: 2025-03-31 | B5: 2025-03-31 | C5: 82 | D5: 0000 | E5: 20100005442 | F5: 001520250106449 | G5: 82000020100005442001520250106449 | H5: 2620.74
A6: 2025-03-31 | B6: 2025-03-31 | C6: 82 | D6: 0000 | E6: 00000247494 | F6: 000420000767284 | G6: 82000000000247494000420000767284 | H6: 4650.25
A7: 2025-03-31 | B7: 2025-03-31 | C7: 82 | D7: 0000 | E7: 20100005442 | F7: 001520240343049 | G7: 82000020100005442001520240343049 | H7: 70613.4
A8: 2025-03-31 | B8: 2025-03-31 | C8: 31 | D8: 0031 | E8: 95552230011 | F8: 525025400000001 | G8: 31003195552230011525025400000001 | H8: 2706.59
A9: 2025-03-31 | B9: 2025-03-31 | C9: 82 | D9: 0000 | E9: 00000247524 | F9: 000450000763856 | G9: 82000000000247524000450000763856 | H9: 23223.74
A10: 2025-03-31 | B10: 2025-03-31 | C10: 82 | D10: 0000 | E10: 00000247547 | F10: 000450000735784 | G10: 82000000000247547000450000735784 | H10: 28431.8
A11: 2025-03-31 | B11: 2025-03-31 | C11: 82 | D11: 0000 | E11: 20100005442 | F11: 001520250106547 | G11: 82000020100005442001520250106547 | H11: 3875.95
A12: 2025-03-31 | B12: 2025-03-31 | C12: 82 | D12: 0000 | E12: 20100005442 | F12: 001520250106549 | G12: 82000020100005442001520250106549 | H12: 152421.56
A13: 2025-03-31 | B13: 2025-03-31 | C13: 82 | D13: 0000 | E13: 20100005442 | F13: 001520250106450 | G13: 82000020100005442001520250106450 | H13: 2768.47
... A34: 2025-03-31 | B34: 2025-03-31 | C34: 82 | D34: 0000 | E34: 20100005442 | F34: 001520250106498 | G34: 82000020100005442001520250106498 | H34: 25860.64
