Workbook
Name asefadf: #REF!
Name bn: #REF!

Sheet Status Resumo
B7: Sumário Executivo | 27/jun a 03/jul
C15: 1 Inclui os campos classificados com o status "1. Concluído" e "4. Em Correção".
C16: 2 Inclui os campos classificados com o status "1. Concluído".
C18: Resumo das entregas da equipa de IT | I18: Highlights
D20: Entregas IT | G20: Campos em correção | I20: 1. Encontram-se 38 campos em correção do lado da equipa de IT assim como o universo da tabela lt002_instrument e lt007_instr_activity. 2. O foco da equipa de testes durante a última semana foi: • Continuação da validação dos campos da lt002_instrument classificados com o status "2. Em Teste" e "6. Por Iniciar". • Validação das correções efetuadas pela equipa de IT referentes às últimas entregas.
C21: Tabela | D21: Planeado | E21: Real | F21: ∆
C22: lt002_instrument | D22: =43+8 -> 51 | E22: =43+8 -> 51 | F22: =E22-D22 -> 0 | G22: =COUNTIFS('Aux Gráficos'!$D$3:$D$75,"4. Em Correção",'Aux Gráficos'!$B$3:$B$75,'Status Resumo'!C22,'Aux Gráficos'!$C$3:$C$75,"<>"&"UNIVERSO") -> 31
C23: lt004_protection | D23: 7 | E23: 7 | F23: =E23-D23 -> 0 | G23: =COUNTIFS('Aux Gráficos'!$D$3:$D$75,"4. Em Correção",'Aux Gráficos'!$B$3:$B$75,'Status Resumo'!C23,'Aux Gráficos'!$C$3:$C$75,"<>"&"UNIVERSO") -> 2
C24: lt006_instr_protection | D24: 5 | E24: 5 | F24: =E24-D24 -> 0 | G24: =COUNTIFS('Aux Gráficos'!$D$3:$D$75,"4. Em Correção",'Aux Gráficos'!$B$3:$B$75,'Status Resumo'!C24,'Aux Gráficos'!$C$3:$C$75,"<>"&"UNIVERSO") -> 1
C25: lt007_instr_activity | D25: 6 | E25: 6 | F25: =E25-D25 -> 0 | G25: =COUNTIFS('Aux Gráficos'!$D$3:$D$75,"4. Em Correção",'Aux Gráficos'!$B$3:$B$75,'Status Resumo'!C25,'Aux Gráficos'!$C$3:$C$75,"<>"&"UNIVERSO") -> 4
C26: Total | D26: =SUM(D22:D25) -> 69 | E26: =SUM(E22:E25) -> 69 | F26: =SUM(F22:F25) -> 0 | G26: =SUM(G22:G25) -> 38
C28: Tracking das incidências detetadas e correções efetuadas pela equipa de IT
C30: Tabela | D30: Tema | G30: Descritivo | Q30: Status Neyond | R30: Status IT
C31: lt002_instrument | D31: Universo | G31: Identificação de contratos exclusivos entre a simulação da equipa de testes e a execução de IT | Q31: Comunicado | R31: Em correção
C32: lt002_instrument | D32: Campos provenientes de rentabilidade | G32: Erro na forma como estava a ser aplicada a ponderação aos kpm para obtenção do valor em termos de chave FinRep (13 campos afetados) | Q32: Re-especificado | R32: Done
C33: lt002_instrument | D33: Campos "_CCRR" | G33: Preenchimento com os valores default para os campos com o sufixo '_CCRR' | Q33: Done | R33: Done
C34: lt002_instrument | D34: Flg_intrbsnss | G34: Preenchimento incorreto do campo. Encontra-se preenchido com 'N' e 'Miss'. Apenas o 'N' era admissível | Q34: Comunicado | R34: Em correção
C35: lt002_instrument | D35: Duplicação de linhas na tabela | G35: Preenchimento duplicado de grande parte do universo da tabela - Afeta 12 campos | Q35: Comunicado | R35: Em correção
C36: lt002_instrument | D36: Incorreta aplicação de defaults | G36: Preenchimento incorreto para as linhas onde se aplica o 'Default Value' e o 'Non Applicable Value' - Afeta 12 campos | Q36: Comunicado | R36: Em correção
C37: lt004_protection | D37: Flg_elctrc_vhcl | G37: O campo não foi entregue na data prevista | Q37: Comunicado | R37: Done
C38: lt004_protection | D38: Preenchimento de campos | G38: Preenchimento incorreto dos campos prtctn_vl e flg_elctrcl_vhcl. | Q38: Comunicado | R38: Em correção
C39: lt006_instr_protection | D39: Preenchimento de campos | G39: Preenchimento incorreto do campo typ_rltn. | Q39: Comunicado | R39: Em correção
C40: lt007_instr_activity | D40: Universo | G40: Diferenças detetadas entre o universo GD e o universo Pilar3. | Q40: Comunicado | R40: Em correção
C41: lt007_instr_activity | D41: Preenchimento de campos | G41: Diferenças detetadas entre o preenchimento dos campos para o âmbito GD e Pilar3. | Q41: Comunicado | R41: Em correção
C42: lt002_instrument | D42: Preenchimento de campos | G42: Diferenças detetadas entre a simulação da equipa de testes e a execução de IT para os campos typ_off_blnc_prdct, subportfolio_id, dflt_stts_instrmnt, typ_instrmnt, accntng_clssfctn, nw_bsnss, grss_intrst_incm, intrnl_trnsfr_rt. | Q42: Comunicado | R42: Em análise
B45: 1. LT002_INSTRUMENT
C48: Resumo | G48: Status (Campos) | I48: 45834 | J48: 45825 | K48: ∆ | M48: Highlights
G49: 1. Concluído | I49: =COUNTIFS('Detalhe Entregas e Status'!$V:$V,'Status Resumo'!G49,'Detalhe Entregas e Status'!$B:$B,"lt002_instrument",'Detalhe Entregas e Status'!$C:$C,"<>"&"UNIVERSO") -> 17 | J49: =COUNTIFS('Detalhe Entregas e Status'!$W:$W,'Status Resumo'!G49,'Detalhe Entregas e Status'!$B:$B,"lt002_instrument",'Detalhe Entregas e Status'!$C:$C,"<>"&"UNIVERSO") -> 17 | K49: =IF(I49-J49=0,"-",IF(I49-J49>0,_xlfn.CONCAT("+ ",I49-J49),_xlfn.CONCAT("- ",J49-I49))) -> - | M49: Dos 51 campos entregues por IT, encontram-se 31 em correção, 1 por iniciar a validação e 2 em re-teste. Salienta-se que, 4 dos campos que se encontram em correção foi devido a re-especificação, a qual foi enviada no dia 18/jun. Destes 4 campos, 2 são comuns com o âmbito Pilar 3.
G50: 2. Em Teste | I50: =COUNTIFS('Detalhe Entregas e Status'!$V:$V,'Status Resumo'!G50,'Detalhe Entregas e Status'!$B:$B,"lt002_instrument",'Detalhe Entregas e Status'!$C:$C,"<>"&"UNIVERSO") -> 1 | J50: =COUNTIFS('Detalhe Entregas e Status'!$W:$W,'Status Resumo'!G50,'Detalhe Entregas e Status'!$B:$B,"lt002_instrument",'Detalhe Entregas e Status'!$C:$C,"<>"&"UNIVERSO") -> 0 | K50: =IF(I50-J50=0,"-",IF(I50-J50>0,_xlfn.CONCAT("+ ",I50-J50),_xlfn.CONCAT("- ",J50-I50))) -> + 1
G51: 3. Em Re-especificação | I51: =COUNTIFS('Detalhe Entregas e Status'!$V:$V,'Status Resumo'!G51,'Detalhe Entregas e Status'!$B:$B,"lt002_instrument",'Detalhe Entregas e Status'!$C:$C,"<>"&"UNIVERSO") -> 0 | J51: =COUNTIFS('Detalhe Entregas e Status'!$W:$W,'Status Resumo'!G51,'Detalhe Entregas e Status'!$B:$B,"lt002_instrument",'Detalhe Entregas e Status'!$C:$C,"<>"&"UNIVERSO") -> 0 | K51: =IF(I51-J51=0,"-",IF(I51-J51>0,_xlfn.CONCAT("+ ",I51-J51),_xlfn.CONCAT("- ",J51-I51))) -> -
G52: 4. Em Correção | I52: =COUNTIFS('Detalhe Entregas e Status'!$V:$V,'Status Resumo'!G52,'Detalhe Entregas e Status'!$B:$B,"lt002_instrument",'Detalhe Entregas e Status'!$C:$C,"<>"&"UNIVERSO") -> 18 | J52: =COUNTIFS('Detalhe Entregas e Status'!$W:$W,'Status Resumo'!G52,'Detalhe Entregas e Status'!$B:$B,"lt002_instrument",'Detalhe Entregas e Status'!$C:$C,"<>"&"UNIVERSO") -> 31 | K52: =IF(I52-J52=0,"-",IF(I52-J52>0,_xlfn.CONCAT("+ ",I52-J52),_xlfn.CONCAT("- ",J52-I52))) -> - 13
G53: 5. Em Re-teste | I53: =COUNTIFS('Detalhe Entregas e Status'!$V:$V,'Status Resumo'!G53,'Detalhe Entregas e Status'!$B:$B,"lt002_instrument",'Detalhe Entregas e Status'!$C:$C,"<>"&"UNIVERSO") -> 15 | J53: =COUNTIFS('Detalhe Entregas e Status'!$W:$W,'Status Resumo'!G53,'Detalhe Entregas e Status'!$B:$B,"lt002_instrument",'Detalhe Entregas e Status'!$C:$C,"<>"&"UNIVERSO") -> 2 | K53: =IF(I53-J53=0,"-",IF(I53-J53>0,_xlfn.CONCAT("+ ",I53-J53),_xlfn.CONCAT("- ",J53-I53))) -> + 13
G54: 6. Por Iniciar | I54: =COUNTIFS('Detalhe Entregas e Status'!$V:$V,'Status Resumo'!G54,'Detalhe Entregas e Status'!$B:$B,"lt002_instrument",'Detalhe Entregas e Status'!$C:$C,"<>"&"UNIVERSO") -> 0 | J54: =COUNTIFS('Detalhe Entregas e Status'!$W:$W,'Status Resumo'!G54,'Detalhe Entregas e Status'!$B:$B,"lt002_instrument",'Detalhe Entregas e Status'!$C:$C,"<>"&"UNIVERSO") -> 1 | K54: =IF(I54-J54=0,"-",IF(I54-J54>0,_xlfn.CONCAT("+ ",I54-J54),_xlfn.CONCAT("- ",J54-I54))) -> - 1
G55: 7. Por Entregar | I55: =COUNTIFS('Detalhe Entregas e Status'!$V:$V,'Status Resumo'!G55,'Detalhe Entregas e Status'!$B:$B,"lt002_instrument",'Detalhe Entregas e Status'!$C:$C,"<>"&"UNIVERSO") -> 0 | J55: =COUNTIFS('Detalhe Entregas e Status'!$W:$W,'Status Resumo'!G55,'Detalhe Entregas e Status'!$B:$B,"lt002_instrument",'Detalhe Entregas e Status'!$C:$C,"<>"&"UNIVERSO") -> 0 | K55: =IF(I55-J55=0,"-",IF(I55-J55>0,_xlfn.CONCAT("+ ",I55-J55),_xlfn.CONCAT("- ",J55-I55))) -> -
G56: Total | I56: =SUM(I49:I55) -> 51 | J56: =SUM(J49:J55) -> 51
G58: Status (Universo) | I58: =I48 -> 45834
G59: lt002_instrument | I59: em correção
B62: 2. LT004_PROTECTION
C65: Resumo | G65: Status (Campos) | I65: =I48 -> 45834 | J65: =J48 -> 45825 | K65: ∆ | M65: Highlights
G66: 1. Concluído | I66: =COUNTIFS('Detalhe Entregas e Status'!$V:$V,'Status Resumo'!G66,'Detalhe Entregas e Status'!$B:$B,"lt004_protection",'Detalhe Entregas e Status'!$C:$C,"<>"&"UNIVERSO") -> 5 | J66: =COUNTIFS('Detalhe Entregas e Status'!$W:$W,'Status Resumo'!G66,'Detalhe Entregas e Status'!$B:$B,"lt004_protection",'Detalhe Entregas e Status'!$C:$C,"<>"&"UNIVERSO") -> 5 | K66: =IF(I66-J66=0,"-",IF(I66-J66>0,_xlfn.CONCAT("+ ",I66-J66),_xlfn.CONCAT("- ",J66-I66))) -> - | M66: Relativamente à tabela lt004_protection, foram efetuadas as seguintes validações: • Simulação equipa de testes vs Execução IT • Execução IT GD vs Execução IT Pilar 3 Encontram-se em correção os campos prtctn_vl e flg_elctrcl_vhcl.
G67: 2. Em Teste | I67: =COUNTIFS('Detalhe Entregas e Status'!$V:$V,'Status Resumo'!G67,'Detalhe Entregas e Status'!$B:$B,"lt004_protection",'Detalhe Entregas e Status'!$C:$C,"<>"&"UNIVERSO") -> 0 | J67: =COUNTIFS('Detalhe Entregas e Status'!$W:$W,'Status Resumo'!G67,'Detalhe Entregas e Status'!$B:$B,"lt004_protection",'Detalhe Entregas e Status'!$C:$C,"<>"&"UNIVERSO") -> 0 | K67: =IF(I67-J67=0,"-",IF(I67-J67>0,_xlfn.CONCAT("+ ",I67-J67),_xlfn.CONCAT("- ",J67-I67))) -> -
G68: 3. Em Re-especificação | I68: =COUNTIFS('Detalhe Entregas e Status'!$V:$V,'Status Resumo'!G68,'Detalhe Entregas e Status'!$B:$B,"lt004_protection",'Detalhe Entregas e Status'!$C:$C,"<>"&"UNIVERSO") -> 0 | J68: =COUNTIFS('Detalhe Entregas e Status'!$W:$W,'Status Resumo'!G68,'Detalhe Entregas e Status'!$B:$B,"lt004_protection",'Detalhe Entregas e Status'!$C:$C,"<>"&"UNIVERSO") -> 0 | K68: =IF(I68-J68=0,"-",IF(I68-J68>0,_xlfn.CONCAT("+ ",I68-J68),_xlfn.CONCAT("- ",J68-I68))) -> -
G69: 4. Em Correção | I69: =COUNTIFS('Detalhe Entregas e Status'!$V:$V,'Status Resumo'!G69,'Detalhe Entregas e Status'!$B:$B,"lt004_protection",'Detalhe Entregas e Status'!$C:$C,"<>"&"UNIVERSO") -> 2 | J69: =COUNTIFS('Detalhe Entregas e Status'!$W:$W,'Status Resumo'!G69,'Detalhe Entregas e Status'!$B:$B,"lt004_protection",'Detalhe Entregas e Status'!$C:$C,"<>"&"UNIVERSO") -> 2 | K69: =IF(I69-J69=0,"-",IF(I69-J69>0,_xlfn.CONCAT("+ ",I69-J69),_xlfn.CONCAT("- ",J69-I69))) -> -
G70: 5. Em Re-teste | I70: =COUNTIFS('Detalhe Entregas e Status'!$V:$V,'Status Resumo'!G70,'Detalhe Entregas e Status'!$B:$B,"lt004_protection",'Detalhe Entregas e Status'!$C:$C,"<>"&"UNIVERSO") -> 0 | J70: =COUNTIFS('Detalhe Entregas e Status'!$W:$W,'Status Resumo'!G70,'Detalhe Entregas e Status'!$B:$B,"lt004_protection",'Detalhe Entregas e Status'!$C:$C,"<>"&"UNIVERSO") -> 0 | K70: =IF(I70-J70=0,"-",IF(I70-J70>0,_xlfn.CONCAT("+ ",I70-J70),_xlfn.CONCAT("- ",J70-I70))) -> -
G71: 6. Por Iniciar | I71: =COUNTIFS('Detalhe Entregas e Status'!$V:$V,'Status Resumo'!G71,'Detalhe Entregas e Status'!$B:$B,"lt004_protection",'Detalhe Entregas e Status'!$C:$C,"<>"&"UNIVERSO") -> 0 | J71: =COUNTIFS('Detalhe Entregas e Status'!$W:$W,'Status Resumo'!G71,'Detalhe Entregas e Status'!$B:$B,"lt004_protection",'Detalhe Entregas e Status'!$C:$C,"<>"&"UNIVERSO") -> 0 | K71: =IF(I71-J71=0,"-",IF(I71-J71>0,_xlfn.CONCAT("+ ",I71-J71),_xlfn.CONCAT("- ",J71-I71))) -> -
G72: 7. Por Entregar | I72: =COUNTIFS('Detalhe Entregas e Status'!$V:$V,'Status Resumo'!G72,'Detalhe Entregas e Status'!$B:$B,"lt004_protection",'Detalhe Entregas e Status'!$C:$C,"<>"&"UNIVERSO") -> 0 | J72: =COUNTIFS('Detalhe Entregas e Status'!$W:$W,'Status Resumo'!G72,'Detalhe Entregas e Status'!$B:$B,"lt004_protection",'Detalhe Entregas e Status'!$C:$C,"<>"&"UNIVERSO") -> 0 | K72: =IF(I72-J72=0,"-",IF(I72-J72>0,_xlfn.CONCAT("+ ",I72-J72),_xlfn.CONCAT("- ",J72-I72))) -> -
G73: Total | I73: =SUM(I66:I72) -> 7 | J73: =SUM(J66:J72) -> 7
G75: Status (Universo) | I75: =I58 -> 45834
G76: lt004_protection | I76: ok
B79: 3. LT006_INSTR_PROTECTION
C82: Resumo | G82: Status (Campos) | I82: =I48 -> 45834 | J82: =J48 -> 45825 | K82: ∆ | M82: Highlights
G83: 1. Concluído | I83: =COUNTIFS('Detalhe Entregas e Status'!$V:$V,'Status Resumo'!G83,'Detalhe Entregas e Status'!$B:$B,"lt006_instr_protection",'Detalhe Entregas e Status'!$C:$C,"<>"&"UNIVERSO") -> 4 | J83: =COUNTIFS('Detalhe Entregas e Status'!$W:$W,'Status Resumo'!G83,'Detalhe Entregas e Status'!$B:$B,"lt006_instr_protection",'Detalhe Entregas e Status'!$C:$C,"<>"&"UNIVERSO") -> 4 | K83: =IF(I83-J83=0,"-",IF(I83-J83>0,_xlfn.CONCAT("+ ",I83-J83),_xlfn.CONCAT("- ",J83-I83))) -> - | M83: Relativamente à tabela lt006_protection, foram efetuadas as seguintes validações: • Simulação equipa de testes vs Execução IT • Execução IT GD vs Execução IT Pilar 3 Existe coerência entre a informação reportado em âmbito GD assim como em Pilar 3. Encontra-se em correção o campo typ_rltn.
G84: 2. Em Teste | I84: =COUNTIFS('Detalhe Entregas e Status'!$V:$V,'Status Resumo'!G84,'Detalhe Entregas e Status'!$B:$B,"lt006_instr_protection",'Detalhe Entregas e Status'!$C:$C,"<>"&"UNIVERSO") -> 0 | J84: =COUNTIFS('Detalhe Entregas e Status'!$W:$W,'Status Resumo'!G84,'Detalhe Entregas e Status'!$B:$B,"lt006_instr_protection",'Detalhe Entregas e Status'!$C:$C,"<>"&"UNIVERSO") -> 0 | K84: =IF(I84-J84=0,"-",IF(I84-J84>0,_xlfn.CONCAT("+ ",I84-J84),_xlfn.CONCAT("- ",J84-I84))) -> -
G85: 3. Em Re-especificação | I85: =COUNTIFS('Detalhe Entregas e Status'!$V:$V,'Status Resumo'!G85,'Detalhe Entregas e Status'!$B:$B,"lt006_instr_protection",'Detalhe Entregas e Status'!$C:$C,"<>"&"UNIVERSO") -> 0 | J85: =COUNTIFS('Detalhe Entregas e Status'!$W:$W,'Status Resumo'!G85,'Detalhe Entregas e Status'!$B:$B,"lt006_instr_protection",'Detalhe Entregas e Status'!$C:$C,"<>"&"UNIVERSO") -> 0 | K85: =IF(I85-J85=0,"-",IF(I85-J85>0,_xlfn.CONCAT("+ ",I85-J85),_xlfn.CONCAT("- ",J85-I85))) -> -
G86: 4. Em Correção | I86: =COUNTIFS('Detalhe Entregas e Status'!$V:$V,'Status Resumo'!G86,'Detalhe Entregas e Status'!$B:$B,"lt006_instr_protection",'Detalhe Entregas e Status'!$C:$C,"<>"&"UNIVERSO") -> 0 | J86: =COUNTIFS('Detalhe Entregas e Status'!$W:$W,'Status Resumo'!G86,'Detalhe Entregas e Status'!$B:$B,"lt006_instr_protection",'Detalhe Entregas e Status'!$C:$C,"<>"&"UNIVERSO") -> 1 | K86: =IF(I86-J86=0,"-",IF(I86-J86>0,_xlfn.CONCAT("+ ",I86-J86),_xlfn.CONCAT("- ",J86-I86))) -> - 1
G87: 5. Em Re-teste | I87: =COUNTIFS('Detalhe Entregas e Status'!$V:$V,'Status Resumo'!G87,'Detalhe Entregas e Status'!$B:$B,"lt006_instr_protection",'Detalhe Entregas e Status'!$C:$C,"<>"&"UNIVERSO") -> 1 | J87: =COUNTIFS('Detalhe Entregas e Status'!$W:$W,'Status Resumo'!G87,'Detalhe Entregas e Status'!$B:$B,"lt006_instr_protection",'Detalhe Entregas e Status'!$C:$C,"<>"&"UNIVERSO") -> 0 | K87: =IF(I87-J87=0,"-",IF(I87-J87>0,_xlfn.CONCAT("+ ",I87-J87),_xlfn.CONCAT("- ",J87-I87))) -> + 1
G88: 6. Por Iniciar | I88: =COUNTIFS('Detalhe Entregas e Status'!$V:$V,'Status Resumo'!G88,'Detalhe Entregas e Status'!$B:$B,"lt006_instr_protection",'Detalhe Entregas e Status'!$C:$C,"<>"&"UNIVERSO") -> 0 | J88: =COUNTIFS('Detalhe Entregas e Status'!$W:$W,'Status Resumo'!G88,'Detalhe Entregas e Status'!$B:$B,"lt006_instr_protection",'Detalhe Entregas e Status'!$C:$C,"<>"&"UNIVERSO") -> 0 | K88: =IF(I88-J88=0,"-",IF(I88-J88>0,_xlfn.CONCAT("+ ",I88-J88),_xlfn.CONCAT("- ",J88-I88))) -> -
G89: 7. Por Entregar | I89: =COUNTIFS('Detalhe Entregas e Status'!$V:$V,'Status Resumo'!G89,'Detalhe Entregas e Status'!$B:$B,"lt006_instr_protection",'Detalhe Entregas e Status'!$C:$C,"<>"&"UNIVERSO") -> 0 | J89: =COUNTIFS('Detalhe Entregas e Status'!$W:$W,'Status Resumo'!G89,'Detalhe Entregas e Status'!$B:$B,"lt006_instr_protection",'Detalhe Entregas e Status'!$C:$C,"<>"&"UNIVERSO") -> 0 | K89: =IF(I89-J89=0,"-",IF(I89-J89>0,_xlfn.CONCAT("+ ",I89-J89),_xlfn.CONCAT("- ",J89-I89))) -> -
G90: Total | I90: =SUM(I83:I89) -> 5 | J90: =SUM(J83:J89) -> 5
G92: Status (Universo) | I92: =I58 -> 45834
G93: lt006_instr_protection | I93: ok
B96: 4. LT007_INSTR_ACTIVITY
C99: Resumo | G99: Status (Campos) | I99: =I48 -> 45834 | J99: =J48 -> 45825 | K99: ∆ | M99: Highlights
G100: 1. Concluído | I100: =COUNTIFS('Detalhe Entregas e Status'!$V:$V,'Status Resumo'!G100,'Detalhe Entregas e Status'!$B:$B,"lt007_instr_activity",'Detalhe Entregas e Status'!$C:$C,"<>"&"UNIVERSO") -> 2 | J100: =COUNTIFS('Detalhe Entregas e Status'!$W:$W,'Status Resumo'!G100,'Detalhe Entregas e Status'!$B:$B,"lt007_instr_activity",'Detalhe Entregas e Status'!$C:$C,"<>"&"UNIVERSO") -> 2 | K100: =IF(I100-J100=0,"-",IF(I100-J100>0,_xlfn.CONCAT("+ ",I100-J100),_xlfn.CONCAT("- ",J100-I100))) -> - | M100: Relativamente à tabela lt007_instr_activity, foram efetuadas as seguintes validações: • Execução IT GD vs Execução IT Pilar 3 Encontram-se em correção 4 campos assim como o universo da tabela.
G101: 2. Em Teste | I101: =COUNTIFS('Detalhe Entregas e Status'!$V:$V,'Status Resumo'!G101,'Detalhe Entregas e Status'!$B:$B,"lt007_instr_activity",'Detalhe Entregas e Status'!$C:$C,"<>"&"UNIVERSO") -> 0 | J101: =COUNTIFS('Detalhe Entregas e Status'!$W:$W,'Status Resumo'!G101,'Detalhe Entregas e Status'!$B:$B,"lt007_instr_activity",'Detalhe Entregas e Status'!$C:$C,"<>"&"UNIVERSO") -> 0 | K101: =IF(I101-J101=0,"-",IF(I101-J101>0,_xlfn.CONCAT("+ ",I101-J101),_xlfn.CONCAT("- ",J101-I101))) -> -
G102: 3. Em Re-especificação | I102: =COUNTIFS('Detalhe Entregas e Status'!$V:$V,'Status Resumo'!G102,'Detalhe Entregas e Status'!$B:$B,"lt007_instr_activity",'Detalhe Entregas e Status'!$C:$C,"<>"&"UNIVERSO") -> 0 | J102: =COUNTIFS('Detalhe Entregas e Status'!$W:$W,'Status Resumo'!G102,'Detalhe Entregas e Status'!$B:$B,"lt007_instr_activity",'Detalhe Entregas e Status'!$C:$C,"<>"&"UNIVERSO") -> 0 | K102: =IF(I102-J102=0,"-",IF(I102-J102>0,_xlfn.CONCAT("+ ",I102-J102),_xlfn.CONCAT("- ",J102-I102))) -> -
G103: 4. Em Correção | I103: =COUNTIFS('Detalhe Entregas e Status'!$V:$V,'Status Resumo'!G103,'Detalhe Entregas e Status'!$B:$B,"lt007_instr_activity",'Detalhe Entregas e Status'!$C:$C,"<>"&"UNIVERSO") -> 1 | J103: =COUNTIFS('Detalhe Entregas e Status'!$W:$W,'Status Resumo'!G103,'Detalhe Entregas e Status'!$B:$B,"lt007_instr_activity",'Detalhe Entregas e Status'!$C:$C,"<>"&"UNIVERSO") -> 4 | K103: =IF(I103-J103=0,"-",IF(I103-J103>0,_xlfn.CONCAT("+ ",I103-J103),_xlfn.CONCAT("- ",J103-I103))) -> - 3
G104: 5. Em Re-teste | I104: =COUNTIFS('Detalhe Entregas e Status'!$V:$V,'Status Resumo'!G104,'Detalhe Entregas e Status'!$B:$B,"lt007_instr_activity",'Detalhe Entregas e Status'!$C:$C,"<>"&"UNIVERSO") -> 3 | J104: =COUNTIFS('Detalhe Entregas e Status'!$W:$W,'Status Resumo'!G104,'Detalhe Entregas e Status'!$B:$B,"lt007_instr_activity",'Detalhe Entregas e Status'!$C:$C,"<>"&"UNIVERSO") -> 0 | K104: =IF(I104-J104=0,"-",IF(I104-J104>0,_xlfn.CONCAT("+ ",I104-J104),_xlfn.CONCAT("- ",J104-I104))) -> + 3
G105: 6. Por Iniciar | I105: =COUNTIFS('Detalhe Entregas e Status'!$V:$V,'Status Resumo'!G105,'Detalhe Entregas e Status'!$B:$B,"lt007_instr_activity",'Detalhe Entregas e Status'!$C:$C,"<>"&"UNIVERSO") -> 0 | J105: =COUNTIFS('Detalhe Entregas e Status'!$W:$W,'Status Resumo'!G105,'Detalhe Entregas e Status'!$B:$B,"lt007_instr_activity",'Detalhe Entregas e Status'!$C:$C,"<>"&"UNIVERSO") -> 0 | K105: =IF(I105-J105=0,"-",IF(I105-J105>0,_xlfn.CONCAT("+ ",I105-J105),_xlfn.CONCAT("- ",J105-I105))) -> -
G106: 7. Por Entregar | I106: =COUNTIFS('Detalhe Entregas e Status'!$V:$V,'Status Resumo'!G106,'Detalhe Entregas e Status'!$B:$B,"lt007_instr_activity",'Detalhe Entregas e Status'!$C:$C,"<>"&"UNIVERSO") -> 0 | J106: =COUNTIFS('Detalhe Entregas e Status'!$W:$W,'Status Resumo'!G106,'Detalhe Entregas e Status'!$B:$B,"lt007_instr_activity",'Detalhe Entregas e Status'!$C:$C,"<>"&"UNIVERSO") -> 0 | K106: =IF(I106-J106=0,"-",IF(I106-J106>0,_xlfn.CONCAT("+ ",I106-J106),_xlfn.CONCAT("- ",J106-I106))) -> -
G107: Total | I107: =SUM(I100:I106) -> 6 | J107: =SUM(J100:J106) -> 6
G109: Status (Universo) | I109: =I58 -> 45834
G110: lt007_instr_activity | I110: em correção

Sheet Aux Gráficos
B2: Tabela | C2: Campo | D2: Status Atual | F2: Tabela | G2: lt002_instrument
B3: lt002_instrument | C3: UNIVERSO | D3: 4. Em Correção | F3: Campo | G3: (Multiple Items) | N3: Total campos | O3: 69 | P3: =P4+P7+P8 -> 0.97101449
B4: lt002_instrument | C4: AVRG_BLNC | D4: 4. Em Correção | N4: Testados | O4: =COUNTIFS($D$3:$D$75,"<>"&"6. Por Iniciar",$D$3:$D$75,"<>"&"2. Em Teste",$C$3:$C$75,"<>"&"UNIVERSO",$D$3:$D$75,"<>"&"5. Em Re-teste") -> 66 | P4: =O4/$O$3 -> 0.95652174
B5: lt002_instrument | C5: NW_BSNSS | D5: 4. Em Correção | F5: Row Labels | G5: Count of Status Atual | N5: Concluidos | O5: =COUNTIFS($D$3:$D$75,"1. Concluído",$C$3:$C$75,"<>"&"UNIVERSO") -> 28 | P5: =O5/$O$3 -> 0.4057971
B6: lt002_instrument | C6: GRSS_INTRST_INCM | D6: 4. Em Correção | F6: 1. Concluído | G6: 17 | N6: Em correção | O6: =COUNTIFS($D$3:$D$75,"4. Em Correção",$C$3:$C$75,"<>"&"UNIVERSO") -> 38 | P6: =O6/$O$3 -> 0.55072464
B7: lt002_instrument | C7: GRSS_CMMSSN_INCM | D7: 4. Em Correção | F7: 6. Por Iniciar | G7: 1 | N7: Em teste | O7: =COUNTIFS($D$3:$D$75,"2. Em Teste",$C$3:$C$75,"<>"&"UNIVERSO") -> 0 | P7: =O7/$O$3 -> 0
B8: lt002_instrument | C8: INTRNL_TRNSFR_RT | D8: 4. Em Correção | F8: 4. Em Correção | G8: 31 | N8: Por iniciar | O8: =COUNTIFS($D$3:$D$75,"6. Por Iniciar",$C$3:$C$75,"<>"&"UNIVERSO") -> 1 | P8: =O8/$O$3 -> 0.014492754
B9: lt002_instrument | C9: NT_LN_LSS_PRVSN | D9: 4. Em Correção | F9: 5. Em Re-teste | G9: 2 | N9: Em Re-teste | O9: =COUNTIFS($D$3:$D$75,"5. Em Re-teste",$C$3:$C$75,"<>"&"UNIVERSO") -> 2 | P9: =O9/$O$3 -> 0.028985507
B10: lt002_instrument | C10: BSNSS_AREA | D10: 4. Em Correção
B11: lt002_instrument | C11: MNGMNT_PRDCT | D11: 4. Em Correção
B12: lt002_instrument | C12: GRSS_CMMSSN_EXPNS | D12: 4. Em Correção
B13: lt002_instrument | C13: GNS_FNNCL_TRNSCTN_EXCHNG_DFFRNCS | D13: 5. Em Re-teste
B14: lt002_instrument | C14: FLG_INTRBSNSS | D14: 4. Em Correção
B15: lt002_instrument | C15: INTRBSNSS_ADJ_COD | D15: 1. Concluído
B16: lt002_instrument | C16: COD_SOC_DSTNTN | D16: 1. Concluído | F16: Tabela | G16: lt004_protection
B17: lt002_instrument | C17: BSNSS_AREA_DSTNTN | D17: 1. Concluído | F17: Campo | G17: (Multiple Items)
B18: lt002_instrument | C18: AVRG_BLNC_OFF_BLNC | D18: 4. Em Correção
B19: lt002_instrument | C19: INTRNL_TRNSFR_RT_OFF_BLNC | D19: 1. Concluído | F19: Row Labels | G19: Count of Status Atual
B20: lt002_instrument | C20: GRSS_CMMSSN_INCM_OFF_BLNC | D20: 4. Em Correção | F20: 1. Concluído | G20: 5
B21: lt002_instrument | C21: GRSS_CMMSSN_EXPNS_OFF_BLNC | D21: 4. Em Correção | F21: 4. Em Correção | G21: 2
B22: lt002_instrument | C22: RWA_OFF_BLNC | D22: 4. Em Correção
B23: lt002_instrument | C23: GRSS_INTRST_EXPNS | D23: 5. Em Re-teste
B24: lt002_instrument | C24: NT_LN_LSS_PRVSN_OFF_BLNC | D24: 4. Em Correção | F24: Tabela | G24: lt007_instr_activity | J24: Tabela | K24: lt006_instr_protection
B25: lt002_instrument | C25: GRSS_INTRST_INCM_CCRR | D25: 1. Concluído | F25: Campo | G25: (Multiple Items) | J25: Campo | K25: (Multiple Items)
B26: lt002_instrument | C26: GRSS_INTRST_EXPNS_CCRR | D26: 1. Concluído
B27: lt002_instrument | C27: GRSS_CMMSSN_INCM_CCRR | D27: 1. Concluído | F27: Row Labels | G27: Count of Status Atual | J27: Row Labels | K27: Count of Status Atual
B28: lt002_instrument | C28: GRSS_CMMSSN_EXPNS_CCRR | D28: 1. Concluído | F28: 1. Concluído | G28: 2 | J28: 1. Concluído | K28: 4
B29: lt002_instrument | C29: GNS_FNNCL_TRNSCTN_EXCHNG_CCRR | D29: 1. Concluído | F29: 4. Em Correção | G29: 4 | J29: 4. Em Correção | K29: 1
B30: lt002_instrument | C30: BSNSS_AREA_CCRR | D30: 1. Concluído
B31: lt002_instrument | C31: GRSS_CMMSSN_INCM_OFF_BLNC_CCRR | D31: 1. Concluído
B32: lt002_instrument | C32: GRSS_CMMSSN_EXPNS_OFF_BLNC_CCRR | D32: 1. Concluído
B33: lt002_instrument | C33: CCF | D33: 4. Em Correção
B34: lt002_instrument | C34: EAD | D34: 4. Em Correção
B35: lt002_instrument | C35: TYP_OFF_BLNC_PRDCT | D35: 4. Em Correção
B36: lt002_instrument | C36: COD_SOC | D36: 1. Concluído
B37: lt002_instrument | C37: SUBPORTFOLIO_ID | D37: 4. Em Correção
B38: lt002_instrument | C38: DT_RFRNC | D38: 1. Concluído
B39: lt002_instrument | C39: DFLT_STTS_INSTRMNT | D39: 4. Em Correção
B40: lt002_instrument | C40: IMPRMNT_STTS | D40: 4. Em Correção
B41: lt002_instrument | C41: PRFRMNG_STTS | D41: 4. Em Correção
... B75: lt007_instr_activity | C75: INSTRMNT_ID | D75: 4. Em Correção

Sheet MacroPlano
B7: Legenda:
B9: « | C9: Entregas da equipa de IT
B10: ♦ | C10: Reuniões de PdS com cliente
B11: 3 | C11: Tempo estimado para a realização da atividade
C12: Feriados
G14: Semana 1 | K14: Semana 2 | P14: Semana 3 | U14: Semana 4 | Z14: Semana 5 | AF14: Semana 6 | AK14: Semana 7 | AO14: Semana 8 | AT14: Semana 9
B15: ID | C15: Atividade | E15: Owner | G15: 12/mai a 15/mai | K15: 16/mai a 22/mai | P15: 23/mai a 29/mai | U15: 30/mai a 05/jun | Z15: 06/jun a 13/jun | AF15: 16/jun a 20/jun | AK15: 23/jun a 26/jun | AO15: 27/jun a 03/jul | AT15: 04/jul a 11/jul
B16: 0. | C16: Gestão
B17: 0.1 | C17: SetUp | E17: Neyond
B18: 0.2 | C18: Reuniões de PdS | E18: Neyond/CdG/IT | J18: ♦ | O18: ♦ | T18: ♦ | Y18: ♦ | AD18: ♦ | AJ18: ♦ | AN18: ♦ | AS18: ♦ | AX18: ♦
B19: 1. | C19: Testes - Entrega 1 | G19: «
B20: 1.1 | C20: lt002_instrument | D20: UNIVERSO | E20: Neyond
B21: 1.2 | C21: lt002_instrument | D21: NW_BSNSS | E21: Neyond
B22: 1.3 | C22: lt002_instrument | D22: GRSS_INTRST_INCM_CCRR | E22: Neyond
B23: =_xlfn.CONCAT(B19,RIGHT(B22,1)+1) -> 1.4 | C23: lt002_instrument | D23: GRSS_INTRST_EXPNS_CCRR | E23: Neyond
B24: 1.5 | C24: lt002_instrument | D24: GRSS_CMMSSN_INCM_CCRR | E24: Neyond
B25: 1.6 | C25: lt002_instrument | D25: GRSS_CMMSSN_EXPNS_CCRR | E25: Neyond
B26: 1.7 | C26: lt002_instrument | D26: GNS_FNNCL_TRNSCTN_EXCHNG_CCRR | E26: Neyond
B27: 1.8 | C27: lt002_instrument | D27: BSNSS_AREA_CCRR | E27: Neyond
B28: 1.9 | C28: lt002_instrument | D28: GRSS_CMMSSN_INCM_OFF_BLNC_CCRR | E28: Neyond
B29: 1.10 | C29: lt002_instrument | D29: GRSS_CMMSSN_EXPNS_OFF_BLNC_CCRR | E29: Neyond
B30: 1.11 | C30: lt002_instrument | D30: DT_RFRNC | E30: Neyond
B31: 1.12 | C31: lt002_instrument | D31: CNCLLD_INSTRMNT_STTS | E31: Neyond
B32: 1.13 | C32: lt002_instrument | D32: INSTRMNT_ID | E32: Neyond
B33: 2. | C33: Testes - Entrega 2 | G33: «
B34: 2.1 | C34: lt002_instrument | D34: GRSS_INTRST_INCM | E34: Neyond
B35: 2.2 | C35: lt002_instrument | D35: GRSS_CMMSSN_INCM | E35: Neyond
B36: 2.3 | C36: lt002_instrument | D36: GRSS_CMMSSN_EXPNS | E36: Neyond
B37: 2.4 | C37: lt002_instrument | D37: AVRG_BLNC_OFF_BLNC | E37: Neyond
B38: 2.5 | C38: lt002_instrument | D38: GRSS_CMMSSN_INCM_OFF_BLNC | E38: Neyond
B39: 2.6 | C39: lt002_instrument | D39: GRSS_CMMSSN_EXPNS_OFF_BLNC | E39: Neyond
B40: 2.7 | C40: lt004_protection | D40: UNIVERSO | E40: Neyond
B41: 2.8 | C41: lt004_protection | D41: TYP_VHCL | E41: Neyond
B42: 2.9 | C42: lt007_instr_activity | D42: UNIVERSO | E42: Neyond
B43: 2.10 | C43: lt007_instr_activity | D43: PRCNTG_ACTVTY | E43: Neyond
B44: 2.11 | C44: lt007_instr_activity | D44: SSTNBL_CTGRY | E44: Neyond
B45: 2.12 | C45: lt007_instr_activity | D45: COD_SOC | E45: Neyond
... B47: 2.14 | C47: lt007_instr_activity | D47: INSTRMNT_ID | E47: Neyond
B48: 3. | C48: Testes - Entrega 3 | L48: «
B49: 3.1 | C49: lt002_instrument | D49: AVRG_BLNC | E49: Neyond
B50: 3.2 | C50: lt002_instrument | D50: INTRNL_TRNSFR_RT | E50: Neyond
B51: 3.3 | C51: lt002_instrument | D51: NT_LN_LSS_PRVSN | E51: Neyond
B52: 3.4 | C52: lt002_instrument | D52: MNGMNT_PRDCT | E52: Neyond
B53: 3.5 | C53: lt002_instrument | D53: GNS_FNNCL_TRNSCTN_EXCHNG_DFFRNCS | E53: Neyond
B54: 3.6 | C54: lt002_instrument | D54: FLG_INTRBSNSS | E54: Neyond
B55: 3.7 | C55: lt002_instrument | D55: INTRBSNSS_ADJ_COD | E55: Neyond
B56: 3.8 | C56: lt002_instrument | D56: COD_SOC_DSTNTN | E56: Neyond
B57: 3.9 | C57: lt002_instrument | D57: BSNSS_AREA_DSTNTN | E57: Neyond
B58: 3.10 | C58: lt002_instrument | D58: INTRNL_TRNSFR_RT_OFF_BLNC | E58: Neyond
B59: 3.11 | C59: lt002_instrument | D59: GRSS_INTRST_EXPNS | E59: Neyond
B60: 3.12 | C60: lt002_instrument | D60: COD_SOC_INTRGRP | E60: Neyond
B61: 4. | C61: Testes - Entrega 4 | Q61: «
B62: 4.1 | C62: lt002_instrument | D62: BSNSS_AREA | E62: Neyond
B63: 4.2 | C63: lt002_instrument | D63: RWA_OFF_BLNC | E63: Neyond
B64: 4.3 | C64: lt002_instrument | D64: NT_LN_LSS_PRVSN_OFF_BLNC | E64: Neyond
B65: 4.4 | C65: lt002_instrument | D65: CCF | E65: Neyond
B66: 4.5 | C66: lt002_instrument | D66: COD_SOC | E66: Neyond
B67: 4.6 | C67: lt002_instrument | D67: SUBPORTFOLIO_ID | E67: Neyond
B68: 4.7 | C68: lt002_instrument | D68: DFLT_STTS_INSTRMNT | E68: Neyond
B69: 4.8 | C69: lt002_instrument | D69: IMPRMNT_STTS | E69: Neyond
B70: 4.9 | C70: lt002_instrument | D70: PRFRMNG_STTS | E70: Neyond
B71: 4.10 | C71: lt002_instrument | D71: TYP_INSTRMNT | E71: Neyond
B72: 4.11 | C72: lt002_instrument | D72: GRSS_CRRYNG_AMNT_INSTRMNT | E72: Neyond
B73: 4.12 | C73: lt002_instrument | D73: PRVSNS_OFF_BLNC_SHT | E73: Neyond
... B87: 4.26 | C87: lt007_instr_activity | D87: SSTNBL_INDCTR | E87: Neyond
B88: 5. | C88: Testes - Entrega 5 | V88: «
B89: 5.1 | C89: lt002_instrument | D89: EAD | E89: Neyond
B90: 5.2 | C90: lt002_instrument | D90: TYP_OFF_BLNC_PRDCT | E90: Neyond
B91: 5.3 | C91: lt002_instrument | D91: ACCMLTD_CHNGS_FV_CR_INSTRMNT | E91: Neyond
B92: 5.4 | C92: lt002_instrument | D92: ACCNTNG_CLSSFCTN | E92: Neyond
B93: 5.5 | C93: lt002_instrument | D93: OFF_BLNC_SHT_AMNT_INSTRMNT | E93: Neyond
B94: 5.6 | C94: lt002_instrument | D94: RWA | E94: Neyond
B95: 5.7 | C95: lt002_instrument | D95: ACCMLTD_IMPRMNT_INSTRMNT | E95: Neyond
B96: 5.8 | C96: lt002_instrument | D96: IDCMB | E96: Neyond
B97: 6. | C97: Re-Testes
B98: 6.1 | C98: Re-Testes às correções efetuadas | E98: Neyond
B99: 7. | C99: Documentação
B100: 7.1 | C100: Atualização do documento de especificação | E100: Neyond

Sheet MacroPlano Equipa
B7: Legenda:
B9: « | C9: Entregas da equipa de IT
B10: ♦ | C10: Reuniões de PdS com cliente
B11: 3 | C11: Tempo estimado para a realização da atividade | L11: FTE's | O11: 2 | P11: 2 | Q11: 2 | R11: 2 | S11: 2 | T11: 0 | U11: 0 | V11: 2 | W11: 2 | X11: 2 | Y11: 2 | Z11: 2 | AA11: 0 | AB11: 0 | AC11: 2 | AD11: 2 | AE11: 2 | AF11: 2 | AG11: 2 | AH11: 0 | AI11: 0 | AJ11: 1 | AK11: 1 | AL11: 1 | AM11: 1 | AN11: 1 | AO11: 0 | AP11: 0 | AQ11: 1 | AR11: 0 | AS11: 1 | AT11: 1 | AU11: 0 | AV11: 0 | AW11: 0 | AX11: 2 | AY11: 2 | AZ11: 1 | BA11: 0 | BB11: 1 | BC11: 0 | BD11: 0 | BE11: 1 | BF11: 1 | BG11: 1 | BH11: 1 | BI11: 1 | BJ11: 0 | BK11: 0 | BL11: 2 | BM11: 2 | BN11: 2 | BO11: 2 | BP11: 2 | BQ11: 0 | BR11: 0 | BS11: 2 | BT11: 2 | BU11: 2 | BV11: 2 | BW11: 2 | BX11: 0 | BY11: 0
C12: Feriados | L12: SUM(FTE's) | O12: =SUM(O17:O101)/8 -> 2 | P12: =SUM(P17:P101)/8 -> 2 | Q12: =SUM(Q17:Q101)/8 -> 2.1875 | R12: =SUM(R17:R101)/8 -> 2 | S12: =SUM(S17:S101)/8 -> 2 | T12: =SUM(T17:T101)/8 -> 0 | U12: =SUM(U17:U101)/8 -> 0 | V12: =SUM(V17:V101)/8 -> 2 | ... BY12: =SUM(BY17:BY101)/8 -> 0
B13: 0 | C13: Fins-de-semana | L13: VAL | O13: =O11-O12 -> 0 | P13: =P11-P12 -> 0 | Q13: =Q11-Q12 -> -0.1875 | R13: =R11-R12 -> 0 | S13: =S11-S12 -> 0 | T13: =T11-T12 -> 0 | U13: =U11-U12 -> 0 | V13: =V11-V12 -> 0 | ... BY13: =BY11-BY12 -> 0
L14: sai
F15: Tempo Previsto | H15: Tempo Real | J15: Status | O15: Semana 1 | V15: Semana 2 | AC15: Semana 3 | AJ15: Semana 4 | AQ15: Semana 5 | AX15: Semana 6 | BE15: Semana 7 | BL15: Semana 8 | BS15: Semana 9
B16: ID | C16: Atividade | E16: Owner | F16: Horas | G16: Dias | H16: Horas | I16: Dias | J16: Previsto | K16: Real | L16: Desvio (%) | M16: Val | O16: 45789 | P16: =O16+1 -> 45790 | Q16: =P16+1 -> 45791 | R16: =Q16+1 -> 45792 | S16: =R16+1 -> 45793 | T16: =S16+1 -> 45794 | U16: =T16+1 -> 45795 | V16: =U16+1 -> 45796 | W16: =V16+1 -> 45797 | ... AH16: =AG16+1 -> 45808 | AI16: 45809 | AJ16: =AI16+1 -> 45810 | AK16: =AJ16+1 -> 45811 | AL16: 45812 | AM16: =AL16+1 -> 45813 | AN16: =AM16+1 -> 45814 | AO16: =AN16+1 -> 45815 | AP16: =AO16+1 -> 45816 | AQ16: =AP16+1 -> 45817 | AR16: =AQ16+1 -> 45818 | AS16: =AR16+1 -> 45819 | AT16: =AS16+1 -> 45820 | ... BY16: =BX16+1 -> 45851
B17: 0. | C17: Gestão | T17: 0 | U17: 0 | AA17: 0 | AB17: 0 | AH17: 0 | AI17: 0 | AO17: 0 | AP17: 0 | AV17: 0 | AW17: 0 | BC17: 0 | BD17: 0 | BJ17: 0 | BK17: 0 | BQ17: 0 | BR17: 0 | BX17: 0 | BY17: 0
B18: 0.1 | C18: SetUp | E18: Neyond | F18: 48 | G18: =F18/8/2 -> 3 | H18: {=SUMPRODUCT((COLUMN(O18:BY18)>=MIN(IF(O18:BY18<>"",COLUMN(O18:BY18))))*($O$16:$BY$16<=TODAY())*(O18:BY18))} -> 48 | I18: =H18/8/2 -> 3 | J18: {=SUMPRODUCT(($O$16:$Q$16<=TODAY())*(O18:Q18))/F18} -> 1 | K18: {=IFERROR(SUMPRODUCT(($O$16:$BY$16<=TODAY())*(O18:BY18))/H18,"")} -> 1 | L18: =IFERROR(K18-J18,"") -> 0 | M18: =SUM(O18:BY18)-F18 -> 0 | O18: 16 | P18: 16 | Q18: 16 | T18: 0 | U18: 0 | AA18: 0 | AB18: 0 | AH18: 0 | AI18: 0 | AO18: 0 | AP18: 0 | AV18: 0 | AW18: 0 | BC18: 0 | BD18: 0 | BJ18: 0 | BK18: 0 | BQ18: 0 | BR18: 0 | BX18: 0 | BY18: 0
B19: 0.2 | C19: Reuniões de PdS | E19: Neyond/CdG/IT | F19: 9 | G19: =F19/8 -> 1.125 | R19: ♦ | T19: 0 | U19: 0 | Y19: ♦ | AA19: 0 | AB19: 0 | AF19: ♦ | AH19: 0 | AI19: 0 | AM19: ♦ | AO19: 0 | AP19: 0 | AT19: ♦ | AV19: 0 | AW19: 0 | AZ19: ♦ | BC19: 0 | BD19: 0 | BH19: ♦ | BJ19: 0 | BK19: 0 | BO19: ♦ | BQ19: 0 | BR19: 0 | BV19: ♦ | BX19: 0 | BY19: 0
B20: 1. | C20: Testes - Entrega 1 | O20: « | T20: 0 | U20: 0 | AA20: 0 | AB20: 0 | AH20: 0 | AI20: 0 | AO20: 0 | AP20: 0 | AV20: 0 | AW20: 0 | BC20: 0 | BD20: 0 | BJ20: 0 | BK20: 0 | BQ20: 0 | BR20: 0 | BX20: 0 | BY20: 0
B21: 1.1 | C21: lt002_instrument | D21: UNIVERSO | E21: Neyond | F21: =SUMIFS('Detalhe Testes'!$F:$F,'Detalhe Testes'!$B:$B,'MacroPlano Equipa'!C21,'Detalhe Testes'!$C:$C,'MacroPlano Equipa'!D21) -> 16 | G21: =F21/8 -> 2 | H21: {=SUMPRODUCT((COLUMN(O21:BY21)>=MIN(IF(O21:BY21<>"",COLUMN(O21:BY21))))*($O$16:$BY$16<=TODAY())*(O21:BY21))} -> 16 | I21: =H21/8 -> 2 | M21: =SUM(O21:BY21)-F21 -> 0 | T21: 0 | U21: 0 | V21: 8 | W21: 8 | AA21: 0 | AB21: 0 | AH21: 0 | AI21: 0 | AO21: 0 | AP21: 0 | AV21: 0 | AW21: 0 | BC21: 0 | BD21: 0 | BJ21: 0 | BK21: 0 | BQ21: 0 | BR21: 0 | BX21: 0 | BY21: 0
B22: 1.2 | C22: lt002_instrument | D22: NW_BSNSS | E22: Neyond | F22: =SUMIFS('Detalhe Testes'!$F:$F,'Detalhe Testes'!$B:$B,'MacroPlano Equipa'!C22,'Detalhe Testes'!$C:$C,'MacroPlano Equipa'!D22) -> 5 | G22: =F22/8 -> 0.625 | H22: {=SUMPRODUCT((COLUMN(O22:BY22)>=MIN(IF(O22:BY22<>"",COLUMN(O22:BY22))))*($O$16:$BY$16<=TODAY())*(O22:BY22))} -> 5 | I22: =H22/8 -> 0.625 | M22: =SUM(O22:BY22)-F22 -> 0 | T22: 0 | U22: 0 | W22: 3 | X22: 2 | AA22: 0 | AB22: 0 | AH22: 0 | AI22: 0 | AO22: 0 | AP22: 0 | AV22: 0 | AW22: 0 | BC22: 0 | BD22: 0 | BJ22: 0 | BK22: 0 | BQ22: 0 | BR22: 0 | BX22: 0 | BY22: 0
B23: 1.3 | C23: lt002_instrument | D23: GRSS_INTRST_INCM_CCRR | E23: Neyond | F23: =SUMIFS('Detalhe Testes'!$F:$F,'Detalhe Testes'!$B:$B,'MacroPlano Equipa'!C23,'Detalhe Testes'!$C:$C,'MacroPlano Equipa'!D23) -> 3 | G23: =F23/8 -> 0.375 | H23: {=SUMPRODUCT((COLUMN(O23:BY23)>=MIN(IF(O23:BY23<>"",COLUMN(O23:BY23))))*($O$16:$BY$16<=TODAY())*(O23:BY23))} -> 3 | I23: =H23/8 -> 0.375 | M23: =SUM(O23:BY23)-F23 -> 0 | R23: 3 | T23: 0 | U23: 0 | AA23: 0 | AB23: 0 | AH23: 0 | AI23: 0 | AO23: 0 | AP23: 0 | AV23: 0 | AW23: 0 | BC23: 0 | BD23: 0 | BJ23: 0 | BK23: 0 | BQ23: 0 | BR23: 0 | BX23: 0 | BY23: 0
B24: =_xlfn.CONCAT(B20,RIGHT(B23,1)+1) -> 1.4 | C24: lt002_instrument | D24: GRSS_INTRST_EXPNS_CCRR | E24: Neyond | F24: =SUMIFS('Detalhe Testes'!$F:$F,'Detalhe Testes'!$B:$B,'MacroPlano Equipa'!C24,'Detalhe Testes'!$C:$C,'MacroPlano Equipa'!D24) -> 3 | G24: =F24/8 -> 0.375 | H24: {=SUMPRODUCT((COLUMN(O24:BY24)>=MIN(IF(O24:BY24<>"",COLUMN(O24:BY24))))*($O$16:$BY$16<=TODAY())*(O24:BY24))} -> 3 | I24: =H24/8 -> 0.375 | M24: =SUM(O24:BY24)-F24 -> 0 | R24: 3 | T24: 0 | U24: 0 | AA24: 0 | AB24: 0 | AH24: 0 | AI24: 0 | AO24: 0 | AP24: 0 | AV24: 0 | AW24: 0 | BC24: 0 | BD24: 0 | BJ24: 0 | BK24: 0 | BQ24: 0 | BR24: 0 | BX24: 0 | BY24: 0
B25: 1.5 | C25: lt002_instrument | D25: GRSS_CMMSSN_INCM_CCRR | E25: Neyond | F25: =SUMIFS('Detalhe Testes'!$F:$F,'Detalhe Testes'!$B:$B,'MacroPlano Equipa'!C25,'Detalhe Testes'!$C:$C,'MacroPlano Equipa'!D25) -> 3 | G25: =F25/8 -> 0.375 | H25: {=SUMPRODUCT((COLUMN(O25:BY25)>=MIN(IF(O25:BY25<>"",COLUMN(O25:BY25))))*($O$16:$BY$16<=TODAY())*(O25:BY25))} -> 3 | I25: =H25/8 -> 0.375 | M25: =SUM(O25:BY25)-F25 -> 0 | R25: 3 | T25: 0 | U25: 0 | AA25: 0 | AB25: 0 | AH25: 0 | AI25: 0 | AO25: 0 | AP25: 0 | AV25: 0 | AW25: 0 | BC25: 0 | BD25: 0 | BJ25: 0 | BK25: 0 | BQ25: 0 | BR25: 0 | BX25: 0 | BY25: 0
B26: 1.6 | C26: lt002_instrument | D26: GRSS_CMMSSN_EXPNS_CCRR | E26: Neyond | F26: =SUMIFS('Detalhe Testes'!$F:$F,'Detalhe Testes'!$B:$B,'MacroPlano Equipa'!C26,'Detalhe Testes'!$C:$C,'MacroPlano Equipa'!D26) -> 3 | G26: =F26/8 -> 0.375 | H26: {=SUMPRODUCT((COLUMN(O26:BY26)>=MIN(IF(O26:BY26<>"",COLUMN(O26:BY26))))*($O$16:$BY$16<=TODAY())*(O26:BY26))} -> 3 | I26: =H26/8 -> 0.375 | M26: =SUM(O26:BY26)-F26 -> 0 | R26: 3 | T26: 0 | U26: 0 | AA26: 0 | AB26: 0 | AH26: 0 | AI26: 0 | AO26: 0 | AP26: 0 | AV26: 0 | AW26: 0 | BC26: 0 | BD26: 0 | BJ26: 0 | BK26: 0 | BQ26: 0 | BR26: 0 | BX26: 0 | BY26: 0
B27: 1.7 | C27: lt002_instrument | D27: GNS_FNNCL_TRNSCTN_EXCHNG_CCRR | E27: Neyond | F27: =SUMIFS('Detalhe Testes'!$F:$F,'Detalhe Testes'!$B:$B,'MacroPlano Equipa'!C27,'Detalhe Testes'!$C:$C,'MacroPlano Equipa'!D27) -> 3 | G27: =F27/8 -> 0.375 | H27: {=SUMPRODUCT((COLUMN(O27:BY27)>=MIN(IF(O27:BY27<>"",COLUMN(O27:BY27))))*($O$16:$BY$16<=TODAY())*(O27:BY27))} -> 3 | I27: =H27/8 -> 0.375 | M27: =SUM(O27:BY27)-F27 -> 0 | R27: 3 | T27: 0 | U27: 0 | AA27: 0 | AB27: 0 | AH27: 0 | AI27: 0 | AO27: 0 | AP27: 0 | AV27: 0 | AW27: 0 | BC27: 0 | BD27: 0 | BJ27: 0 | BK27: 0 | BQ27: 0 | BR27: 0 | BX27: 0 | BY27: 0
B28: 1.8 | C28: lt002_instrument | D28: BSNSS_AREA_CCRR | E28: Neyond | F28: =SUMIFS('Detalhe Testes'!$F:$F,'Detalhe Testes'!$B:$B,'MacroPlano Equipa'!C28,'Detalhe Testes'!$C:$C,'MacroPlano Equipa'!D28) -> 3 | G28: =F28/8 -> 0.375 | H28: {=SUMPRODUCT((COLUMN(O28:BY28)>=MIN(IF(O28:BY28<>"",COLUMN(O28:BY28))))*($O$16:$BY$16<=TODAY())*(O28:BY28))} -> 3 | I28: =H28/8 -> 0.375 | M28: =SUM(O28:BY28)-F28 -> 0 | R28: 1 | S28: 2 | T28: 0 | U28: 0 | AA28: 0 | AB28: 0 | AH28: 0 | AI28: 0 | AO28: 0 | AP28: 0 | AV28: 0 | AW28: 0 | BC28: 0 | BD28: 0 | BJ28: 0 | BK28: 0 | BQ28: 0 | BR28: 0 | BX28: 0 | BY28: 0
B29: 1.9 | C29: lt002_instrument | D29: GRSS_CMMSSN_INCM_OFF_BLNC_CCRR | E29: Neyond | F29: =SUMIFS('Detalhe Testes'!$F:$F,'Detalhe Testes'!$B:$B,'MacroPlano Equipa'!C29,'Detalhe Testes'!$C:$C,'MacroPlano Equipa'!D29) -> 3 | G29: =F29/8 -> 0.375 | H29: {=SUMPRODUCT((COLUMN(O29:BY29)>=MIN(IF(O29:BY29<>"",COLUMN(O29:BY29))))*($O$16:$BY$16<=TODAY())*(O29:BY29))} -> 3 | I29: =H29/8 -> 0.375 | M29: =SUM(O29:BY29)-F29 -> 0 | S29: 3 | T29: 0 | U29: 0 | AA29: 0 | AB29: 0 | AH29: 0 | AI29: 0 | AO29: 0 | AP29: 0 | AV29: 0 | AW29: 0 | BC29: 0 | BD29: 0 | BJ29: 0 | BK29: 0 | BQ29: 0 | BR29: 0 | BX29: 0 | BY29: 0
B30: 1.10 | C30: lt002_instrument | D30: GRSS_CMMSSN_EXPNS_OFF_BLNC_CCRR | E30: Neyond | F30: =SUMIFS('Detalhe Testes'!$F:$F,'Detalhe Testes'!$B:$B,'MacroPlano Equipa'!C30,'Detalhe Testes'!$C:$C,'MacroPlano Equipa'!D30) -> 3 | G30: =F30/8 -> 0.375 | H30: {=SUMPRODUCT((COLUMN(O30:BY30)>=MIN(IF(O30:BY30<>"",COLUMN(O30:BY30))))*($O$16:$BY$16<=TODAY())*(O30:BY30))} -> 3 | I30: =H30/8 -> 0.375 | M30: =SUM(O30:BY30)-F30 -> 0 | S30: 3 | T30: 0 | U30: 0 | AA30: 0 | AB30: 0 | AH30: 0 | AI30: 0 | AO30: 0 | AP30: 0 | AV30: 0 | AW30: 0 | BC30: 0 | BD30: 0 | BJ30: 0 | BK30: 0 | BQ30: 0 | BR30: 0 | BX30: 0 | BY30: 0
B31: 1.11 | C31: lt002_instrument | D31: DT_RFRNC | E31: Neyond | F31: =SUMIFS('Detalhe Testes'!$F:$F,'Detalhe Testes'!$B:$B,'MacroPlano Equipa'!C31,'Detalhe Testes'!$C:$C,'MacroPlano Equipa'!D31) -> 3 | G31: =F31/8 -> 0.375 | H31: {=SUMPRODUCT((COLUMN(O31:BY31)>=MIN(IF(O31:BY31<>"",COLUMN(O31:BY31))))*($O$16:$BY$16<=TODAY())*(O31:BY31))} -> 3 | I31: =H31/8 -> 0.375 | M31: =SUM(O31:BY31)-F31 -> 0 | S31: 3 | T31: 0 | U31: 0 | AA31: 0 | AB31: 0 | AH31: 0 | AI31: 0 | AO31: 0 | AP31: 0 | AV31: 0 | AW31: 0 | BC31: 0 | BD31: 0 | BJ31: 0 | BK31: 0 | BQ31: 0 | BR31: 0 | BX31: 0 | BY31: 0
B32: 1.12 | C32: lt002_instrument | D32: CNCLLD_INSTRMNT_STTS | E32: Neyond | F32: =SUMIFS('Detalhe Testes'!$F:$F,'Detalhe Testes'!$B:$B,'MacroPlano Equipa'!C32,'Detalhe Testes'!$C:$C,'MacroPlano Equipa'!D32) -> 11 | G32: =F32/8 -> 1.375 | H32: {=SUMPRODUCT((COLUMN(O32:BY32)>=MIN(IF(O32:BY32<>"",COLUMN(O32:BY32))))*($O$16:$BY$16<=TODAY())*(O32:BY32))} -> 11 | I32: =H32/8 -> 1.375 | M32: =SUM(O32:BY32)-F32 -> 0 | T32: 0 | U32: 0 | V32: 6 | W32: 5 | AA32: 0 | AB32: 0 | AH32: 0 | AI32: 0 | AO32: 0 | AP32: 0 | AV32: 0 | AW32: 0 | BC32: 0 | BD32: 0 | BJ32: 0 | BK32: 0 | BQ32: 0 | BR32: 0 | BX32: 0 | BY32: 0
B33: 1.13 | C33: lt002_instrument | D33: INSTRMNT_ID | E33: Neyond | F33: =SUMIFS('Detalhe Testes'!$F:$F,'Detalhe Testes'!$B:$B,'MacroPlano Equipa'!C33,'Detalhe Testes'!$C:$C,'MacroPlano Equipa'!D33) -> 7 | G33: =F33/8 -> 0.875 | H33: {=SUMPRODUCT((COLUMN(O33:BY33)>=MIN(IF(O33:BY33<>"",COLUMN(O33:BY33))))*($O$16:$BY$16<=TODAY())*(O33:BY33))} -> 7 | I33: =H33/8 -> 0.875 | M33: =SUM(O33:BY33)-F33 -> 0 | S33: 5 | T33: 0 | U33: 0 | V33: 2 | AA33: 0 | AB33: 0 | AH33: 0 | AI33: 0 | AO33: 0 | AP33: 0 | AV33: 0 | AW33: 0 | BC33: 0 | BD33: 0 | BJ33: 0 | BK33: 0 | BQ33: 0 | BR33: 0 | BX33: 0 | BY33: 0
B34: 2. | C34: Testes - Entrega 2 | M34: =SUM(O34:BY34)-F34 -> 0 | O34: « | T34: 0 | U34: 0 | AA34: 0 | AB34: 0 | AH34: 0 | AI34: 0 | AO34: 0 | AP34: 0 | AV34: 0 | AW34: 0 | BC34: 0 | BD34: 0 | BJ34: 0 | BK34: 0 | BQ34: 0 | BR34: 0 | BX34: 0 | BY34: 0
B35: 2.1 | C35: lt002_instrument | D35: GRSS_INTRST_INCM | E35: Neyond | F35: =SUMIFS('Detalhe Testes'!$F:$F,'Detalhe Testes'!$B:$B,'MacroPlano Equipa'!C35,'Detalhe Testes'!$C:$C,'MacroPlano Equipa'!D35) -> 5 | G35: =F35/8 -> 0.625 | H35: {=SUMPRODUCT((COLUMN(O35:BY35)>=MIN(IF(O35:BY35<>"",COLUMN(O35:BY35))))*($O$16:$BY$16<=TODAY())*(O35:BY35))} -> 5 | I35: =H35/8 -> 0.625 | M35: =SUM(O35:BY35)-F35 -> 0 | T35: 0 | U35: 0 | X35: 5 | AA35: 0 | AB35: 0 | AH35: 0 | AI35: 0 | AO35: 0 | AP35: 0 | AV35: 0 | AW35: 0 | BC35: 0 | BD35: 0 | BJ35: 0 | BK35: 0 | BQ35: 0 | BR35: 0 | BX35: 0 | BY35: 0
B36: 2.2 | C36: lt002_instrument | D36: GRSS_CMMSSN_INCM | E36: Neyond | F36: =SUMIFS('Detalhe Testes'!$F:$F,'Detalhe Testes'!$B:$B,'MacroPlano Equipa'!C36,'Detalhe Testes'!$C:$C,'MacroPlano Equipa'!D36) -> 5 | G36: =F36/8 -> 0.625 | H36: {=SUMPRODUCT((COLUMN(O36:BY36)>=MIN(IF(O36:BY36<>"",COLUMN(O36:BY36))))*($O$16:$BY$16<=TODAY())*(O36:BY36))} -> 5 | I36: =H36/8 -> 0.625 | M36: =SUM(O36:BY36)-F36 -> 0 | T36: 0 | U36: 0 | X36: 1 | Y36: 4 | AA36: 0 | AB36: 0 | AH36: 0 | AI36: 0 | AO36: 0 | AP36: 0 | AV36: 0 | AW36: 0 | BC36: 0 | BD36: 0 | BJ36: 0 | BK36: 0 | BQ36: 0 | BR36: 0 | BX36: 0 | BY36: 0
B37: 2.3 | C37: lt002_instrument | D37: GRSS_CMMSSN_EXPNS | E37: Neyond | F37: =SUMIFS('Detalhe Testes'!$F:$F,'Detalhe Testes'!$B:$B,'MacroPlano Equipa'!C37,'Detalhe Testes'!$C:$C,'MacroPlano Equipa'!D37) -> 5 | G37: =F37/8 -> 0.625 | H37: {=SUMPRODUCT((COLUMN(O37:BY37)>=MIN(IF(O37:BY37<>"",COLUMN(O37:BY37))))*($O$16:$BY$16<=TODAY())*(O37:BY37))} -> 5 | I37: =H37/8 -> 0.625 | M37: =SUM(O37:BY37)-F37 -> 0 | T37: 0 | U37: 0 | Y37: 4 | Z37: 1 | AA37: 0 | AB37: 0 | AH37: 0 | AI37: 0 | AO37: 0 | AP37: 0 | AV37: 0 | AW37: 0 | BC37: 0 | BD37: 0 | BJ37: 0 | BK37: 0 | BQ37: 0 | BR37: 0 | BX37: 0 | BY37: 0
B38: 2.4 | C38: lt002_instrument | D38: AVRG_BLNC_OFF_BLNC | E38: Neyond | F38: =SUMIFS('Detalhe Testes'!$F:$F,'Detalhe Testes'!$B:$B,'MacroPlano Equipa'!C38,'Detalhe Testes'!$C:$C,'MacroPlano Equipa'!D38) -> 5 | G38: =F38/8 -> 0.625 | H38: {=SUMPRODUCT((COLUMN(O38:BY38)>=MIN(IF(O38:BY38<>"",COLUMN(O38:BY38))))*($O$16:$BY$16<=TODAY())*(O38:BY38))} -> 5 | I38: =H38/8 -> 0.625 | M38: =SUM(O38:BY38)-F38 -> 0 | T38: 0 | U38: 0 | Z38: 5 | AA38: 0 | AB38: 0 | AH38: 0 | AI38: 0 | AO38: 0 | AP38: 0 | AV38: 0 | AW38: 0 | BC38: 0 | BD38: 0 | BJ38: 0 | BK38: 0 | BQ38: 0 | BR38: 0 | BX38: 0 | BY38: 0
B39: 2.5 | C39: lt002_instrument | D39: GRSS_CMMSSN_INCM_OFF_BLNC | E39: Neyond | F39: =SUMIFS('Detalhe Testes'!$F:$F,'Detalhe Testes'!$B:$B,'MacroPlano Equipa'!C39,'Detalhe Testes'!$C:$C,'MacroPlano Equipa'!D39) -> 5 | G39: =F39/8 -> 0.625 | H39: {=SUMPRODUCT((COLUMN(O39:BY39)>=MIN(IF(O39:BY39<>"",COLUMN(O39:BY39))))*($O$16:$BY$16<=TODAY())*(O39:BY39))} -> 5 | I39: =H39/8 -> 0.625 | M39: =SUM(O39:BY39)-F39 -> 0 | T39: 0 | U39: 0 | Z39: 2 | AA39: 0 | AB39: 0 | AC39: 3 | AH39: 0 | AI39: 0 | AO39: 0 | AP39: 0 | AV39: 0 | AW39: 0 | BC39: 0 | BD39: 0 | BJ39: 0 | BK39: 0 | BQ39: 0 | BR39: 0 | BX39: 0 | BY39: 0
B40: 2.6 | C40: lt002_instrument | D40: GRSS_CMMSSN_EXPNS_OFF_BLNC | E40: Neyond | F40: =SUMIFS('Detalhe Testes'!$F:$F,'Detalhe Testes'!$B:$B,'MacroPlano Equipa'!C40,'Detalhe Testes'!$C:$C,'MacroPlano Equipa'!D40) -> 5 | G40: =F40/8 -> 0.625 | H40: {=SUMPRODUCT((COLUMN(O40:BY40)>=MIN(IF(O40:BY40<>"",COLUMN(O40:BY40))))*($O$16:$BY$16<=TODAY())*(O40:BY40))} -> 5 | I40: =H40/8 -> 0.625 | M40: =SUM(O40:BY40)-F40 -> 0 | T40: 0 | U40: 0 | AA40: 0 | AB40: 0 | AC40: 5 | AH40: 0 | AI40: 0 | AO40: 0 | AP40: 0 | AV40: 0 | AW40: 0 | BC40: 0 | BD40: 0 | BJ40: 0 | BK40: 0 | BQ40: 0 | BR40: 0 | BX40: 0 | BY40: 0
B41: 2.7 | C41: lt004_protection | D41: UNIVERSO | E41: Neyond | F41: =SUMIFS('Detalhe Testes'!$F:$F,'Detalhe Testes'!$B:$B,'MacroPlano Equipa'!C41,'Detalhe Testes'!$C:$C,'MacroPlano Equipa'!D41) -> 6 | G41: =F41/8 -> 0.75 | H41: {=SUMPRODUCT((COLUMN(O41:BY41)>=MIN(IF(O41:BY41<>"",COLUMN(O41:BY41))))*($O$16:$BY$16<=TODAY())*(O41:BY41))} -> 6.5 | I41: =H41/8 -> 0.8125 | M41: =SUM(O41:BY41)-F41 -> 0.5 | Q41: 0.5 | T41: 0 | U41: 0 | X41: 6 | AA41: 0 | AB41: 0 | AH41: 0 | AI41: 0 | AO41: 0 | AP41: 0 | AV41: 0 | AW41: 0 | BC41: 0 | BD41: 0 | BJ41: 0 | BK41: 0 | BQ41: 0 | BR41: 0 | BX41: 0 | BY41: 0
B42: 2.8 | C42: lt004_protection | D42: TYP_VHCL | E42: Neyond | F42: =SUMIFS('Detalhe Testes'!$F:$F,'Detalhe Testes'!$B:$B,'MacroPlano Equipa'!C42,'Detalhe Testes'!$C:$C,'MacroPlano Equipa'!D42) -> 9 | G42: =F42/8 -> 1.125 | H42: {=SUMPRODUCT((COLUMN(O42:BY42)>=MIN(IF(O42:BY42<>"",COLUMN(O42:BY42))))*($O$16:$BY$16<=TODAY())*(O42:BY42))} -> 10 | I42: =H42/8 -> 1.25 | M42: =SUM(O42:BY42)-F42 -> 1 | Q42: 1 | T42: 0 | U42: 0 | X42: 2 | Y42: 7 | AA42: 0 | AB42: 0 | AH42: 0 | AI42: 0 | AO42: 0 | AP42: 0 | AV42: 0 | AW42: 0 | BC42: 0 | BD42: 0 | BJ42: 0 | BK42: 0 | BQ42: 0 | BR42: 0 | BX42: 0 | BY42: 0
B43: 2.9 | C43: lt007_instr_activity | D43: UNIVERSO | E43: Neyond | F43: =SUMIFS('Detalhe Testes'!$F:$F,'Detalhe Testes'!$B:$B,'MacroPlano Equipa'!C43,'Detalhe Testes'!$C:$C,'MacroPlano Equipa'!D43) -> 16 | G43: =F43/8 -> 2 | H43: {=SUMPRODUCT((COLUMN(O43:BY43)>=MIN(IF(O43:BY43<>"",COLUMN(O43:BY43))))*($O$16:$BY$16<=TODAY())*(O43:BY43))} -> 16 | I43: =H43/8 -> 2 | M43: =SUM(O43:BY43)-F43 -> 0 | T43: 0 | U43: 0 | AH43: 0 | AI43: 0 | AO43: 0 | AP43: 0 | AV43: 0 | AW43: 0 | AZ43: 3 | BB43: 8 | BC43: 0 | BD43: 0 | BE43: 5 | BJ43: 0 | BK43: 0 | BQ43: 0 | BR43: 0 | BX43: 0 | BY43: 0
B44: 2.10 | C44: lt007_instr_activity | D44: PRCNTG_ACTVTY | E44: Neyond | F44: =SUMIFS('Detalhe Testes'!$F:$F,'Detalhe Testes'!$B:$B,'MacroPlano Equipa'!C44,'Detalhe Testes'!$C:$C,'MacroPlano Equipa'!D44) -> 11 | G44: =F44/8 -> 1.375 | H44: {=SUMPRODUCT((COLUMN(O44:BY44)>=MIN(IF(O44:BY44<>"",COLUMN(O44:BY44))))*($O$16:$BY$16<=TODAY())*(O44:BY44))} -> 11 | I44: =H44/8 -> 1.375 | M44: =SUM(O44:BY44)-F44 -> 0 | T44: 0 | U44: 0 | AH44: 0 | AI44: 0 | AO44: 0 | AP44: 0 | AV44: 0 | AW44: 0 | BC44: 0 | BD44: 0 | BF44: 2 | BG44: 8 | BH44: 1 | BJ44: 0 | BK44: 0 | BQ44: 0 | BR44: 0 | BX44: 0 | BY44: 0
B45: 2.11 | C45: lt007_instr_activity | D45: SSTNBL_CTGRY | E45: Neyond | F45: =SUMIFS('Detalhe Testes'!$F:$F,'Detalhe Testes'!$B:$B,'MacroPlano Equipa'!C45,'Detalhe Testes'!$C:$C,'MacroPlano Equipa'!D45) -> 9 | G45: =F45/8 -> 1.125 | H45: {=SUMPRODUCT((COLUMN(O45:BY45)>=MIN(IF(O45:BY45<>"",COLUMN(O45:BY45))))*($O$16:$BY$16<=TODAY())*(O45:BY45))} -> 9 | I45: =H45/8 -> 1.125 | M45: =SUM(O45:BY45)-F45 -> 0 | T45: 0 | U45: 0 | AH45: 0 | AI45: 0 | AO45: 0 | AP45: 0 | AV45: 0 | AW45: 0 | BC45: 0 | BD45: 0 | BH45: 7 | BI45: 2 | BJ45: 0 | BK45: 0 | BQ45: 0 | BR45: 0 | BX45: 0 | BY45: 0
B46: 2.12 | C46: lt007_instr_activity | D46: COD_SOC | E46: Neyond | F46: =SUMIFS('Detalhe Testes'!$F:$F,'Detalhe Testes'!$B:$B,'MacroPlano Equipa'!C46,'Detalhe Testes'!$C:$C,'MacroPlano Equipa'!D46) -> 3 | G46: =F46/8 -> 0.375 | H46: {=SUMPRODUCT((COLUMN(O46:BY46)>=MIN(IF(O46:BY46<>"",COLUMN(O46:BY46))))*($O$16:$BY$16<=TODAY())*(O46:BY46))} -> 3 | I46: =H46/8 -> 0.375 | M46: =SUM(O46:BY46)-F46 -> 0 | T46: 0 | U46: 0 | AH46: 0 | AI46: 0 | AO46: 0 | AP46: 0 | AV46: 0 | AW46: 0 | BC46: 0 | BD46: 0 | BF46: 3 | BJ46: 0 | BK46: 0 | BQ46: 0 | BR46: 0 | BX46: 0 | BY46: 0
B47: 2.13 | C47: lt007_instr_activity | D47: DT_RFRNC | E47: Neyond | F47: =SUMIFS('Detalhe Testes'!$F:$F,'Detalhe Testes'!$B:$B,'MacroPlano Equipa'!C47,'Detalhe Testes'!$C:$C,'MacroPlano Equipa'!D47) -> 3 | G47: =F47/8 -> 0.375 | H47: {=SUMPRODUCT((COLUMN(O47:BY47)>=MIN(IF(O47:BY47<>"",COLUMN(O47:BY47))))*($O$16:$BY$16<=TODAY())*(O47:BY47))} -> 3 | I47: =H47/8 -> 0.375 | M47: =SUM(O47:BY47)-F47 -> 0 | T47: 0 | U47: 0 | AH47: 0 | AI47: 0 | AO47: 0 | AP47: 0 | AV47: 0 | AW47: 0 | BC47: 0 | BD47: 0 | BF47: 3 | BJ47: 0 | BK47: 0 | BQ47: 0 | BR47: 0 | BX47: 0 | BY47: 0
B48: 2.14 | C48: lt007_instr_activity | D48: INSTRMNT_ID | E48: Neyond | F48: =SUMIFS('Detalhe Testes'!$F:$F,'Detalhe Testes'!$B:$B,'MacroPlano Equipa'!C48,'Detalhe Testes'!$C:$C,'MacroPlano Equipa'!D48) -> 3 | G48: =F48/8 -> 0.375 | H48: {=SUMPRODUCT((COLUMN(O48:BY48)>=MIN(IF(O48:BY48<>"",COLUMN(O48:BY48))))*($O$16:$BY$16<=TODAY())*(O48:BY48))} -> 3 | I48: =H48/8 -> 0.375 | M48: =SUM(O48:BY48)-F48 -> 0 | T48: 0 | U48: 0 | AH48: 0 | AI48: 0 | AO48: 0 | AP48: 0 | AV48: 0 | AW48: 0 | BC48: 0 | BD48: 0 | BE48: 3 | BJ48: 0 | BK48: 0 | BQ48: 0 | BR48: 0 | BX48: 0 | BY48: 0
B49: 3. | C49: Testes - Entrega 3 | T49: 0 | U49: 0 | V49: « | AA49: 0 | AB49: 0 | AH49: 0 | AI49: 0 | AO49: 0 | AP49: 0 | AV49: 0 | AW49: 0 | BC49: 0 | BD49: 0 | BJ49: 0 | BK49: 0 | BQ49: 0 | BR49: 0 | BX49: 0 | BY49: 0
B50: 3.1 | C50: lt002_instrument | D50: AVRG_BLNC | E50: Neyond | F50: =SUMIFS('Detalhe Testes'!$F:$F,'Detalhe Testes'!$B:$B,'MacroPlano Equipa'!C50,'Detalhe Testes'!$C:$C,'MacroPlano Equipa'!D50) -> 5 | G50: =F50/8 -> 0.625 | H50: {=SUMPRODUCT((COLUMN(O50:BY50)>=MIN(IF(O50:BY50<>"",COLUMN(O50:BY50))))*($O$16:$BY$16<=TODAY())*(O50:BY50))} -> 5 | I50: =H50/8 -> 0.625 | M50: =SUM(O50:BY50)-F50 -> 0 | T50: 0 | U50: 0 | Y50: 1 | Z50: 4 | AA50: 0 | AB50: 0 | AH50: 0 | AI50: 0 | AO50: 0 | AP50: 0 | AV50: 0 | AW50: 0 | BC50: 0 | BD50: 0 | BJ50: 0 | BK50: 0 | BQ50: 0 | BR50: 0 | BX50: 0 | BY50: 0
B51: 3.2 | C51: lt002_instrument | D51: INTRNL_TRNSFR_RT | E51: Neyond | F51: =SUMIFS('Detalhe Testes'!$F:$F,'Detalhe Testes'!$B:$B,'MacroPlano Equipa'!C51,'Detalhe Testes'!$C:$C,'MacroPlano Equipa'!D51) -> 5 | G51: =F51/8 -> 0.625 | H51: {=SUMPRODUCT((COLUMN(O51:BY51)>=MIN(IF(O51:BY51<>"",COLUMN(O51:BY51))))*($O$16:$BY$16<=TODAY())*(O51:BY51))} -> 5 | I51: =H51/8 -> 0.625 | M51: =SUM(O51:BY51)-F51 -> 0 | T51: 0 | U51: 0 | Z51: 4 | AA51: 0 | AB51: 0 | AC51: 1 | AH51: 0 | AI51: 0 | AO51: 0 | AP51: 0 | AV51: 0 | AW51: 0 | BC51: 0 | BD51: 0 | BJ51: 0 | BK51: 0 | BQ51: 0 | BR51: 0 | BX51: 0 | BY51: 0
B52: 3.3 | C52: lt002_instrument | D52: NT_LN_LSS_PRVSN | E52: Neyond | F52: =SUMIFS('Detalhe Testes'!$F:$F,'Detalhe Testes'!$B:$B,'MacroPlano Equipa'!C52,'Detalhe Testes'!$C:$C,'MacroPlano Equipa'!D52) -> 1 | G52: =F52/8 -> 0.125 | H52: {=SUMPRODUCT((COLUMN(O52:BY52)>=MIN(IF(O52:BY52<>"",COLUMN(O52:BY52))))*($O$16:$BY$16<=TODAY())*(O52:BY52))} -> 1 | I52: =H52/8 -> 0.125 | M52: =SUM(O52:BY52)-F52 -> 0 | T52: 0 | U52: 0 | AA52: 0 | AB52: 0 | AC52: 1 | AH52: 0 | AI52: 0 | AO52: 0 | AP52: 0 | AV52: 0 | AW52: 0 | BC52: 0 | BD52: 0 | BJ52: 0 | BK52: 0 | BQ52: 0 | BR52: 0 | BX52: 0 | BY52: 0
B53: 3.4 | C53: lt002_instrument | D53: MNGMNT_PRDCT | E53: Neyond | F53: =SUMIFS('Detalhe Testes'!$F:$F,'Detalhe Testes'!$B:$B,'MacroPlano Equipa'!C53,'Detalhe Testes'!$C:$C,'MacroPlano Equipa'!D53) -> 5 | G53: =F53/8 -> 0.625 | H53: {=SUMPRODUCT((COLUMN(O53:BY53)>=MIN(IF(O53:BY53<>"",COLUMN(O53:BY53))))*($O$16:$BY$16<=TODAY())*(O53:BY53))} -> 5 | I53: =H53/8 -> 0.625 | M53: =SUM(O53:BY53)-F53 -> 0 | T53: 0 | U53: 0 | AA53: 0 | AB53: 0 | AC53: 5 | AH53: 0 | AI53: 0 | AO53: 0 | AP53: 0 | AV53: 0 | AW53: 0 | BC53: 0 | BD53: 0 | BJ53: 0 | BK53: 0 | BQ53: 0 | BR53: 0 | BX53: 0 | BY53: 0
B54: 3.5 | C54: lt002_instrument | D54: GNS_FNNCL_TRNSCTN_EXCHNG_DFFRNCS | E54: Neyond | F54: =SUMIFS('Detalhe Testes'!$F:$F,'Detalhe Testes'!$B:$B,'MacroPlano Equipa'!C54,'Detalhe Testes'!$C:$C,'MacroPlano Equipa'!D54) -> 3 | G54: =F54/8 -> 0.375 | H54: {=SUMPRODUCT((COLUMN(O54:BY54)>=MIN(IF(O54:BY54<>"",COLUMN(O54:BY54))))*($O$16:$BY$16<=TODAY())*(O54:BY54))} -> 3 | I54: =H54/8 -> 0.375 | M54: =SUM(O54:BY54)-F54 -> 0 | T54: 0 | U54: 0 | AA54: 0 | AB54: 0 | AC54: 1 | AD54: 2 | AH54: 0 | AI54: 0 | AO54: 0 | AP54: 0 | AV54: 0 | AW54: 0 | BC54: 0 | BD54: 0 | BJ54: 0 | BK54: 0 | BQ54: 0 | BR54: 0 | BX54: 0 | BY54: 0
B55: 3.6 | C55: lt002_instrument | D55: FLG_INTRBSNSS | E55: Neyond | F55: =SUMIFS('Detalhe Testes'!$F:$F,'Detalhe Testes'!$B:$B,'MacroPlano Equipa'!C55,'Detalhe Testes'!$C:$C,'MacroPlano Equipa'!D55) -> 3 | G55: =F55/8 -> 0.375 | H55: {=SUMPRODUCT((COLUMN(O55:BY55)>=MIN(IF(O55:BY55<>"",COLUMN(O55:BY55))))*($O$16:$BY$16<=TODAY())*(O55:BY55))} -> 3 | I55: =H55/8 -> 0.375 | M55: =SUM(O55:BY55)-F55 -> 0 | T55: 0 | U55: 0 | AA55: 0 | AB55: 0 | AD55: 3 | AH55: 0 | AI55: 0 | AO55: 0 | AP55: 0 | AV55: 0 | AW55: 0 | BC55: 0 | BD55: 0 | BJ55: 0 | BK55: 0 | BQ55: 0 | BR55: 0 | BX55: 0 | BY55: 0
B56: 3.7 | C56: lt002_instrument | D56: INTRBSNSS_ADJ_COD | E56: Neyond | F56: =SUMIFS('Detalhe Testes'!$F:$F,'Detalhe Testes'!$B:$B,'MacroPlano Equipa'!C56,'Detalhe Testes'!$C:$C,'MacroPlano Equipa'!D56) -> 3 | G56: =F56/8 -> 0.375 | H56: {=SUMPRODUCT((COLUMN(O56:BY56)>=MIN(IF(O56:BY56<>"",COLUMN(O56:BY56))))*($O$16:$BY$16<=TODAY())*(O56:BY56))} -> 3 | I56: =H56/8 -> 0.375 | M56: =SUM(O56:BY56)-F56 -> 0 | T56: 0 | U56: 0 | AA56: 0 | AB56: 0 | AD56: 3 | AH56: 0 | AI56: 0 | AO56: 0 | AP56: 0 | AV56: 0 | AW56: 0 | BC56: 0 | BD56: 0 | BJ56: 0 | BK56: 0 | BQ56: 0 | BR56: 0 | BX56: 0 | BY56: 0
B57: 3.8 | C57: lt002_instrument | D57: COD_SOC_DSTNTN | E57: Neyond | F57: =SUMIFS('Detalhe Testes'!$F:$F,'Detalhe Testes'!$B:$B,'MacroPlano Equipa'!C57,'Detalhe Testes'!$C:$C,'MacroPlano Equipa'!D57) -> 3 | G57: =F57/8 -> 0.375 | H57: {=SUMPRODUCT((COLUMN(O57:BY57)>=MIN(IF(O57:BY57<>"",COLUMN(O57:BY57))))*($O$16:$BY$16<=TODAY())*(O57:BY57))} -> 3 | I57: =H57/8 -> 0.375 | M57: =SUM(O57:BY57)-F57 -> 0 | T57: 0 | U57: 0 | AA57: 0 | AB57: 0 | AD57: 3 | AH57: 0 | AI57: 0 | AO57: 0 | AP57: 0 | AV57: 0 | AW57: 0 | BC57: 0 | BD57: 0 | BJ57: 0 | BK57: 0 | BQ57: 0 | BR57: 0 | BX57: 0 | BY57: 0
B58: 3.9 | C58: lt002_instrument | D58: BSNSS_AREA_DSTNTN | E58: Neyond | F58: =SUMIFS('Detalhe Testes'!$F:$F,'Detalhe Testes'!$B:$B,'MacroPlano Equipa'!C58,'Detalhe Testes'!$C:$C,'MacroPlano Equipa'!D58) -> 3 | G58: =F58/8 -> 0.375 | H58: {=SUMPRODUCT((COLUMN(O58:BY58)>=MIN(IF(O58:BY58<>"",COLUMN(O58:BY58))))*($O$16:$BY$16<=TODAY())*(O58:BY58))} -> 3 | I58: =H58/8 -> 0.375 | M58: =SUM(O58:BY58)-F58 -> 0 | T58: 0 | U58: 0 | AA58: 0 | AB58: 0 | AD58: 3 | AH58: 0 | AI58: 0 | AO58: 0 | AP58: 0 | AV58: 0 | AW58: 0 | BC58: 0 | BD58: 0 | BJ58: 0 | BK58: 0 | BQ58: 0 | BR58: 0 | BX58: 0 | BY58: 0
B59: 3.10 | C59: lt002_instrument | D59: INTRNL_TRNSFR_RT_OFF_BLNC | E59: Neyond | F59: =SUMIFS('Detalhe Testes'!$F:$F,'Detalhe Testes'!$B:$B,'MacroPlano Equipa'!C59,'Detalhe Testes'!$C:$C,'MacroPlano Equipa'!D59) -> 3 | G59: =F59/8 -> 0.375 | H59: {=SUMPRODUCT((COLUMN(O59:BY59)>=MIN(IF(O59:BY59<>"",COLUMN(O59:BY59))))*($O$16:$BY$16<=TODAY())*(O59:BY59))} -> 3 | I59: =H59/8 -> 0.375 | M59: =SUM(O59:BY59)-F59 -> 0 | T59: 0 | U59: 0 | AA59: 0 | AB59: 0 | AD59: 2 | AE59: 1 | AH59: 0 | AI59: 0 | AO59: 0 | AP59: 0 | AV59: 0 | AW59: 0 | BC59: 0 | BD59: 0 | BJ59: 0 | BK59: 0 | BQ59: 0 | BR59: 0 | BX59: 0 | BY59: 0
B60: 3.11 | C60: lt002_instrument | D60: GRSS_INTRST_EXPNS | E60: Neyond | F60: =SUMIFS('Detalhe Testes'!$F:$F,'Detalhe Testes'!$B:$B,'MacroPlano Equipa'!C60,'Detalhe Testes'!$C:$C,'MacroPlano Equipa'!D60) -> 5 | G60: =F60/8 -> 0.625 | H60: {=SUMPRODUCT((COLUMN(O60:BY60)>=MIN(IF(O60:BY60<>"",COLUMN(O60:BY60))))*($O$16:$BY$16<=TODAY())*(O60:BY60))} -> 5 | I60: =H60/8 -> 0.625 | M60: =SUM(O60:BY60)-F60 -> 0 | T60: 0 | U60: 0 | AA60: 0 | AB60: 0 | AE60: 5 | AH60: 0 | AI60: 0 | AO60: 0 | AP60: 0 | AV60: 0 | AW60: 0 | BC60: 0 | BD60: 0 | BJ60: 0 | BK60: 0 | BQ60: 0 | BR60: 0 | BX60: 0 | BY60: 0
B61: 3.12 | C61: lt002_instrument | D61: COD_SOC_INTRGRP | E61: Neyond | F61: =SUMIFS('Detalhe Testes'!$F:$F,'Detalhe Testes'!$B:$B,'MacroPlano Equipa'!C61,'Detalhe Testes'!$C:$C,'MacroPlano Equipa'!D61) -> 3 | G61: =F61/8 -> 0.375 | H61: {=SUMPRODUCT((COLUMN(O61:BY61)>=MIN(IF(O61:BY61<>"",COLUMN(O61:BY61))))*($O$16:$BY$16<=TODAY())*(O61:BY61))} -> 3 | I61: =H61/8 -> 0.375 | M61: =SUM(O61:BY61)-F61 -> 0 | T61: 0 | U61: 0 | AA61: 0 | AB61: 0 | AE61: 3 | AH61: 0 | AI61: 0 | AO61: 0 | AP61: 0 | AV61: 0 | AW61: 0 | BC61: 0 | BD61: 0 | BJ61: 0 | BK61: 0 | BQ61: 0 | BR61: 0 | BX61: 0 | BY61: 0
B62: 4. | C62: Testes - Entrega 4 | T62: 0 | U62: 0 | AA62: 0 | AB62: 0 | AC62: « | AH62: 0 | AI62: 0 | AO62: 0 | AP62: 0 | AV62: 0 | AW62: 0 | BC62: 0 | BD62: 0 | BJ62: 0 | BK62: 0 | BQ62: 0 | BR62: 0 | BX62: 0 | BY62: 0
B63: 4.1 | C63: lt002_instrument | D63: BSNSS_AREA | E63: Neyond | F63: =SUMIFS('Detalhe Testes'!$F:$F,'Detalhe Testes'!$B:$B,'MacroPlano Equipa'!C63,'Detalhe Testes'!$C:$C,'MacroPlano Equipa'!D63) -> 5 | G63: =F63/8 -> 0.625 | H63: {=SUMPRODUCT((COLUMN(O63:BY63)>=MIN(IF(O63:BY63<>"",COLUMN(O63:BY63))))*($O$16:$BY$16<=TODAY())*(O63:BY63))} -> 5 | I63: =H63/8 -> 0.625 | M63: =SUM(O63:BY63)-F63 -> 0 | T63: 0 | U63: 0 | AA63: 0 | AB63: 0 | AE63: 5 | AH63: 0 | AI63: 0 | AO63: 0 | AP63: 0 | AV63: 0 | AW63: 0 | BC63: 0 | BD63: 0 | BJ63: 0 | BK63: 0 | BQ63: 0 | BR63: 0 | BX63: 0 | BY63: 0
B64: 4.2 | C64: lt002_instrument | D64: RWA_OFF_BLNC | E64: Neyond | F64: =SUMIFS('Detalhe Testes'!$F:$F,'Detalhe Testes'!$B:$B,'MacroPlano Equipa'!C64,'Detalhe Testes'!$C:$C,'MacroPlano Equipa'!D64) -> 3 | G64: =F64/8 -> 0.375 | H64: {=SUMPRODUCT((COLUMN(O64:BY64)>=MIN(IF(O64:BY64<>"",COLUMN(O64:BY64))))*($O$16:$BY$16<=TODAY())*(O64:BY64))} -> 3 | I64: =H64/8 -> 0.375 | M64: =SUM(O64:BY64)-F64 -> 0 | T64: 0 | U64: 0 | AA64: 0 | AB64: 0 | AE64: 2 | AF64: 1 | AH64: 0 | AI64: 0 | AO64: 0 | AP64: 0 | AV64: 0 | AW64: 0 | BC64: 0 | BD64: 0 | BJ64: 0 | BK64: 0 | BQ64: 0 | BR64: 0 | BX64: 0 | BY64: 0
B65: 4.3 | C65: lt002_instrument | D65: NT_LN_LSS_PRVSN_OFF_BLNC | E65: Neyond | F65: =SUMIFS('Detalhe Testes'!$F:$F,'Detalhe Testes'!$B:$B,'MacroPlano Equipa'!C65,'Detalhe Testes'!$C:$C,'MacroPlano Equipa'!D65) -> 5 | G65: =F65/8 -> 0.625 | H65: {=SUMPRODUCT((COLUMN(O65:BY65)>=MIN(IF(O65:BY65<>"",COLUMN(O65:BY65))))*($O$16:$BY$16<=TODAY())*(O65:BY65))} -> 5 | I65: =H65/8 -> 0.625 | M65: =SUM(O65:BY65)-F65 -> 0 | T65: 0 | U65: 0 | AA65: 0 | AB65: 0 | AF65: 5 | AH65: 0 | AI65: 0 | AO65: 0 | AP65: 0 | AV65: 0 | AW65: 0 | BC65: 0 | BD65: 0 | BJ65: 0 | BK65: 0 | BQ65: 0 | BR65: 0 | BX65: 0 | BY65: 0
B66: 4.4 | C66: lt002_instrument | D66: CCF | E66: Neyond | F66: =SUMIFS('Detalhe Testes'!$F:$F,'Detalhe Testes'!$B:$B,'MacroPlano Equipa'!C66,'Detalhe Testes'!$C:$C,'MacroPlano Equipa'!D66) -> 3 | G66: =F66/8 -> 0.375 | H66: {=SUMPRODUCT((COLUMN(O66:BY66)>=MIN(IF(O66:BY66<>"",COLUMN(O66:BY66))))*($O$16:$BY$16<=TODAY())*(O66:BY66))} -> 3 | I66: =H66/8 -> 0.375 | M66: =SUM(O66:BY66)-F66 -> 0 | T66: 0 | U66: 0 | AA66: 0 | AB66: 0 | AF66: 3 | AH66: 0 | AI66: 0 | AO66: 0 | AP66: 0 | AV66: 0 | AW66: 0 | BC66: 0 | BD66: 0 | BJ66: 0 | BK66: 0 | BQ66: 0 | BR66: 0 | BX66: 0 | BY66: 0
B67: 4.5 | C67: lt002_instrument | D67: COD_SOC | E67: Neyond | F67: =SUMIFS('Detalhe Testes'!$F:$F,'Detalhe Testes'!$B:$B,'MacroPlano Equipa'!C67,'Detalhe Testes'!$C:$C,'MacroPlano Equipa'!D67) -> 3 | G67: =F67/8 -> 0.375 | H67: {=SUMPRODUCT((COLUMN(O67:BY67)>=MIN(IF(O67:BY67<>"",COLUMN(O67:BY67))))*($O$16:$BY$16<=TODAY())*(O67:BY67))} -> 3 | I67: =H67/8 -> 0.375 | M67: =SUM(O67:BY67)-F67 -> 0 | T67: 0 | U67: 0 | AA67: 0 | AB67: 0 | AF67: 3 | AH67: 0 | AI67: 0 | AO67: 0 | AP67: 0 | AV67: 0 | AW67: 0 | BC67: 0 | BD67: 0 | BJ67: 0 | BK67: 0 | BQ67: 0 | BR67: 0 | BX67: 0 | BY67: 0
B68: 4.6 | C68: lt002_instrument | D68: SUBPORTFOLIO_ID | E68: Neyond | F68: =SUMIFS('Detalhe Testes'!$F:$F,'Detalhe Testes'!$B:$B,'MacroPlano Equipa'!C68,'Detalhe Testes'!$C:$C,'MacroPlano Equipa'!D68) -> 3 | G68: =F68/8 -> 0.375 | H68: {=SUMPRODUCT((COLUMN(O68:BY68)>=MIN(IF(O68:BY68<>"",COLUMN(O68:BY68))))*($O$16:$BY$16<=TODAY())*(O68:BY68))} -> 3 | I68: =H68/8 -> 0.375 | M68: =SUM(O68:BY68)-F68 -> 0 | T68: 0 | U68: 0 | AA68: 0 | AB68: 0 | AF68: 3 | AH68: 0 | AI68: 0 | AO68: 0 | AP68: 0 | AV68: 0 | AW68: 0 | BC68: 0 | BD68: 0 | BJ68: 0 | BK68: 0 | BQ68: 0 | BR68: 0 | BX68: 0 | BY68: 0
B69: 4.7 | C69: lt002_instrument | D69: DFLT_STTS_INSTRMNT | E69: Neyond | F69: =SUMIFS('Detalhe Testes'!$F:$F,'Detalhe Testes'!$B:$B,'MacroPlano Equipa'!C69,'Detalhe Testes'!$C:$C,'MacroPlano Equipa'!D69) -> 5 | G69: =F69/8 -> 0.625 | H69: {=SUMPRODUCT((COLUMN(O69:BY69)>=MIN(IF(O69:BY69<>"",COLUMN(O69:BY69))))*($O$16:$BY$16<=TODAY())*(O69:BY69))} -> 5 | I69: =H69/8 -> 0.625 | M69: =SUM(O69:BY69)-F69 -> 0 | T69: 0 | U69: 0 | AA69: 0 | AB69: 0 | AF69: 1 | AG69: 4 | AH69: 0 | AI69: 0 | AO69: 0 | AP69: 0 | AV69: 0 | AW69: 0 | BC69: 0 | BD69: 0 | BJ69: 0 | BK69: 0 | BQ69: 0 | BR69: 0 | BX69: 0 | BY69: 0
B70: 4.8 | C70: lt002_instrument | D70: IMPRMNT_STTS | E70: Neyond | F70: =SUMIFS('Detalhe Testes'!$F:$F,'Detalhe Testes'!$B:$B,'MacroPlano Equipa'!C70,'Detalhe Testes'!$C:$C,'MacroPlano Equipa'!D70) -> 5 | G70: =F70/8 -> 0.625 | H70: {=SUMPRODUCT((COLUMN(O70:BY70)>=MIN(IF(O70:BY70<>"",COLUMN(O70:BY70))))*($O$16:$BY$16<=TODAY())*(O70:BY70))} -> 5 | I70: =H70/8 -> 0.625 | M70: =SUM(O70:BY70)-F70 -> 0 | T70: 0 | U70: 0 | AA70: 0 | AB70: 0 | AG70: 5 | AH70: 0 | AI70: 0 | AO70: 0 | AP70: 0 | AV70: 0 | AW70: 0 | BC70: 0 | BD70: 0 | BJ70: 0 | BK70: 0 | BQ70: 0 | BR70: 0 | BX70: 0 | BY70: 0
B71: 4.9 | C71: lt002_instrument | D71: PRFRMNG_STTS | E71: Neyond | F71: =SUMIFS('Detalhe Testes'!$F:$F,'Detalhe Testes'!$B:$B,'MacroPlano Equipa'!C71,'Detalhe Testes'!$C:$C,'MacroPlano Equipa'!D71) -> 5 | G71: =F71/8 -> 0.625 | H71: {=SUMPRODUCT((COLUMN(O71:BY71)>=MIN(IF(O71:BY71<>"",COLUMN(O71:BY71))))*($O$16:$BY$16<=TODAY())*(O71:BY71))} -> 5 | I71: =H71/8 -> 0.625 | M71: =SUM(O71:BY71)-F71 -> 0 | T71: 0 | U71: 0 | AA71: 0 | AB71: 0 | AG71: 5 | AH71: 0 | AI71: 0 | AO71: 0 | AP71: 0 | AV71: 0 | AW71: 0 | BC71: 0 | BD71: 0 | BJ71: 0 | BK71: 0 | BQ71: 0 | BR71: 0 | BX71: 0 | BY71: 0
B72: 4.10 | C72: lt002_instrument | D72: TYP_INSTRMNT | E72: Neyond | F72: =SUMIFS('Detalhe Testes'!$F:$F,'Detalhe Testes'!$B:$B,'MacroPlano Equipa'!C72,'Detalhe Testes'!$C:$C,'MacroPlano Equipa'!D72) -> 5 | G72: =F72/8 -> 0.625 | H72: {=SUMPRODUCT((COLUMN(O72:BY72)>=MIN(IF(O72:BY72<>"",COLUMN(O72:BY72))))*($O$16:$BY$16<=TODAY())*(O72:BY72))} -> 5 | I72: =H72/8 -> 0.625 | M72: =SUM(O72:BY72)-F72 -> 0 | T72: 0 | U72: 0 | AA72: 0 | AB72: 0 | AG72: 2 | AH72: 0 | AI72: 0 | AJ72: 3 | AO72: 0 | AP72: 0 | AV72: 0 | AW72: 0 | BC72: 0 | BD72: 0 | BJ72: 0 | BK72: 0 | BQ72: 0 | BR72: 0 | BX72: 0 | BY72: 0
B73: 4.11 | C73: lt002_instrument | D73: GRSS_CRRYNG_AMNT_INSTRMNT | E73: Neyond | F73: =SUMIFS('Detalhe Testes'!$F:$F,'Detalhe Testes'!$B:$B,'MacroPlano Equipa'!C73,'Detalhe Testes'!$C:$C,'MacroPlano Equipa'!D73) -> 3 | G73: =F73/8 -> 0.375 | H73: {=SUMPRODUCT((COLUMN(O73:BY73)>=MIN(IF(O73:BY73<>"",COLUMN(O73:BY73))))*($O$16:$BY$16<=TODAY())*(O73:BY73))} -> 3 | I73: =H73/8 -> 0.375 | M73: =SUM(O73:BY73)-F73 -> 0 | T73: 0 | U73: 0 | AA73: 0 | AB73: 0 | AH73: 0 | AI73: 0 | AJ73: 3 | AO73: 0 | AP73: 0 | AV73: 0 | AW73: 0 | BC73: 0 | BD73: 0 | BJ73: 0 | BK73: 0 | BQ73: 0 | BR73: 0 | BX73: 0 | BY73: 0
B74: 4.12 | C74: lt002_instrument | D74: PRVSNS_OFF_BLNC_SHT | E74: Neyond | F74: =SUMIFS('Detalhe Testes'!$F:$F,'Detalhe Testes'!$B:$B,'MacroPlano Equipa'!C74,'Detalhe Testes'!$C:$C,'MacroPlano Equipa'!D74) -> 3 | G74: =F74/8 -> 0.375 | H74: {=SUMPRODUCT((COLUMN(O74:BY74)>=MIN(IF(O74:BY74<>"",COLUMN(O74:BY74))))*($O$16:$BY$16<=TODAY())*(O74:BY74))} -> 3 | I74: =H74/8 -> 0.375 | M74: =SUM(O74:BY74)-F74 -> 0 | T74: 0 | U74: 0 | AA74: 0 | AB74: 0 | AH74: 0 | AI74: 0 | AJ74: 2 | AK74: 1 | AO74: 0 | AP74: 0 | AV74: 0 | AW74: 0 | BC74: 0 | BD74: 0 | BJ74: 0 | BK74: 0 | BQ74: 0 | BR74: 0 | BX74: 0 | BY74: 0
B75: 4.13 | C75: lt002_instrument | D75: LCL_INSTMRNT_ID | E75: Neyond | F75: =SUMIFS('Detalhe Testes'!$F:$F,'Detalhe Testes'!$B:$B,'MacroPlano Equipa'!C75,'Detalhe Testes'!$C:$C,'MacroPlano Equipa'!D75) -> 7 | G75: =F75/8 -> 0.875 | H75: {=SUMPRODUCT((COLUMN(O75:BY75)>=MIN(IF(O75:BY75<>"",COLUMN(O75:BY75))))*($O$16:$BY$16<=TODAY())*(O75:BY75))} -> 7 | I75: =H75/8 -> 0.875 | M75: =SUM(O75:BY75)-F75 -> 0 | T75: 0 | U75: 0 | AA75: 0 | AB75: 0 | AH75: 0 | AI75: 0 | AK75: 7 | AO75: 0 | AP75: 0 | AV75: 0 | AW75: 0 | BC75: 0 | BD75: 0 | BJ75: 0 | BK75: 0 | BQ75: 0 | BR75: 0 | BX75: 0 | BY75: 0
B76: 4.14 | C76: lt004_protection | D76: COD_SOC | E76: Neyond | F76: =SUMIFS('Detalhe Testes'!$F:$F,'Detalhe Testes'!$B:$B,'MacroPlano Equipa'!C76,'Detalhe Testes'!$C:$C,'MacroPlano Equipa'!D76) -> 3 | G76: =F76/8 -> 0.375 | H76: {=SUMPRODUCT((COLUMN(O76:BY76)>=MIN(IF(O76:BY76<>"",COLUMN(O76:BY76))))*($O$16:$BY$16<=TODAY())*(O76:BY76))} -> 3 | I76: =H76/8 -> 0.375 | M76: =SUM(O76:BY76)-F76 -> 0 | T76: 0 | U76: 0 | AA76: 0 | AB76: 0 | AH76: 0 | AI76: 0 | AL76: 3 | AO76: 0 | AP76: 0 | AV76: 0 | AW76: 0 | BC76: 0 | BD76: 0 | BJ76: 0 | BK76: 0 | BQ76: 0 | BR76: 0 | BX76: 0 | BY76: 0
B77: 4.15 | C77: lt004_protection | D77: DT_RFRNC | E77: Neyond | F77: =SUMIFS('Detalhe Testes'!$F:$F,'Detalhe Testes'!$B:$B,'MacroPlano Equipa'!C77,'Detalhe Testes'!$C:$C,'MacroPlano Equipa'!D77) -> 3 | G77: =F77/8 -> 0.375 | H77: {=SUMPRODUCT((COLUMN(O77:BY77)>=MIN(IF(O77:BY77<>"",COLUMN(O77:BY77))))*($O$16:$BY$16<=TODAY())*(O77:BY77))} -> 3 | I77: =H77/8 -> 0.375 | M77: =SUM(O77:BY77)-F77 -> 0 | T77: 0 | U77: 0 | AA77: 0 | AB77: 0 | AH77: 0 | AI77: 0 | AL77: 3 | AO77: 0 | AP77: 0 | AV77: 0 | AW77: 0 | BC77: 0 | BD77: 0 | BJ77: 0 | BK77: 0 | BQ77: 0 | BR77: 0 | BX77: 0 | BY77: 0
B78: 4.16 | C78: lt004_protection | D78: PRTCTN_ID | E78: Neyond | F78: =SUMIFS('Detalhe Testes'!$F:$F,'Detalhe Testes'!$B:$B,'MacroPlano Equipa'!C78,'Detalhe Testes'!$C:$C,'MacroPlano Equipa'!D78) -> 3 | G78: =F78/8 -> 0.375 | H78: {=SUMPRODUCT((COLUMN(O78:BY78)>=MIN(IF(O78:BY78<>"",COLUMN(O78:BY78))))*($O$16:$BY$16<=TODAY())*(O78:BY78))} -> 3 | I78: =H78/8 -> 0.375 | M78: =SUM(O78:BY78)-F78 -> 0 | T78: 0 | U78: 0 | AA78: 0 | AB78: 0 | AH78: 0 | AI78: 0 | AL78: 2 | AM78: 1 | AO78: 0 | AP78: 0 | AV78: 0 | AW78: 0 | BC78: 0 | BD78: 0 | BJ78: 0 | BK78: 0 | BQ78: 0 | BR78: 0 | BX78: 0 | BY78: 0
B79: 4.17 | C79: lt004_protection | D79: TYP_PRTCTN | E79: Neyond | F79: =SUMIFS('Detalhe Testes'!$F:$F,'Detalhe Testes'!$B:$B,'MacroPlano Equipa'!C79,'Detalhe Testes'!$C:$C,'MacroPlano Equipa'!D79) -> 5 | G79: =F79/8 -> 0.625 | H79: {=SUMPRODUCT((COLUMN(O79:BY79)>=MIN(IF(O79:BY79<>"",COLUMN(O79:BY79))))*($O$16:$BY$16<=TODAY())*(O79:BY79))} -> 5 | I79: =H79/8 -> 0.625 | M79: =SUM(O79:BY79)-F79 -> 0 | T79: 0 | U79: 0 | AA79: 0 | AB79: 0 | AH79: 0 | AI79: 0 | AM79: 5 | AO79: 0 | AP79: 0 | AV79: 0 | AW79: 0 | BC79: 0 | BD79: 0 | BJ79: 0 | BK79: 0 | BQ79: 0 | BR79: 0 | BX79: 0 | BY79: 0
B80: 4.18 | C80: lt004_protection | D80: PRTCTN_VL | E80: Neyond | F80: =SUMIFS('Detalhe Testes'!$F:$F,'Detalhe Testes'!$B:$B,'MacroPlano Equipa'!C80,'Detalhe Testes'!$C:$C,'MacroPlano Equipa'!D80) -> 3 | G80: =F80/8 -> 0.375 | H80: {=SUMPRODUCT((COLUMN(O80:BY80)>=MIN(IF(O80:BY80<>"",COLUMN(O80:BY80))))*($O$16:$BY$16<=TODAY())*(O80:BY80))} -> 3 | I80: =H80/8 -> 0.375 | M80: =SUM(O80:BY80)-F80 -> 0 | T80: 0 | U80: 0 | AA80: 0 | AB80: 0 | AH80: 0 | AI80: 0 | AM80: 2 | AN80: 1 | AO80: 0 | AP80: 0 | AV80: 0 | AW80: 0 | BC80: 0 | BD80: 0 | BJ80: 0 | BK80: 0 | BQ80: 0 | BR80: 0 | BX80: 0 | BY80: 0
B81: 4.19 | C81: lt004_protection | D81: FLG_ELCTRC_VHCL | E81: Neyond | F81: =SUMIFS('Detalhe Testes'!$F:$F,'Detalhe Testes'!$B:$B,'MacroPlano Equipa'!C81,'Detalhe Testes'!$C:$C,'MacroPlano Equipa'!D81) -> 7 | G81: =F81/8 -> 0.875 | H81: {=SUMPRODUCT((COLUMN(O81:BY81)>=MIN(IF(O81:BY81<>"",COLUMN(O81:BY81))))*($O$16:$BY$16<=TODAY())*(O81:BY81))} -> 7 | I81: =H81/8 -> 0.875 | M81: =SUM(O81:BY81)-F81 -> 0 | T81: 0 | U81: 0 | AA81: 0 | AB81: 0 | AH81: 0 | AI81: 0 | AN81: 7 | AO81: 0 | AP81: 0 | AV81: 0 | AW81: 0 | BC81: 0 | BD81: 0 | BJ81: 0 | BK81: 0 | BQ81: 0 | BR81: 0 | BX81: 0 | BY81: 0
B82: 4.20 | C82: lt006_instr_protection | D82: UNIVERSO | E82: Neyond | F82: =SUMIFS('Detalhe Testes'!$F:$F,'Detalhe Testes'!$B:$B,'MacroPlano Equipa'!C82,'Detalhe Testes'!$C:$C,'MacroPlano Equipa'!D82) -> 6 | G82: =F82/8 -> 0.75 | H82: {=SUMPRODUCT((COLUMN(O82:BY82)>=MIN(IF(O82:BY82<>"",COLUMN(O82:BY82))))*($O$16:$BY$16<=TODAY())*(O82:BY82))} -> 6 | I82: =H82/8 -> 0.75 | M82: =SUM(O82:BY82)-F82 -> 0 | T82: 0 | U82: 0 | AA82: 0 | AB82: 0 | AH82: 0 | AI82: 0 | AO82: 0 | AP82: 0 | AQ82: 6 | AV82: 0 | AW82: 0 | BC82: 0 | BD82: 0 | BJ82: 0 | BK82: 0 | BQ82: 0 | BR82: 0 | BX82: 0 | BY82: 0
B83: 4.21 | C83: lt006_instr_protection | D83: COD_SOC | E83: Neyond | F83: =SUMIFS('Detalhe Testes'!$F:$F,'Detalhe Testes'!$B:$B,'MacroPlano Equipa'!C83,'Detalhe Testes'!$C:$C,'MacroPlano Equipa'!D83) -> 3 | G83: =F83/8 -> 0.375 | H83: {=SUMPRODUCT((COLUMN(O83:BY83)>=MIN(IF(O83:BY83<>"",COLUMN(O83:BY83))))*($O$16:$BY$16<=TODAY())*(O83:BY83))} -> 3 | I83: =H83/8 -> 0.375 | M83: =SUM(O83:BY83)-F83 -> 0 | T83: 0 | U83: 0 | AA83: 0 | AB83: 0 | AH83: 0 | AI83: 0 | AO83: 0 | AP83: 0 | AQ83: 2 | AS83: 1 | AV83: 0 | AW83: 0 | BC83: 0 | BD83: 0 | BJ83: 0 | BK83: 0 | BQ83: 0 | BR83: 0 | BX83: 0 | BY83: 0
B84: 4.22 | C84: lt006_instr_protection | D84: DT_RFRNC | E84: Neyond | F84: =SUMIFS('Detalhe Testes'!$F:$F,'Detalhe Testes'!$B:$B,'MacroPlano Equipa'!C84,'Detalhe Testes'!$C:$C,'MacroPlano Equipa'!D84) -> 3 | G84: =F84/8 -> 0.375 | H84: {=SUMPRODUCT((COLUMN(O84:BY84)>=MIN(IF(O84:BY84<>"",COLUMN(O84:BY84))))*($O$16:$BY$16<=TODAY())*(O84:BY84))} -> 3 | I84: =H84/8 -> 0.375 | M84: =SUM(O84:BY84)-F84 -> 0 | T84: 0 | U84: 0 | AA84: 0 | AB84: 0 | AH84: 0 | AI84: 0 | AO84: 0 | AP84: 0 | AS84: 3 | AV84: 0 | AW84: 0 | BC84: 0 | BD84: 0 | BJ84: 0 | BK84: 0 | BQ84: 0 | BR84: 0 | BX84: 0 | BY84: 0
B85: 4.23 | C85: lt006_instr_protection | D85: INSTRMNT_ID | E85: Neyond | F85: =SUMIFS('Detalhe Testes'!$F:$F,'Detalhe Testes'!$B:$B,'MacroPlano Equipa'!C85,'Detalhe Testes'!$C:$C,'MacroPlano Equipa'!D85) -> 3 | G85: =F85/8 -> 0.375 | H85: {=SUMPRODUCT((COLUMN(O85:BY85)>=MIN(IF(O85:BY85<>"",COLUMN(O85:BY85))))*($O$16:$BY$16<=TODAY())*(O85:BY85))} -> 3 | I85: =H85/8 -> 0.375 | M85: =SUM(O85:BY85)-F85 -> 0 | T85: 0 | U85: 0 | AA85: 0 | AB85: 0 | AH85: 0 | AI85: 0 | AO85: 0 | AP85: 0 | AS85: 3 | AV85: 0 | AW85: 0 | BC85: 0 | BD85: 0 | BJ85: 0 | BK85: 0 | BQ85: 0 | BR85: 0 | BX85: 0 | BY85: 0
B86: 4.24 | C86: lt006_instr_protection | D86: PRTCTN_ID | E86: Neyond | F86: =SUMIFS('Detalhe Testes'!$F:$F,'Detalhe Testes'!$B:$B,'MacroPlano Equipa'!C86,'Detalhe Testes'!$C:$C,'MacroPlano Equipa'!D86) -> 3 | G86: =F86/8 -> 0.375 | H86: {=SUMPRODUCT((COLUMN(O86:BY86)>=MIN(IF(O86:BY86<>"",COLUMN(O86:BY86))))*($O$16:$BY$16<=TODAY())*(O86:BY86))} -> 3 | I86: =H86/8 -> 0.375 | M86: =SUM(O86:BY86)-F86 -> 0 | T86: 0 | U86: 0 | AA86: 0 | AB86: 0 | AH86: 0 | AI86: 0 | AO86: 0 | AP86: 0 | AS86: 1 | AT86: 2 | AV86: 0 | AW86: 0 | BC86: 0 | BD86: 0 | BJ86: 0 | BK86: 0 | BQ86: 0 | BR86: 0 | BX86: 0 | BY86: 0
B87: 4.25 | C87: lt006_instr_protection | D87: TYP_RLTN | E87: Neyond | F87: =SUMIFS('Detalhe Testes'!$F:$F,'Detalhe Testes'!$B:$B,'MacroPlano Equipa'!C87,'Detalhe Testes'!$C:$C,'MacroPlano Equipa'!D87) -> 9 | G87: =F87/8 -> 1.125 | H87: {=SUMPRODUCT((COLUMN(O87:BY87)>=MIN(IF(O87:BY87<>"",COLUMN(O87:BY87))))*($O$16:$BY$16<=TODAY())*(O87:BY87))} -> 9 | I87: =H87/8 -> 1.125 | M87: =SUM(O87:BY87)-F87 -> 0 | T87: 0 | U87: 0 | AA87: 0 | AB87: 0 | AH87: 0 | AI87: 0 | AO87: 0 | AP87: 0 | AT87: 6 | AV87: 0 | AW87: 0 | AX87: 3 | BC87: 0 | BD87: 0 | BJ87: 0 | BK87: 0 | BQ87: 0 | BR87: 0 | BX87: 0 | BY87: 0
B88: 4.26 | C88: lt007_instr_activity | D88: SSTNBL_INDCTR | E88: Neyond | F88: =SUMIFS('Detalhe Testes'!$F:$F,'Detalhe Testes'!$B:$B,'MacroPlano Equipa'!C88,'Detalhe Testes'!$C:$C,'MacroPlano Equipa'!D88) -> 13 | G88: =F88/8 -> 1.625 | H88: {=SUMPRODUCT((COLUMN(O88:BY88)>=MIN(IF(O88:BY88<>"",COLUMN(O88:BY88))))*($O$16:$BY$16<=TODAY())*(O88:BY88))} -> 13 | I88: =H88/8 -> 1.625 | M88: =SUM(O88:BY88)-F88 -> 0 | T88: 0 | U88: 0 | AA88: 0 | AB88: 0 | AH88: 0 | AI88: 0 | AO88: 0 | AP88: 0 | AV88: 0 | AW88: 0 | BC88: 0 | BD88: 0 | BI88: 6 | BJ88: 0 | BK88: 0 | BL88: 7 | BQ88: 0 | BR88: 0 | BX88: 0 | BY88: 0
B89: 5. | C89: Testes - Entrega 5 | T89: 0 | U89: 0 | AA89: 0 | AB89: 0 | AH89: 0 | AI89: 0 | AJ89: « | AO89: 0 | AP89: 0 | AV89: 0 | AW89: 0 | BC89: 0 | BD89: 0 | BJ89: 0 | BK89: 0 | BQ89: 0 | BR89: 0 | BX89: 0 | BY89: 0
B90: 5.1 | C90: lt002_instrument | D90: EAD | E90: Neyond | F90: =SUMIFS('Detalhe Testes'!$F:$F,'Detalhe Testes'!$B:$B,'MacroPlano Equipa'!C90,'Detalhe Testes'!$C:$C,'MacroPlano Equipa'!D90) -> 3 | G90: =F90/8 -> 0.375 | H90: {=SUMPRODUCT((COLUMN(O90:BY90)>=MIN(IF(O90:BY90<>"",COLUMN(O90:BY90))))*($O$16:$BY$16<=TODAY())*(O90:BY90))} -> 3 | I90: =H90/8 -> 0.375 | M90: =SUM(O90:BY90)-F90 -> 0 | T90: 0 | U90: 0 | AA90: 0 | AB90: 0 | AH90: 0 | AI90: 0 | AO90: 0 | AP90: 0 | AV90: 0 | AW90: 0 | AX90: 3 | BC90: 0 | BD90: 0 | BJ90: 0 | BK90: 0 | BQ90: 0 | BR90: 0 | BX90: 0 | BY90: 0
B91: 5.2 | C91: lt002_instrument | D91: TYP_OFF_BLNC_PRDCT | E91: Neyond | F91: =SUMIFS('Detalhe Testes'!$F:$F,'Detalhe Testes'!$B:$B,'MacroPlano Equipa'!C91,'Detalhe Testes'!$C:$C,'MacroPlano Equipa'!D91) -> 3 | G91: =F91/8 -> 0.375 | H91: {=SUMPRODUCT((COLUMN(O91:BY91)>=MIN(IF(O91:BY91<>"",COLUMN(O91:BY91))))*($O$16:$BY$16<=TODAY())*(O91:BY91))} -> 3 | I91: =H91/8 -> 0.375 | M91: =SUM(O91:BY91)-F91 -> 0 | T91: 0 | U91: 0 | AA91: 0 | AB91: 0 | AH91: 0 | AI91: 0 | AO91: 0 | AP91: 0 | AV91: 0 | AW91: 0 | AX91: 3 | BC91: 0 | BD91: 0 | BJ91: 0 | BK91: 0 | BQ91: 0 | BR91: 0 | BX91: 0 | BY91: 0
B92: 5.3 | C92: lt002_instrument | D92: ACCMLTD_CHNGS_FV_CR_INSTRMNT | E92: Neyond | F92: =SUMIFS('Detalhe Testes'!$F:$F,'Detalhe Testes'!$B:$B,'MacroPlano Equipa'!C92,'Detalhe Testes'!$C:$C,'MacroPlano Equipa'!D92) -> 3 | G92: =F92/8 -> 0.375 | H92: {=SUMPRODUCT((COLUMN(O92:BY92)>=MIN(IF(O92:BY92<>"",COLUMN(O92:BY92))))*($O$16:$BY$16<=TODAY())*(O92:BY92))} -> 3 | I92: =H92/8 -> 0.375 | M92: =SUM(O92:BY92)-F92 -> 0 | T92: 0 | U92: 0 | AA92: 0 | AB92: 0 | AH92: 0 | AI92: 0 | AO92: 0 | AP92: 0 | AV92: 0 | AW92: 0 | AX92: 3 | BC92: 0 | BD92: 0 | BJ92: 0 | BK92: 0 | BQ92: 0 | BR92: 0 | BX92: 0 | BY92: 0
B93: 5.4 | C93: lt002_instrument | D93: ACCNTNG_CLSSFCTN | E93: Neyond | F93: =SUMIFS('Detalhe Testes'!$F:$F,'Detalhe Testes'!$B:$B,'MacroPlano Equipa'!C93,'Detalhe Testes'!$C:$C,'MacroPlano Equipa'!D93) -> 5 | G93: =F93/8 -> 0.625 | H93: {=SUMPRODUCT((COLUMN(O93:BY93)>=MIN(IF(O93:BY93<>"",COLUMN(O93:BY93))))*($O$16:$BY$16<=TODAY())*(O93:BY93))} -> 5 | I93: =H93/8 -> 0.625 | M93: =SUM(O93:BY93)-F93 -> 0 | T93: 0 | U93: 0 | AA93: 0 | AB93: 0 | AH93: 0 | AI93: 0 | AO93: 0 | AP93: 0 | AV93: 0 | AW93: 0 | AX93: 4 | AY93: 1 | BC93: 0 | BD93: 0 | BJ93: 0 | BK93: 0 | BQ93: 0 | BR93: 0 | BX93: 0 | BY93: 0
B94: 5.5 | C94: lt002_instrument | D94: OFF_BLNC_SHT_AMNT_INSTRMNT | E94: Neyond | F94: =SUMIFS('Detalhe Testes'!$F:$F,'Detalhe Testes'!$B:$B,'MacroPlano Equipa'!C94,'Detalhe Testes'!$C:$C,'MacroPlano Equipa'!D94) -> 3 | G94: =F94/8 -> 0.375 | H94: {=SUMPRODUCT((COLUMN(O94:BY94)>=MIN(IF(O94:BY94<>"",COLUMN(O94:BY94))))*($O$16:$BY$16<=TODAY())*(O94:BY94))} -> 3 | I94: =H94/8 -> 0.375 | M94: =SUM(O94:BY94)-F94 -> 0 | T94: 0 | U94: 0 | AA94: 0 | AB94: 0 | AH94: 0 | AI94: 0 | AO94: 0 | AP94: 0 | AV94: 0 | AW94: 0 | AY94: 3 | BC94: 0 | BD94: 0 | BJ94: 0 | BK94: 0 | BQ94: 0 | BR94: 0 | BX94: 0 | BY94: 0
B95: 5.6 | C95: lt002_instrument | D95: RWA | E95: Neyond | F95: =SUMIFS('Detalhe Testes'!$F:$F,'Detalhe Testes'!$B:$B,'MacroPlano Equipa'!C95,'Detalhe Testes'!$C:$C,'MacroPlano Equipa'!D95) -> 3 | G95: =F95/8 -> 0.375 | H95: {=SUMPRODUCT((COLUMN(O95:BY95)>=MIN(IF(O95:BY95<>"",COLUMN(O95:BY95))))*($O$16:$BY$16<=TODAY())*(O95:BY95))} -> 3 | I95: =H95/8 -> 0.375 | M95: =SUM(O95:BY95)-F95 -> 0 | T95: 0 | U95: 0 | AA95: 0 | AB95: 0 | AH95: 0 | AI95: 0 | AO95: 0 | AP95: 0 | AV95: 0 | AW95: 0 | AY95: 3 | BC95: 0 | BD95: 0 | BJ95: 0 | BK95: 0 | BQ95: 0 | BR95: 0 | BX95: 0 | BY95: 0
B96: 5.7 | C96: lt002_instrument | D96: ACCMLTD_IMPRMNT_INSTRMNT | E96: Neyond | F96: =SUMIFS('Detalhe Testes'!$F:$F,'Detalhe Testes'!$B:$B,'MacroPlano Equipa'!C96,'Detalhe Testes'!$C:$C,'MacroPlano Equipa'!D96) -> 3 | G96: =F96/8 -> 0.375 | H96: {=SUMPRODUCT((COLUMN(O96:BY96)>=MIN(IF(O96:BY96<>"",COLUMN(O96:BY96))))*($O$16:$BY$16<=TODAY())*(O96:BY96))} -> 3 | I96: =H96/8 -> 0.375 | M96: =SUM(O96:BY96)-F96 -> 0 | T96: 0 | U96: 0 | AA96: 0 | AB96: 0 | AH96: 0 | AI96: 0 | AO96: 0 | AP96: 0 | AV96: 0 | AW96: 0 | AY96: 3 | BC96: 0 | BD96: 0 | BJ96: 0 | BK96: 0 | BQ96: 0 | BR96: 0 | BX96: 0 | BY96: 0
B97: 5.8 | C97: lt002_instrument | D97: IDCMB | E97: Neyond | F97: =SUMIFS('Detalhe Testes'!$F:$F,'Detalhe Testes'!$B:$B,'MacroPlano Equipa'!C97,'Detalhe Testes'!$C:$C,'MacroPlano Equipa'!D97) -> 11 | G97: =F97/8 -> 1.375 | H97: {=SUMPRODUCT((COLUMN(O97:BY97)>=MIN(IF(O97:BY97<>"",COLUMN(O97:BY97))))*($O$16:$BY$16<=TODAY())*(O97:BY97))} -> 11 | I97: =H97/8 -> 1.375 | M97: =SUM(O97:BY97)-F97 -> 0 | T97: 0 | U97: 0 | AA97: 0 | AB97: 0 | AH97: 0 | AI97: 0 | AO97: 0 | AP97: 0 | AV97: 0 | AW97: 0 | AY97: 6 | AZ97: 5 | BC97: 0 | BD97: 0 | BJ97: 0 | BK97: 0 | BQ97: 0 | BR97: 0 | BX97: 0 | BY97: 0
B98: 6. | C98: Re-Testes | T98: 0 | U98: 0 | AA98: 0 | AB98: 0 | AH98: 0 | AI98: 0 | AJ98: « | AO98: 0 | AP98: 0 | AV98: 0 | AW98: 0 | BC98: 0 | BD98: 0 | BJ98: 0 | BK98: 0 | BQ98: 0 | BR98: 0 | BX98: 0 | BY98: 0
B99: 6.1 | C99: Re-Testes às correções efetuadas | E99: Neyond | F99: 81.4 | G99: 5.0875 | H99: {=SUMPRODUCT((COLUMN(O99:BY99)>=MIN(IF(O99:BY99<>"",COLUMN(O99:BY99))))*($O$16:$BY$16<=TODAY())*(O99:BY99))} -> 81.4 | I99: =H99/8 -> 10.175 | M99: =SUM(O99:BY99)-F99 -> 0 | T99: 0 | U99: 0 | AA99: 0 | AB99: 0 | AH99: 0 | AI99: 0 | AO99: 0 | AP99: 0 | AV99: 0 | AW99: 0 | BC99: 0 | BD99: 0 | BJ99: 0 | BK99: 0 | BL99: 9 | BM99: 16 | BN99: 16 | BO99: 16 | BP99: 16 | BQ99: 0 | BR99: 0 | BS99: 8.4 | BX99: 0 | BY99: 0
B100: 7. | C100: Documentação | T100: 0 | U100: 0 | AA100: 0 | AB100: 0 | AH100: 0 | AI100: 0 | AJ100: « | AO100: 0 | AP100: 0 | AV100: 0 | AW100: 0 | BC100: 0 | BD100: 0 | BJ100: 0 | BK100: 0 | BQ100: 0 | BR100: 0 | BX100: 0 | BY100: 0
B101: 7.1 | C101: Atualização do documento de especificação | E101: Neyond | F101: 80 | G101: 10 | H101: {=SUMPRODUCT((COLUMN(O101:BY101)>=MIN(IF(O101:BY101<>"",COLUMN(O101:BY101))))*($O$16:$BY$16<=TODAY())*(O101:BY101))} -> 39.6 | I101: =H101/8 -> 4.95 | M101: =SUM(O101:BY101)-F101 -> -8.4 | T101: 0 | U101: 0 | AA101: 0 | AB101: 0 | AH101: 0 | AI101: 0 | AO101: 0 | AP101: 0 | AV101: 0 | AW101: 0 | BC101: 0 | BD101: 0 | BJ101: 0 | BK101: 0 | BQ101: 0 | BR101: 0 | BS101: 7.6 | BT101: 16 | BU101: 16 | BV101: 16 | BW101: 16 | BX101: 0 | BY101: 0

Sheet Detalhe Entregas e Status
I7: Entrega IT | Q7: Re-testes
B8: Tabela | C8: Campo | D8: Concat | E8: Structural | F8: Green Dashboard | G8: Pillar III ESG | H8: Entrega Neyond | I8: Data Prevista | J8: Data Real | K8: Atraso (em dias) | M8: # Incidências | N8: Re-especificação Neyond | O8: Correção IT | Q8: Dt c/ Pedido Correção | R8: Dt Prevista Correção | S8: Dt c/ Novo Pedido Correção | T8: Comentários | V8: Status Atual | W8: Status Anterior
B9: lt002_instrument | C9: UNIVERSO | D9: =_xlfn.CONCAT(B9,C9) -> lt002_instrumentUNIVERSO | E9: - | F9: - | G9: - | H9: Package 1 | I9: 45782 | J9: 45782 | K9: =+IF(J9="","N/A",J9-I9) -> 0 | M9: =SUMIFS('Detalhe Testes'!$H:$H,'Detalhe Testes'!$B:$B,'Detalhe Entregas e Status'!B9,'Detalhe Testes'!$C:$C,'Detalhe Entregas e Status'!C9) -> 534004 | N9: Não | O9: Sim | Q9: 45814 | R9: 45849 | V9: 4. Em Correção | W9: 4. Em Correção
B10: lt002_instrument | C10: AVRG_BLNC | D10: =_xlfn.CONCAT(B10,C10) -> lt002_instrumentAVRG_BLNC | E10: N | F10: Y | G10: N | H10: Package 4 | I10: 45796 | J10: 45796 | K10: =+IF(J10="","N/A",J10-I10) -> 0 | M10: =SUMIFS('Detalhe Testes'!$H:$H,'Detalhe Testes'!$B:$B,'Detalhe Entregas e Status'!B10,'Detalhe Testes'!$C:$C,'Detalhe Entregas e Status'!C10) -> 0 | N10: Sim | O10: Sim | Q10: 45803 | R10: 45846 | V10: 5. Em Re-teste | W10: 4. Em Correção
A11: x | B11: lt002_instrument | C11: NW_BSNSS | D11: =_xlfn.CONCAT(B11,C11) -> lt002_instrumentNW_BSNSS | E11: N | F11: Y | G11: Y | H11: Package 5 | I11: 45782 | J11: 45782 | K11: =+IF(J11="","N/A",J11-I11) -> 0 | M11: =SUMIFS('Detalhe Testes'!$H:$H,'Detalhe Testes'!$B:$B,'Detalhe Entregas e Status'!B11,'Detalhe Testes'!$C:$C,'Detalhe Entregas e Status'!C11) -> 0 | R11: 45849 | V11: 4. Em Correção | W11: 4. Em Correção
A12: x | B12: lt002_instrument | C12: GRSS_INTRST_INCM | D12: =_xlfn.CONCAT(B12,C12) -> lt002_instrumentGRSS_INTRST_INCM | E12: N | F12: Y | G12: Y | H12: Package 4 | I12: 45789 | J12: 45789 | K12: =+IF(J12="","N/A",J12-I12) -> 0 | M12: =SUMIFS('Detalhe Testes'!$H:$H,'Detalhe Testes'!$B:$B,'Detalhe Entregas e Status'!B12,'Detalhe Testes'!$C:$C,'Detalhe Entregas e Status'!C12) -> 0 | N12: Sim | O12: Sim | Q12: 45803 | R12: 45849 | V12: 4. Em Correção | W12: 4. Em Correção
A13: x | B13: lt002_instrument | C13: GRSS_CMMSSN_INCM | D13: =_xlfn.CONCAT(B13,C13) -> lt002_instrumentGRSS_CMMSSN_INCM | E13: N | F13: Y | G13: Y | H13: Package 4 | I13: 45789 | J13: 45789 | K13: =+IF(J13="","N/A",J13-I13) -> 0 | M13: =SUMIFS('Detalhe Testes'!$H:$H,'Detalhe Testes'!$B:$B,'Detalhe Entregas e Status'!B13,'Detalhe Testes'!$C:$C,'Detalhe Entregas e Status'!C13) -> 0 | N13: Sim | O13: Sim | Q13: 45803 | R13: 45849 | V13: 4. Em Correção | W13: 4. Em Correção
B14: lt002_instrument | C14: INTRNL_TRNSFR_RT | D14: =_xlfn.CONCAT(B14,C14) -> lt002_instrumentINTRNL_TRNSFR_RT | E14: N | F14: Y | G14: N | H14: Package 1 | I14: 45796 | J14: 45796 | K14: =+IF(J14="","N/A",J14-I14) -> 0 | M14: =SUMIFS('Detalhe Testes'!$H:$H,'Detalhe Testes'!$B:$B,'Detalhe Entregas e Status'!B14,'Detalhe Testes'!$C:$C,'Detalhe Entregas e Status'!C14) -> 0 | N14: Sim | O14: Sim | Q14: 45803 | R14: 45849 | V14: 4. Em Correção | W14: 4. Em Correção
B15: lt002_instrument | C15: NT_LN_LSS_PRVSN | D15: =_xlfn.CONCAT(B15,C15) -> lt002_instrumentNT_LN_LSS_PRVSN | E15: N | F15: Y | G15: N | H15: Package 4 | I15: 45796 | J15: 45796 | K15: =+IF(J15="","N/A",J15-I15) -> 0 | M15: =SUMIFS('Detalhe Testes'!$H:$H,'Detalhe Testes'!$B:$B,'Detalhe Entregas e Status'!B15,'Detalhe Testes'!$C:$C,'Detalhe Entregas e Status'!C15) -> 0 | N15: Sim | O15: Sim | Q15: 45803 | R15: 45854 | V15: 4. Em Correção | W15: 4. Em Correção
B16: lt002_instrument | C16: BSNSS_AREA | D16: =_xlfn.CONCAT(B16,C16) -> lt002_instrumentBSNSS_AREA | E16: N | F16: Y | G16: N | H16: Package 5 | I16: 45803 | J16: 45803 | K16: =+IF(J16="","N/A",J16-I16) -> 0 | M16: =SUMIFS('Detalhe Testes'!$H:$H,'Detalhe Testes'!$B:$B,'Detalhe Entregas e Status'!B16,'Detalhe Testes'!$C:$C,'Detalhe Entregas e Status'!C16) -> 0 | Q16: 45833 | R16: 45849 | V16: 4. Em Correção | W16: 4. Em Correção
B17: lt002_instrument | C17: MNGMNT_PRDCT | D17: =_xlfn.CONCAT(B17,C17) -> lt002_instrumentMNGMNT_PRDCT | E17: N | F17: Y | G17: N | H17: Package 1 | I17: 45796 | J17: 45796 | K17: =+IF(J17="","N/A",J17-I17) -> 0 | M17: =SUMIFS('Detalhe Testes'!$H:$H,'Detalhe Testes'!$B:$B,'Detalhe Entregas e Status'!B17,'Detalhe Testes'!$C:$C,'Detalhe Entregas e Status'!C17) -> 0 | Q17: 45833 | R17: 45849 | T17: Ok do lado de IT, corrigir a nossa simulação | V17: 4. Em Correção | W17: 4. Em Correção
B18: lt002_instrument | C18: GRSS_CMMSSN_EXPNS | D18: =_xlfn.CONCAT(B18,C18) -> lt002_instrumentGRSS_CMMSSN_EXPNS | E18: N | F18: Y | G18: N | H18: Package 4 | I18: 45789 | J18: 45789 | K18: =+IF(J18="","N/A",J18-I18) -> 0 | M18: =SUMIFS('Detalhe Testes'!$H:$H,'Detalhe Testes'!$B:$B,'Detalhe Entregas e Status'!B18,'Detalhe Testes'!$C:$C,'Detalhe Entregas e Status'!C18) -> 0 | N18: Sim | O18: Sim | Q18: 45803 | R18: 45849 | V18: 4. Em Correção | W18: 4. Em Correção
B19: lt002_instrument | C19: GNS_FNNCL_TRNSCTN_EXCHNG_DFFRNCS | D19: =_xlfn.CONCAT(B19,C19) -> lt002_instrumentGNS_FNNCL_TRNSCTN_EXCHNG_DFFRNCS | E19: N | F19: Y | G19: N | H19: Package 4 | I19: 45796 | J19: 45796 | K19: =+IF(J19="","N/A",J19-I19) -> 0 | M19: =SUMIFS('Detalhe Testes'!$H:$H,'Detalhe Testes'!$B:$B,'Detalhe Entregas e Status'!B19,'Detalhe Testes'!$C:$C,'Detalhe Entregas e Status'!C19) -> 0 | N19: Sim | O19: Sim | Q19: 45803 | R19: 18/jun e 26/jun | T19: c/ incidências | V19: 5. Em Re-teste | W19: 5. Em Re-teste
B20: lt002_instrument | C20: FLG_INTRBSNSS | D20: =_xlfn.CONCAT(B20,C20) -> lt002_instrumentFLG_INTRBSNSS | E20: N | F20: Y | G20: N | H20: Package 1 | I20: 45796 | J20: 45796 | K20: =+IF(J20="","N/A",J20-I20) -> 0 | M20: =SUMIFS('Detalhe Testes'!$H:$H,'Detalhe Testes'!$B:$B,'Detalhe Entregas e Status'!B20,'Detalhe Testes'!$C:$C,'Detalhe Entregas e Status'!C20) -> 268230 | N20: Não | O20: Sim | Q20: 45804 | R20: 45854 | V20: 4. Em Correção | W20: 4. Em Correção
B21: lt002_instrument | C21: INTRBSNSS_ADJ_COD | D21: =_xlfn.CONCAT(B21,C21) -> lt002_instrumentINTRBSNSS_ADJ_COD | E21: N | F21: Y | G21: N | H21: Package 1 | I21: 45796 | J21: 45796 | K21: =+IF(J21="","N/A",J21-I21) -> 0 | M21: =SUMIFS('Detalhe Testes'!$H:$H,'Detalhe Testes'!$B:$B,'Detalhe Entregas e Status'!B21,'Detalhe Testes'!$C:$C,'Detalhe Entregas e Status'!C21) -> 0 | V21: 1. Concluído | W21: 1. Concluído
B22: lt002_instrument | C22: COD_SOC_DSTNTN | D22: =_xlfn.CONCAT(B22,C22) -> lt002_instrumentCOD_SOC_DSTNTN | E22: N | F22: Y | G22: N | H22: Package 1 | I22: 45796 | J22: 45796 | K22: =+IF(J22="","N/A",J22-I22) -> 0 | M22: =SUMIFS('Detalhe Testes'!$H:$H,'Detalhe Testes'!$B:$B,'Detalhe Entregas e Status'!B22,'Detalhe Testes'!$C:$C,'Detalhe Entregas e Status'!C22) -> 0 | V22: 1. Concluído | W22: 1. Concluído
B23: lt002_instrument | C23: BSNSS_AREA_DSTNTN | D23: =_xlfn.CONCAT(B23,C23) -> lt002_instrumentBSNSS_AREA_DSTNTN | E23: N | F23: Y | G23: N | H23: Package 1 | I23: 45796 | J23: 45796 | K23: =+IF(J23="","N/A",J23-I23) -> 0 | M23: =SUMIFS('Detalhe Testes'!$H:$H,'Detalhe Testes'!$B:$B,'Detalhe Entregas e Status'!B23,'Detalhe Testes'!$C:$C,'Detalhe Entregas e Status'!C23) -> 0 | V23: 1. Concluído | W23: 1. Concluído
B24: lt002_instrument | C24: AVRG_BLNC_OFF_BLNC | D24: =_xlfn.CONCAT(B24,C24) -> lt002_instrumentAVRG_BLNC_OFF_BLNC | E24: N | F24: Y | G24: N | H24: Package 4 | I24: 45789 | J24: 45789 | K24: =+IF(J24="","N/A",J24-I24) -> 0 | M24: =SUMIFS('Detalhe Testes'!$H:$H,'Detalhe Testes'!$B:$B,'Detalhe Entregas e Status'!B24,'Detalhe Testes'!$C:$C,'Detalhe Entregas e Status'!C24) -> 0 | N24: Sim | O24: Sim | Q24: 45803 | R24: 45846 | V24: 5. Em Re-teste | W24: 4. Em Correção
B25: lt002_instrument | C25: INTRNL_TRNSFR_RT_OFF_BLNC | D25: =_xlfn.CONCAT(B25,C25) -> lt002_instrumentINTRNL_TRNSFR_RT_OFF_BLNC | E25: N | F25: Y | G25: N | H25: Package 1 | I25: 45796 | J25: 45796 | K25: =+IF(J25="","N/A",J25-I25) -> 0 | M25: =SUMIFS('Detalhe Testes'!$H:$H,'Detalhe Testes'!$B:$B,'Detalhe Entregas e Status'!B25,'Detalhe Testes'!$C:$C,'Detalhe Entregas e Status'!C25) -> 0 | V25: 1. Concluído | W25: 1. Concluído
A26: x | B26: lt002_instrument | C26: GRSS_CMMSSN_INCM_OFF_BLNC | D26: =_xlfn.CONCAT(B26,C26) -> lt002_instrumentGRSS_CMMSSN_INCM_OFF_BLNC | E26: N | F26: Y | G26: Y | H26: Package 4 | I26: 45789 | J26: 45789 | K26: =+IF(J26="","N/A",J26-I26) -> 0 | M26: =SUMIFS('Detalhe Testes'!$H:$H,'Detalhe Testes'!$B:$B,'Detalhe Entregas e Status'!B26,'Detalhe Testes'!$C:$C,'Detalhe Entregas e Status'!C26) -> 0 | N26: Sim | O26: Sim | Q26: 45803 | R26: 45849 | V26: 4. Em Correção | W26: 4. Em Correção
B27: lt002_instrument | C27: GRSS_CMMSSN_EXPNS_OFF_BLNC | D27: =_xlfn.CONCAT(B27,C27) -> lt002_instrumentGRSS_CMMSSN_EXPNS_OFF_BLNC | E27: N | F27: Y | G27: N | H27: Package 4 | I27: 45789 | J27: 45789 | K27: =+IF(J27="","N/A",J27-I27) -> 0 | M27: =SUMIFS('Detalhe Testes'!$H:$H,'Detalhe Testes'!$B:$B,'Detalhe Entregas e Status'!B27,'Detalhe Testes'!$C:$C,'Detalhe Entregas e Status'!C27) -> 0 | N27: Sim | O27: Sim | Q27: 45803 | R27: 45849 | V27: 4. Em Correção | W27: 4. Em Correção
B28: lt002_instrument | C28: RWA_OFF_BLNC | D28: =_xlfn.CONCAT(B28,C28) -> lt002_instrumentRWA_OFF_BLNC | E28: N | F28: Y | G28: N | H28: Package 1 | I28: 45803 | J28: 45803 | K28: =+IF(J28="","N/A",J28-I28) -> 0 | M28: =SUMIFS('Detalhe Testes'!$H:$H,'Detalhe Testes'!$B:$B,'Detalhe Entregas e Status'!B28,'Detalhe Testes'!$C:$C,'Detalhe Entregas e Status'!C28) -> 0 | Q28: 45833 | R28: 45849 | T28: Ok do lado de IT | V28: 4. Em Correção | W28: 4. Em Correção
B29: lt002_instrument | C29: GRSS_INTRST_EXPNS | D29: =_xlfn.CONCAT(B29,C29) -> lt002_instrumentGRSS_INTRST_EXPNS | E29: N | F29: Y | G29: N | H29: Package 4 | I29: 45796 | J29: 45796 | K29: =+IF(J29="","N/A",J29-I29) -> 0 | M29: =SUMIFS('Detalhe Testes'!$H:$H,'Detalhe Testes'!$B:$B,'Detalhe Entregas e Status'!B29,'Detalhe Testes'!$C:$C,'Detalhe Entregas e Status'!C29) -> 0 | N29: Sim | O29: Sim | Q29: 45803 | R29: 18/jun e 26/jun | T29: c/ incidências | V29: 5. Em Re-teste | W29: 5. Em Re-teste
B30: lt002_instrument | C30: NT_LN_LSS_PRVSN_OFF_BLNC | D30: =_xlfn.CONCAT(B30,C30) -> lt002_instrumentNT_LN_LSS_PRVSN_OFF_BLNC | E30: N | F30: Y | G30: N | H30: Package 4 | I30: 45803 | J30: 45803 | K30: =+IF(J30="","N/A",J30-I30) -> 0 | M30: =SUMIFS('Detalhe Testes'!$H:$H,'Detalhe Testes'!$B:$B,'Detalhe Entregas e Status'!B30,'Detalhe Testes'!$C:$C,'Detalhe Entregas e Status'!C30) -> 0 | N30: Sim | O30: Sim | Q30: 45803 | R30: 45854 | V30: 4. Em Correção | W30: 4. Em Correção
B31: lt002_instrument | C31: GRSS_INTRST_INCM_CCRR | D31: =_xlfn.CONCAT(B31,C31) -> lt002_instrumentGRSS_INTRST_INCM_CCRR | E31: N | F31: Y | G31: N | H31: Package 4 | I31: 45782 | J31: 45782 | K31: =+IF(J31="","N/A",J31-I31) -> 0 | M31: =SUMIFS('Detalhe Testes'!$H:$H,'Detalhe Testes'!$B:$B,'Detalhe Entregas e Status'!B31,'Detalhe Testes'!$C:$C,'Detalhe Entregas e Status'!C31) -> 0 | V31: 1. Concluído | W31: 1. Concluído
B32: lt002_instrument | C32: GRSS_INTRST_EXPNS_CCRR | D32: =_xlfn.CONCAT(B32,C32) -> lt002_instrumentGRSS_INTRST_EXPNS_CCRR | E32: N | F32: Y | G32: N | H32: Package 4 | I32: 45782 | J32: 45782 | K32: =+IF(J32="","N/A",J32-I32) -> 0 | M32: =SUMIFS('Detalhe Testes'!$H:$H,'Detalhe Testes'!$B:$B,'Detalhe Entregas e Status'!B32,'Detalhe Testes'!$C:$C,'Detalhe Entregas e Status'!C32) -> 0 | V32: 1. Concluído | W32: 1. Concluído
B33: lt002_instrument | C33: GRSS_CMMSSN_INCM_CCRR | D33: =_xlfn.CONCAT(B33,C33) -> lt002_instrumentGRSS_CMMSSN_INCM_CCRR | E33: N | F33: Y | G33: N | H33: Package 4 | I33: 45782 | J33: 45782 | K33: =+IF(J33="","N/A",J33-I33) -> 0 | M33: =SUMIFS('Detalhe Testes'!$H:$H,'Detalhe Testes'!$B:$B,'Detalhe Entregas e Status'!B33,'Detalhe Testes'!$C:$C,'Detalhe Entregas e Status'!C33) -> 0 | V33: 1. Concluído | W33: 1. Concluído
B34: lt002_instrument | C34: GRSS_CMMSSN_EXPNS_CCRR | D34: =_xlfn.CONCAT(B34,C34) -> lt002_instrumentGRSS_CMMSSN_EXPNS_CCRR | E34: N | F34: Y | G34: N | H34: Package 4 | I34: 45782 | J34: 45782 | K34: =+IF(J34="","N/A",J34-I34) -> 0 | M34: =SUMIFS('Detalhe Testes'!$H:$H,'Detalhe Testes'!$B:$B,'Detalhe Entregas e Status'!B34,'Detalhe Testes'!$C:$C,'Detalhe Entregas e Status'!C34) -> 0 | V34: 1. Concluído | W34: 1. Concluído
B35: lt002_instrument | C35: GNS_FNNCL_TRNSCTN_EXCHNG_CCRR | D35: =_xlfn.CONCAT(B35,C35) -> lt002_instrumentGNS_FNNCL_TRNSCTN_EXCHNG_CCRR | E35: N | F35: Y | G35: N | H35: Package 4 | I35: 45782 | J35: 45782 | K35: =+IF(J35="","N/A",J35-I35) -> 0 | M35: =SUMIFS('Detalhe Testes'!$H:$H,'Detalhe Testes'!$B:$B,'Detalhe Entregas e Status'!B35,'Detalhe Testes'!$C:$C,'Detalhe Entregas e Status'!C35) -> 0 | V35: 1. Concluído | W35: 1. Concluído
B36: lt002_instrument | C36: BSNSS_AREA_CCRR | D36: =_xlfn.CONCAT(B36,C36) -> lt002_instrumentBSNSS_AREA_CCRR | E36: N | F36: Y | G36: N | H36: Package 4 | I36: 45782 | J36: 45782 | K36: =+IF(J36="","N/A",J36-I36) -> 0 | M36: =SUMIFS('Detalhe Testes'!$H:$H,'Detalhe Testes'!$B:$B,'Detalhe Entregas e Status'!B36,'Detalhe Testes'!$C:$C,'Detalhe Entregas e Status'!C36) -> 0 | N36: Não | O36: Sim | Q36: 45825 | V36: 1. Concluído | W36: 1. Concluído
B37: lt002_instrument | C37: GRSS_CMMSSN_INCM_OFF_BLNC_CCRR | D37: =_xlfn.CONCAT(B37,C37) -> lt002_instrumentGRSS_CMMSSN_INCM_OFF_BLNC_CCRR | E37: N | F37: Y | G37: N | H37: Package 4 | I37: 45782 | J37: 45782 | K37: =+IF(J37="","N/A",J37-I37) -> 0 | M37: =SUMIFS('Detalhe Testes'!$H:$H,'Detalhe Testes'!$B:$B,'Detalhe Entregas e Status'!B37,'Detalhe Testes'!$C:$C,'Detalhe Entregas e Status'!C37) -> 0 | V37: 1. Concluído | W37: 1. Concluído
B38: lt002_instrument | C38: GRSS_CMMSSN_EXPNS_OFF_BLNC_CCRR | D38: =_xlfn.CONCAT(B38,C38) -> lt002_instrumentGRSS_CMMSSN_EXPNS_OFF_BLNC_CCRR | E38: N | F38: Y | G38: N | H38: Package 4 | I38: 45782 | J38: 45782 | K38: =+IF(J38="","N/A",J38-I38) -> 0 | M38: =SUMIFS('Detalhe Testes'!$H:$H,'Detalhe Testes'!$B:$B,'Detalhe Entregas e Status'!B38,'Detalhe Testes'!$C:$C,'Detalhe Entregas e Status'!C38) -> 0 | V38: 1. Concluído | W38: 1. Concluído
B39: lt002_instrument | C39: CCF | D39: =_xlfn.CONCAT(B39,C39) -> lt002_instrumentCCF | E39: Y | F39: Y | G39: N | H39: Package 2 | I39: 45803 | J39: 45803 | K39: =+IF(J39="","N/A",J39-I39) -> 0 | M39: =SUMIFS('Detalhe Testes'!$H:$H,'Detalhe Testes'!$B:$B,'Detalhe Entregas e Status'!B39,'Detalhe Testes'!$C:$C,'Detalhe Entregas e Status'!C39) -> 0 | N39: Não | O39: Sim | Q39: 45814 | R39: 45846 | T39: está ok | V39: 5. Em Re-teste | W39: 4. Em Correção
B40: lt002_instrument | C40: EAD | D40: =_xlfn.CONCAT(B40,C40) -> lt002_instrumentEAD | E40: Y | F40: Y | G40: N | H40: Package 2 | I40: 45810 | J40: 45810 | K40: =+IF(J40="","N/A",J40-I40) -> 0 | M40: =SUMIFS('Detalhe Testes'!$H:$H,'Detalhe Testes'!$B:$B,'Detalhe Entregas e Status'!B40,'Detalhe Testes'!$C:$C,'Detalhe Entregas e Status'!C40) -> 0 | N40: Não | O40: Sim | Q40: 45814 | R40: 45846 | T40: 7 NOK | V40: 5. Em Re-teste | W40: 4. Em Correção
B41: lt002_instrument | C41: TYP_OFF_BLNC_PRDCT | D41: =_xlfn.CONCAT(B41,C41) -> lt002_instrumentTYP_OFF_BLNC_PRDCT | E41: Y | F41: Y | G41: Y | H41: Package 2 | I41: 45810 | J41: 45810 | K41: =+IF(J41="","N/A",J41-I41) -> 0 | M41: =SUMIFS('Detalhe Testes'!$H:$H,'Detalhe Testes'!$B:$B,'Detalhe Entregas e Status'!B41,'Detalhe Testes'!$C:$C,'Detalhe Entregas e Status'!C41) -> 0 | Q41: 45841 | R41: 45854 | V41: 4. Em Correção | W41: 4. Em Correção
B42: lt002_instrument | C42: COD_SOC | D42: =_xlfn.CONCAT(B42,C42) -> lt002_instrumentCOD_SOC | E42: Y | F42: Y | G42: Y | H42: Package 2 | I42: 45803 | J42: 45803 | K42: =+IF(J42="","N/A",J42-I42) -> 0 | M42: =SUMIFS('Detalhe Testes'!$H:$H,'Detalhe Testes'!$B:$B,'Detalhe Entregas e Status'!B42,'Detalhe Testes'!$C:$C,'Detalhe Entregas e Status'!C42) -> 0 | V42: 1. Concluído | W42: 1. Concluído
B43: lt002_instrument | C43: SUBPORTFOLIO_ID | D43: =_xlfn.CONCAT(B43,C43) -> lt002_instrumentSUBPORTFOLIO_ID | E43: Y | F43: Y | G43: Y | H43: Package 2 | I43: 45803 | J43: 45803 | K43: =+IF(J43="","N/A",J43-I43) -> 0 | M43: =SUMIFS('Detalhe Testes'!$H:$H,'Detalhe Testes'!$B:$B,'Detalhe Entregas e Status'!B43,'Detalhe Testes'!$C:$C,'Detalhe Entregas e Status'!C43) -> 0 | Q43: 45841 | R43: 45854 | V43: 4. Em Correção | W43: 4. Em Correção
B44: lt002_instrument | C44: DT_RFRNC | D44: =_xlfn.CONCAT(B44,C44) -> lt002_instrumentDT_RFRNC | E44: Y | F44: Y | G44: Y | H44: Package 2 | I44: 45782 | J44: 45782 | K44: =+IF(J44="","N/A",J44-I44) -> 0 | M44: =SUMIFS('Detalhe Testes'!$H:$H,'Detalhe Testes'!$B:$B,'Detalhe Entregas e Status'!B44,'Detalhe Testes'!$C:$C,'Detalhe Entregas e Status'!C44) -> 0 | V44: 1. Concluído | W44: 1. Concluído
B45: lt002_instrument | C45: DFLT_STTS_INSTRMNT | D45: =_xlfn.CONCAT(B45,C45) -> lt002_instrumentDFLT_STTS_INSTRMNT | E45: Y | F45: Y | G45: Y | H45: Package 2 | I45: 45803 | J45: 45803 | K45: =+IF(J45="","N/A",J45-I45) -> 0 | M45: =SUMIFS('Detalhe Testes'!$H:$H,'Detalhe Testes'!$B:$B,'Detalhe Entregas e Status'!B45,'Detalhe Testes'!$C:$C,'Detalhe Entregas e Status'!C45) -> 0 | Q45: 45841 | R45: 45849 | T45: Será disponibilizado no dia 11 no âmbito do projeto LF. | V45: 4. Em Correção | W45: 4. Em Correção
B46: lt002_instrument | C46: IMPRMNT_STTS | D46: =_xlfn.CONCAT(B46,C46) -> lt002_instrumentIMPRMNT_STTS | E46: Y | F46: Y | G46: Y | H46: Package 2 | I46: 45803 | J46: 45803 | K46: =+IF(J46="","N/A",J46-I46) -> 0 | M46: =SUMIFS('Detalhe Testes'!$H:$H,'Detalhe Testes'!$B:$B,'Detalhe Entregas e Status'!B46,'Detalhe Testes'!$C:$C,'Detalhe Entregas e Status'!C46) -> 0 | N46: Não | O46: Sim | Q46: 45814 | R46: 45846 | T46: c/ incidências | V46: 5. Em Re-teste | W46: 4. Em Correção
B47: lt002_instrument | C47: PRFRMNG_STTS | D47: =_xlfn.CONCAT(B47,C47) -> lt002_instrumentPRFRMNG_STTS | E47: Y | F47: Y | G47: Y | H47: Package 2 | I47: 45803 | J47: 45803 | K47: =+IF(J47="","N/A",J47-I47) -> 0 | M47: =SUMIFS('Detalhe Testes'!$H:$H,'Detalhe Testes'!$B:$B,'Detalhe Entregas e Status'!B47,'Detalhe Testes'!$C:$C,'Detalhe Entregas e Status'!C47) -> 0 | N47: Não | O47: Sim | Q47: 45814 | R47: 45846 | T47: c/ incidências | V47: 5. Em Re-teste | W47: 4. Em Correção
B48: lt002_instrument | C48: TYP_INSTRMNT | D48: =_xlfn.CONCAT(B48,C48) -> lt002_instrumentTYP_INSTRMNT | E48: Y | F48: Y | G48: Y | H48: Package 2 | I48: 45803 | J48: 45803 | K48: =+IF(J48="","N/A",J48-I48) -> 0 | M48: =SUMIFS('Detalhe Testes'!$H:$H,'Detalhe Testes'!$B:$B,'Detalhe Entregas e Status'!B48,'Detalhe Testes'!$C:$C,'Detalhe Entregas e Status'!C48) -> 0 | Q48: 45841 | R48: 45854 | V48: 4. Em Correção | W48: 4. Em Correção
B49: lt002_instrument | C49: GRSS_CRRYNG_AMNT_INSTRMNT | D49: =_xlfn.CONCAT(B49,C49) -> lt002_instrumentGRSS_CRRYNG_AMNT_INSTRMNT | E49: Y | F49: Y | G49: Y | H49: Package 2 | I49: 45803 | J49: 45803 | K49: =+IF(J49="","N/A",J49-I49) -> 0 | M49: =SUMIFS('Detalhe Testes'!$H:$H,'Detalhe Testes'!$B:$B,'Detalhe Entregas e Status'!B49,'Detalhe Testes'!$C:$C,'Detalhe Entregas e Status'!C49) -> 0 | N49: Não | O49: Sim | Q49: 45814 | R49: 45846 | T49: c/ incidências | V49: 5. Em Re-teste | W49: 4. Em Correção
B50: lt002_instrument | C50: ACCMLTD_CHNGS_FV_CR_INSTRMNT | D50: =_xlfn.CONCAT(B50,C50) -> lt002_instrumentACCMLTD_CHNGS_FV_CR_INSTRMNT | E50: Y | F50: Y | G50: Y | H50: Package 2 | I50: 45810 | J50: 45810 | K50: =+IF(J50="","N/A",J50-I50) -> 0 | M50: =SUMIFS('Detalhe Testes'!$H:$H,'Detalhe Testes'!$B:$B,'Detalhe Entregas e Status'!B50,'Detalhe Testes'!$C:$C,'Detalhe Entregas e Status'!C50) -> 0 | N50: Não | O50: Sim | Q50: 45814 | R50: 45846 | V50: 5. Em Re-teste | W50: 4. Em Correção
B51: lt002_instrument | C51: ACCNTNG_CLSSFCTN | D51: =_xlfn.CONCAT(B51,C51) -> lt002_instrumentACCNTNG_CLSSFCTN | E51: Y | F51: Y | G51: Y | H51: Package 2 | I51: 45810 | J51: 45810 | K51: =+IF(J51="","N/A",J51-I51) -> 0 | M51: =SUMIFS('Detalhe Testes'!$H:$H,'Detalhe Testes'!$B:$B,'Detalhe Entregas e Status'!B51,'Detalhe Testes'!$C:$C,'Detalhe Entregas e Status'!C51) -> 0 | Q51: 45841 | R51: 45854 | V51: 4. Em Correção | W51: 4. Em Correção
B52: lt002_instrument | C52: OFF_BLNC_SHT_AMNT_INSTRMNT | D52: =_xlfn.CONCAT(B52,C52) -> lt002_instrumentOFF_BLNC_SHT_AMNT_INSTRMNT | E52: Y | F52: Y | G52: N | H52: Package 2 | I52: 45810 | J52: 45810 | K52: =+IF(J52="","N/A",J52-I52) -> 0 | M52: =SUMIFS('Detalhe Testes'!$H:$H,'Detalhe Testes'!$B:$B,'Detalhe Entregas e Status'!B52,'Detalhe Testes'!$C:$C,'Detalhe Entregas e Status'!C52) -> 0 | N52: Não | O52: Sim | Q52: 45814 | R52: 45846 | T52: c/ incidências | V52: 5. Em Re-teste | W52: 4. Em Correção
B53: lt002_instrument | C53: PRVSNS_OFF_BLNC_SHT | D53: =_xlfn.CONCAT(B53,C53) -> lt002_instrumentPRVSNS_OFF_BLNC_SHT | E53: Y | F53: Y | G53: N | H53: Package 2 | I53: 45803 | J53: 45803 | K53: =+IF(J53="","N/A",J53-I53) -> 0 | M53: =SUMIFS('Detalhe Testes'!$H:$H,'Detalhe Testes'!$B:$B,'Detalhe Entregas e Status'!B53,'Detalhe Testes'!$C:$C,'Detalhe Entregas e Status'!C53) -> 0 | N53: Não | O53: Sim | Q53: 45814 | R53: 45846 | T53: c/ incidências | V53: 5. Em Re-teste | W53: 4. Em Correção
B54: lt002_instrument | C54: RWA | D54: =_xlfn.CONCAT(B54,C54) -> lt002_instrumentRWA | E54: Y | F54: Y | G54: Y | H54: Package 2 | I54: 45810 | J54: 45810 | K54: =+IF(J54="","N/A",J54-I54) -> 0 | M54: =SUMIFS('Detalhe Testes'!$H:$H,'Detalhe Testes'!$B:$B,'Detalhe Entregas e Status'!B54,'Detalhe Testes'!$C:$C,'Detalhe Entregas e Status'!C54) -> 0 | N54: Não | O54: Sim | Q54: 45814 | R54: 45846 | V54: 5. Em Re-teste | W54: 4. Em Correção
B55: lt002_instrument | C55: ACCMLTD_IMPRMNT_INSTRMNT | D55: =_xlfn.CONCAT(B55,C55) -> lt002_instrumentACCMLTD_IMPRMNT_INSTRMNT | E55: Y | F55: Y | G55: Y | H55: Package 2 | I55: 45810 | J55: 45810 | K55: =+IF(J55="","N/A",J55-I55) -> 0 | M55: =SUMIFS('Detalhe Testes'!$H:$H,'Detalhe Testes'!$B:$B,'Detalhe Entregas e Status'!B55,'Detalhe Testes'!$C:$C,'Detalhe Entregas e Status'!C55) -> 0 | N55: Não | O55: Sim | Q55: 45814 | R55: 45846 | T55: c/ incidências | V55: 5. Em Re-teste | W55: 4. Em Correção
B56: lt002_instrument | C56: COD_SOC_INTRGRP | D56: =_xlfn.CONCAT(B56,C56) -> lt002_instrumentCOD_SOC_INTRGRP | E56: Y | F56: Y | G56: N | H56: Package 2 | I56: 45796 | J56: 45796 | K56: =+IF(J56="","N/A",J56-I56) -> 0 | M56: =SUMIFS('Detalhe Testes'!$H:$H,'Detalhe Testes'!$B:$B,'Detalhe Entregas e Status'!B56,'Detalhe Testes'!$C:$C,'Detalhe Entregas e Status'!C56) -> 0 | V56: 1. Concluído | W56: 1. Concluído
B57: lt002_instrument | C57: LCL_INSTMRNT_ID | D57: =_xlfn.CONCAT(B57,C57) -> lt002_instrumentLCL_INSTMRNT_ID | E57: Y | F57: Y | G57: Y | H57: Package 5 | I57: 45803 | J57: 45803 | K57: =+IF(J57="","N/A",J57-I57) -> 0 | M57: =SUMIFS('Detalhe Testes'!$H:$H,'Detalhe Testes'!$B:$B,'Detalhe Entregas e Status'!B57,'Detalhe Testes'!$C:$C,'Detalhe Entregas e Status'!C57) -> 0 | V57: 1. Concluído | W57: 1. Concluído
B58: lt002_instrument | C58: IDCMB | D58: =_xlfn.CONCAT(B58,C58) -> lt002_instrumentIDCMB | E58: Y | F58: Y | G58: Y | H58: Package 7 | I58: 45810 | J58: 45810 | K58: =+IF(J58="","N/A",J58-I58) -> 0 | M58: =SUMIFS('Detalhe Testes'!$H:$H,'Detalhe Testes'!$B:$B,'Detalhe Entregas e Status'!B58,'Detalhe Testes'!$C:$C,'Detalhe Entregas e Status'!C58) -> 0 | V58: 2. Em Teste | W58: 6. Por Iniciar
A59: x | B59: lt002_instrument | C59: CNCLLD_INSTRMNT_STTS | D59: =_xlfn.CONCAT(B59,C59) -> lt002_instrumentCNCLLD_INSTRMNT_STTS | E59: N | F59: Y | G59: Y | H59: Package 5 | I59: 45782 | J59: 45782 | K59: =+IF(J59="","N/A",J59-I59) -> 0 | M59: =SUMIFS('Detalhe Testes'!$H:$H,'Detalhe Testes'!$B:$B,'Detalhe Entregas e Status'!B59,'Detalhe Testes'!$C:$C,'Detalhe Entregas e Status'!C59) -> 0 | N59: Sim | O59: Sim | Q59: 45803 | R59: 45846 | V59: 5. Em Re-teste | W59: 4. Em Correção
B60: lt002_instrument | C60: INSTRMNT_ID | D60: =_xlfn.CONCAT(B60,C60) -> lt002_instrumentINSTRMNT_ID | E60: Y | F60: Y | G60: Y | H60: Package 5 | I60: 45782 | J60: 45782 | K60: =+IF(J60="","N/A",J60-I60) -> 0 | M60: =SUMIFS('Detalhe Testes'!$H:$H,'Detalhe Testes'!$B:$B,'Detalhe Entregas e Status'!B60,'Detalhe Testes'!$C:$C,'Detalhe Entregas e Status'!C60) -> 0 | N60: Não | O60: Sim | V60: 1. Concluído | W60: 1. Concluído
B61: lt004_protection | C61: UNIVERSO | D61: =_xlfn.CONCAT(B61,C61) -> lt004_protectionUNIVERSO | E61: - | F61: - | G61: - | H61: Package 3 | I61: 45789 | J61: 45789 | K61: =+IF(J61="","N/A",J61-I61) -> 0 | M61: =SUMIFS('Detalhe Testes'!$H:$H,'Detalhe Testes'!$B:$B,'Detalhe Entregas e Status'!B61,'Detalhe Testes'!$C:$C,'Detalhe Entregas e Status'!C61) -> 0 | V61: 1. Concluído | W61: 1. Concluído
B62: lt004_protection | C62: COD_SOC | D62: =_xlfn.CONCAT(B62,C62) -> lt004_protectionCOD_SOC | E62: Y | F62: Y | G62: Y | H62: Package 3 | I62: 45803 | J62: 45803 | K62: =+IF(J62="","N/A",J62-I62) -> 0 | M62: =SUMIFS('Detalhe Testes'!$H:$H,'Detalhe Testes'!$B:$B,'Detalhe Entregas e Status'!B62,'Detalhe Testes'!$C:$C,'Detalhe Entregas e Status'!C62) -> 0 | V62: 1. Concluído | W62: 1. Concluído
B63: lt004_protection | C63: DT_RFRNC | D63: =_xlfn.CONCAT(B63,C63) -> lt004_protectionDT_RFRNC | E63: Y | F63: Y | G63: Y | H63: Package 3 | I63: 45803 | J63: 45803 | K63: =+IF(J63="","N/A",J63-I63) -> 0 | M63: =SUMIFS('Detalhe Testes'!$H:$H,'Detalhe Testes'!$B:$B,'Detalhe Entregas e Status'!B63,'Detalhe Testes'!$C:$C,'Detalhe Entregas e Status'!C63) -> 0 | V63: 1. Concluído | W63: 1. Concluído
B64: lt004_protection | C64: PRTCTN_ID | D64: =_xlfn.CONCAT(B64,C64) -> lt004_protectionPRTCTN_ID | E64: Y | F64: Y | G64: Y | H64: Package 3 | I64: 45803 | J64: 45803 | K64: =+IF(J64="","N/A",J64-I64) -> 0 | M64: =SUMIFS('Detalhe Testes'!$H:$H,'Detalhe Testes'!$B:$B,'Detalhe Entregas e Status'!B64,'Detalhe Testes'!$C:$C,'Detalhe Entregas e Status'!C64) -> 0 | V64: 1. Concluído | W64: 1. Concluído
B65: lt004_protection | C65: TYP_PRTCTN | D65: =_xlfn.CONCAT(B65,C65) -> lt004_protectionTYP_PRTCTN | E65: Y | F65: Y | G65: Y | H65: Package 3 | I65: 45803 | J65: 45803 | K65: =+IF(J65="","N/A",J65-I65) -> 0 | M65: =SUMIFS('Detalhe Testes'!$H:$H,'Detalhe Testes'!$B:$B,'Detalhe Entregas e Status'!B65,'Detalhe Testes'!$C:$C,'Detalhe Entregas e Status'!C65) -> 0 | V65: 1. Concluído | W65: 1. Concluído
B66: lt004_protection | C66: PRTCTN_VL | D66: =_xlfn.CONCAT(B66,C66) -> lt004_protectionPRTCTN_VL | E66: Y | F66: Y | G66: Y | H66: Package 3 | I66: 45803 | J66: 45803 | K66: =+IF(J66="","N/A",J66-I66) -> 0 | M66: =SUMIFS('Detalhe Testes'!$H:$H,'Detalhe Testes'!$B:$B,'Detalhe Entregas e Status'!B66,'Detalhe Testes'!$C:$C,'Detalhe Entregas e Status'!C66) -> 24805 | N66: Não | O66: Sim | Q66: 45825 | R66: 45849 | V66: 4. Em Correção | W66: 4. Em Correção
A67: x | B67: lt004_protection | C67: TYP_VHCL | D67: =_xlfn.CONCAT(B67,C67) -> lt004_protectionTYP_VHCL | E67: N | F67: Y | G67: Y | H67: Package 7 | I67: 45789 | J67: 45789 | K67: =+IF(J67="","N/A",J67-I67) -> 0 | M67: =SUMIFS('Detalhe Testes'!$H:$H,'Detalhe Testes'!$B:$B,'Detalhe Entregas e Status'!B67,'Detalhe Testes'!$C:$C,'Detalhe Entregas e Status'!C67) -> 0 | V67: 1. Concluído | W67: 1. Concluído
B68: lt004_protection | C68: FLG_ELCTRC_VHCL | D68: =_xlfn.CONCAT(B68,C68) -> lt004_protectionFLG_ELCTRC_VHCL | E68: N | F68: Y | G68: N | H68: Package 7 | I68: 45803 | J68: 45810 | K68: =+IF(J68="","N/A",J68-I68) -> 7 | M68: =SUMIFS('Detalhe Testes'!$H:$H,'Detalhe Testes'!$B:$B,'Detalhe Entregas e Status'!B68,'Detalhe Testes'!$C:$C,'Detalhe Entregas e Status'!C68) -> 5163 | N68: Não | O68: Sim | Q68: 45825 | R68: 45849 | V68: 4. Em Correção | W68: 4. Em Correção
B69: lt006_instr_protection | C69: UNIVERSO | D69: =_xlfn.CONCAT(B69,C69) -> lt006_instr_protectionUNIVERSO | E69: - | F69: - | G69: - | H69: Package 3 | I69: 45803 | J69: 45803 | K69: =+IF(J69="","N/A",J69-I69) -> 0 | M69: =SUMIFS('Detalhe Testes'!$H:$H,'Detalhe Testes'!$B:$B,'Detalhe Entregas e Status'!B69,'Detalhe Testes'!$C:$C,'Detalhe Entregas e Status'!C69) -> 0 | V69: 1. Concluído | W69: 1. Concluído
B70: lt006_instr_protection | C70: COD_SOC | D70: =_xlfn.CONCAT(B70,C70) -> lt006_instr_protectionCOD_SOC | E70: Y | F70: Y | G70: Y | H70: Package 3 | I70: 45803 | J70: 45803 | K70: =+IF(J70="","N/A",J70-I70) -> 0 | M70: =SUMIFS('Detalhe Testes'!$H:$H,'Detalhe Testes'!$B:$B,'Detalhe Entregas e Status'!B70,'Detalhe Testes'!$C:$C,'Detalhe Entregas e Status'!C70) -> 0 | V70: 1. Concluído | W70: 1. Concluído
B71: lt006_instr_protection | C71: DT_RFRNC | D71: =_xlfn.CONCAT(B71,C71) -> lt006_instr_protectionDT_RFRNC | E71: Y | F71: Y | G71: Y | H71: Package 3 | I71: 45803 | J71: 45803 | K71: =+IF(J71="","N/A",J71-I71) -> 0 | M71: =SUMIFS('Detalhe Testes'!$H:$H,'Detalhe Testes'!$B:$B,'Detalhe Entregas e Status'!B71,'Detalhe Testes'!$C:$C,'Detalhe Entregas e Status'!C71) -> 0 | V71: 1. Concluído | W71: 1. Concluído
B72: lt006_instr_protection | C72: INSTRMNT_ID | D72: =_xlfn.CONCAT(B72,C72) -> lt006_instr_protectionINSTRMNT_ID | E72: Y | F72: Y | G72: Y | H72: Package 3 | I72: 45803 | J72: 45803 | K72: =+IF(J72="","N/A",J72-I72) -> 0 | M72: =SUMIFS('Detalhe Testes'!$H:$H,'Detalhe Testes'!$B:$B,'Detalhe Entregas e Status'!B72,'Detalhe Testes'!$C:$C,'Detalhe Entregas e Status'!C72) -> 0 | V72: 1. Concluído | W72: 1. Concluído
B73: lt006_instr_protection | C73: PRTCTN_ID | D73: =_xlfn.CONCAT(B73,C73) -> lt006_instr_protectionPRTCTN_ID | E73: Y | F73: Y | G73: Y | H73: Package 3 | I73: 45803 | J73: 45803 | K73: =+IF(J73="","N/A",J73-I73) -> 0 | M73: =SUMIFS('Detalhe Testes'!$H:$H,'Detalhe Testes'!$B:$B,'Detalhe Entregas e Status'!B73,'Detalhe Testes'!$C:$C,'Detalhe Entregas e Status'!C73) -> 0 | V73: 1. Concluído | W73: 1. Concluído
A74: x | B74: lt006_instr_protection | C74: TYP_RLTN | D74: =_xlfn.CONCAT(B74,C74) -> lt006_instr_protectionTYP_RLTN | E74: N | F74: Y | G74: Y | H74: Package 7 | I74: 45803 | J74: 45803 | K74: =+IF(J74="","N/A",J74-I74) -> 0 | M74: =SUMIFS('Detalhe Testes'!$H:$H,'Detalhe Testes'!$B:$B,'Detalhe Entregas e Status'!B74,'Detalhe Testes'!$C:$C,'Detalhe Entregas e Status'!C74) -> 0 | Q74: 45826 | R74: 45846 | V74: 5. Em Re-teste | W74: 4. Em Correção
A75: x | B75: lt007_instr_activity | C75: UNIVERSO | D75: =_xlfn.CONCAT(B75,C75) -> lt007_instr_activityUNIVERSO | E75: - | F75: - | G75: - | H75: Package 6 | I75: 45789 | J75: 45789 | K75: =+IF(J75="","N/A",J75-I75) -> 0 | M75: =SUMIFS('Detalhe Testes'!$H:$H,'Detalhe Testes'!$B:$B,'Detalhe Entregas e Status'!B75,'Detalhe Testes'!$C:$C,'Detalhe Entregas e Status'!C75) -> 0 | Q75: 45832 | R75: TBD | T75: A aguardar a adição dos cancelados no universo de Pilar 3. | V75: 4. Em Correção | W75: 4. Em Correção
A76: x | B76: lt007_instr_activity | C76: PRCNTG_ACTVTY | D76: =_xlfn.CONCAT(B76,C76) -> lt007_instr_activityPRCNTG_ACTVTY | E76: N | F76: Y | G76: Y | H76: Package 6 | I76: 45789 | J76: 45789 | K76: =+IF(J76="","N/A",J76-I76) -> 0 | M76: =SUMIFS('Detalhe Testes'!$H:$H,'Detalhe Testes'!$B:$B,'Detalhe Entregas e Status'!B76,'Detalhe Testes'!$C:$C,'Detalhe Entregas e Status'!C76) -> 0 | Q76: 45832 | R76: 45846 | V76: 5. Em Re-teste | W76: 4. Em Correção
A77: x | B77: lt007_instr_activity | C77: SSTNBL_INDCTR | D77: =_xlfn.CONCAT(B77,C77) -> lt007_instr_activitySSTNBL_INDCTR | E77: N | F77: Y | G77: Y | H77: Package 7 | I77: 45803 | J77: 45803 | K77: =+IF(J77="","N/A",J77-I77) -> 0 | M77: =SUMIFS('Detalhe Testes'!$H:$H,'Detalhe Testes'!$B:$B,'Detalhe Entregas e Status'!B77,'Detalhe Testes'!$C:$C,'Detalhe Entregas e Status'!C77) -> 0 | Q77: 45832 | T77: Já foi disponibilizado no âmbito Pilar2, por isso já pode ser testado. | V77: 5. Em Re-teste | W77: 4. Em Correção
A78: x | B78: lt007_instr_activity | C78: SSTNBL_CTGRY | D78: =_xlfn.CONCAT(B78,C78) -> lt007_instr_activitySSTNBL_CTGRY | E78: N | F78: Y | G78: Y | H78: Package 6 | I78: 45789 | J78: 45789 | K78: =+IF(J78="","N/A",J78-I78) -> 0 | M78: =SUMIFS('Detalhe Testes'!$H:$H,'Detalhe Testes'!$B:$B,'Detalhe Entregas e Status'!B78,'Detalhe Testes'!$C:$C,'Detalhe Entregas e Status'!C78) -> 0 | Q78: 45832 | R78: 45846 | V78: 5. Em Re-teste | W78: 4. Em Correção
A79: x | B79: lt007_instr_activity | C79: COD_SOC | D79: =_xlfn.CONCAT(B79,C79) -> lt007_instr_activityCOD_SOC | E79: N | F79: Y | G79: Y | H79: Package 6 | I79: 45789 | J79: 45789 | K79: =+IF(J79="","N/A",J79-I79) -> 0 | M79: =SUMIFS('Detalhe Testes'!$H:$H,'Detalhe Testes'!$B:$B,'Detalhe Entregas e Status'!B79,'Detalhe Testes'!$C:$C,'Detalhe Entregas e Status'!C79) -> 0 | V79: 1. Concluído | W79: 1. Concluído
A80: x | B80: lt007_instr_activity | C80: DT_RFRNC | D80: =_xlfn.CONCAT(B80,C80) -> lt007_instr_activityDT_RFRNC | E80: N | F80: Y | G80: Y | H80: Package 6 | I80: 45789 | J80: 45789 | K80: =+IF(J80="","N/A",J80-I80) -> 0 | M80: =SUMIFS('Detalhe Testes'!$H:$H,'Detalhe Testes'!$B:$B,'Detalhe Entregas e Status'!B80,'Detalhe Testes'!$C:$C,'Detalhe Entregas e Status'!C80) -> 0 | V80: 1. Concluído | W80: 1. Concluído
A81: x | B81: lt007_instr_activity | C81: INSTRMNT_ID | D81: =_xlfn.CONCAT(B81,C81) -> lt007_instr_activityINSTRMNT_ID | E81: N | F81: Y | G81: Y | H81: Package 6 | I81: 45789 | J81: 45789 | K81: =+IF(J81="","N/A",J81-I81) -> 0 | M81: =SUMIFS('Detalhe Testes'!$H:$H,'Detalhe Testes'!$B:$B,'Detalhe Entregas e Status'!B81,'Detalhe Testes'!$C:$C,'Detalhe Entregas e Status'!C81) -> 0 | Q81: 45832 | R81: TBD | V81: 4. Em Correção | W81: 4. Em Correção

Sheet Detalhe Testes
H7: REVER FORMULA | K7: Tracking da evolução do # incidências (Data das entregas de IT)
B8: Tabela | C8: Campo | D8: Tipologia de Teste | E8: Complexidade | F8: Horas Estimadas | H8: # Incidências | I8: Notas | K8: 45789 | L8: 45796 | M8: 45803 | N8: 45810
B9: lt002_instrument | C9: UNIVERSO | D9: 1. Teste de universo | E9: Alta | F9: 16 | H9: {=IF(INDEX($K:$AA,ROW(C9),MATCH(IF(VLOOKUP(_xlfn.CONCAT(B9,C9),'Detalhe Entregas e Status'!$D$9:$J$81,7,0)=DATE(2025,5,5),DATE(2025,5,12),VLOOKUP(_xlfn.CONCAT(B9,C9),'Detalhe Entregas e Status'!$D$9:$J$81,7,0)),$K$8:$AA$8,0))="","",INDEX($K:$AA,ROW(C9),MATCH(IF(VLOOKUP(_xlfn.CONCAT(B9,C9),'Detalhe Entregas e Status'!$D$9:$J$81,7,0)=DATE(2025,5,5),DATE(2025,5,12),VLOOKUP(_xlfn.CONCAT(B9,C9),'Detalhe Entregas e Status'!$D$9:$J$81,7,0)),$K$8:$AA$8,0)))} -> 534004 | K9: 534004 | L9: 534004 | M9: 91804
B10: lt002_instrument | C10: AVRG_BLNC | D10: 3. Testes comparativos (Espec. VS Impl.) | E10: Média | F10: 4 | H10: {=IF(INDEX($K:$AA,ROW(C10),MATCH(IF(VLOOKUP(_xlfn.CONCAT(B10,C10),'Detalhe Entregas e Status'!$D$9:$J$81,7,0)=DATE(2025,5,5),DATE(2025,5,12),VLOOKUP(_xlfn.CONCAT(B10,C10),'Detalhe Entregas e Status'!$D$9:$J$81,7,0)),$K$8:$AA$8,0))="","",INDEX($K:$AA,ROW(C10),MATCH(IF(VLOOKUP(_xlfn.CONCAT(B10,C10),'Detalhe Entregas e Status'!$D$9:$J$81,7,0)=DATE(2025,5,5),DATE(2025,5,12),VLOOKUP(_xlfn.CONCAT(B10,C10),'Detalhe Entregas e Status'!$D$9:$J$81,7,0)),$K$8:$AA$8,0)))} | I10: Foi enviada uma nova especificação
B11: lt002_instrument | C11: AVRG_BLNC | D11: 6. Validação de formatos | E11: Baixa | F11: 1 | H11: {=IF(INDEX($K:$AA,ROW(C11),MATCH(IF(VLOOKUP(_xlfn.CONCAT(B11,C11),'Detalhe Entregas e Status'!$D$9:$J$81,7,0)=DATE(2025,5,5),DATE(2025,5,12),VLOOKUP(_xlfn.CONCAT(B11,C11),'Detalhe Entregas e Status'!$D$9:$J$81,7,0)),$K$8:$AA$8,0))="","",INDEX($K:$AA,ROW(C11),MATCH(IF(VLOOKUP(_xlfn.CONCAT(B11,C11),'Detalhe Entregas e Status'!$D$9:$J$81,7,0)=DATE(2025,5,5),DATE(2025,5,12),VLOOKUP(_xlfn.CONCAT(B11,C11),'Detalhe Entregas e Status'!$D$9:$J$81,7,0)),$K$8:$AA$8,0)))}
B12: lt002_instrument | C12: NW_BSNSS | D12: 3. Testes comparativos (Espec. VS Impl.) | E12: Média | F12: 4 | H12: {=IF(INDEX($K:$AA,ROW(C12),MATCH(IF(VLOOKUP(_xlfn.CONCAT(B12,C12),'Detalhe Entregas e Status'!$D$9:$J$81,7,0)=DATE(2025,5,5),DATE(2025,5,12),VLOOKUP(_xlfn.CONCAT(B12,C12),'Detalhe Entregas e Status'!$D$9:$J$81,7,0)),$K$8:$AA$8,0))="","",INDEX($K:$AA,ROW(C12),MATCH(IF(VLOOKUP(_xlfn.CONCAT(B12,C12),'Detalhe Entregas e Status'!$D$9:$J$81,7,0)=DATE(2025,5,5),DATE(2025,5,12),VLOOKUP(_xlfn.CONCAT(B12,C12),'Detalhe Entregas e Status'!$D$9:$J$81,7,0)),$K$8:$AA$8,0)))} | I12: Em teste
B13: lt002_instrument | C13: NW_BSNSS | D13: 6. Validação de formatos | E13: Baixa | F13: 1 | H13: {=IF(INDEX($K:$AA,ROW(C13),MATCH(IF(VLOOKUP(_xlfn.CONCAT(B13,C13),'Detalhe Entregas e Status'!$D$9:$J$81,7,0)=DATE(2025,5,5),DATE(2025,5,12),VLOOKUP(_xlfn.CONCAT(B13,C13),'Detalhe Entregas e Status'!$D$9:$J$81,7,0)),$K$8:$AA$8,0))="","",INDEX($K:$AA,ROW(C13),MATCH(IF(VLOOKUP(_xlfn.CONCAT(B13,C13),'Detalhe Entregas e Status'!$D$9:$J$81,7,0)=DATE(2025,5,5),DATE(2025,5,12),VLOOKUP(_xlfn.CONCAT(B13,C13),'Detalhe Entregas e Status'!$D$9:$J$81,7,0)),$K$8:$AA$8,0)))}
B14: lt002_instrument | C14: GRSS_INTRST_INCM | D14: 3. Testes comparativos (Espec. VS Impl.) | E14: Média | F14: 4 | H14: {=IF(INDEX($K:$AA,ROW(C14),MATCH(IF(VLOOKUP(_xlfn.CONCAT(B14,C14),'Detalhe Entregas e Status'!$D$9:$J$81,7,0)=DATE(2025,5,5),DATE(2025,5,12),VLOOKUP(_xlfn.CONCAT(B14,C14),'Detalhe Entregas e Status'!$D$9:$J$81,7,0)),$K$8:$AA$8,0))="","",INDEX($K:$AA,ROW(C14),MATCH(IF(VLOOKUP(_xlfn.CONCAT(B14,C14),'Detalhe Entregas e Status'!$D$9:$J$81,7,0)=DATE(2025,5,5),DATE(2025,5,12),VLOOKUP(_xlfn.CONCAT(B14,C14),'Detalhe Entregas e Status'!$D$9:$J$81,7,0)),$K$8:$AA$8,0)))} | I14: IT estava calcular mal a ponderação quando o msaldo_final é zero (20/mai: "Já estivemos a validar e parece-nos um erro na forma como tínhamos interpretado a especificação das ponderações, quando o saldo final das chaves FR é zero estávamos a dividir sempre 1 pelo número de chaves, em vez do kpm em si, vamos corrigir")
B15: lt002_instrument | C15: GRSS_INTRST_INCM | D15: 6. Validação de formatos | E15: Baixa | F15: 1 | H15: {=IF(INDEX($K:$AA,ROW(C15),MATCH(IF(VLOOKUP(_xlfn.CONCAT(B15,C15),'Detalhe Entregas e Status'!$D$9:$J$81,7,0)=DATE(2025,5,5),DATE(2025,5,12),VLOOKUP(_xlfn.CONCAT(B15,C15),'Detalhe Entregas e Status'!$D$9:$J$81,7,0)),$K$8:$AA$8,0))="","",INDEX($K:$AA,ROW(C15),MATCH(IF(VLOOKUP(_xlfn.CONCAT(B15,C15),'Detalhe Entregas e Status'!$D$9:$J$81,7,0)=DATE(2025,5,5),DATE(2025,5,12),VLOOKUP(_xlfn.CONCAT(B15,C15),'Detalhe Entregas e Status'!$D$9:$J$81,7,0)),$K$8:$AA$8,0)))}
B16: lt002_instrument | C16: GRSS_CMMSSN_INCM | D16: 3. Testes comparativos (Espec. VS Impl.) | E16: Média | F16: 4 | H16: {=IF(INDEX($K:$AA,ROW(C16),MATCH(IF(VLOOKUP(_xlfn.CONCAT(B16,C16),'Detalhe Entregas e Status'!$D$9:$J$81,7,0)=DATE(2025,5,5),DATE(2025,5,12),VLOOKUP(_xlfn.CONCAT(B16,C16),'Detalhe Entregas e Status'!$D$9:$J$81,7,0)),$K$8:$AA$8,0))="","",INDEX($K:$AA,ROW(C16),MATCH(IF(VLOOKUP(_xlfn.CONCAT(B16,C16),'Detalhe Entregas e Status'!$D$9:$J$81,7,0)=DATE(2025,5,5),DATE(2025,5,12),VLOOKUP(_xlfn.CONCAT(B16,C16),'Detalhe Entregas e Status'!$D$9:$J$81,7,0)),$K$8:$AA$8,0)))} | I16: IT estava calcular mal a ponderação quando o msaldo_final é zero (20/mai: "Já estivemos a validar e parece-nos um erro na forma como tínhamos interpretado a especificação das ponderações, quando o saldo final das chaves FR é zero estávamos a dividir sempre 1 pelo número de chaves, em vez do kpm em si, vamos corrigir")
B17: lt002_instrument | C17: GRSS_CMMSSN_INCM | D17: 6. Validação de formatos | E17: Baixa | F17: 1 | H17: {=IF(INDEX($K:$AA,ROW(C17),MATCH(IF(VLOOKUP(_xlfn.CONCAT(B17,C17),'Detalhe Entregas e Status'!$D$9:$J$81,7,0)=DATE(2025,5,5),DATE(2025,5,12),VLOOKUP(_xlfn.CONCAT(B17,C17),'Detalhe Entregas e Status'!$D$9:$J$81,7,0)),$K$8:$AA$8,0))="","",INDEX($K:$AA,ROW(C17),MATCH(IF(VLOOKUP(_xlfn.CONCAT(B17,C17),'Detalhe Entregas e Status'!$D$9:$J$81,7,0)=DATE(2025,5,5),DATE(2025,5,12),VLOOKUP(_xlfn.CONCAT(B17,C17),'Detalhe Entregas e Status'!$D$9:$J$81,7,0)),$K$8:$AA$8,0)))}
B18: lt002_instrument | C18: INTRNL_TRNSFR_RT | D18: 3. Testes comparativos (Espec. VS Impl.) | E18: Média | F18: 4 | H18: {=IF(INDEX($K:$AA,ROW(C18),MATCH(IF(VLOOKUP(_xlfn.CONCAT(B18,C18),'Detalhe Entregas e Status'!$D$9:$J$81,7,0)=DATE(2025,5,5),DATE(2025,5,12),VLOOKUP(_xlfn.CONCAT(B18,C18),'Detalhe Entregas e Status'!$D$9:$J$81,7,0)),$K$8:$AA$8,0))="","",INDEX($K:$AA,ROW(C18),MATCH(IF(VLOOKUP(_xlfn.CONCAT(B18,C18),'Detalhe Entregas e Status'!$D$9:$J$81,7,0)=DATE(2025,5,5),DATE(2025,5,12),VLOOKUP(_xlfn.CONCAT(B18,C18),'Detalhe Entregas e Status'!$D$9:$J$81,7,0)),$K$8:$AA$8,0)))} | I18: IT estava calcular mal a ponderação quando o msaldo_final é zero (20/mai: "Já estivemos a validar e parece-nos um erro na forma como tínhamos interpretado a especificação das ponderações, quando o saldo final das chaves FR é zero estávamos a dividir sempre 1 pelo número de chaves, em vez do kpm em si, vamos corrigir")
B19: lt002_instrument | C19: INTRNL_TRNSFR_RT | D19: 6. Validação de formatos | E19: Baixa | F19: 1 | H19: {=IF(INDEX($K:$AA,ROW(C19),MATCH(IF(VLOOKUP(_xlfn.CONCAT(B19,C19),'Detalhe Entregas e Status'!$D$9:$J$81,7,0)=DATE(2025,5,5),DATE(2025,5,12),VLOOKUP(_xlfn.CONCAT(B19,C19),'Detalhe Entregas e Status'!$D$9:$J$81,7,0)),$K$8:$AA$8,0))="","",INDEX($K:$AA,ROW(C19),MATCH(IF(VLOOKUP(_xlfn.CONCAT(B19,C19),'Detalhe Entregas e Status'!$D$9:$J$81,7,0)=DATE(2025,5,5),DATE(2025,5,12),VLOOKUP(_xlfn.CONCAT(B19,C19),'Detalhe Entregas e Status'!$D$9:$J$81,7,0)),$K$8:$AA$8,0)))}
B20: lt002_instrument | C20: NT_LN_LSS_PRVSN | D20: 6. Validação de formatos | E20: Baixa | F20: 1 | H20: {=IF(INDEX($K:$AA,ROW(C20),MATCH(IF(VLOOKUP(_xlfn.CONCAT(B20,C20),'Detalhe Entregas e Status'!$D$9:$J$81,7,0)=DATE(2025,5,5),DATE(2025,5,12),VLOOKUP(_xlfn.CONCAT(B20,C20),'Detalhe Entregas e Status'!$D$9:$J$81,7,0)),$K$8:$AA$8,0))="","",INDEX($K:$AA,ROW(C20),MATCH(IF(VLOOKUP(_xlfn.CONCAT(B20,C20),'Detalhe Entregas e Status'!$D$9:$J$81,7,0)=DATE(2025,5,5),DATE(2025,5,12),VLOOKUP(_xlfn.CONCAT(B20,C20),'Detalhe Entregas e Status'!$D$9:$J$81,7,0)),$K$8:$AA$8,0)))} | I20: Foi enviada uma nova especificação
B21: lt002_instrument | C21: BSNSS_AREA | D21: 3. Testes comparativos (Espec. VS Impl.) | E21: Baixa | F21: 2 | H21: {=IF(INDEX($K:$AA,ROW(C21),MATCH(IF(VLOOKUP(_xlfn.CONCAT(B21,C21),'Detalhe Entregas e Status'!$D$9:$J$81,7,0)=DATE(2025,5,5),DATE(2025,5,12),VLOOKUP(_xlfn.CONCAT(B21,C21),'Detalhe Entregas e Status'!$D$9:$J$81,7,0)),$K$8:$AA$8,0))="","",INDEX($K:$AA,ROW(C21),MATCH(IF(VLOOKUP(_xlfn.CONCAT(B21,C21),'Detalhe Entregas e Status'!$D$9:$J$81,7,0)=DATE(2025,5,5),DATE(2025,5,12),VLOOKUP(_xlfn.CONCAT(B21,C21),'Detalhe Entregas e Status'!$D$9:$J$81,7,0)),$K$8:$AA$8,0)))}
B22: lt002_instrument | C22: BSNSS_AREA | D22: 6. Validação de formatos | E22: Baixa | F22: 1 | H22: {=IF(INDEX($K:$AA,ROW(C22),MATCH(IF(VLOOKUP(_xlfn.CONCAT(B22,C22),'Detalhe Entregas e Status'!$D$9:$J$81,7,0)=DATE(2025,5,5),DATE(2025,5,12),VLOOKUP(_xlfn.CONCAT(B22,C22),'Detalhe Entregas e Status'!$D$9:$J$81,7,0)),$K$8:$AA$8,0))="","",INDEX($K:$AA,ROW(C22),MATCH(IF(VLOOKUP(_xlfn.CONCAT(B22,C22),'Detalhe Entregas e Status'!$D$9:$J$81,7,0)=DATE(2025,5,5),DATE(2025,5,12),VLOOKUP(_xlfn.CONCAT(B22,C22),'Detalhe Entregas e Status'!$D$9:$J$81,7,0)),$K$8:$AA$8,0)))}
B23: lt002_instrument | C23: BSNSS_AREA | D23: 4. Validação de parametrizações | E23: Baixa | F23: 2 | H23: {=IF(INDEX($K:$AA,ROW(C23),MATCH(IF(VLOOKUP(_xlfn.CONCAT(B23,C23),'Detalhe Entregas e Status'!$D$9:$J$81,7,0)=DATE(2025,5,5),DATE(2025,5,12),VLOOKUP(_xlfn.CONCAT(B23,C23),'Detalhe Entregas e Status'!$D$9:$J$81,7,0)),$K$8:$AA$8,0))="","",INDEX($K:$AA,ROW(C23),MATCH(IF(VLOOKUP(_xlfn.CONCAT(B23,C23),'Detalhe Entregas e Status'!$D$9:$J$81,7,0)=DATE(2025,5,5),DATE(2025,5,12),VLOOKUP(_xlfn.CONCAT(B23,C23),'Detalhe Entregas e Status'!$D$9:$J$81,7,0)),$K$8:$AA$8,0)))}
B24: lt002_instrument | C24: MNGMNT_PRDCT | D24: 3. Testes comparativos (Espec. VS Impl.) | E24: Baixa | F24: 2 | H24: {=IF(INDEX($K:$AA,ROW(C24),MATCH(IF(VLOOKUP(_xlfn.CONCAT(B24,C24),'Detalhe Entregas e Status'!$D$9:$J$81,7,0)=DATE(2025,5,5),DATE(2025,5,12),VLOOKUP(_xlfn.CONCAT(B24,C24),'Detalhe Entregas e Status'!$D$9:$J$81,7,0)),$K$8:$AA$8,0))="","",INDEX($K:$AA,ROW(C24),MATCH(IF(VLOOKUP(_xlfn.CONCAT(B24,C24),'Detalhe Entregas e Status'!$D$9:$J$81,7,0)=DATE(2025,5,5),DATE(2025,5,12),VLOOKUP(_xlfn.CONCAT(B24,C24),'Detalhe Entregas e Status'!$D$9:$J$81,7,0)),$K$8:$AA$8,0)))} | I24: Por iniciar
B25: lt002_instrument | C25: MNGMNT_PRDCT | D25: 6. Validação de formatos | E25: Baixa | F25: 1 | H25: {=IF(INDEX($K:$AA,ROW(C25),MATCH(IF(VLOOKUP(_xlfn.CONCAT(B25,C25),'Detalhe Entregas e Status'!$D$9:$J$81,7,0)=DATE(2025,5,5),DATE(2025,5,12),VLOOKUP(_xlfn.CONCAT(B25,C25),'Detalhe Entregas e Status'!$D$9:$J$81,7,0)),$K$8:$AA$8,0))="","",INDEX($K:$AA,ROW(C25),MATCH(IF(VLOOKUP(_xlfn.CONCAT(B25,C25),'Detalhe Entregas e Status'!$D$9:$J$81,7,0)=DATE(2025,5,5),DATE(2025,5,12),VLOOKUP(_xlfn.CONCAT(B25,C25),'Detalhe Entregas e Status'!$D$9:$J$81,7,0)),$K$8:$AA$8,0)))}
B26: lt002_instrument | C26: MNGMNT_PRDCT | D26: 4. Validação de parametrizações | E26: Baixa | F26: 2 | H26: {=IF(INDEX($K:$AA,ROW(C26),MATCH(IF(VLOOKUP(_xlfn.CONCAT(B26,C26),'Detalhe Entregas e Status'!$D$9:$J$81,7,0)=DATE(2025,5,5),DATE(2025,5,12),VLOOKUP(_xlfn.CONCAT(B26,C26),'Detalhe Entregas e Status'!$D$9:$J$81,7,0)),$K$8:$AA$8,0))="","",INDEX($K:$AA,ROW(C26),MATCH(IF(VLOOKUP(_xlfn.CONCAT(B26,C26),'Detalhe Entregas e Status'!$D$9:$J$81,7,0)=DATE(2025,5,5),DATE(2025,5,12),VLOOKUP(_xlfn.CONCAT(B26,C26),'Detalhe Entregas e Status'!$D$9:$J$81,7,0)),$K$8:$AA$8,0)))}
B27: lt002_instrument | C27: GRSS_CMMSSN_EXPNS | D27: 3. Testes comparativos (Espec. VS Impl.) | E27: Média | F27: 4 | H27: {=IF(INDEX($K:$AA,ROW(C27),MATCH(IF(VLOOKUP(_xlfn.CONCAT(B27,C27),'Detalhe Entregas e Status'!$D$9:$J$81,7,0)=DATE(2025,5,5),DATE(2025,5,12),VLOOKUP(_xlfn.CONCAT(B27,C27),'Detalhe Entregas e Status'!$D$9:$J$81,7,0)),$K$8:$AA$8,0))="","",INDEX($K:$AA,ROW(C27),MATCH(IF(VLOOKUP(_xlfn.CONCAT(B27,C27),'Detalhe Entregas e Status'!$D$9:$J$81,7,0)=DATE(2025,5,5),DATE(2025,5,12),VLOOKUP(_xlfn.CONCAT(B27,C27),'Detalhe Entregas e Status'!$D$9:$J$81,7,0)),$K$8:$AA$8,0)))} | I27: IT estava calcular mal a ponderação quando o msaldo_final é zero (20/mai: "Já estivemos a validar e parece-nos um erro na forma como tínhamos interpretado a especificação das ponderações, quando o saldo final das chaves FR é zero estávamos a dividir sempre 1 pelo número de chaves, em vez do kpm em si, vamos corrigir")
B28: lt002_instrument | C28: GRSS_CMMSSN_EXPNS | D28: 6. Validação de formatos | E28: Baixa | F28: 1 | H28: {=IF(INDEX($K:$AA,ROW(C28),MATCH(IF(VLOOKUP(_xlfn.CONCAT(B28,C28),'Detalhe Entregas e Status'!$D$9:$J$81,7,0)=DATE(2025,5,5),DATE(2025,5,12),VLOOKUP(_xlfn.CONCAT(B28,C28),'Detalhe Entregas e Status'!$D$9:$J$81,7,0)),$K$8:$AA$8,0))="","",INDEX($K:$AA,ROW(C28),MATCH(IF(VLOOKUP(_xlfn.CONCAT(B28,C28),'Detalhe Entregas e Status'!$D$9:$J$81,7,0)=DATE(2025,5,5),DATE(2025,5,12),VLOOKUP(_xlfn.CONCAT(B28,C28),'Detalhe Entregas e Status'!$D$9:$J$81,7,0)),$K$8:$AA$8,0)))}
B29: lt002_instrument | C29: GNS_FNNCL_TRNSCTN_EXCHNG_DFFRNCS | D29: 3. Testes comparativos (Espec. VS Impl.) | E29: Baixa | F29: 2 | H29: {=IF(INDEX($K:$AA,ROW(C29),MATCH(IF(VLOOKUP(_xlfn.CONCAT(B29,C29),'Detalhe Entregas e Status'!$D$9:$J$81,7,0)=DATE(2025,5,5),DATE(2025,5,12),VLOOKUP(_xlfn.CONCAT(B29,C29),'Detalhe Entregas e Status'!$D$9:$J$81,7,0)),$K$8:$AA$8,0))="","",INDEX($K:$AA,ROW(C29),MATCH(IF(VLOOKUP(_xlfn.CONCAT(B29,C29),'Detalhe Entregas e Status'!$D$9:$J$81,7,0)=DATE(2025,5,5),DATE(2025,5,12),VLOOKUP(_xlfn.CONCAT(B29,C29),'Detalhe Entregas e Status'!$D$9:$J$81,7,0)),$K$8:$AA$8,0)))} | I29: IT estava calcular mal a ponderação quando o msaldo_final é zero (20/mai: "Já estivemos a validar e parece-nos um erro na forma como tínhamos interpretado a especificação das ponderações, quando o saldo final das chaves FR é zero estávamos a dividir sempre 1 pelo número de chaves, em vez do kpm em si, vamos corrigir")
B30: lt002_instrument | C30: GNS_FNNCL_TRNSCTN_EXCHNG_DFFRNCS | D30: 6. Validação de formatos | E30: Baixa | F30: 1 | H30: {=IF(INDEX($K:$AA,ROW(C30),MATCH(IF(VLOOKUP(_xlfn.CONCAT(B30,C30),'Detalhe Entregas e Status'!$D$9:$J$81,7,0)=DATE(2025,5,5),DATE(2025,5,12),VLOOKUP(_xlfn.CONCAT(B30,C30),'Detalhe Entregas e Status'!$D$9:$J$81,7,0)),$K$8:$AA$8,0))="","",INDEX($K:$AA,ROW(C30),MATCH(IF(VLOOKUP(_xlfn.CONCAT(B30,C30),'Detalhe Entregas e Status'!$D$9:$J$81,7,0)=DATE(2025,5,5),DATE(2025,5,12),VLOOKUP(_xlfn.CONCAT(B30,C30),'Detalhe Entregas e Status'!$D$9:$J$81,7,0)),$K$8:$AA$8,0)))}
B31: lt002_instrument | C31: FLG_INTRBSNSS | D31: 3. Testes comparativos (Espec. VS Impl.) | E31: Baixa | F31: 2 | H31: {=IF(INDEX($K:$AA,ROW(C31),MATCH(IF(VLOOKUP(_xlfn.CONCAT(B31,C31),'Detalhe Entregas e Status'!$D$9:$J$81,7,0)=DATE(2025,5,5),DATE(2025,5,12),VLOOKUP(_xlfn.CONCAT(B31,C31),'Detalhe Entregas e Status'!$D$9:$J$81,7,0)),$K$8:$AA$8,0))="","",INDEX($K:$AA,ROW(C31),MATCH(IF(VLOOKUP(_xlfn.CONCAT(B31,C31),'Detalhe Entregas e Status'!$D$9:$J$81,7,0)=DATE(2025,5,5),DATE(2025,5,12),VLOOKUP(_xlfn.CONCAT(B31,C31),'Detalhe Entregas e Status'!$D$9:$J$81,7,0)),$K$8:$AA$8,0)))} -> 134115 | I31: Com incidências | L31: 134115 | M31: 134115
B32: lt002_instrument | C32: FLG_INTRBSNSS | D32: 6. Validação de formatos | E32: Baixa | F32: 1 | H32: {=IF(INDEX($K:$AA,ROW(C32),MATCH(IF(VLOOKUP(_xlfn.CONCAT(B32,C32),'Detalhe Entregas e Status'!$D$9:$J$81,7,0)=DATE(2025,5,5),DATE(2025,5,12),VLOOKUP(_xlfn.CONCAT(B32,C32),'Detalhe Entregas e Status'!$D$9:$J$81,7,0)),$K$8:$AA$8,0))="","",INDEX($K:$AA,ROW(C32),MATCH(IF(VLOOKUP(_xlfn.CONCAT(B32,C32),'Detalhe Entregas e Status'!$D$9:$J$81,7,0)=DATE(2025,5,5),DATE(2025,5,12),VLOOKUP(_xlfn.CONCAT(B32,C32),'Detalhe Entregas e Status'!$D$9:$J$81,7,0)),$K$8:$AA$8,0)))} -> 134115 | L32: 134115 | M32: 134115
B33: lt002_instrument | C33: INTRBSNSS_ADJ_COD | D33: 3. Testes comparativos (Espec. VS Impl.) | E33: Baixa | F33: 2 | H33: {=IF(INDEX($K:$AA,ROW(C33),MATCH(IF(VLOOKUP(_xlfn.CONCAT(B33,C33),'Detalhe Entregas e Status'!$D$9:$J$81,7,0)=DATE(2025,5,5),DATE(2025,5,12),VLOOKUP(_xlfn.CONCAT(B33,C33),'Detalhe Entregas e Status'!$D$9:$J$81,7,0)),$K$8:$AA$8,0))="","",INDEX($K:$AA,ROW(C33),MATCH(IF(VLOOKUP(_xlfn.CONCAT(B33,C33),'Detalhe Entregas e Status'!$D$9:$J$81,7,0)=DATE(2025,5,5),DATE(2025,5,12),VLOOKUP(_xlfn.CONCAT(B33,C33),'Detalhe Entregas e Status'!$D$9:$J$81,7,0)),$K$8:$AA$8,0)))} -> 0 | I33: Ok | L33: 0 | M33: 0
B34: lt002_instrument | C34: INTRBSNSS_ADJ_COD | D34: 6. Validação de formatos | E34: Baixa | F34: 1 | H34: {=IF(INDEX($K:$AA,ROW(C34),MATCH(IF(VLOOKUP(_xlfn.CONCAT(B34,C34),'Detalhe Entregas e Status'!$D$9:$J$81,7,0)=DATE(2025,5,5),DATE(2025,5,12),VLOOKUP(_xlfn.CONCAT(B34,C34),'Detalhe Entregas e Status'!$D$9:$J$81,7,0)),$K$8:$AA$8,0))="","",INDEX($K:$AA,ROW(C34),MATCH(IF(VLOOKUP(_xlfn.CONCAT(B34,C34),'Detalhe Entregas e Status'!$D$9:$J$81,7,0)=DATE(2025,5,5),DATE(2025,5,12),VLOOKUP(_xlfn.CONCAT(B34,C34),'Detalhe Entregas e Status'!$D$9:$J$81,7,0)),$K$8:$AA$8,0)))} -> 0 | L34: 0 | M34: 0
B35: lt002_instrument | C35: COD_SOC_DSTNTN | D35: 3. Testes comparativos (Espec. VS Impl.) | E35: Baixa | F35: 2 | H35: {=IF(INDEX($K:$AA,ROW(C35),MATCH(IF(VLOOKUP(_xlfn.CONCAT(B35,C35),'Detalhe Entregas e Status'!$D$9:$J$81,7,0)=DATE(2025,5,5),DATE(2025,5,12),VLOOKUP(_xlfn.CONCAT(B35,C35),'Detalhe Entregas e Status'!$D$9:$J$81,7,0)),$K$8:$AA$8,0))="","",INDEX($K:$AA,ROW(C35),MATCH(IF(VLOOKUP(_xlfn.CONCAT(B35,C35),'Detalhe Entregas e Status'!$D$9:$J$81,7,0)=DATE(2025,5,5),DATE(2025,5,12),VLOOKUP(_xlfn.CONCAT(B35,C35),'Detalhe Entregas e Status'!$D$9:$J$81,7,0)),$K$8:$AA$8,0)))} -> 0 | I35: Ok | L35: 0 | M35: 0
B36: lt002_instrument | C36: COD_SOC_DSTNTN | D36: 6. Validação de formatos | E36: Baixa | F36: 1 | H36: {=IF(INDEX($K:$AA,ROW(C36),MATCH(IF(VLOOKUP(_xlfn.CONCAT(B36,C36),'Detalhe Entregas e Status'!$D$9:$J$81,7,0)=DATE(2025,5,5),DATE(2025,5,12),VLOOKUP(_xlfn.CONCAT(B36,C36),'Detalhe Entregas e Status'!$D$9:$J$81,7,0)),$K$8:$AA$8,0))="","",INDEX($K:$AA,ROW(C36),MATCH(IF(VLOOKUP(_xlfn.CONCAT(B36,C36),'Detalhe Entregas e Status'!$D$9:$J$81,7,0)=DATE(2025,5,5),DATE(2025,5,12),VLOOKUP(_xlfn.CONCAT(B36,C36),'Detalhe Entregas e Status'!$D$9:$J$81,7,0)),$K$8:$AA$8,0)))} -> 0 | L36: 0 | M36: 0
B37: lt002_instrument | C37: BSNSS_AREA_DSTNTN | D37: 3. Testes comparativos (Espec. VS Impl.) | E37: Baixa | F37: 2 | H37: {=IF(INDEX($K:$AA,ROW(C37),MATCH(IF(VLOOKUP(_xlfn.CONCAT(B37,C37),'Detalhe Entregas e Status'!$D$9:$J$81,7,0)=DATE(2025,5,5),DATE(2025,5,12),VLOOKUP(_xlfn.CONCAT(B37,C37),'Detalhe Entregas e Status'!$D$9:$J$81,7,0)),$K$8:$AA$8,0))="","",INDEX($K:$AA,ROW(C37),MATCH(IF(VLOOKUP(_xlfn.CONCAT(B37,C37),'Detalhe Entregas e Status'!$D$9:$J$81,7,0)=DATE(2025,5,5),DATE(2025,5,12),VLOOKUP(_xlfn.CONCAT(B37,C37),'Detalhe Entregas e Status'!$D$9:$J$81,7,0)),$K$8:$AA$8,0)))} -> 0 | I37: Ok | L37: 0 | M37: 0
B38: lt002_instrument | C38: BSNSS_AREA_DSTNTN | D38: 6. Validação de formatos | E38: Baixa | F38: 1 | H38: {=IF(INDEX($K:$AA,ROW(C38),MATCH(IF(VLOOKUP(_xlfn.CONCAT(B38,C38),'Detalhe Entregas e Status'!$D$9:$J$81,7,0)=DATE(2025,5,5),DATE(2025,5,12),VLOOKUP(_xlfn.CONCAT(B38,C38),'Detalhe Entregas e Status'!$D$9:$J$81,7,0)),$K$8:$AA$8,0))="","",INDEX($K:$AA,ROW(C38),MATCH(IF(VLOOKUP(_xlfn.CONCAT(B38,C38),'Detalhe Entregas e Status'!$D$9:$J$81,7,0)=DATE(2025,5,5),DATE(2025,5,12),VLOOKUP(_xlfn.CONCAT(B38,C38),'Detalhe Entregas e Status'!$D$9:$J$81,7,0)),$K$8:$AA$8,0)))} -> 0 | L38: 0 | M38: 0
B39: lt002_instrument | C39: AVRG_BLNC_OFF_BLNC | D39: 3. Testes comparativos (Espec. VS Impl.) | E39: Média | F39: 4 | H39: {=IF(INDEX($K:$AA,ROW(C39),MATCH(IF(VLOOKUP(_xlfn.CONCAT(B39,C39),'Detalhe Entregas e Status'!$D$9:$J$81,7,0)=DATE(2025,5,5),DATE(2025,5,12),VLOOKUP(_xlfn.CONCAT(B39,C39),'Detalhe Entregas e Status'!$D$9:$J$81,7,0)),$K$8:$AA$8,0))="","",INDEX($K:$AA,ROW(C39),MATCH(IF(VLOOKUP(_xlfn.CONCAT(B39,C39),'Detalhe Entregas e Status'!$D$9:$J$81,7,0)=DATE(2025,5,5),DATE(2025,5,12),VLOOKUP(_xlfn.CONCAT(B39,C39),'Detalhe Entregas e Status'!$D$9:$J$81,7,0)),$K$8:$AA$8,0)))} | I39: Foi enviada uma nova especificação
B40: lt002_instrument | C40: AVRG_BLNC_OFF_BLNC | D40: 6. Validação de formatos | E40: Baixa | F40: 1 | H40: {=IF(INDEX($K:$AA,ROW(C40),MATCH(IF(VLOOKUP(_xlfn.CONCAT(B40,C40),'Detalhe Entregas e Status'!$D$9:$J$81,7,0)=DATE(2025,5,5),DATE(2025,5,12),VLOOKUP(_xlfn.CONCAT(B40,C40),'Detalhe Entregas e Status'!$D$9:$J$81,7,0)),$K$8:$AA$8,0))="","",INDEX($K:$AA,ROW(C40),MATCH(IF(VLOOKUP(_xlfn.CONCAT(B40,C40),'Detalhe Entregas e Status'!$D$9:$J$81,7,0)=DATE(2025,5,5),DATE(2025,5,12),VLOOKUP(_xlfn.CONCAT(B40,C40),'Detalhe Entregas e Status'!$D$9:$J$81,7,0)),$K$8:$AA$8,0)))}
B41: lt002_instrument | C41: INTRNL_TRNSFR_RT_OFF_BLNC | D41: 3. Testes comparativos (Espec. VS Impl.) | E41: Baixa | F41: 2 | H41: {=IF(INDEX($K:$AA,ROW(C41),MATCH(IF(VLOOKUP(_xlfn.CONCAT(B41,C41),'Detalhe Entregas e Status'!$D$9:$J$81,7,0)=DATE(2025,5,5),DATE(2025,5,12),VLOOKUP(_xlfn.CONCAT(B41,C41),'Detalhe Entregas e Status'!$D$9:$J$81,7,0)),$K$8:$AA$8,0))="","",INDEX($K:$AA,ROW(C41),MATCH(IF(VLOOKUP(_xlfn.CONCAT(B41,C41),'Detalhe Entregas e Status'!$D$9:$J$81,7,0)=DATE(2025,5,5),DATE(2025,5,12),VLOOKUP(_xlfn.CONCAT(B41,C41),'Detalhe Entregas e Status'!$D$9:$J$81,7,0)),$K$8:$AA$8,0)))} -> 0 | I41: IT estava calcular mal a ponderação quando o msaldo_final é zero (20/mai: "Já estivemos a validar e parece-nos um erro na forma como tínhamos interpretado a especificação das ponderações, quando o saldo final das chaves FR é zero estávamos a dividir sempre 1 pelo número de chaves, em vez do kpm em si, vamos corrigir") | L41: 0 | M41: 0
B42: lt002_instrument | C42: INTRNL_TRNSFR_RT_OFF_BLNC | D42: 6. Validação de formatos | E42: Baixa | F42: 1 | H42: {=IF(INDEX($K:$AA,ROW(C42),MATCH(IF(VLOOKUP(_xlfn.CONCAT(B42,C42),'Detalhe Entregas e Status'!$D$9:$J$81,7,0)=DATE(2025,5,5),DATE(2025,5,12),VLOOKUP(_xlfn.CONCAT(B42,C42),'Detalhe Entregas e Status'!$D$9:$J$81,7,0)),$K$8:$AA$8,0))="","",INDEX($K:$AA,ROW(C42),MATCH(IF(VLOOKUP(_xlfn.CONCAT(B42,C42),'Detalhe Entregas e Status'!$D$9:$J$81,7,0)=DATE(2025,5,5),DATE(2025,5,12),VLOOKUP(_xlfn.CONCAT(B42,C42),'Detalhe Entregas e Status'!$D$9:$J$81,7,0)),$K$8:$AA$8,0)))} -> 0 | L42: 0 | M42: 0
B43: lt002_instrument | C43: GRSS_CMMSSN_INCM_OFF_BLNC | D43: 3. Testes comparativos (Espec. VS Impl.) | E43: Média | F43: 4 | H43: {=IF(INDEX($K:$AA,ROW(C43),MATCH(IF(VLOOKUP(_xlfn.CONCAT(B43,C43),'Detalhe Entregas e Status'!$D$9:$J$81,7,0)=DATE(2025,5,5),DATE(2025,5,12),VLOOKUP(_xlfn.CONCAT(B43,C43),'Detalhe Entregas e Status'!$D$9:$J$81,7,0)),$K$8:$AA$8,0))="","",INDEX($K:$AA,ROW(C43),MATCH(IF(VLOOKUP(_xlfn.CONCAT(B43,C43),'Detalhe Entregas e Status'!$D$9:$J$81,7,0)=DATE(2025,5,5),DATE(2025,5,12),VLOOKUP(_xlfn.CONCAT(B43,C43),'Detalhe Entregas e Status'!$D$9:$J$81,7,0)),$K$8:$AA$8,0)))} | I43: IT estava calcular mal a ponderação quando o msaldo_final é zero (20/mai: "Já estivemos a validar e parece-nos um erro na forma como tínhamos interpretado a especificação das ponderações, quando o saldo final das chaves FR é zero estávamos a dividir sempre 1 pelo número de chaves, em vez do kpm em si, vamos corrigir")
B44: lt002_instrument | C44: GRSS_CMMSSN_INCM_OFF_BLNC | D44: 6. Validação de formatos | E44: Baixa | F44: 1 | H44: {=IF(INDEX($K:$AA,ROW(C44),MATCH(IF(VLOOKUP(_xlfn.CONCAT(B44,C44),'Detalhe Entregas e Status'!$D$9:$J$81,7,0)=DATE(2025,5,5),DATE(2025,5,12),VLOOKUP(_xlfn.CONCAT(B44,C44),'Detalhe Entregas e Status'!$D$9:$J$81,7,0)),$K$8:$AA$8,0))="","",INDEX($K:$AA,ROW(C44),MATCH(IF(VLOOKUP(_xlfn.CONCAT(B44,C44),'Detalhe Entregas e Status'!$D$9:$J$81,7,0)=DATE(2025,5,5),DATE(2025,5,12),VLOOKUP(_xlfn.CONCAT(B44,C44),'Detalhe Entregas e Status'!$D$9:$J$81,7,0)),$K$8:$AA$8,0)))}
B45: lt002_instrument | C45: GRSS_CMMSSN_EXPNS_OFF_BLNC | D45: 3. Testes comparativos (Espec. VS Impl.) | E45: Média | F45: 4 | H45: {=IF(INDEX($K:$AA,ROW(C45),MATCH(IF(VLOOKUP(_xlfn.CONCAT(B45,C45),'Detalhe Entregas e Status'!$D$9:$J$81,7,0)=DATE(2025,5,5),DATE(2025,5,12),VLOOKUP(_xlfn.CONCAT(B45,C45),'Detalhe Entregas e Status'!$D$9:$J$81,7,0)),$K$8:$AA$8,0))="","",INDEX($K:$AA,ROW(C45),MATCH(IF(VLOOKUP(_xlfn.CONCAT(B45,C45),'Detalhe Entregas e Status'!$D$9:$J$81,7,0)=DATE(2025,5,5),DATE(2025,5,12),VLOOKUP(_xlfn.CONCAT(B45,C45),'Detalhe Entregas e Status'!$D$9:$J$81,7,0)),$K$8:$AA$8,0)))} | I45: IT estava calcular mal a ponderação quando o msaldo_final é zero (20/mai: "Já estivemos a validar e parece-nos um erro na forma como tínhamos interpretado a especificação das ponderações, quando o saldo final das chaves FR é zero estávamos a dividir sempre 1 pelo número de chaves, em vez do kpm em si, vamos corrigir")
B46: lt002_instrument | C46: GRSS_CMMSSN_EXPNS_OFF_BLNC | D46: 6. Validação de formatos | E46: Baixa | F46: 1 | H46: {=IF(INDEX($K:$AA,ROW(C46),MATCH(IF(VLOOKUP(_xlfn.CONCAT(B46,C46),'Detalhe Entregas e Status'!$D$9:$J$81,7,0)=DATE(2025,5,5),DATE(2025,5,12),VLOOKUP(_xlfn.CONCAT(B46,C46),'Detalhe Entregas e Status'!$D$9:$J$81,7,0)),$K$8:$AA$8,0))="","",INDEX($K:$AA,ROW(C46),MATCH(IF(VLOOKUP(_xlfn.CONCAT(B46,C46),'Detalhe Entregas e Status'!$D$9:$J$81,7,0)=DATE(2025,5,5),DATE(2025,5,12),VLOOKUP(_xlfn.CONCAT(B46,C46),'Detalhe Entregas e Status'!$D$9:$J$81,7,0)),$K$8:$AA$8,0)))}
B47: lt002_instrument | C47: RWA_OFF_BLNC | D47: 3. Testes comparativos (Espec. VS Impl.) | E47: Baixa | F47: 2 | H47: {=IF(INDEX($K:$AA,ROW(C47),MATCH(IF(VLOOKUP(_xlfn.CONCAT(B47,C47),'Detalhe Entregas e Status'!$D$9:$J$81,7,0)=DATE(2025,5,5),DATE(2025,5,12),VLOOKUP(_xlfn.CONCAT(B47,C47),'Detalhe Entregas e Status'!$D$9:$J$81,7,0)),$K$8:$AA$8,0))="","",INDEX($K:$AA,ROW(C47),MATCH(IF(VLOOKUP(_xlfn.CONCAT(B47,C47),'Detalhe Entregas e Status'!$D$9:$J$81,7,0)=DATE(2025,5,5),DATE(2025,5,12),VLOOKUP(_xlfn.CONCAT(B47,C47),'Detalhe Entregas e Status'!$D$9:$J$81,7,0)),$K$8:$AA$8,0)))} | I47: Os registos cancelados estão corretos, os restantos deviam estar com 11111111111 e estão com NULL
B48: lt002_instrument | C48: RWA_OFF_BLNC | D48: 6. Validação de formatos | E48: Baixa | F48: 1 | H48: {=IF(INDEX($K:$AA,ROW(C48),MATCH(IF(VLOOKUP(_xlfn.CONCAT(B48,C48),'Detalhe Entregas e Status'!$D$9:$J$81,7,0)=DATE(2025,5,5),DATE(2025,5,12),VLOOKUP(_xlfn.CONCAT(B48,C48),'Detalhe Entregas e Status'!$D$9:$J$81,7,0)),$K$8:$AA$8,0))="","",INDEX($K:$AA,ROW(C48),MATCH(IF(VLOOKUP(_xlfn.CONCAT(B48,C48),'Detalhe Entregas e Status'!$D$9:$J$81,7,0)=DATE(2025,5,5),DATE(2025,5,12),VLOOKUP(_xlfn.CONCAT(B48,C48),'Detalhe Entregas e Status'!$D$9:$J$81,7,0)),$K$8:$AA$8,0)))}
B49: lt002_instrument | C49: GRSS_INTRST_EXPNS | D49: 3. Testes comparativos (Espec. VS Impl.) | E49: Média | F49: 4 | H49: {=IF(INDEX($K:$AA,ROW(C49),MATCH(IF(VLOOKUP(_xlfn.CONCAT(B49,C49),'Detalhe Entregas e Status'!$D$9:$J$81,7,0)=DATE(2025,5,5),DATE(2025,5,12),VLOOKUP(_xlfn.CONCAT(B49,C49),'Detalhe Entregas e Status'!$D$9:$J$81,7,0)),$K$8:$AA$8,0))="","",INDEX($K:$AA,ROW(C49),MATCH(IF(VLOOKUP(_xlfn.CONCAT(B49,C49),'Detalhe Entregas e Status'!$D$9:$J$81,7,0)=DATE(2025,5,5),DATE(2025,5,12),VLOOKUP(_xlfn.CONCAT(B49,C49),'Detalhe Entregas e Status'!$D$9:$J$81,7,0)),$K$8:$AA$8,0)))} | I49: IT estava calcular mal a ponderação quando o msaldo_final é zero (20/mai: "Já estivemos a validar e parece-nos um erro na forma como tínhamos interpretado a especificação das ponderações, quando o saldo final das chaves FR é zero estávamos a dividir sempre 1 pelo número de chaves, em vez do kpm em si, vamos corrigir")
B50: lt002_instrument | C50: GRSS_INTRST_EXPNS | D50: 6. Validação de formatos | E50: Baixa | F50: 1 | H50: {=IF(INDEX($K:$AA,ROW(C50),MATCH(IF(VLOOKUP(_xlfn.CONCAT(B50,C50),'Detalhe Entregas e Status'!$D$9:$J$81,7,0)=DATE(2025,5,5),DATE(2025,5,12),VLOOKUP(_xlfn.CONCAT(B50,C50),'Detalhe Entregas e Status'!$D$9:$J$81,7,0)),$K$8:$AA$8,0))="","",INDEX($K:$AA,ROW(C50),MATCH(IF(VLOOKUP(_xlfn.CONCAT(B50,C50),'Detalhe Entregas e Status'!$D$9:$J$81,7,0)=DATE(2025,5,5),DATE(2025,5,12),VLOOKUP(_xlfn.CONCAT(B50,C50),'Detalhe Entregas e Status'!$D$9:$J$81,7,0)),$K$8:$AA$8,0)))}
B51: lt002_instrument | C51: NT_LN_LSS_PRVSN_OFF_BLNC | D51: 3. Testes comparativos (Espec. VS Impl.) | E51: Média | F51: 4 | H51: {=IF(INDEX($K:$AA,ROW(C51),MATCH(IF(VLOOKUP(_xlfn.CONCAT(B51,C51),'Detalhe Entregas e Status'!$D$9:$J$81,7,0)=DATE(2025,5,5),DATE(2025,5,12),VLOOKUP(_xlfn.CONCAT(B51,C51),'Detalhe Entregas e Status'!$D$9:$J$81,7,0)),$K$8:$AA$8,0))="","",INDEX($K:$AA,ROW(C51),MATCH(IF(VLOOKUP(_xlfn.CONCAT(B51,C51),'Detalhe Entregas e Status'!$D$9:$J$81,7,0)=DATE(2025,5,5),DATE(2025,5,12),VLOOKUP(_xlfn.CONCAT(B51,C51),'Detalhe Entregas e Status'!$D$9:$J$81,7,0)),$K$8:$AA$8,0)))} | I51: IT estava calcular mal a ponderação quando o msaldo_final é zero (20/mai: "Já estivemos a validar e parece-nos um erro na forma como tínhamos interpretado a especificação das ponderações, quando o saldo final das chaves FR é zero estávamos a dividir sempre 1 pelo número de chaves, em vez do kpm em si, vamos corrigir")
B52: lt002_instrument | C52: NT_LN_LSS_PRVSN_OFF_BLNC | D52: 6. Validação de formatos | E52: Baixa | F52: 1 | H52: {=IF(INDEX($K:$AA,ROW(C52),MATCH(IF(VLOOKUP(_xlfn.CONCAT(B52,C52),'Detalhe Entregas e Status'!$D$9:$J$81,7,0)=DATE(2025,5,5),DATE(2025,5,12),VLOOKUP(_xlfn.CONCAT(B52,C52),'Detalhe Entregas e Status'!$D$9:$J$81,7,0)),$K$8:$AA$8,0))="","",INDEX($K:$AA,ROW(C52),MATCH(IF(VLOOKUP(_xlfn.CONCAT(B52,C52),'Detalhe Entregas e Status'!$D$9:$J$81,7,0)=DATE(2025,5,5),DATE(2025,5,12),VLOOKUP(_xlfn.CONCAT(B52,C52),'Detalhe Entregas e Status'!$D$9:$J$81,7,0)),$K$8:$AA$8,0)))}
B53: lt002_instrument | C53: GRSS_INTRST_INCM_CCRR | D53: 3. Testes comparativos (Espec. VS Impl.) | E53: Baixa | F53: 2 | H53: {=IF(INDEX($K:$AA,ROW(C53),MATCH(IF(VLOOKUP(_xlfn.CONCAT(B53,C53),'Detalhe Entregas e Status'!$D$9:$J$81,7,0)=DATE(2025,5,5),DATE(2025,5,12),VLOOKUP(_xlfn.CONCAT(B53,C53),'Detalhe Entregas e Status'!$D$9:$J$81,7,0)),$K$8:$AA$8,0))="","",INDEX($K:$AA,ROW(C53),MATCH(IF(VLOOKUP(_xlfn.CONCAT(B53,C53),'Detalhe Entregas e Status'!$D$9:$J$81,7,0)=DATE(2025,5,5),DATE(2025,5,12),VLOOKUP(_xlfn.CONCAT(B53,C53),'Detalhe Entregas e Status'!$D$9:$J$81,7,0)),$K$8:$AA$8,0)))} | I53: Ok | L53: 0
B54: lt002_instrument | C54: GRSS_INTRST_INCM_CCRR | D54: 6. Validação de formatos | E54: Baixa | F54: 1 | H54: {=IF(INDEX($K:$AA,ROW(C54),MATCH(IF(VLOOKUP(_xlfn.CONCAT(B54,C54),'Detalhe Entregas e Status'!$D$9:$J$81,7,0)=DATE(2025,5,5),DATE(2025,5,12),VLOOKUP(_xlfn.CONCAT(B54,C54),'Detalhe Entregas e Status'!$D$9:$J$81,7,0)),$K$8:$AA$8,0))="","",INDEX($K:$AA,ROW(C54),MATCH(IF(VLOOKUP(_xlfn.CONCAT(B54,C54),'Detalhe Entregas e Status'!$D$9:$J$81,7,0)=DATE(2025,5,5),DATE(2025,5,12),VLOOKUP(_xlfn.CONCAT(B54,C54),'Detalhe Entregas e Status'!$D$9:$J$81,7,0)),$K$8:$AA$8,0)))} | L54: 0
B55: lt002_instrument | C55: GRSS_INTRST_EXPNS_CCRR | D55: 3. Testes comparativos (Espec. VS Impl.) | E55: Baixa | F55: 2 | H55: {=IF(INDEX($K:$AA,ROW(C55),MATCH(IF(VLOOKUP(_xlfn.CONCAT(B55,C55),'Detalhe Entregas e Status'!$D$9:$J$81,7,0)=DATE(2025,5,5),DATE(2025,5,12),VLOOKUP(_xlfn.CONCAT(B55,C55),'Detalhe Entregas e Status'!$D$9:$J$81,7,0)),$K$8:$AA$8,0))="","",INDEX($K:$AA,ROW(C55),MATCH(IF(VLOOKUP(_xlfn.CONCAT(B55,C55),'Detalhe Entregas e Status'!$D$9:$J$81,7,0)=DATE(2025,5,5),DATE(2025,5,12),VLOOKUP(_xlfn.CONCAT(B55,C55),'Detalhe Entregas e Status'!$D$9:$J$81,7,0)),$K$8:$AA$8,0)))} | I55: Ok | L55: 0
B56: lt002_instrument | C56: GRSS_INTRST_EXPNS_CCRR | D56: 6. Validação de formatos | E56: Baixa | F56: 1 | H56: {=IF(INDEX($K:$AA,ROW(C56),MATCH(IF(VLOOKUP(_xlfn.CONCAT(B56,C56),'Detalhe Entregas e Status'!$D$9:$J$81,7,0)=DATE(2025,5,5),DATE(2025,5,12),VLOOKUP(_xlfn.CONCAT(B56,C56),'Detalhe Entregas e Status'!$D$9:$J$81,7,0)),$K$8:$AA$8,0))="","",INDEX($K:$AA,ROW(C56),MATCH(IF(VLOOKUP(_xlfn.CONCAT(B56,C56),'Detalhe Entregas e Status'!$D$9:$J$81,7,0)=DATE(2025,5,5),DATE(2025,5,12),VLOOKUP(_xlfn.CONCAT(B56,C56),'Detalhe Entregas e Status'!$D$9:$J$81,7,0)),$K$8:$AA$8,0)))} | L56: 0
B57: lt002_instrument | C57: GRSS_CMMSSN_INCM_CCRR | D57: 3. Testes comparativos (Espec. VS Impl.) | E57: Baixa | F57: 2 | H57: {=IF(INDEX($K:$AA,ROW(C57),MATCH(IF(VLOOKUP(_xlfn.CONCAT(B57,C57),'Detalhe Entregas e Status'!$D$9:$J$81,7,0)=DATE(2025,5,5),DATE(2025,5,12),VLOOKUP(_xlfn.CONCAT(B57,C57),'Detalhe Entregas e Status'!$D$9:$J$81,7,0)),$K$8:$AA$8,0))="","",INDEX($K:$AA,ROW(C57),MATCH(IF(VLOOKUP(_xlfn.CONCAT(B57,C57),'Detalhe Entregas e Status'!$D$9:$J$81,7,0)=DATE(2025,5,5),DATE(2025,5,12),VLOOKUP(_xlfn.CONCAT(B57,C57),'Detalhe Entregas e Status'!$D$9:$J$81,7,0)),$K$8:$AA$8,0)))} | I57: Ok | L57: 0
B58: lt002_instrument | C58: GRSS_CMMSSN_INCM_CCRR | D58: 6. Validação de formatos | E58: Baixa | F58: 1 | H58: {=IF(INDEX($K:$AA,ROW(C58),MATCH(IF(VLOOKUP(_xlfn.CONCAT(B58,C58),'Detalhe Entregas e Status'!$D$9:$J$81,7,0)=DATE(2025,5,5),DATE(2025,5,12),VLOOKUP(_xlfn.CONCAT(B58,C58),'Detalhe Entregas e Status'!$D$9:$J$81,7,0)),$K$8:$AA$8,0))="","",INDEX($K:$AA,ROW(C58),MATCH(IF(VLOOKUP(_xlfn.CONCAT(B58,C58),'Detalhe Entregas e Status'!$D$9:$J$81,7,0)=DATE(2025,5,5),DATE(2025,5,12),VLOOKUP(_xlfn.CONCAT(B58,C58),'Detalhe Entregas e Status'!$D$9:$J$81,7,0)),$K$8:$AA$8,0)))} | L58: 0
B59: lt002_instrument | C59: GRSS_CMMSSN_EXPNS_CCRR | D59: 3. Testes comparativos (Espec. VS Impl.) | E59: Baixa | F59: 2 | H59: {=IF(INDEX($K:$AA,ROW(C59),MATCH(IF(VLOOKUP(_xlfn.CONCAT(B59,C59),'Detalhe Entregas e Status'!$D$9:$J$81,7,0)=DATE(2025,5,5),DATE(2025,5,12),VLOOKUP(_xlfn.CONCAT(B59,C59),'Detalhe Entregas e Status'!$D$9:$J$81,7,0)),$K$8:$AA$8,0))="","",INDEX($K:$AA,ROW(C59),MATCH(IF(VLOOKUP(_xlfn.CONCAT(B59,C59),'Detalhe Entregas e Status'!$D$9:$J$81,7,0)=DATE(2025,5,5),DATE(2025,5,12),VLOOKUP(_xlfn.CONCAT(B59,C59),'Detalhe Entregas e Status'!$D$9:$J$81,7,0)),$K$8:$AA$8,0)))} | I59: Ok | L59: 0
B60: lt002_instrument | C60: GRSS_CMMSSN_EXPNS_CCRR | D60: 6. Validação de formatos | E60: Baixa | F60: 1 | H60: {=IF(INDEX($K:$AA,ROW(C60),MATCH(IF(VLOOKUP(_xlfn.CONCAT(B60,C60),'Detalhe Entregas e Status'!$D$9:$J$81,7,0)=DATE(2025,5,5),DATE(2025,5,12),VLOOKUP(_xlfn.CONCAT(B60,C60),'Detalhe Entregas e Status'!$D$9:$J$81,7,0)),$K$8:$AA$8,0))="","",INDEX($K:$AA,ROW(C60),MATCH(IF(VLOOKUP(_xlfn.CONCAT(B60,C60),'Detalhe Entregas e Status'!$D$9:$J$81,7,0)=DATE(2025,5,5),DATE(2025,5,12),VLOOKUP(_xlfn.CONCAT(B60,C60),'Detalhe Entregas e Status'!$D$9:$J$81,7,0)),$K$8:$AA$8,0)))} | L60: 0
B61: lt002_instrument | C61: GNS_FNNCL_TRNSCTN_EXCHNG_CCRR | D61: 3. Testes comparativos (Espec. VS Impl.) | E61: Baixa | F61: 2 | H61: {=IF(INDEX($K:$AA,ROW(C61),MATCH(IF(VLOOKUP(_xlfn.CONCAT(B61,C61),'Detalhe Entregas e Status'!$D$9:$J$81,7,0)=DATE(2025,5,5),DATE(2025,5,12),VLOOKUP(_xlfn.CONCAT(B61,C61),'Detalhe Entregas e Status'!$D$9:$J$81,7,0)),$K$8:$AA$8,0))="","",INDEX($K:$AA,ROW(C61),MATCH(IF(VLOOKUP(_xlfn.CONCAT(B61,C61),'Detalhe Entregas e Status'!$D$9:$J$81,7,0)=DATE(2025,5,5),DATE(2025,5,12),VLOOKUP(_xlfn.CONCAT(B61,C61),'Detalhe Entregas e Status'!$D$9:$J$81,7,0)),$K$8:$AA$8,0)))} | I61: Ok | L61: 0
B62: lt002_instrument | C62: GNS_FNNCL_TRNSCTN_EXCHNG_CCRR | D62: 6. Validação de formatos | E62: Baixa | F62: 1 | H62: {=IF(INDEX($K:$AA,ROW(C62),MATCH(IF(VLOOKUP(_xlfn.CONCAT(B62,C62),'Detalhe Entregas e Status'!$D$9:$J$81,7,0)=DATE(2025,5,5),DATE(2025,5,12),VLOOKUP(_xlfn.CONCAT(B62,C62),'Detalhe Entregas e Status'!$D$9:$J$81,7,0)),$K$8:$AA$8,0))="","",INDEX($K:$AA,ROW(C62),MATCH(IF(VLOOKUP(_xlfn.CONCAT(B62,C62),'Detalhe Entregas e Status'!$D$9:$J$81,7,0)=DATE(2025,5,5),DATE(2025,5,12),VLOOKUP(_xlfn.CONCAT(B62,C62),'Detalhe Entregas e Status'!$D$9:$J$81,7,0)),$K$8:$AA$8,0)))} | L62: 0
B63: lt002_instrument | C63: BSNSS_AREA_CCRR | D63: 3. Testes comparativos (Espec. VS Impl.) | E63: Baixa | F63: 2 | H63: {=IF(INDEX($K:$AA,ROW(C63),MATCH(IF(VLOOKUP(_xlfn.CONCAT(B63,C63),'Detalhe Entregas e Status'!$D$9:$J$81,7,0)=DATE(2025,5,5),DATE(2025,5,12),VLOOKUP(_xlfn.CONCAT(B63,C63),'Detalhe Entregas e Status'!$D$9:$J$81,7,0)),$K$8:$AA$8,0))="","",INDEX($K:$AA,ROW(C63),MATCH(IF(VLOOKUP(_xlfn.CONCAT(B63,C63),'Detalhe Entregas e Status'!$D$9:$J$81,7,0)=DATE(2025,5,5),DATE(2025,5,12),VLOOKUP(_xlfn.CONCAT(B63,C63),'Detalhe Entregas e Status'!$D$9:$J$81,7,0)),$K$8:$AA$8,0)))} | I63: Ok | L63: 0
B64: lt002_instrument | C64: BSNSS_AREA_CCRR | D64: 6. Validação de formatos | E64: Baixa | F64: 1 | H64: {=IF(INDEX($K:$AA,ROW(C64),MATCH(IF(VLOOKUP(_xlfn.CONCAT(B64,C64),'Detalhe Entregas e Status'!$D$9:$J$81,7,0)=DATE(2025,5,5),DATE(2025,5,12),VLOOKUP(_xlfn.CONCAT(B64,C64),'Detalhe Entregas e Status'!$D$9:$J$81,7,0)),$K$8:$AA$8,0))="","",INDEX($K:$AA,ROW(C64),MATCH(IF(VLOOKUP(_xlfn.CONCAT(B64,C64),'Detalhe Entregas e Status'!$D$9:$J$81,7,0)=DATE(2025,5,5),DATE(2025,5,12),VLOOKUP(_xlfn.CONCAT(B64,C64),'Detalhe Entregas e Status'!$D$9:$J$81,7,0)),$K$8:$AA$8,0)))} | L64: 0
B65: lt002_instrument | C65: GRSS_CMMSSN_INCM_OFF_BLNC_CCRR | D65: 3. Testes comparativos (Espec. VS Impl.) | E65: Baixa | F65: 2 | H65: {=IF(INDEX($K:$AA,ROW(C65),MATCH(IF(VLOOKUP(_xlfn.CONCAT(B65,C65),'Detalhe Entregas e Status'!$D$9:$J$81,7,0)=DATE(2025,5,5),DATE(2025,5,12),VLOOKUP(_xlfn.CONCAT(B65,C65),'Detalhe Entregas e Status'!$D$9:$J$81,7,0)),$K$8:$AA$8,0))="","",INDEX($K:$AA,ROW(C65),MATCH(IF(VLOOKUP(_xlfn.CONCAT(B65,C65),'Detalhe Entregas e Status'!$D$9:$J$81,7,0)=DATE(2025,5,5),DATE(2025,5,12),VLOOKUP(_xlfn.CONCAT(B65,C65),'Detalhe Entregas e Status'!$D$9:$J$81,7,0)),$K$8:$AA$8,0)))} | I65: Ok | L65: 0
B66: lt002_instrument | C66: GRSS_CMMSSN_INCM_OFF_BLNC_CCRR | D66: 6. Validação de formatos | E66: Baixa | F66: 1 | H66: {=IF(INDEX($K:$AA,ROW(C66),MATCH(IF(VLOOKUP(_xlfn.CONCAT(B66,C66),'Detalhe Entregas e Status'!$D$9:$J$81,7,0)=DATE(2025,5,5),DATE(2025,5,12),VLOOKUP(_xlfn.CONCAT(B66,C66),'Detalhe Entregas e Status'!$D$9:$J$81,7,0)),$K$8:$AA$8,0))="","",INDEX($K:$AA,ROW(C66),MATCH(IF(VLOOKUP(_xlfn.CONCAT(B66,C66),'Detalhe Entregas e Status'!$D$9:$J$81,7,0)=DATE(2025,5,5),DATE(2025,5,12),VLOOKUP(_xlfn.CONCAT(B66,C66),'Detalhe Entregas e Status'!$D$9:$J$81,7,0)),$K$8:$AA$8,0)))} | L66: 0
B67: lt002_instrument | C67: GRSS_CMMSSN_EXPNS_OFF_BLNC_CCRR | D67: 3. Testes comparativos (Espec. VS Impl.) | E67: Baixa | F67: 2 | H67: {=IF(INDEX($K:$AA,ROW(C67),MATCH(IF(VLOOKUP(_xlfn.CONCAT(B67,C67),'Detalhe Entregas e Status'!$D$9:$J$81,7,0)=DATE(2025,5,5),DATE(2025,5,12),VLOOKUP(_xlfn.CONCAT(B67,C67),'Detalhe Entregas e Status'!$D$9:$J$81,7,0)),$K$8:$AA$8,0))="","",INDEX($K:$AA,ROW(C67),MATCH(IF(VLOOKUP(_xlfn.CONCAT(B67,C67),'Detalhe Entregas e Status'!$D$9:$J$81,7,0)=DATE(2025,5,5),DATE(2025,5,12),VLOOKUP(_xlfn.CONCAT(B67,C67),'Detalhe Entregas e Status'!$D$9:$J$81,7,0)),$K$8:$AA$8,0)))} | I67: Ok | L67: 0
B68: lt002_instrument | C68: GRSS_CMMSSN_EXPNS_OFF_BLNC_CCRR | D68: 6. Validação de formatos | E68: Baixa | F68: 1 | H68: {=IF(INDEX($K:$AA,ROW(C68),MATCH(IF(VLOOKUP(_xlfn.CONCAT(B68,C68),'Detalhe Entregas e Status'!$D$9:$J$81,7,0)=DATE(2025,5,5),DATE(2025,5,12),VLOOKUP(_xlfn.CONCAT(B68,C68),'Detalhe Entregas e Status'!$D$9:$J$81,7,0)),$K$8:$AA$8,0))="","",INDEX($K:$AA,ROW(C68),MATCH(IF(VLOOKUP(_xlfn.CONCAT(B68,C68),'Detalhe Entregas e Status'!$D$9:$J$81,7,0)=DATE(2025,5,5),DATE(2025,5,12),VLOOKUP(_xlfn.CONCAT(B68,C68),'Detalhe Entregas e Status'!$D$9:$J$81,7,0)),$K$8:$AA$8,0)))} | L68: 0
B69: lt002_instrument | C69: IDCMB | D69: 3. Testes comparativos (Espec. VS Impl.) | E69: Alta | F69: 8 | H69: {=IF(INDEX($K:$AA,ROW(C69),MATCH(IF(VLOOKUP(_xlfn.CONCAT(B69,C69),'Detalhe Entregas e Status'!$D$9:$J$81,7,0)=DATE(2025,5,5),DATE(2025,5,12),VLOOKUP(_xlfn.CONCAT(B69,C69),'Detalhe Entregas e Status'!$D$9:$J$81,7,0)),$K$8:$AA$8,0))="","",INDEX($K:$AA,ROW(C69),MATCH(IF(VLOOKUP(_xlfn.CONCAT(B69,C69),'Detalhe Entregas e Status'!$D$9:$J$81,7,0)=DATE(2025,5,5),DATE(2025,5,12),VLOOKUP(_xlfn.CONCAT(B69,C69),'Detalhe Entregas e Status'!$D$9:$J$81,7,0)),$K$8:$AA$8,0)))} | I69: ver especificação com o Diogo
B70: lt002_instrument | C70: IDCMB | D70: 6. Validação de formatos | E70: Baixa | F70: 1 | H70: {=IF(INDEX($K:$AA,ROW(C70),MATCH(IF(VLOOKUP(_xlfn.CONCAT(B70,C70),'Detalhe Entregas e Status'!$D$9:$J$81,7,0)=DATE(2025,5,5),DATE(2025,5,12),VLOOKUP(_xlfn.CONCAT(B70,C70),'Detalhe Entregas e Status'!$D$9:$J$81,7,0)),$K$8:$AA$8,0))="","",INDEX($K:$AA,ROW(C70),MATCH(IF(VLOOKUP(_xlfn.CONCAT(B70,C70),'Detalhe Entregas e Status'!$D$9:$J$81,7,0)=DATE(2025,5,5),DATE(2025,5,12),VLOOKUP(_xlfn.CONCAT(B70,C70),'Detalhe Entregas e Status'!$D$9:$J$81,7,0)),$K$8:$AA$8,0)))}
B71: lt002_instrument | C71: IDCMB | D71: 5. Teste comparativos com LT | E71: Alta | F71: 2 | H71: {=IF(INDEX($K:$AA,ROW(C71),MATCH(IF(VLOOKUP(_xlfn.CONCAT(B71,C71),'Detalhe Entregas e Status'!$D$9:$J$81,7,0)=DATE(2025,5,5),DATE(2025,5,12),VLOOKUP(_xlfn.CONCAT(B71,C71),'Detalhe Entregas e Status'!$D$9:$J$81,7,0)),$K$8:$AA$8,0))="","",INDEX($K:$AA,ROW(C71),MATCH(IF(VLOOKUP(_xlfn.CONCAT(B71,C71),'Detalhe Entregas e Status'!$D$9:$J$81,7,0)=DATE(2025,5,5),DATE(2025,5,12),VLOOKUP(_xlfn.CONCAT(B71,C71),'Detalhe Entregas e Status'!$D$9:$J$81,7,0)),$K$8:$AA$8,0)))}
B72: lt002_instrument | C72: CNCLLD_INSTRMNT_STTS | D72: 3. Testes comparativos (Espec. VS Impl.) | E72: Alta | F72: 8 | H72: {=IF(INDEX($K:$AA,ROW(C72),MATCH(IF(VLOOKUP(_xlfn.CONCAT(B72,C72),'Detalhe Entregas e Status'!$D$9:$J$81,7,0)=DATE(2025,5,5),DATE(2025,5,12),VLOOKUP(_xlfn.CONCAT(B72,C72),'Detalhe Entregas e Status'!$D$9:$J$81,7,0)),$K$8:$AA$8,0))="","",INDEX($K:$AA,ROW(C72),MATCH(IF(VLOOKUP(_xlfn.CONCAT(B72,C72),'Detalhe Entregas e Status'!$D$9:$J$81,7,0)=DATE(2025,5,5),DATE(2025,5,12),VLOOKUP(_xlfn.CONCAT(B72,C72),'Detalhe Entregas e Status'!$D$9:$J$81,7,0)),$K$8:$AA$8,0)))} | I72: Necessário incluir na especificação o minimo da dinioper por chave FINREP | L72: 77013
B73: lt002_instrument | C73: CNCLLD_INSTRMNT_STTS | D73: 4. Validação de parametrizações | E73: Baixa | F73: 2 | H73: {=IF(INDEX($K:$AA,ROW(C73),MATCH(IF(VLOOKUP(_xlfn.CONCAT(B73,C73),'Detalhe Entregas e Status'!$D$9:$J$81,7,0)=DATE(2025,5,5),DATE(2025,5,12),VLOOKUP(_xlfn.CONCAT(B73,C73),'Detalhe Entregas e Status'!$D$9:$J$81,7,0)),$K$8:$AA$8,0))="","",INDEX($K:$AA,ROW(C73),MATCH(IF(VLOOKUP(_xlfn.CONCAT(B73,C73),'Detalhe Entregas e Status'!$D$9:$J$81,7,0)=DATE(2025,5,5),DATE(2025,5,12),VLOOKUP(_xlfn.CONCAT(B73,C73),'Detalhe Entregas e Status'!$D$9:$J$81,7,0)),$K$8:$AA$8,0)))}
B74: lt002_instrument | C74: CNCLLD_INSTRMNT_STTS | D74: 6. Validação de formatos | E74: Baixa | F74: 1 | H74: {=IF(INDEX($K:$AA,ROW(C74),MATCH(IF(VLOOKUP(_xlfn.CONCAT(B74,C74),'Detalhe Entregas e Status'!$D$9:$J$81,7,0)=DATE(2025,5,5),DATE(2025,5,12),VLOOKUP(_xlfn.CONCAT(B74,C74),'Detalhe Entregas e Status'!$D$9:$J$81,7,0)),$K$8:$AA$8,0))="","",INDEX($K:$AA,ROW(C74),MATCH(IF(VLOOKUP(_xlfn.CONCAT(B74,C74),'Detalhe Entregas e Status'!$D$9:$J$81,7,0)=DATE(2025,5,5),DATE(2025,5,12),VLOOKUP(_xlfn.CONCAT(B74,C74),'Detalhe Entregas e Status'!$D$9:$J$81,7,0)),$K$8:$AA$8,0)))}
B75: lt002_instrument | C75: CCF | D75: 5. Teste comparativos com LT | E75: Baixa | F75: 2 | H75: {=IF(INDEX($K:$AA,ROW(C75),MATCH(IF(VLOOKUP(_xlfn.CONCAT(B75,C75),'Detalhe Entregas e Status'!$D$9:$J$81,7,0)=DATE(2025,5,5),DATE(2025,5,12),VLOOKUP(_xlfn.CONCAT(B75,C75),'Detalhe Entregas e Status'!$D$9:$J$81,7,0)),$K$8:$AA$8,0))="","",INDEX($K:$AA,ROW(C75),MATCH(IF(VLOOKUP(_xlfn.CONCAT(B75,C75),'Detalhe Entregas e Status'!$D$9:$J$81,7,0)=DATE(2025,5,5),DATE(2025,5,12),VLOOKUP(_xlfn.CONCAT(B75,C75),'Detalhe Entregas e Status'!$D$9:$J$81,7,0)),$K$8:$AA$8,0)))} | I75: Em teste
B76: lt002_instrument | C76: CCF | D76: 6. Validação de formatos | E76: Baixa | F76: 1 | H76: {=IF(INDEX($K:$AA,ROW(C76),MATCH(IF(VLOOKUP(_xlfn.CONCAT(B76,C76),'Detalhe Entregas e Status'!$D$9:$J$81,7,0)=DATE(2025,5,5),DATE(2025,5,12),VLOOKUP(_xlfn.CONCAT(B76,C76),'Detalhe Entregas e Status'!$D$9:$J$81,7,0)),$K$8:$AA$8,0))="","",INDEX($K:$AA,ROW(C76),MATCH(IF(VLOOKUP(_xlfn.CONCAT(B76,C76),'Detalhe Entregas e Status'!$D$9:$J$81,7,0)=DATE(2025,5,5),DATE(2025,5,12),VLOOKUP(_xlfn.CONCAT(B76,C76),'Detalhe Entregas e Status'!$D$9:$J$81,7,0)),$K$8:$AA$8,0)))}
B77: lt002_instrument | C77: EAD | D77: 5. Teste comparativos com LT | E77: Baixa | F77: 2 | H77: {=IF(INDEX($K:$AA,ROW(C77),MATCH(IF(VLOOKUP(_xlfn.CONCAT(B77,C77),'Detalhe Entregas e Status'!$D$9:$J$81,7,0)=DATE(2025,5,5),DATE(2025,5,12),VLOOKUP(_xlfn.CONCAT(B77,C77),'Detalhe Entregas e Status'!$D$9:$J$81,7,0)),$K$8:$AA$8,0))="","",INDEX($K:$AA,ROW(C77),MATCH(IF(VLOOKUP(_xlfn.CONCAT(B77,C77),'Detalhe Entregas e Status'!$D$9:$J$81,7,0)=DATE(2025,5,5),DATE(2025,5,12),VLOOKUP(_xlfn.CONCAT(B77,C77),'Detalhe Entregas e Status'!$D$9:$J$81,7,0)),$K$8:$AA$8,0)))} | I77: Em teste
B78: lt002_instrument | C78: EAD | D78: 6. Validação de formatos | E78: Baixa | F78: 1 | H78: {=IF(INDEX($K:$AA,ROW(C78),MATCH(IF(VLOOKUP(_xlfn.CONCAT(B78,C78),'Detalhe Entregas e Status'!$D$9:$J$81,7,0)=DATE(2025,5,5),DATE(2025,5,12),VLOOKUP(_xlfn.CONCAT(B78,C78),'Detalhe Entregas e Status'!$D$9:$J$81,7,0)),$K$8:$AA$8,0))="","",INDEX($K:$AA,ROW(C78),MATCH(IF(VLOOKUP(_xlfn.CONCAT(B78,C78),'Detalhe Entregas e Status'!$D$9:$J$81,7,0)=DATE(2025,5,5),DATE(2025,5,12),VLOOKUP(_xlfn.CONCAT(B78,C78),'Detalhe Entregas e Status'!$D$9:$J$81,7,0)),$K$8:$AA$8,0)))}
B79: lt002_instrument | C79: TYP_OFF_BLNC_PRDCT | D79: 5. Teste comparativos com LT | E79: Baixa | F79: 2 | H79: {=IF(INDEX($K:$AA,ROW(C79),MATCH(IF(VLOOKUP(_xlfn.CONCAT(B79,C79),'Detalhe Entregas e Status'!$D$9:$J$81,7,0)=DATE(2025,5,5),DATE(2025,5,12),VLOOKUP(_xlfn.CONCAT(B79,C79),'Detalhe Entregas e Status'!$D$9:$J$81,7,0)),$K$8:$AA$8,0))="","",INDEX($K:$AA,ROW(C79),MATCH(IF(VLOOKUP(_xlfn.CONCAT(B79,C79),'Detalhe Entregas e Status'!$D$9:$J$81,7,0)=DATE(2025,5,5),DATE(2025,5,12),VLOOKUP(_xlfn.CONCAT(B79,C79),'Detalhe Entregas e Status'!$D$9:$J$81,7,0)),$K$8:$AA$8,0)))} | I79: Em teste
B80: lt002_instrument | C80: TYP_OFF_BLNC_PRDCT | D80: 6. Validação de formatos | E80: Baixa | F80: 1 | H80: {=IF(INDEX($K:$AA,ROW(C80),MATCH(IF(VLOOKUP(_xlfn.CONCAT(B80,C80),'Detalhe Entregas e Status'!$D$9:$J$81,7,0)=DATE(2025,5,5),DATE(2025,5,12),VLOOKUP(_xlfn.CONCAT(B80,C80),'Detalhe Entregas e Status'!$D$9:$J$81,7,0)),$K$8:$AA$8,0))="","",INDEX($K:$AA,ROW(C80),MATCH(IF(VLOOKUP(_xlfn.CONCAT(B80,C80),'Detalhe Entregas e Status'!$D$9:$J$81,7,0)=DATE(2025,5,5),DATE(2025,5,12),VLOOKUP(_xlfn.CONCAT(B80,C80),'Detalhe Entregas e Status'!$D$9:$J$81,7,0)),$K$8:$AA$8,0)))}
B81: lt002_instrument | C81: COD_SOC | D81: 5. Teste comparativos com LT | E81: Baixa | F81: 2 | H81: {=IF(INDEX($K:$AA,ROW(C81),MATCH(IF(VLOOKUP(_xlfn.CONCAT(B81,C81),'Detalhe Entregas e Status'!$D$9:$J$81,7,0)=DATE(2025,5,5),DATE(2025,5,12),VLOOKUP(_xlfn.CONCAT(B81,C81),'Detalhe Entregas e Status'!$D$9:$J$81,7,0)),$K$8:$AA$8,0))="","",INDEX($K:$AA,ROW(C81),MATCH(IF(VLOOKUP(_xlfn.CONCAT(B81,C81),'Detalhe Entregas e Status'!$D$9:$J$81,7,0)=DATE(2025,5,5),DATE(2025,5,12),VLOOKUP(_xlfn.CONCAT(B81,C81),'Detalhe Entregas e Status'!$D$9:$J$81,7,0)),$K$8:$AA$8,0)))} | I81: Em teste
B82: lt002_instrument | C82: COD_SOC | D82: 6. Validação de formatos | E82: Baixa | F82: 1 | H82: {=IF(INDEX($K:$AA,ROW(C82),MATCH(IF(VLOOKUP(_xlfn.CONCAT(B82,C82),'Detalhe Entregas e Status'!$D$9:$J$81,7,0)=DATE(2025,5,5),DATE(2025,5,12),VLOOKUP(_xlfn.CONCAT(B82,C82),'Detalhe Entregas e Status'!$D$9:$J$81,7,0)),$K$8:$AA$8,0))="","",INDEX($K:$AA,ROW(C82),MATCH(IF(VLOOKUP(_xlfn.CONCAT(B82,C82),'Detalhe Entregas e Status'!$D$9:$J$81,7,0)=DATE(2025,5,5),DATE(2025,5,12),VLOOKUP(_xlfn.CONCAT(B82,C82),'Detalhe Entregas e Status'!$D$9:$J$81,7,0)),$K$8:$AA$8,0)))}
B83: lt002_instrument | C83: SUBPORTFOLIO_ID | D83: 5. Teste comparativos com LT | E83: Baixa | F83: 2 | H83: {=IF(INDEX($K:$AA,ROW(C83),MATCH(IF(VLOOKUP(_xlfn.CONCAT(B83,C83),'Detalhe Entregas e Status'!$D$9:$J$81,7,0)=DATE(2025,5,5),DATE(2025,5,12),VLOOKUP(_xlfn.CONCAT(B83,C83),'Detalhe Entregas e Status'!$D$9:$J$81,7,0)),$K$8:$AA$8,0))="","",INDEX($K:$AA,ROW(C83),MATCH(IF(VLOOKUP(_xlfn.CONCAT(B83,C83),'Detalhe Entregas e Status'!$D$9:$J$81,7,0)=DATE(2025,5,5),DATE(2025,5,12),VLOOKUP(_xlfn.CONCAT(B83,C83),'Detalhe Entregas e Status'!$D$9:$J$81,7,0)),$K$8:$AA$8,0)))} | I83: Em teste
B84: lt002_instrument | C84: SUBPORTFOLIO_ID | D84: 6. Validação de formatos | E84: Baixa | F84: 1 | H84: {=IF(INDEX($K:$AA,ROW(C84),MATCH(IF(VLOOKUP(_xlfn.CONCAT(B84,C84),'Detalhe Entregas e Status'!$D$9:$J$81,7,0)=DATE(2025,5,5),DATE(2025,5,12),VLOOKUP(_xlfn.CONCAT(B84,C84),'Detalhe Entregas e Status'!$D$9:$J$81,7,0)),$K$8:$AA$8,0))="","",INDEX($K:$AA,ROW(C84),MATCH(IF(VLOOKUP(_xlfn.CONCAT(B84,C84),'Detalhe Entregas e Status'!$D$9:$J$81,7,0)=DATE(2025,5,5),DATE(2025,5,12),VLOOKUP(_xlfn.CONCAT(B84,C84),'Detalhe Entregas e Status'!$D$9:$J$81,7,0)),$K$8:$AA$8,0)))}
B85: lt002_instrument | C85: DT_RFRNC | D85: 5. Teste comparativos com LT | E85: Baixa | F85: 2 | H85: {=IF(INDEX($K:$AA,ROW(C85),MATCH(IF(VLOOKUP(_xlfn.CONCAT(B85,C85),'Detalhe Entregas e Status'!$D$9:$J$81,7,0)=DATE(2025,5,5),DATE(2025,5,12),VLOOKUP(_xlfn.CONCAT(B85,C85),'Detalhe Entregas e Status'!$D$9:$J$81,7,0)),$K$8:$AA$8,0))="","",INDEX($K:$AA,ROW(C85),MATCH(IF(VLOOKUP(_xlfn.CONCAT(B85,C85),'Detalhe Entregas e Status'!$D$9:$J$81,7,0)=DATE(2025,5,5),DATE(2025,5,12),VLOOKUP(_xlfn.CONCAT(B85,C85),'Detalhe Entregas e Status'!$D$9:$J$81,7,0)),$K$8:$AA$8,0)))} | I85: Ok | L85: 0
B86: lt002_instrument | C86: DT_RFRNC | D86: 6. Validação de formatos | E86: Baixa | F86: 1 | H86: {=IF(INDEX($K:$AA,ROW(C86),MATCH(IF(VLOOKUP(_xlfn.CONCAT(B86,C86),'Detalhe Entregas e Status'!$D$9:$J$81,7,0)=DATE(2025,5,5),DATE(2025,5,12),VLOOKUP(_xlfn.CONCAT(B86,C86),'Detalhe Entregas e Status'!$D$9:$J$81,7,0)),$K$8:$AA$8,0))="","",INDEX($K:$AA,ROW(C86),MATCH(IF(VLOOKUP(_xlfn.CONCAT(B86,C86),'Detalhe Entregas e Status'!$D$9:$J$81,7,0)=DATE(2025,5,5),DATE(2025,5,12),VLOOKUP(_xlfn.CONCAT(B86,C86),'Detalhe Entregas e Status'!$D$9:$J$81,7,0)),$K$8:$AA$8,0)))} | L86: 0
B87: lt002_instrument | C87: DFLT_STTS_INSTRMNT | D87: 5. Teste comparativos com LT | E87: Baixa | F87: 2 | H87: {=IF(INDEX($K:$AA,ROW(C87),MATCH(IF(VLOOKUP(_xlfn.CONCAT(B87,C87),'Detalhe Entregas e Status'!$D$9:$J$81,7,0)=DATE(2025,5,5),DATE(2025,5,12),VLOOKUP(_xlfn.CONCAT(B87,C87),'Detalhe Entregas e Status'!$D$9:$J$81,7,0)),$K$8:$AA$8,0))="","",INDEX($K:$AA,ROW(C87),MATCH(IF(VLOOKUP(_xlfn.CONCAT(B87,C87),'Detalhe Entregas e Status'!$D$9:$J$81,7,0)=DATE(2025,5,5),DATE(2025,5,12),VLOOKUP(_xlfn.CONCAT(B87,C87),'Detalhe Entregas e Status'!$D$9:$J$81,7,0)),$K$8:$AA$8,0)))} | I87: Em teste
B88: lt002_instrument | C88: DFLT_STTS_INSTRMNT | D88: 6. Validação de formatos | E88: Baixa | F88: 1 | H88: {=IF(INDEX($K:$AA,ROW(C88),MATCH(IF(VLOOKUP(_xlfn.CONCAT(B88,C88),'Detalhe Entregas e Status'!$D$9:$J$81,7,0)=DATE(2025,5,5),DATE(2025,5,12),VLOOKUP(_xlfn.CONCAT(B88,C88),'Detalhe Entregas e Status'!$D$9:$J$81,7,0)),$K$8:$AA$8,0))="","",INDEX($K:$AA,ROW(C88),MATCH(IF(VLOOKUP(_xlfn.CONCAT(B88,C88),'Detalhe Entregas e Status'!$D$9:$J$81,7,0)=DATE(2025,5,5),DATE(2025,5,12),VLOOKUP(_xlfn.CONCAT(B88,C88),'Detalhe Entregas e Status'!$D$9:$J$81,7,0)),$K$8:$AA$8,0)))}
B89: lt002_instrument | C89: DFLT_STTS_INSTRMNT | D89: 4. Validação de parametrizações | E89: Baixa | F89: 2 | H89: {=IF(INDEX($K:$AA,ROW(C89),MATCH(IF(VLOOKUP(_xlfn.CONCAT(B89,C89),'Detalhe Entregas e Status'!$D$9:$J$81,7,0)=DATE(2025,5,5),DATE(2025,5,12),VLOOKUP(_xlfn.CONCAT(B89,C89),'Detalhe Entregas e Status'!$D$9:$J$81,7,0)),$K$8:$AA$8,0))="","",INDEX($K:$AA,ROW(C89),MATCH(IF(VLOOKUP(_xlfn.CONCAT(B89,C89),'Detalhe Entregas e Status'!$D$9:$J$81,7,0)=DATE(2025,5,5),DATE(2025,5,12),VLOOKUP(_xlfn.CONCAT(B89,C89),'Detalhe Entregas e Status'!$D$9:$J$81,7,0)),$K$8:$AA$8,0)))}
B90: lt002_instrument | C90: IMPRMNT_STTS | D90: 5. Teste comparativos com LT | E90: Baixa | F90: 2 | H90: {=IF(INDEX($K:$AA,ROW(C90),MATCH(IF(VLOOKUP(_xlfn.CONCAT(B90,C90),'Detalhe Entregas e Status'!$D$9:$J$81,7,0)=DATE(2025,5,5),DATE(2025,5,12),VLOOKUP(_xlfn.CONCAT(B90,C90),'Detalhe Entregas e Status'!$D$9:$J$81,7,0)),$K$8:$AA$8,0))="","",INDEX($K:$AA,ROW(C90),MATCH(IF(VLOOKUP(_xlfn.CONCAT(B90,C90),'Detalhe Entregas e Status'!$D$9:$J$81,7,0)=DATE(2025,5,5),DATE(2025,5,12),VLOOKUP(_xlfn.CONCAT(B90,C90),'Detalhe Entregas e Status'!$D$9:$J$81,7,0)),$K$8:$AA$8,0)))} | I90: Em teste
B91: lt002_instrument | C91: IMPRMNT_STTS | D91: 6. Validação de formatos | E91: Baixa | F91: 1 | H91: {=IF(INDEX($K:$AA,ROW(C91),MATCH(IF(VLOOKUP(_xlfn.CONCAT(B91,C91),'Detalhe Entregas e Status'!$D$9:$J$81,7,0)=DATE(2025,5,5),DATE(2025,5,12),VLOOKUP(_xlfn.CONCAT(B91,C91),'Detalhe Entregas e Status'!$D$9:$J$81,7,0)),$K$8:$AA$8,0))="","",INDEX($K:$AA,ROW(C91),MATCH(IF(VLOOKUP(_xlfn.CONCAT(B91,C91),'Detalhe Entregas e Status'!$D$9:$J$81,7,0)=DATE(2025,5,5),DATE(2025,5,12),VLOOKUP(_xlfn.CONCAT(B91,C91),'Detalhe Entregas e Status'!$D$9:$J$81,7,0)),$K$8:$AA$8,0)))}
B92: lt002_instrument | C92: IMPRMNT_STTS | D92: 4. Validação de parametrizações | E92: Baixa | F92: 2 | H92: {=IF(INDEX($K:$AA,ROW(C92),MATCH(IF(VLOOKUP(_xlfn.CONCAT(B92,C92),'Detalhe Entregas e Status'!$D$9:$J$81,7,0)=DATE(2025,5,5),DATE(2025,5,12),VLOOKUP(_xlfn.CONCAT(B92,C92),'Detalhe Entregas e Status'!$D$9:$J$81,7,0)),$K$8:$AA$8,0))="","",INDEX($K:$AA,ROW(C92),MATCH(IF(VLOOKUP(_xlfn.CONCAT(B92,C92),'Detalhe Entregas e Status'!$D$9:$J$81,7,0)=DATE(2025,5,5),DATE(2025,5,12),VLOOKUP(_xlfn.CONCAT(B92,C92),'Detalhe Entregas e Status'!$D$9:$J$81,7,0)),$K$8:$AA$8,0)))}
B93: lt002_instrument | C93: PRFRMNG_STTS | D93: 5. Teste comparativos com LT | E93: Baixa | F93: 2 | H93: {=IF(INDEX($K:$AA,ROW(C93),MATCH(IF(VLOOKUP(_xlfn.CONCAT(B93,C93),'Detalhe Entregas e Status'!$D$9:$J$81,7,0)=DATE(2025,5,5),DATE(2025,5,12),VLOOKUP(_xlfn.CONCAT(B93,C93),'Detalhe Entregas e Status'!$D$9:$J$81,7,0)),$K$8:$AA$8,0))="","",INDEX($K:$AA,ROW(C93),MATCH(IF(VLOOKUP(_xlfn.CONCAT(B93,C93),'Detalhe Entregas e Status'!$D$9:$J$81,7,0)=DATE(2025,5,5),DATE(2025,5,12),VLOOKUP(_xlfn.CONCAT(B93,C93),'Detalhe Entregas e Status'!$D$9:$J$81,7,0)),$K$8:$AA$8,0)))} | I93: Em teste
B94: lt002_instrument | C94: PRFRMNG_STTS | D94: 6. Validação de formatos | E94: Baixa | F94: 1 | H94: {=IF(INDEX($K:$AA,ROW(C94),MATCH(IF(VLOOKUP(_xlfn.CONCAT(B94,C94),'Detalhe Entregas e Status'!$D$9:$J$81,7,0)=DATE(2025,5,5),DATE(2025,5,12),VLOOKUP(_xlfn.CONCAT(B94,C94),'Detalhe Entregas e Status'!$D$9:$J$81,7,0)),$K$8:$AA$8,0))="","",INDEX($K:$AA,ROW(C94),MATCH(IF(VLOOKUP(_xlfn.CONCAT(B94,C94),'Detalhe Entregas e Status'!$D$9:$J$81,7,0)=DATE(2025,5,5),DATE(2025,5,12),VLOOKUP(_xlfn.CONCAT(B94,C94),'Detalhe Entregas e Status'!$D$9:$J$81,7,0)),$K$8:$AA$8,0)))}
B95: lt002_instrument | C95: PRFRMNG_STTS | D95: 4. Validação de parametrizações | E95: Baixa | F95: 2 | H95: {=IF(INDEX($K:$AA,ROW(C95),MATCH(IF(VLOOKUP(_xlfn.CONCAT(B95,C95),'Detalhe Entregas e Status'!$D$9:$J$81,7,0)=DATE(2025,5,5),DATE(2025,5,12),VLOOKUP(_xlfn.CONCAT(B95,C95),'Detalhe Entregas e Status'!$D$9:$J$81,7,0)),$K$8:$AA$8,0))="","",INDEX($K:$AA,ROW(C95),MATCH(IF(VLOOKUP(_xlfn.CONCAT(B95,C95),'Detalhe Entregas e Status'!$D$9:$J$81,7,0)=DATE(2025,5,5),DATE(2025,5,12),VLOOKUP(_xlfn.CONCAT(B95,C95),'Detalhe Entregas e Status'!$D$9:$J$81,7,0)),$K$8:$AA$8,0)))}
B96: lt002_instrument | C96: TYP_INSTRMNT | D96: 5. Teste comparativos com LT | E96: Baixa | F96: 2 | H96: {=IF(INDEX($K:$AA,ROW(C96),MATCH(IF(VLOOKUP(_xlfn.CONCAT(B96,C96),'Detalhe Entregas e Status'!$D$9:$J$81,7,0)=DATE(2025,5,5),DATE(2025,5,12),VLOOKUP(_xlfn.CONCAT(B96,C96),'Detalhe Entregas e Status'!$D$9:$J$81,7,0)),$K$8:$AA$8,0))="","",INDEX($K:$AA,ROW(C96),MATCH(IF(VLOOKUP(_xlfn.CONCAT(B96,C96),'Detalhe Entregas e Status'!$D$9:$J$81,7,0)=DATE(2025,5,5),DATE(2025,5,12),VLOOKUP(_xlfn.CONCAT(B96,C96),'Detalhe Entregas e Status'!$D$9:$J$81,7,0)),$K$8:$AA$8,0)))} | I96: Em teste
B97: lt002_instrument | C97: TYP_INSTRMNT | D97: 6. Validação de formatos | E97: Baixa | F97: 1 | H97: {=IF(INDEX($K:$AA,ROW(C97),MATCH(IF(VLOOKUP(_xlfn.CONCAT(B97,C97),'Detalhe Entregas e Status'!$D$9:$J$81,7,0)=DATE(2025,5,5),DATE(2025,5,12),VLOOKUP(_xlfn.CONCAT(B97,C97),'Detalhe Entregas e Status'!$D$9:$J$81,7,0)),$K$8:$AA$8,0))="","",INDEX($K:$AA,ROW(C97),MATCH(IF(VLOOKUP(_xlfn.CONCAT(B97,C97),'Detalhe Entregas e Status'!$D$9:$J$81,7,0)=DATE(2025,5,5),DATE(2025,5,12),VLOOKUP(_xlfn.CONCAT(B97,C97),'Detalhe Entregas e Status'!$D$9:$J$81,7,0)),$K$8:$AA$8,0)))}
B98: lt002_instrument | C98: TYP_INSTRMNT | D98: 4. Validação de parametrizações | E98: Baixa | F98: 2 | H98: {=IF(INDEX($K:$AA,ROW(C98),MATCH(IF(VLOOKUP(_xlfn.CONCAT(B98,C98),'Detalhe Entregas e Status'!$D$9:$J$81,7,0)=DATE(2025,5,5),DATE(2025,5,12),VLOOKUP(_xlfn.CONCAT(B98,C98),'Detalhe Entregas e Status'!$D$9:$J$81,7,0)),$K$8:$AA$8,0))="","",INDEX($K:$AA,ROW(C98),MATCH(IF(VLOOKUP(_xlfn.CONCAT(B98,C98),'Detalhe Entregas e Status'!$D$9:$J$81,7,0)=DATE(2025,5,5),DATE(2025,5,12),VLOOKUP(_xlfn.CONCAT(B98,C98),'Detalhe Entregas e Status'!$D$9:$J$81,7,0)),$K$8:$AA$8,0)))}
B99: lt002_instrument | C99: GRSS_CRRYNG_AMNT_INSTRMNT | D99: 5. Teste comparativos com LT | E99: Baixa | F99: 2 | H99: {=IF(INDEX($K:$AA,ROW(C99),MATCH(IF(VLOOKUP(_xlfn.CONCAT(B99,C99),'Detalhe Entregas e Status'!$D$9:$J$81,7,0)=DATE(2025,5,5),DATE(2025,5,12),VLOOKUP(_xlfn.CONCAT(B99,C99),'Detalhe Entregas e Status'!$D$9:$J$81,7,0)),$K$8:$AA$8,0))="","",INDEX($K:$AA,ROW(C99),MATCH(IF(VLOOKUP(_xlfn.CONCAT(B99,C99),'Detalhe Entregas e Status'!$D$9:$J$81,7,0)=DATE(2025,5,5),DATE(2025,5,12),VLOOKUP(_xlfn.CONCAT(B99,C99),'Detalhe Entregas e Status'!$D$9:$J$81,7,0)),$K$8:$AA$8,0)))} | I99: Em teste
B100: lt002_instrument | C100: GRSS_CRRYNG_AMNT_INSTRMNT | D100: 6. Validação de formatos | E100: Baixa | F100: 1 | H100: {=IF(INDEX($K:$AA,ROW(C100),MATCH(IF(VLOOKUP(_xlfn.CONCAT(B100,C100),'Detalhe Entregas e Status'!$D$9:$J$81,7,0)=DATE(2025,5,5),DATE(2025,5,12),VLOOKUP(_xlfn.CONCAT(B100,C100),'Detalhe Entregas e Status'!$D$9:$J$81,7,0)),$K$8:$AA$8,0))="","",INDEX($K:$AA,ROW(C100),MATCH(IF(VLOOKUP(_xlfn.CONCAT(B100,C100),'Detalhe Entregas e Status'!$D$9:$J$81,7,0)=DATE(2025,5,5),DATE(2025,5,12),VLOOKUP(_xlfn.CONCAT(B100,C100),'Detalhe Entregas e Status'!$D$9:$J$81,7,0)),$K$8:$AA$8,0)))}
B101: lt002_instrument | C101: ACCMLTD_CHNGS_FV_CR_INSTRMNT | D101: 5. Teste comparativos com LT | E101: Baixa | F101: 2 | H101: {=IF(INDEX($K:$AA,ROW(C101),MATCH(IF(VLOOKUP(_xlfn.CONCAT(B101,C101),'Detalhe Entregas e Status'!$D$9:$J$81,7,0)=DATE(2025,5,5),DATE(2025,5,12),VLOOKUP(_xlfn.CONCAT(B101,C101),'Detalhe Entregas e Status'!$D$9:$J$81,7,0)),$K$8:$AA$8,0))="","",INDEX($K:$AA,ROW(C101),MATCH(IF(VLOOKUP(_xlfn.CONCAT(B101,C101),'Detalhe Entregas e Status'!$D$9:$J$81,7,0)=DATE(2025,5,5),DATE(2025,5,12),VLOOKUP(_xlfn.CONCAT(B101,C101),'Detalhe Entregas e Status'!$D$9:$J$81,7,0)),$K$8:$AA$8,0)))} | I101: Em teste
B102: lt002_instrument | C102: ACCMLTD_CHNGS_FV_CR_INSTRMNT | D102: 6. Validação de formatos | E102: Baixa | F102: 1 | H102: {=IF(INDEX($K:$AA,ROW(C102),MATCH(IF(VLOOKUP(_xlfn.CONCAT(B102,C102),'Detalhe Entregas e Status'!$D$9:$J$81,7,0)=DATE(2025,5,5),DATE(2025,5,12),VLOOKUP(_xlfn.CONCAT(B102,C102),'Detalhe Entregas e Status'!$D$9:$J$81,7,0)),$K$8:$AA$8,0))="","",INDEX($K:$AA,ROW(C102),MATCH(IF(VLOOKUP(_xlfn.CONCAT(B102,C102),'Detalhe Entregas e Status'!$D$9:$J$81,7,0)=DATE(2025,5,5),DATE(2025,5,12),VLOOKUP(_xlfn.CONCAT(B102,C102),'Detalhe Entregas e Status'!$D$9:$J$81,7,0)),$K$8:$AA$8,0)))}
B103: lt002_instrument | C103: ACCNTNG_CLSSFCTN | D103: 5. Teste comparativos com LT | E103: Baixa | F103: 2 | H103: {=IF(INDEX($K:$AA,ROW(C103),MATCH(IF(VLOOKUP(_xlfn.CONCAT(B103,C103),'Detalhe Entregas e Status'!$D$9:$J$81,7,0)=DATE(2025,5,5),DATE(2025,5,12),VLOOKUP(_xlfn.CONCAT(B103,C103),'Detalhe Entregas e Status'!$D$9:$J$81,7,0)),$K$8:$AA$8,0))="","",INDEX($K:$AA,ROW(C103),MATCH(IF(VLOOKUP(_xlfn.CONCAT(B103,C103),'Detalhe Entregas e Status'!$D$9:$J$81,7,0)=DATE(2025,5,5),DATE(2025,5,12),VLOOKUP(_xlfn.CONCAT(B103,C103),'Detalhe Entregas e Status'!$D$9:$J$81,7,0)),$K$8:$AA$8,0)))} | I103: Em teste
B104: lt002_instrument | C104: ACCNTNG_CLSSFCTN | D104: 6. Validação de formatos | E104: Baixa | F104: 1 | H104: {=IF(INDEX($K:$AA,ROW(C104),MATCH(IF(VLOOKUP(_xlfn.CONCAT(B104,C104),'Detalhe Entregas e Status'!$D$9:$J$81,7,0)=DATE(2025,5,5),DATE(2025,5,12),VLOOKUP(_xlfn.CONCAT(B104,C104),'Detalhe Entregas e Status'!$D$9:$J$81,7,0)),$K$8:$AA$8,0))="","",INDEX($K:$AA,ROW(C104),MATCH(IF(VLOOKUP(_xlfn.CONCAT(B104,C104),'Detalhe Entregas e Status'!$D$9:$J$81,7,0)=DATE(2025,5,5),DATE(2025,5,12),VLOOKUP(_xlfn.CONCAT(B104,C104),'Detalhe Entregas e Status'!$D$9:$J$81,7,0)),$K$8:$AA$8,0)))}
B105: lt002_instrument | C105: ACCNTNG_CLSSFCTN | D105: 4. Validação de parametrizações | E105: Baixa | F105: 2 | H105: {=IF(INDEX($K:$AA,ROW(C105),MATCH(IF(VLOOKUP(_xlfn.CONCAT(B105,C105),'Detalhe Entregas e Status'!$D$9:$J$81,7,0)=DATE(2025,5,5),DATE(2025,5,12),VLOOKUP(_xlfn.CONCAT(B105,C105),'Detalhe Entregas e Status'!$D$9:$J$81,7,0)),$K$8:$AA$8,0))="","",INDEX($K:$AA,ROW(C105),MATCH(IF(VLOOKUP(_xlfn.CONCAT(B105,C105),'Detalhe Entregas e Status'!$D$9:$J$81,7,0)=DATE(2025,5,5),DATE(2025,5,12),VLOOKUP(_xlfn.CONCAT(B105,C105),'Detalhe Entregas e Status'!$D$9:$J$81,7,0)),$K$8:$AA$8,0)))}
B106: lt002_instrument | C106: OFF_BLNC_SHT_AMNT_INSTRMNT | D106: 5. Teste comparativos com LT | E106: Baixa | F106: 2 | H106: {=IF(INDEX($K:$AA,ROW(C106),MATCH(IF(VLOOKUP(_xlfn.CONCAT(B106,C106),'Detalhe Entregas e Status'!$D$9:$J$81,7,0)=DATE(2025,5,5),DATE(2025,5,12),VLOOKUP(_xlfn.CONCAT(B106,C106),'Detalhe Entregas e Status'!$D$9:$J$81,7,0)),$K$8:$AA$8,0))="","",INDEX($K:$AA,ROW(C106),MATCH(IF(VLOOKUP(_xlfn.CONCAT(B106,C106),'Detalhe Entregas e Status'!$D$9:$J$81,7,0)=DATE(2025,5,5),DATE(2025,5,12),VLOOKUP(_xlfn.CONCAT(B106,C106),'Detalhe Entregas e Status'!$D$9:$J$81,7,0)),$K$8:$AA$8,0)))} | I106: Em teste
...

Sheet Aux Testes_Status
B7: Descrição das tipologias de testes aplicadas:
B9: Categoria do Teste | C9: Descrição
B10: 1. Teste de universo | C10: 1. Validação de universo de contratos (quando comparado âmbito "CDG" e "PM", e numero de registos) 2. Controlos sobre o desdobramento de chaves nas relações FR-MIS
B11: 3. Testes comparativos (Espec. VS Impl.) | C11: A partir da simulação realizada, comparar resultados com a implementação de IT.
B12: 4. Validação de parametrizações | C12: A partir da simulação realizada, comparar com as parametrizações implementadas por IT.
B13: 5. Teste comparativos com LT | C13: Garantir que a informação do campo da LT-ESTR âmbito 'PM' está espelhado no âmbito 'CDG'.
B14: 6. Validação de formatos | C14: Validação de formato de acordo com o que é esperado pela Corporação (incluindo validação de codelists, missing e default values) Validar especificação e controlos da especificação vs o que está implementado
B17: Status para Testes/Re-Testes
B19: Status | C19: Descrição
B20: 1. Concluído | C20: Campo concluído com sucesso.
B21: 2. Em Teste | C21: Campo em teste pela equipa Neyond.
B22: 3. Em Re-especificação | C22: Campo em re-especificação pela equipa Neyond.
B23: 4. Em Correção | C23: Campo em correção pela equipa IT.
B24: 5. Em Re-teste | C24: Campo em re-teste pela equipa Neyond.
B25: 6. Por Iniciar | C25: Campo não iniciado pela equipa Neyond.
B26: 7. Por Entregar | C26: Campo ainda não entregue para testes por parte da equipa de IT.

Sheet Aux Simulações e Testes
D3: Âmbitos aplicáveis
B4: Tabela | C4: Campo | D4: Structural | E4: Green Dashboard | F4: Pillar III ESG | G4: Necessário Simular? | H4: Universo a simular | I4: Tipo de teste | J4: Valor Expectável
B5: lt002_instrument | C5: UNIVERSO | D5: - | E5: - | F5: - | G5: - | H5: - | I5: - | J5: -
B6: lt002_instrument | C6: AVRG_BLNC | D6: N | E6: Y | F6: N | G6: Sim | H6: Comum PM + Cancelados | I6: Simulação vs IT
B7: lt002_instrument | C7: NW_BSNSS | D7: N | E7: Y | F7: Y | G7: Sim | H7: Comum PM + Cancelados | I7: Simulação vs IT
B8: lt002_instrument | C8: GRSS_INTRST_INCM | D8: N | E8: Y | F8: Y | G8: Sim | H8: Comum PM + Cancelados | I8: Simulação vs IT
B9: lt002_instrument | C9: GRSS_CMMSSN_INCM | D9: N | E9: Y | F9: Y | G9: Sim | H9: Comum PM + Cancelados | I9: Simulação vs IT
B10: lt002_instrument | C10: INTRNL_TRNSFR_RT | D10: N | E10: Y | F10: N | G10: Sim | H10: Comum PM + Cancelados | I10: Simulação vs IT
B11: lt002_instrument | C11: NT_LN_LSS_PRVSN | D11: N | E11: Y | F11: N | G11: Sim | H11: Comum PM + Cancelados | I11: Simulação vs IT
B12: lt002_instrument | C12: BSNSS_AREA | D12: N | E12: Y | F12: N | G12: Sim | H12: Comum PM + Cancelados | I12: Simulação vs IT
B13: lt002_instrument | C13: MNGMNT_PRDCT | D13: N | E13: Y | F13: N | G13: Sim | H13: Comum PM + Cancelados | I13: Simulação vs IT
B14: lt002_instrument | C14: GRSS_CMMSSN_EXPNS | D14: N | E14: Y | F14: N | G14: Sim | H14: Comum PM + Cancelados | I14: Simulação vs IT
B15: lt002_instrument | C15: GNS_FNNCL_TRNSCTN_EXCHNG_DFFRNCS | D15: N | E15: Y | F15: N | G15: Sim | H15: Comum PM + Cancelados | I15: Simulação vs IT
B16: lt002_instrument | C16: FLG_INTRBSNSS | D16: N | E16: Y | F16: N | G16: Não | H16: - | I16: Validação que IT tem sempre o mesmo valor para este campo de acordo com o que está na especificação | J16: N
B17: lt002_instrument | C17: INTRBSNSS_ADJ_COD | D17: N | E17: Y | F17: N | G17: Não | H17: - | I17: Validação que IT tem sempre o mesmo valor para este campo de acordo com o que está na especificação | J17: N/A
B18: lt002_instrument | C18: COD_SOC_DSTNTN | D18: N | E18: Y | F18: N | G18: Não | H18: - | I18: Validação que IT tem sempre o mesmo valor para este campo de acordo com o que está na especificação | J18: 00000
B19: lt002_instrument | C19: BSNSS_AREA_DSTNTN | D19: N | E19: Y | F19: N | G19: Não | H19: - | I19: Validação que IT tem sempre o mesmo valor para este campo de acordo com o que está na especificação | J19: N/A
B20: lt002_instrument | C20: AVRG_BLNC_OFF_BLNC | D20: N | E20: Y | F20: N | G20: Sim | H20: Comum PM + Cancelados | I20: Simulação vs IT
B21: lt002_instrument | C21: INTRNL_TRNSFR_RT_OFF_BLNC | D21: N | E21: Y | F21: N | G21: Não | H21: - | I21: Validação que IT tem sempre o mesmo valor para este campo de acordo com o que está na especificação | J21: 11111111111
B22: lt002_instrument | C22: GRSS_CMMSSN_INCM_OFF_BLNC | D22: N | E22: Y | F22: Y | G22: Sim | H22: Comum PM + Cancelados | I22: Simulação vs IT
B23: lt002_instrument | C23: GRSS_CMMSSN_EXPNS_OFF_BLNC | D23: N | E23: Y | F23: N | G23: Sim | H23: Comum PM + Cancelados | I23: Simulação vs IT
B24: lt002_instrument | C24: RWA_OFF_BLNC | D24: N | E24: Y | F24: N | G24: Não | H24: - | I24: Validação que IT tem sempre o mesmo valor para este campo de acordo com o que está na especificação | J24: 11111111111
B25: lt002_instrument | C25: GRSS_INTRST_EXPNS | D25: N | E25: Y | F25: N | G25: Sim | H25: Comum PM + Cancelados | I25: Simulação vs IT
B26: lt002_instrument | C26: NT_LN_LSS_PRVSN_OFF_BLNC | D26: N | E26: Y | F26: N | G26: Sim | H26: Comum PM + Cancelados | I26: Simulação vs IT
B27: lt002_instrument | C27: GRSS_INTRST_INCM_CCRR | D27: N | E27: Y | F27: N | G27: Não | H27: - | I27: Validação que IT tem sempre o mesmo valor para este campo de acordo com o que está na especificação | J27: 11111111111
B28: lt002_instrument | C28: GRSS_INTRST_EXPNS_CCRR | D28: N | E28: Y | F28: N | G28: Não | H28: - | I28: Validação que IT tem sempre o mesmo valor para este campo de acordo com o que está na especificação | J28: 11111111111
B29: lt002_instrument | C29: GRSS_CMMSSN_INCM_CCRR | D29: N | E29: Y | F29: N | G29: Não | H29: - | I29: Validação que IT tem sempre o mesmo valor para este campo de acordo com o que está na especificação | J29: 11111111111
B30: lt002_instrument | C30: GRSS_CMMSSN_EXPNS_CCRR | D30: N | E30: Y | F30: N | G30: Não | H30: - | I30: Validação que IT tem sempre o mesmo valor para este campo de acordo com o que está na especificação | J30: 11111111111
B31: lt002_instrument | C31: GNS_FNNCL_TRNSCTN_EXCHNG_CCRR | D31: N | E31: Y | F31: N | G31: Não | H31: - | I31: Validação que IT tem sempre o mesmo valor para este campo de acordo com o que está na especificação | J31: 11111111111
B32: lt002_instrument | C32: BSNSS_AREA_CCRR | D32: N | E32: Y | F32: N | G32: Não | H32: - | I32: Validação que IT tem sempre o mesmo valor para este campo de acordo com o que está na especificação | J32: N/A
B33: lt002_instrument | C33: GRSS_CMMSSN_INCM_OFF_BLNC_CCRR | D33: N | E33: Y | F33: N | G33: Não | H33: - | I33: Validação que IT tem sempre o mesmo valor para este campo de acordo com o que está na especificação | J33: 11111111111
B34: lt002_instrument | C34: GRSS_CMMSSN_EXPNS_OFF_BLNC_CCRR | D34: N | E34: Y | F34: N | G34: Não | H34: - | I34: Validação que IT tem sempre o mesmo valor para este campo de acordo com o que está na especificação | J34: 11111111111
B35: lt002_instrument | C35: CCF | D35: Y | E35: Y | F35: N | G35: Não | H35: - | I35: Univ Cancelados: validar que IT colocou o valor de default estipulado pela Corporação Univ Comum PM: validar para todos os contratos que o valor é o mesmo entre âmbito PM e GD | J35: Univ Cancelados: 11111111111
B36: lt002_instrument | C36: EAD | D36: Y | E36: Y | F36: N | G36: Não | H36: - | I36: Univ Cancelados: validar que IT colocou o valor de default estipulado pela Corporação Univ Comum PM: validar para todos os contratos que o valor é o mesmo entre âmbito PM e GD | J36: Univ Cancelados: 11111111111
B37: lt002_instrument | C37: TYP_OFF_BLNC_PRDCT | D37: Y | E37: Y | F37: Y | G37: Sim | H37: Cancelados | I37: Univ Cancelados: comparar a nossa simulação com a execução de IT Univ Comum PM: validar para todos os contratos que o valor é o mesmo entre âmbito PM e GD | J37: Para o universo de contratos cancelados obter o typ_off_blnc _prdct para a última data que o contrato apareceu na fr001 (garantir que a data é a mesma para os vários campos em que se aplica esta metodologia)
B38: lt002_instrument | C38: COD_SOC | D38: Y | E38: Y | F38: Y | G38: Não | H38: - | I38: Garantir que todos os contratos apresentam o mesmo código na execução de IT (00411) | J38: 00411
B39: lt002_instrument | C39: SUBPORTFOLIO_ID | D39: Y | E39: Y | F39: Y | G39: Sim | H39: Cancelados | I39: Univ Cancelados: comparar a nossa simulação com a execução de IT Univ Comum PM: validar para todos os contratos que o valor é o mesmo entre âmbito PM e GD | J39: Para o universo de contratos cancelados obter o subportfolio_id para a última data que o contrato apareceu na fr001 (garantir que a data é a mesma para os vários campos em que se aplica esta metodologia)
B40: lt002_instrument | C40: DT_RFRNC | D40: Y | E40: Y | F40: Y | G40: Não | H40: - | I40: Garantir que a data de referência diz respeito à data para que estamos a testar
B41: lt002_instrument | C41: DFLT_STTS_INSTRMNT | D41: Y | E41: Y | F41: Y | G41: Sim | H41: Cancelados | I41: Univ Cancelados: comparar a nossa simulação com a execução de IT Univ Comum PM: validar para todos os contratos que o valor é o mesmo entre âmbito PM e GD | J41: Para o universo de contratos cancelados obter o dflt_stts_instrmnt para a última data que o contrato apareceu na fr001 (garantir que a data é a mesma para os vários campos em que se aplica esta metodologia)
B42: lt002_instrument | C42: IMPRMNT_STTS | D42: Y | E42: Y | F42: Y | G42: Não | H42: - | I42: Univ Cancelados: validar que IT colocou o valor de default estipulado pela Corporação Univ Comum PM: validar para todos os contratos que o valor é o mesmo entre âmbito PM e GD | J42: Univ Cancelados: 11111111111
B43: lt002_instrument | C43: PRFRMNG_STTS | D43: Y | E43: Y | F43: Y | G43: Não | H43: - | I43: Univ Cancelados: validar que IT colocou o valor de default estipulado pela Corporação Univ Comum PM: validar para todos os contratos que o valor é o mesmo entre âmbito PM e GD | J43: Univ Cancelados: 11111111111
B44: lt002_instrument | C44: TYP_INSTRMNT | D44: Y | E44: Y | F44: Y | G44: Sim | H44: Cancelados | I44: Univ Cancelados: comparar a nossa simulação com a execução de IT Univ Comum PM: validar para todos os contratos que o valor é o mesmo entre âmbito PM e GD | J44: Para o universo de contratos cancelados obter o typ_instrmnt para a última data que o contrato apareceu na fr001 (garantir que a data é a mesma para os vários campos em que se aplica esta metodologia)
B45: lt002_instrument | C45: GRSS_CRRYNG_AMNT_INSTRMNT | D45: Y | E45: Y | F45: Y | G45: Não | H45: - | I45: Univ Cancelados: validar que IT colocou sempre a 0 Univ Comum PM: validar para todos os contratos que o valor é o mesmo entre âmbito PM e GD | J45: Univ Cancelados: 0
B46: lt002_instrument | C46: ACCMLTD_CHNGS_FV_CR_INSTRMNT | D46: Y | E46: Y | F46: Y | G46: Não | H46: - | I46: Univ Cancelados: validar que IT colocou sempre a 0 Univ Comum PM: validar para todos os contratos que o valor é o mesmo entre âmbito PM e GD | J46: Univ Cancelados: 0
B47: lt002_instrument | C47: ACCNTNG_CLSSFCTN | D47: Y | E47: Y | F47: Y | G47: Sim | H47: Cancelados | I47: Univ Cancelados: comparar a nossa simulação com a execução de IT Univ Comum PM: validar para todos os contratos que o valor é o mesmo entre âmbito PM e GD | J47: Para o universo de contratos cancelados obter o accntng_clssfctn para a última data que o contrato apareceu na fr001 (garantir que a data é a mesma para os vários campos em que se aplica esta metodologia)
B48: lt002_instrument | C48: OFF_BLNC_SHT_AMNT_INSTRMNT | D48: Y | E48: Y | F48: N | G48: Não | H48: - | I48: Univ Cancelados: validar que IT colocou sempre a 0 Univ Comum PM: validar para todos os contratos que o valor é o mesmo entre âmbito PM e GD | J48: Univ Cancelados: 0
B49: lt002_instrument | C49: PRVSNS_OFF_BLNC_SHT | D49: Y | E49: Y | F49: N | G49: Não | H49: - | I49: Univ Cancelados: validar que IT colocou sempre a 0 Univ Comum PM: validar para todos os contratos que o valor é o mesmo entre âmbito PM e GD | J49: Univ Cancelados: 0
B50: lt002_instrument | C50: RWA | D50: Y | E50: Y | F50: Y | G50: Não | H50: - | I50: Univ Cancelados: validar que IT colocou sempre a 0 Univ Comum PM: validar para todos os contratos que o valor é o mesmo entre âmbito PM e GD | J50: Univ Cancelados: 0
B51: lt002_instrument | C51: ACCMLTD_IMPRMNT_INSTRMNT | D51: Y | E51: Y | F51: Y | G51: Não | H51: - | I51: Univ Cancelados: validar que IT colocou sempre a 0 Univ Comum PM: validar para todos os contratos que o valor é o mesmo entre âmbito PM e GD | J51: Univ Cancelados: 0
B52: lt002_instrument | C52: COD_SOC_INTRGRP | D52: Y | E52: Y | F52: N | G52: Sim | H52: Cancelados | I52: Univ Cancelados: comparar a nossa simulação com a execução de IT Univ Comum PM: validar para todos os contratos que o valor é o mesmo entre âmbito PM e GD | J52: Para o universo de contratos cancelados obter o cod_soc_intrgrp para a última data que o contrato apareceu na fr001 (garantir que a data é a mesma para os vários campos em que se aplica esta metodologia)
... B54: lt002_instrument | C54: IDCMB | D54: Y | E54: Y | F54: Y | G54: Sim | H54: Cancelados | I54: Univ Cancelados: comparar a nossa simulação com a execução de IT Univ Comum PM: validar para todos os contratos que o valor é o mesmo entre âmbito PM e GD | J54: (ver regras word especificação + Diogo)
B55: lt002_instrument | C55: CNCLLD_INSTRMNT_STTS | D55: N | E55: Y | F55: Y | G55: Sim | H55: Comum PM + Cancelados | I55: Simulação vs IT
B56: lt002_instrument | C56: INSTRMNT_ID | D56: Y | E56: Y | F56: Y | G56: Sim | H56: Comum PM + Cancelados | I56: Simulação vs IT
B57: lt004_protection | C57: UNIVERSO | D57: - | E57: - | F57: - | G57: - | H57: - | I57: - | J57: -
B58: lt004_protection | C58: COD_SOC | D58: Y | E58: Y | F58: Y | G58: Sim | H58: Universo igual a Pilar 3 | I58: Validar simulação vs execução IT Validar execução IT GD vs Pilar 3
B59: lt004_protection | C59: DT_RFRNC | D59: Y | E59: Y | F59: Y | G59: Sim | H59: Universo igual a Pilar 3 | I59: Validar simulação vs execução IT Validar execução IT GD vs Pilar 3
B60: lt004_protection | C60: PRTCTN_ID | D60: Y | E60: Y | F60: Y | G60: Sim | H60: Universo igual a Pilar 3 | I60: Validar simulação vs execução IT Validar execução IT GD vs Pilar 3
B61: lt004_protection | C61: TYP_PRTCTN | D61: Y | E61: Y | F61: Y | G61: Sim | H61: Universo igual a Pilar 3 | I61: Validar simulação vs execução IT Validar execução IT GD vs Pilar 3
B62: lt004_protection | C62: PRTCTN_VL | D62: Y | E62: Y | F62: Y | G62: Sim | H62: Universo igual a Pilar 3 | I62: Validar simulação vs execução IT Validar execução IT GD vs Pilar 3
B63: lt004_protection | C63: TYP_VHCL | D63: N | E63: Y | F63: Y | G63: Sim | H63: Universo igual a Pilar 3 | I63: Validar simulação vs execução IT Validar execução IT GD vs Pilar 3
B64: lt004_protection | C64: FLG_ELCTRC_VHCL | D64: N | E64: Y | F64: N | G64: Sim | H64: Universo igual a Pilar 3 | I64: Validar simulação vs execução IT
B65: lt006_instr_protection | C65: UNIVERSO | D65: - | E65: - | F65: - | G65: - | H65: - | I65: - | J65: -
B66: lt006_instr_protection | C66: COD_SOC | D66: Y | E66: Y | F66: Y | G66: Não | H66: - | I66: Validar execução IT GD vs Pilar 3
B67: lt006_instr_protection | C67: DT_RFRNC | D67: Y | E67: Y | F67: Y | G67: Não | H67: - | I67: Validar execução IT GD vs Pilar 3
B68: lt006_instr_protection | C68: INSTRMNT_ID | D68: Y | E68: Y | F68: Y | G68: Não | H68: - | I68: Validar execução IT GD vs Pilar 3
B69: lt006_instr_protection | C69: PRTCTN_ID | D69: Y | E69: Y | F69: Y | G69: Não | H69: - | I69: Validar execução IT GD vs Pilar 3
B70: lt006_instr_protection | C70: TYP_RLTN | D70: N | E70: Y | F70: Y | G70: Não | H70: - | I70: Validar execução IT GD vs Pilar 3
B71: lt007_instr_activity | C71: UNIVERSO | D71: - | E71: - | F71: - | G71: - | H71: - | I71: - | J71: -
B72: lt007_instr_activity | C72: PRCNTG_ACTVTY | D72: N | E72: Y | F72: Y | G72: Não | H72: - | I72: Validar execução IT GD vs Pilar 3
B73: lt007_instr_activity | C73: SSTNBL_INDCTR | D73: N | E73: Y | F73: Y | G73: Não | H73: - | I73: Validar execução IT GD vs Pilar 3
B74: lt007_instr_activity | C74: SSTNBL_CTGRY | D74: N | E74: Y | F74: Y | G74: Não | H74: - | I74: Validar execução IT GD vs Pilar 3
B75: lt007_instr_activity | C75: COD_SOC | D75: N | E75: Y | F75: Y | G75: Não | H75: - | I75: Validar execução IT GD vs Pilar 3
B76: lt007_instr_activity | C76: DT_RFRNC | D76: N | E76: Y | F76: Y | G76: Não | H76: - | I76: Validar execução IT GD vs Pilar 3
B77: lt007_instr_activity | C77: INSTRMNT_ID | D77: N | E77: Y | F77: Y | G77: Não | H77: - | I77: Validar execução IT GD vs Pilar 3

Sheet Comuns com PM
B2: Campo | C2: Status Atual | D2: Universo Cancelados | E2: Universo Comum PM | G2: Grupo 1: | H2: preencher com zero os cancelaods
B3: CCF | C3: Entegue | D3: Grupo 2 | E3: validar execução IT GD vs PM | G3: Grupo 2: | H3: preencher com valor de default
B4: EAD | C4: Será entregue dia 2/jun | D4: Grupo 2 | E4: validar execução IT GD vs PM | G4: Grupo 3: | H4: preencher com o 00411
B5: TYP_OFF_BLNC_PRDCT | C5: Será entregue dia 2/jun | D5: Grupo 4 | E5: validar execução IT GD vs PM | G5: Grupo 4: | H5: preencher com o valor para a última data que aparece na fr001
B6: COD_SOC | C6: Entegue | D6: Grupo 3 | E6: validar execução IT GD vs PM
B7: SUBPORTFOLIO_ID | C7: Entegue | D7: Grupo 4 | E7: validar execução IT GD vs PM
B8: DFLT_STTS_INSTRMNT | C8: Entegue | D8: Grupo 4 | E8: validar execução IT GD vs PM
B9: IMPRMNT_STTS | C9: Entegue | D9: Grupo 2 | E9: validar execução IT GD vs PM
B10: PRFRMNG_STTS | C10: Entegue | D10: Grupo 2 | E10: validar execução IT GD vs PM
B11: TYP_INSTRMNT | C11: Entegue | D11: Grupo 4 | E11: validar execução IT GD vs PM
B12: GRSS_CRRYNG_AMNT_INSTRMNT | C12: Entegue | D12: Grupo 1 | E12: validar execução IT GD vs PM
B13: ACCMLTD_CHNGS_FV_CR_INSTRMNT | C13: Será entregue dia 2/jun | D13: Grupo 1 | E13: validar execução IT GD vs PM
B14: ACCNTNG_CLSSFCTN | C14: Será entregue dia 2/jun | D14: Grupo 4 | E14: validar execução IT GD vs PM
B15: OFF_BLNC_SHT_AMNT_INSTRMNT | C15: Será entregue dia 2/jun | D15: Grupo 1 | E15: validar execução IT GD vs PM
B16: PRVSNS_OFF_BLNC_SHT | C16: Entegue | D16: Grupo 1 | E16: validar execução IT GD vs PM
B17: RWA | C17: Será entregue dia 2/jun | D17: Grupo 1 | E17: validar execução IT GD vs PM
... B20: IDCMB | C20: Será entregue dia 2/jun | D20: Grupo 5 | E20: validar execução IT GD vs PM
