Workbook
Name asefadf: #REF!
Name bn: #REF!

Sheet 1. Status Resumo
B6: Sumário Executivo | 17/jan a 22/jan
B8: - Envio da documentação (word e excel) com a proposta de especificação to-be do 1º package de campos (20 campos do assessment inicial) para implementação por parte de IT. - Início da análise ao universo que deve ser considerado como contratos intramês. - Especificação dos campos comuns com PM, e atualização da documentação em conformidade.
B15: 1. Assesment | G15: Bens Imóveis - Input | H15: Bens Imóveis - Output | I15: Modelo Verde - Input | J15: Modelo Verde - Output | K15: Pilar III
C18: Resumo | H18: Status (campos) | K18: 45672 | L18: 45679 | M18: % | O18: Highlights
H19: 0. Cancelado | K19: =COUNTIFS('2. Status Detalhe Campos'!$H:$H,'1. Status Resumo'!$H19,'2. Status Detalhe Campos'!$C:$C,"Assessment") -> 3 | L19: =COUNTIFS('2. Status Detalhe Campos'!$G:$G,'1. Status Resumo'!$H19,'2. Status Detalhe Campos'!$C:$C,"Assessment") -> 3 | M19: =L19/$L$25 -> 0.078947368 | O19: Dos 38 campos em âmbito do Assessment inicial, temos: • 3 campos cancelados: - LG_INSTRMNT_CNCLLD: passou a chamar-se CNCLLD_INSTRMNT_STTS e deixou de ser um campo de sim/não e passou a ser uma code list; - SSTNBL_INDCTR: campo continua a existir mas mudou de tabela (passou da lt002_instrument para a lt007_instr_activity); - SSTNBL_CTGRY: campo continua a existir mas mudou de tabela (passou da lt002_instrument para a lt007_instr_activity) • 35 campos concluídos: especificação validada com CdG.
H20: 1. Fora de âmbito | K20: =COUNTIFS('2. Status Detalhe Campos'!$H:$H,'1. Status Resumo'!$H20,'2. Status Detalhe Campos'!$C:$C,"Assessment") -> 0 | L20: =COUNTIFS('2. Status Detalhe Campos'!$G:$G,'1. Status Resumo'!$H20,'2. Status Detalhe Campos'!$C:$C,"Assessment") -> 0 | M20: =L20/$L$25 -> 0
H21: 2. Concluído | K21: =COUNTIFS('2. Status Detalhe Campos'!$H:$H,'1. Status Resumo'!$H21,'2. Status Detalhe Campos'!$C:$C,"Assessment") -> 31 | L21: =COUNTIFS('2. Status Detalhe Campos'!$G:$G,'1. Status Resumo'!$H21,'2. Status Detalhe Campos'!$C:$C,"Assessment") -> 35 | M21: =L21/$L$25 -> 0.92105263
H22: 3. Em Análise | K22: =COUNTIFS('2. Status Detalhe Campos'!$H:$H,'1. Status Resumo'!$H22,'2. Status Detalhe Campos'!$C:$C,"Assessment") -> 3 | L22: =COUNTIFS('2. Status Detalhe Campos'!$G:$G,'1. Status Resumo'!$H22,'2. Status Detalhe Campos'!$C:$C,"Assessment") -> 0 | M22: =L22/$L$25 -> 0
H23: 4. Validação da especificação | K23: =COUNTIFS('2. Status Detalhe Campos'!$H:$H,'1. Status Resumo'!$H23,'2. Status Detalhe Campos'!$C:$C,"Assessment") -> 1 | L23: =COUNTIFS('2. Status Detalhe Campos'!$G:$G,'1. Status Resumo'!$H23,'2. Status Detalhe Campos'!$C:$C,"Assessment") -> 0 | M23: =L23/$L$25 -> 0
H24: 5. Por Iniciar | K24: =COUNTIFS('2. Status Detalhe Campos'!$H:$H,'1. Status Resumo'!$H24,'2. Status Detalhe Campos'!$C:$C,"Assessment") -> 0 | L24: =COUNTIFS('2. Status Detalhe Campos'!$G:$G,'1. Status Resumo'!$H24,'2. Status Detalhe Campos'!$C:$C,"Assessment") -> 0 | M24: =L24/$L$25 -> 0
H25: Total | K25: =SUM(K19:K24) -> 38 | L25: =SUM(L19:L24) -> 38 | M25: =L25/$L$25 -> 1
C30: Detalhe por Tabela
B41: 2. Re-especificação / Especificação
C44: Resumo | H44: Status (campos) | K44: 45672 | L44: 45679 | M44: % | O44: Highlights
H45: 0. Cancelado | K45: =COUNTIFS('2. Status Detalhe Campos'!$H:$H,'1. Status Resumo'!$H45,'2. Status Detalhe Campos'!$C:$C,"Re-especificação / Especificação") -> 0 | L45: =COUNTIFS('2. Status Detalhe Campos'!$G:$G,'1. Status Resumo'!$H45,'2. Status Detalhe Campos'!$C:$C,"Re-especificação / Especificação") -> 0 | M45: =L45/$L$25 -> 0 | O45: Dos 74 campos, temos: • 49 campos concluídos: - 20 campos previamente definidos pela Deloitte, para os quais a sua especificação foi validada com a equipa de CdG, posteriormente atualizada e enviada à equipa de IT. - 17 campos especificados pela equipa anterior. - 12 campos especificados em linha com o que se encontra implementado em âmbito PM. • 18 campos em especificação: - Dos quais, 3 campos são comuns com o Pilar 3 e já nos encontramos em sinergias com a equipa. - 9 campos dizem respeito aos campos do CCRR e Business Area. Tema que se encontra em análise com a Corporação. - 6 campos referentes à tabela de parametrização lt824. • 7 campos por iniciar.
H46: 1. Concluído | K46: =COUNTIFS('2. Status Detalhe Campos'!$H:$H,'1. Status Resumo'!$H46,'2. Status Detalhe Campos'!$C:$C,"Re-especificação / Especificação") -> 54 | L46: =COUNTIFS('2. Status Detalhe Campos'!$G:$G,'1. Status Resumo'!$H46,'2. Status Detalhe Campos'!$C:$C,"Re-especificação / Especificação") -> 30 | M46: =L46/$L$25 -> 0.78947368
H47: 2. Em Especificação/Re-especificação | K47: =COUNTIFS('2. Status Detalhe Campos'!$H:$H,'1. Status Resumo'!$H47,'2. Status Detalhe Campos'!$C:$C,"Re-especificação / Especificação") -> 19 | L47: =COUNTIFS('2. Status Detalhe Campos'!$G:$G,'1. Status Resumo'!$H47,'2. Status Detalhe Campos'!$C:$C,"Re-especificação / Especificação") -> 37 | M47: =L47/$L$25 -> 0.97368421
H48: 3. Pendente de outros desenvolvimentos/validações | K48: =COUNTIFS('2. Status Detalhe Campos'!$H:$H,'1. Status Resumo'!$H48,'2. Status Detalhe Campos'!$C:$C,"Re-especificação / Especificação") -> 0 | L48: =COUNTIFS('2. Status Detalhe Campos'!$G:$G,'1. Status Resumo'!$H48,'2. Status Detalhe Campos'!$C:$C,"Re-especificação / Especificação") -> 0 | M48: =L48/$L$25 -> 0
H49: 4. Validação da especificação | K49: =COUNTIFS('2. Status Detalhe Campos'!$H:$H,'1. Status Resumo'!$H49,'2. Status Detalhe Campos'!$C:$C,"Re-especificação / Especificação") -> 0 | L49: =COUNTIFS('2. Status Detalhe Campos'!$G:$G,'1. Status Resumo'!$H49,'2. Status Detalhe Campos'!$C:$C,"Re-especificação / Especificação") -> 0 | M49: =L49/$L$25 -> 0
H50: 5. Por Iniciar | K50: =COUNTIFS('2. Status Detalhe Campos'!$H:$H,'1. Status Resumo'!$H50,'2. Status Detalhe Campos'!$C:$C,"Re-especificação / Especificação") -> 2 | L50: =COUNTIFS('2. Status Detalhe Campos'!$G:$G,'1. Status Resumo'!$H50,'2. Status Detalhe Campos'!$C:$C,"Re-especificação / Especificação") -> 8 | M50: =L50/$L$25 -> 0.21052632
H51: Total 1 | K51: =SUM(K45:K50) -> 75 | L51: =SUM(L45:L50) -> 75 | M51: =L51/$L$51 -> 1
H52: 1 No âmbito do projeto, o total de campos é 68. No entanto, a tabela reflete 74 campos uma vez que estão a ser incluidos os campos referentes à lt824 (tabela de parametrização).
C56: Detalhe por Tabela

Sheet 2. Status Detalhe Campos
B6: Âmbito | C6: Categoria | D6: Tipo de teste | E6: Tabela | F6: Campo | G6: Status Atual | H6: Status Anterior | I6: Observações | J6: Data de Pedido correção/esclarecimento | K6: Data de correção prevista | L6: Data de correção efetiva | M6: Data Prevista de Re-especificação | N6: Data Prevista de Teste
A7: =E7&F7 -> lt002_instrumentAVRG_BLNC | B7: Green Dashboard | C7: Assessment | D7: {=INDEX('3. Plano_Detalhado'!$A$10:$H$197,MATCH(1,($E7='3. Plano_Detalhado'!$E$10:$E$197)*($F7='3. Plano_Detalhado'!$F$10:$F$197)*($C7='3. Plano_Detalhado'!$A$10:$A$197),0),4)} -> 2. Campo | E7: lt002_instrument | F7: AVRG_BLNC | G7: {=IF(INDEX('3. Plano_Detalhado'!$A$10:$H$197,MATCH(1,($E7='3. Plano_Detalhado'!$E$10:$E$197)*($F7='3. Plano_Detalhado'!$F$10:$F$197)*($C7='3. Plano_Detalhado'!$A$10:$A$197),0),7)="","",INDEX('3. Plano_Detalhado'!$A$10:$H$197,MATCH(1,($E7='3. Plano_Detalhado'!$E$10:$E$197)*($F7='3. Plano_Detalhado'!$F$10:$F$197)*($C7='3. Plano_Detalhado'!$A$10:$A$197),0),7))} -> 2. Concluído | H7: {=IF(INDEX('3. Plano_Detalhado'!$A$10:$H$197,MATCH(1,($E7='3. Plano_Detalhado'!$E$10:$E$197)*($F7='3. Plano_Detalhado'!$F$10:$F$197)*($C7='3. Plano_Detalhado'!$A$10:$A$197),0),8)="","",INDEX('3. Plano_Detalhado'!$A$10:$H$197,MATCH(1,($E7='3. Plano_Detalhado'!$E$10:$E$197)*($F7='3. Plano_Detalhado'!$F$10:$F$197)*($C7='3. Plano_Detalhado'!$A$10:$A$197),0),8))} -> 2. Concluído | I7: {=IF(INDEX('3. Plano_Detalhado'!$A$10:$Q$196,MATCH(1,($E7='3. Plano_Detalhado'!$E$10:$E$196)*($F7='3. Plano_Detalhado'!$F$10:$F$196)*($C7='3. Plano_Detalhado'!$A$10:$A$196),0),16)="","",INDEX('3. Plano_Detalhado'!$A$10:$Q$196,MATCH(1,($E7='3. Plano_Detalhado'!$E$10:$E$196)*($F7='3. Plano_Detalhado'!$F$10:$F$196)*($C7='3. Plano_Detalhado'!$A$10:$A$196),0),16))} -> 0
A8: =E8&F8 -> lt002_instrumentNW_BSNSS | B8: Green Dashboard | C8: Assessment | D8: {=INDEX('3. Plano_Detalhado'!$A$10:$H$197,MATCH(1,($E8='3. Plano_Detalhado'!$E$10:$E$197)*($F8='3. Plano_Detalhado'!$F$10:$F$197)*($C8='3. Plano_Detalhado'!$A$10:$A$197),0),4)} -> 2. Campo | E8: lt002_instrument | F8: NW_BSNSS | G8: {=IF(INDEX('3. Plano_Detalhado'!$A$10:$H$197,MATCH(1,($E8='3. Plano_Detalhado'!$E$10:$E$197)*($F8='3. Plano_Detalhado'!$F$10:$F$197)*($C8='3. Plano_Detalhado'!$A$10:$A$197),0),7)="","",INDEX('3. Plano_Detalhado'!$A$10:$H$197,MATCH(1,($E8='3. Plano_Detalhado'!$E$10:$E$197)*($F8='3. Plano_Detalhado'!$F$10:$F$197)*($C8='3. Plano_Detalhado'!$A$10:$A$197),0),7))} -> 2. Concluído | H8: {=IF(INDEX('3. Plano_Detalhado'!$A$10:$H$197,MATCH(1,($E8='3. Plano_Detalhado'!$E$10:$E$197)*($F8='3. Plano_Detalhado'!$F$10:$F$197)*($C8='3. Plano_Detalhado'!$A$10:$A$197),0),8)="","",INDEX('3. Plano_Detalhado'!$A$10:$H$197,MATCH(1,($E8='3. Plano_Detalhado'!$E$10:$E$197)*($F8='3. Plano_Detalhado'!$F$10:$F$197)*($C8='3. Plano_Detalhado'!$A$10:$A$197),0),8))} -> 4. Validação da especificação | I8: {=IF(INDEX('3. Plano_Detalhado'!$A$10:$Q$196,MATCH(1,($E8='3. Plano_Detalhado'!$E$10:$E$196)*($F8='3. Plano_Detalhado'!$F$10:$F$196)*($C8='3. Plano_Detalhado'!$A$10:$A$196),0),16)="","",INDEX('3. Plano_Detalhado'!$A$10:$Q$196,MATCH(1,($E8='3. Plano_Detalhado'!$E$10:$E$196)*($F8='3. Plano_Detalhado'!$F$10:$F$196)*($C8='3. Plano_Detalhado'!$A$10:$A$196),0),16))}
A9: =E9&F9 -> lt002_instrumentGRSS_INTRST_INCM | B9: Green Dashboard | C9: Assessment | D9: {=INDEX('3. Plano_Detalhado'!$A$10:$H$197,MATCH(1,($E9='3. Plano_Detalhado'!$E$10:$E$197)*($F9='3. Plano_Detalhado'!$F$10:$F$197)*($C9='3. Plano_Detalhado'!$A$10:$A$197),0),4)} -> 2. Campo | E9: lt002_instrument | F9: GRSS_INTRST_INCM | G9: {=IF(INDEX('3. Plano_Detalhado'!$A$10:$H$197,MATCH(1,($E9='3. Plano_Detalhado'!$E$10:$E$197)*($F9='3. Plano_Detalhado'!$F$10:$F$197)*($C9='3. Plano_Detalhado'!$A$10:$A$197),0),7)="","",INDEX('3. Plano_Detalhado'!$A$10:$H$197,MATCH(1,($E9='3. Plano_Detalhado'!$E$10:$E$197)*($F9='3. Plano_Detalhado'!$F$10:$F$197)*($C9='3. Plano_Detalhado'!$A$10:$A$197),0),7))} -> 2. Concluído | H9: {=IF(INDEX('3. Plano_Detalhado'!$A$10:$H$197,MATCH(1,($E9='3. Plano_Detalhado'!$E$10:$E$197)*($F9='3. Plano_Detalhado'!$F$10:$F$197)*($C9='3. Plano_Detalhado'!$A$10:$A$197),0),8)="","",INDEX('3. Plano_Detalhado'!$A$10:$H$197,MATCH(1,($E9='3. Plano_Detalhado'!$E$10:$E$197)*($F9='3. Plano_Detalhado'!$F$10:$F$197)*($C9='3. Plano_Detalhado'!$A$10:$A$197),0),8))} -> 2. Concluído | I9: {=IF(INDEX('3. Plano_Detalhado'!$A$10:$Q$196,MATCH(1,($E9='3. Plano_Detalhado'!$E$10:$E$196)*($F9='3. Plano_Detalhado'!$F$10:$F$196)*($C9='3. Plano_Detalhado'!$A$10:$A$196),0),16)="","",INDEX('3. Plano_Detalhado'!$A$10:$Q$196,MATCH(1,($E9='3. Plano_Detalhado'!$E$10:$E$196)*($F9='3. Plano_Detalhado'!$F$10:$F$196)*($C9='3. Plano_Detalhado'!$A$10:$A$196),0),16))}
A10: =E10&F10 -> lt002_instrumentGRSS_CMMSSN_INCM | B10: Green Dashboard | C10: Assessment | D10: {=INDEX('3. Plano_Detalhado'!$A$10:$H$197,MATCH(1,($E10='3. Plano_Detalhado'!$E$10:$E$197)*($F10='3. Plano_Detalhado'!$F$10:$F$197)*($C10='3. Plano_Detalhado'!$A$10:$A$197),0),4)} -> 2. Campo | E10: lt002_instrument | F10: GRSS_CMMSSN_INCM | G10: {=IF(INDEX('3. Plano_Detalhado'!$A$10:$H$197,MATCH(1,($E10='3. Plano_Detalhado'!$E$10:$E$197)*($F10='3. Plano_Detalhado'!$F$10:$F$197)*($C10='3. Plano_Detalhado'!$A$10:$A$197),0),7)="","",INDEX('3. Plano_Detalhado'!$A$10:$H$197,MATCH(1,($E10='3. Plano_Detalhado'!$E$10:$E$197)*($F10='3. Plano_Detalhado'!$F$10:$F$197)*($C10='3. Plano_Detalhado'!$A$10:$A$197),0),7))} -> 2. Concluído | H10: {=IF(INDEX('3. Plano_Detalhado'!$A$10:$H$197,MATCH(1,($E10='3. Plano_Detalhado'!$E$10:$E$197)*($F10='3. Plano_Detalhado'!$F$10:$F$197)*($C10='3. Plano_Detalhado'!$A$10:$A$197),0),8)="","",INDEX('3. Plano_Detalhado'!$A$10:$H$197,MATCH(1,($E10='3. Plano_Detalhado'!$E$10:$E$197)*($F10='3. Plano_Detalhado'!$F$10:$F$197)*($C10='3. Plano_Detalhado'!$A$10:$A$197),0),8))} -> 2. Concluído | I10: {=IF(INDEX('3. Plano_Detalhado'!$A$10:$Q$196,MATCH(1,($E10='3. Plano_Detalhado'!$E$10:$E$196)*($F10='3. Plano_Detalhado'!$F$10:$F$196)*($C10='3. Plano_Detalhado'!$A$10:$A$196),0),16)="","",INDEX('3. Plano_Detalhado'!$A$10:$Q$196,MATCH(1,($E10='3. Plano_Detalhado'!$E$10:$E$196)*($F10='3. Plano_Detalhado'!$F$10:$F$196)*($C10='3. Plano_Detalhado'!$A$10:$A$196),0),16))}
A11: =E11&F11 -> lt002_instrumentINTRNL_TRNSFR_RT | B11: Green Dashboard | C11: Assessment | D11: {=INDEX('3. Plano_Detalhado'!$A$10:$H$197,MATCH(1,($E11='3. Plano_Detalhado'!$E$10:$E$197)*($F11='3. Plano_Detalhado'!$F$10:$F$197)*($C11='3. Plano_Detalhado'!$A$10:$A$197),0),4)} -> 2. Campo | E11: lt002_instrument | F11: INTRNL_TRNSFR_RT | G11: {=IF(INDEX('3. Plano_Detalhado'!$A$10:$H$197,MATCH(1,($E11='3. Plano_Detalhado'!$E$10:$E$197)*($F11='3. Plano_Detalhado'!$F$10:$F$197)*($C11='3. Plano_Detalhado'!$A$10:$A$197),0),7)="","",INDEX('3. Plano_Detalhado'!$A$10:$H$197,MATCH(1,($E11='3. Plano_Detalhado'!$E$10:$E$197)*($F11='3. Plano_Detalhado'!$F$10:$F$197)*($C11='3. Plano_Detalhado'!$A$10:$A$197),0),7))} -> 2. Concluído | H11: {=IF(INDEX('3. Plano_Detalhado'!$A$10:$H$197,MATCH(1,($E11='3. Plano_Detalhado'!$E$10:$E$197)*($F11='3. Plano_Detalhado'!$F$10:$F$197)*($C11='3. Plano_Detalhado'!$A$10:$A$197),0),8)="","",INDEX('3. Plano_Detalhado'!$A$10:$H$197,MATCH(1,($E11='3. Plano_Detalhado'!$E$10:$E$197)*($F11='3. Plano_Detalhado'!$F$10:$F$197)*($C11='3. Plano_Detalhado'!$A$10:$A$197),0),8))} -> 2. Concluído | I11: {=IF(INDEX('3. Plano_Detalhado'!$A$10:$Q$196,MATCH(1,($E11='3. Plano_Detalhado'!$E$10:$E$196)*($F11='3. Plano_Detalhado'!$F$10:$F$196)*($C11='3. Plano_Detalhado'!$A$10:$A$196),0),16)="","",INDEX('3. Plano_Detalhado'!$A$10:$Q$196,MATCH(1,($E11='3. Plano_Detalhado'!$E$10:$E$196)*($F11='3. Plano_Detalhado'!$F$10:$F$196)*($C11='3. Plano_Detalhado'!$A$10:$A$196),0),16))}
A12: =E12&F12 -> lt002_instrumentNT_LN_LSS_PRVSN | B12: Green Dashboard | C12: Assessment | D12: {=INDEX('3. Plano_Detalhado'!$A$10:$H$197,MATCH(1,($E12='3. Plano_Detalhado'!$E$10:$E$197)*($F12='3. Plano_Detalhado'!$F$10:$F$197)*($C12='3. Plano_Detalhado'!$A$10:$A$197),0),4)} -> 2. Campo | E12: lt002_instrument | F12: NT_LN_LSS_PRVSN | G12: {=IF(INDEX('3. Plano_Detalhado'!$A$10:$H$197,MATCH(1,($E12='3. Plano_Detalhado'!$E$10:$E$197)*($F12='3. Plano_Detalhado'!$F$10:$F$197)*($C12='3. Plano_Detalhado'!$A$10:$A$197),0),7)="","",INDEX('3. Plano_Detalhado'!$A$10:$H$197,MATCH(1,($E12='3. Plano_Detalhado'!$E$10:$E$197)*($F12='3. Plano_Detalhado'!$F$10:$F$197)*($C12='3. Plano_Detalhado'!$A$10:$A$197),0),7))} -> 2. Concluído | H12: {=IF(INDEX('3. Plano_Detalhado'!$A$10:$H$197,MATCH(1,($E12='3. Plano_Detalhado'!$E$10:$E$197)*($F12='3. Plano_Detalhado'!$F$10:$F$197)*($C12='3. Plano_Detalhado'!$A$10:$A$197),0),8)="","",INDEX('3. Plano_Detalhado'!$A$10:$H$197,MATCH(1,($E12='3. Plano_Detalhado'!$E$10:$E$197)*($F12='3. Plano_Detalhado'!$F$10:$F$197)*($C12='3. Plano_Detalhado'!$A$10:$A$197),0),8))} -> 2. Concluído | I12: {=IF(INDEX('3. Plano_Detalhado'!$A$10:$Q$196,MATCH(1,($E12='3. Plano_Detalhado'!$E$10:$E$196)*($F12='3. Plano_Detalhado'!$F$10:$F$196)*($C12='3. Plano_Detalhado'!$A$10:$A$196),0),16)="","",INDEX('3. Plano_Detalhado'!$A$10:$Q$196,MATCH(1,($E12='3. Plano_Detalhado'!$E$10:$E$196)*($F12='3. Plano_Detalhado'!$F$10:$F$196)*($C12='3. Plano_Detalhado'!$A$10:$A$196),0),16))}
A13: =E13&F13 -> lt002_instrumentBSNSS_AREA | B13: Green Dashboard | C13: Assessment | D13: {=INDEX('3. Plano_Detalhado'!$A$10:$H$197,MATCH(1,($E13='3. Plano_Detalhado'!$E$10:$E$197)*($F13='3. Plano_Detalhado'!$F$10:$F$197)*($C13='3. Plano_Detalhado'!$A$10:$A$197),0),4)} -> 2. Campo | E13: lt002_instrument | F13: BSNSS_AREA | G13: {=IF(INDEX('3. Plano_Detalhado'!$A$10:$H$197,MATCH(1,($E13='3. Plano_Detalhado'!$E$10:$E$197)*($F13='3. Plano_Detalhado'!$F$10:$F$197)*($C13='3. Plano_Detalhado'!$A$10:$A$197),0),7)="","",INDEX('3. Plano_Detalhado'!$A$10:$H$197,MATCH(1,($E13='3. Plano_Detalhado'!$E$10:$E$197)*($F13='3. Plano_Detalhado'!$F$10:$F$197)*($C13='3. Plano_Detalhado'!$A$10:$A$197),0),7))} -> 2. Concluído | H13: {=IF(INDEX('3. Plano_Detalhado'!$A$10:$H$197,MATCH(1,($E13='3. Plano_Detalhado'!$E$10:$E$197)*($F13='3. Plano_Detalhado'!$F$10:$F$197)*($C13='3. Plano_Detalhado'!$A$10:$A$197),0),8)="","",INDEX('3. Plano_Detalhado'!$A$10:$H$197,MATCH(1,($E13='3. Plano_Detalhado'!$E$10:$E$197)*($F13='3. Plano_Detalhado'!$F$10:$F$197)*($C13='3. Plano_Detalhado'!$A$10:$A$197),0),8))} -> 2. Concluído | I13: {=IF(INDEX('3. Plano_Detalhado'!$A$10:$Q$196,MATCH(1,($E13='3. Plano_Detalhado'!$E$10:$E$196)*($F13='3. Plano_Detalhado'!$F$10:$F$196)*($C13='3. Plano_Detalhado'!$A$10:$A$196),0),16)="","",INDEX('3. Plano_Detalhado'!$A$10:$Q$196,MATCH(1,($E13='3. Plano_Detalhado'!$E$10:$E$196)*($F13='3. Plano_Detalhado'!$F$10:$F$196)*($C13='3. Plano_Detalhado'!$A$10:$A$196),0),16))}
A14: =E14&F14 -> lt002_instrumentMNGMNT_PRDCT | B14: Green Dashboard | C14: Assessment | D14: {=INDEX('3. Plano_Detalhado'!$A$10:$H$197,MATCH(1,($E14='3. Plano_Detalhado'!$E$10:$E$197)*($F14='3. Plano_Detalhado'!$F$10:$F$197)*($C14='3. Plano_Detalhado'!$A$10:$A$197),0),4)} -> 2. Campo | E14: lt002_instrument | F14: MNGMNT_PRDCT | G14: {=IF(INDEX('3. Plano_Detalhado'!$A$10:$H$197,MATCH(1,($E14='3. Plano_Detalhado'!$E$10:$E$197)*($F14='3. Plano_Detalhado'!$F$10:$F$197)*($C14='3. Plano_Detalhado'!$A$10:$A$197),0),7)="","",INDEX('3. Plano_Detalhado'!$A$10:$H$197,MATCH(1,($E14='3. Plano_Detalhado'!$E$10:$E$197)*($F14='3. Plano_Detalhado'!$F$10:$F$197)*($C14='3. Plano_Detalhado'!$A$10:$A$197),0),7))} -> 2. Concluído | H14: {=IF(INDEX('3. Plano_Detalhado'!$A$10:$H$197,MATCH(1,($E14='3. Plano_Detalhado'!$E$10:$E$197)*($F14='3. Plano_Detalhado'!$F$10:$F$197)*($C14='3. Plano_Detalhado'!$A$10:$A$197),0),8)="","",INDEX('3. Plano_Detalhado'!$A$10:$H$197,MATCH(1,($E14='3. Plano_Detalhado'!$E$10:$E$197)*($F14='3. Plano_Detalhado'!$F$10:$F$197)*($C14='3. Plano_Detalhado'!$A$10:$A$197),0),8))} -> 2. Concluído | I14: {=IF(INDEX('3. Plano_Detalhado'!$A$10:$Q$196,MATCH(1,($E14='3. Plano_Detalhado'!$E$10:$E$196)*($F14='3. Plano_Detalhado'!$F$10:$F$196)*($C14='3. Plano_Detalhado'!$A$10:$A$196),0),16)="","",INDEX('3. Plano_Detalhado'!$A$10:$Q$196,MATCH(1,($E14='3. Plano_Detalhado'!$E$10:$E$196)*($F14='3. Plano_Detalhado'!$F$10:$F$196)*($C14='3. Plano_Detalhado'!$A$10:$A$196),0),16))}
A15: =E15&F15 -> lt002_instrumentGRSS_CMMSSN_EXPNS | B15: Green Dashboard | C15: Assessment | D15: {=INDEX('3. Plano_Detalhado'!$A$10:$H$197,MATCH(1,($E15='3. Plano_Detalhado'!$E$10:$E$197)*($F15='3. Plano_Detalhado'!$F$10:$F$197)*($C15='3. Plano_Detalhado'!$A$10:$A$197),0),4)} -> 2. Campo | E15: lt002_instrument | F15: GRSS_CMMSSN_EXPNS | G15: {=IF(INDEX('3. Plano_Detalhado'!$A$10:$H$197,MATCH(1,($E15='3. Plano_Detalhado'!$E$10:$E$197)*($F15='3. Plano_Detalhado'!$F$10:$F$197)*($C15='3. Plano_Detalhado'!$A$10:$A$197),0),7)="","",INDEX('3. Plano_Detalhado'!$A$10:$H$197,MATCH(1,($E15='3. Plano_Detalhado'!$E$10:$E$197)*($F15='3. Plano_Detalhado'!$F$10:$F$197)*($C15='3. Plano_Detalhado'!$A$10:$A$197),0),7))} -> 2. Concluído | H15: {=IF(INDEX('3. Plano_Detalhado'!$A$10:$H$197,MATCH(1,($E15='3. Plano_Detalhado'!$E$10:$E$197)*($F15='3. Plano_Detalhado'!$F$10:$F$197)*($C15='3. Plano_Detalhado'!$A$10:$A$197),0),8)="","",INDEX('3. Plano_Detalhado'!$A$10:$H$197,MATCH(1,($E15='3. Plano_Detalhado'!$E$10:$E$197)*($F15='3. Plano_Detalhado'!$F$10:$F$197)*($C15='3. Plano_Detalhado'!$A$10:$A$197),0),8))} -> 2. Concluído | I15: {=IF(INDEX('3. Plano_Detalhado'!$A$10:$Q$196,MATCH(1,($E15='3. Plano_Detalhado'!$E$10:$E$196)*($F15='3. Plano_Detalhado'!$F$10:$F$196)*($C15='3. Plano_Detalhado'!$A$10:$A$196),0),16)="","",INDEX('3. Plano_Detalhado'!$A$10:$Q$196,MATCH(1,($E15='3. Plano_Detalhado'!$E$10:$E$196)*($F15='3. Plano_Detalhado'!$F$10:$F$196)*($C15='3. Plano_Detalhado'!$A$10:$A$196),0),16))}
A16: =E16&F16 -> lt002_instrumentGNS_FNNCL_TRNSCTN_EXCHNG_DFFRNCS | B16: Green Dashboard | C16: Assessment | D16: {=INDEX('3. Plano_Detalhado'!$A$10:$H$197,MATCH(1,($E16='3. Plano_Detalhado'!$E$10:$E$197)*($F16='3. Plano_Detalhado'!$F$10:$F$197)*($C16='3. Plano_Detalhado'!$A$10:$A$197),0),4)} -> 2. Campo | E16: lt002_instrument | F16: GNS_FNNCL_TRNSCTN_EXCHNG_DFFRNCS | G16: {=IF(INDEX('3. Plano_Detalhado'!$A$10:$H$197,MATCH(1,($E16='3. Plano_Detalhado'!$E$10:$E$197)*($F16='3. Plano_Detalhado'!$F$10:$F$197)*($C16='3. Plano_Detalhado'!$A$10:$A$197),0),7)="","",INDEX('3. Plano_Detalhado'!$A$10:$H$197,MATCH(1,($E16='3. Plano_Detalhado'!$E$10:$E$197)*($F16='3. Plano_Detalhado'!$F$10:$F$197)*($C16='3. Plano_Detalhado'!$A$10:$A$197),0),7))} -> 2. Concluído | H16: {=IF(INDEX('3. Plano_Detalhado'!$A$10:$H$197,MATCH(1,($E16='3. Plano_Detalhado'!$E$10:$E$197)*($F16='3. Plano_Detalhado'!$F$10:$F$197)*($C16='3. Plano_Detalhado'!$A$10:$A$197),0),8)="","",INDEX('3. Plano_Detalhado'!$A$10:$H$197,MATCH(1,($E16='3. Plano_Detalhado'!$E$10:$E$197)*($F16='3. Plano_Detalhado'!$F$10:$F$197)*($C16='3. Plano_Detalhado'!$A$10:$A$197),0),8))} -> 2. Concluído | I16: {=IF(INDEX('3. Plano_Detalhado'!$A$10:$Q$196,MATCH(1,($E16='3. Plano_Detalhado'!$E$10:$E$196)*($F16='3. Plano_Detalhado'!$F$10:$F$196)*($C16='3. Plano_Detalhado'!$A$10:$A$196),0),16)="","",INDEX('3. Plano_Detalhado'!$A$10:$Q$196,MATCH(1,($E16='3. Plano_Detalhado'!$E$10:$E$196)*($F16='3. Plano_Detalhado'!$F$10:$F$196)*($C16='3. Plano_Detalhado'!$A$10:$A$196),0),16))}
A17: =E17&F17 -> lt002_instrumentFLG_INTRBSNSS | B17: Green Dashboard | C17: Assessment | D17: {=INDEX('3. Plano_Detalhado'!$A$10:$H$197,MATCH(1,($E17='3. Plano_Detalhado'!$E$10:$E$197)*($F17='3. Plano_Detalhado'!$F$10:$F$197)*($C17='3. Plano_Detalhado'!$A$10:$A$197),0),4)} -> 2. Campo | E17: lt002_instrument | F17: FLG_INTRBSNSS | G17: {=IF(INDEX('3. Plano_Detalhado'!$A$10:$H$197,MATCH(1,($E17='3. Plano_Detalhado'!$E$10:$E$197)*($F17='3. Plano_Detalhado'!$F$10:$F$197)*($C17='3. Plano_Detalhado'!$A$10:$A$197),0),7)="","",INDEX('3. Plano_Detalhado'!$A$10:$H$197,MATCH(1,($E17='3. Plano_Detalhado'!$E$10:$E$197)*($F17='3. Plano_Detalhado'!$F$10:$F$197)*($C17='3. Plano_Detalhado'!$A$10:$A$197),0),7))} -> 2. Concluído | H17: {=IF(INDEX('3. Plano_Detalhado'!$A$10:$H$197,MATCH(1,($E17='3. Plano_Detalhado'!$E$10:$E$197)*($F17='3. Plano_Detalhado'!$F$10:$F$197)*($C17='3. Plano_Detalhado'!$A$10:$A$197),0),8)="","",INDEX('3. Plano_Detalhado'!$A$10:$H$197,MATCH(1,($E17='3. Plano_Detalhado'!$E$10:$E$197)*($F17='3. Plano_Detalhado'!$F$10:$F$197)*($C17='3. Plano_Detalhado'!$A$10:$A$197),0),8))} -> 3. Em Análise | I17: {=IF(INDEX('3. Plano_Detalhado'!$A$10:$Q$196,MATCH(1,($E17='3. Plano_Detalhado'!$E$10:$E$196)*($F17='3. Plano_Detalhado'!$F$10:$F$196)*($C17='3. Plano_Detalhado'!$A$10:$A$196),0),16)="","",INDEX('3. Plano_Detalhado'!$A$10:$Q$196,MATCH(1,($E17='3. Plano_Detalhado'!$E$10:$E$196)*($F17='3. Plano_Detalhado'!$F$10:$F$196)*($C17='3. Plano_Detalhado'!$A$10:$A$196),0),16))}
A18: =E18&F18 -> lt002_instrumentINTRBSNSS_ADJ_COD | B18: Green Dashboard | C18: Assessment | D18: {=INDEX('3. Plano_Detalhado'!$A$10:$H$197,MATCH(1,($E18='3. Plano_Detalhado'!$E$10:$E$197)*($F18='3. Plano_Detalhado'!$F$10:$F$197)*($C18='3. Plano_Detalhado'!$A$10:$A$197),0),4)} -> 2. Campo | E18: lt002_instrument | F18: INTRBSNSS_ADJ_COD | G18: {=IF(INDEX('3. Plano_Detalhado'!$A$10:$H$197,MATCH(1,($E18='3. Plano_Detalhado'!$E$10:$E$197)*($F18='3. Plano_Detalhado'!$F$10:$F$197)*($C18='3. Plano_Detalhado'!$A$10:$A$197),0),7)="","",INDEX('3. Plano_Detalhado'!$A$10:$H$197,MATCH(1,($E18='3. Plano_Detalhado'!$E$10:$E$197)*($F18='3. Plano_Detalhado'!$F$10:$F$197)*($C18='3. Plano_Detalhado'!$A$10:$A$197),0),7))} -> 2. Concluído | H18: {=IF(INDEX('3. Plano_Detalhado'!$A$10:$H$197,MATCH(1,($E18='3. Plano_Detalhado'!$E$10:$E$197)*($F18='3. Plano_Detalhado'!$F$10:$F$197)*($C18='3. Plano_Detalhado'!$A$10:$A$197),0),8)="","",INDEX('3. Plano_Detalhado'!$A$10:$H$197,MATCH(1,($E18='3. Plano_Detalhado'!$E$10:$E$197)*($F18='3. Plano_Detalhado'!$F$10:$F$197)*($C18='3. Plano_Detalhado'!$A$10:$A$197),0),8))} -> 3. Em Análise | I18: {=IF(INDEX('3. Plano_Detalhado'!$A$10:$Q$196,MATCH(1,($E18='3. Plano_Detalhado'!$E$10:$E$196)*($F18='3. Plano_Detalhado'!$F$10:$F$196)*($C18='3. Plano_Detalhado'!$A$10:$A$196),0),16)="","",INDEX('3. Plano_Detalhado'!$A$10:$Q$196,MATCH(1,($E18='3. Plano_Detalhado'!$E$10:$E$196)*($F18='3. Plano_Detalhado'!$F$10:$F$196)*($C18='3. Plano_Detalhado'!$A$10:$A$196),0),16))}
... A31: =E31&F31 -> lt002_instrumentGRSS_CMMSSN_EXPNS_CCRR | B31: Green Dashboard | C31: Assessment | D31: {=INDEX('3. Plano_Detalhado'!$A$10:$H$197,MATCH(1,($E31='3. Plano_Detalhado'!$E$10:$E$197)*($F31='3. Plano_Detalhado'!$F$10:$F$197)*($C31='3. Plano_Detalhado'!$A$10:$A$197),0),4)} -> 2. Campo | E31: lt002_instrument | F31: GRSS_CMMSSN_EXPNS_CCRR | G31: {=IF(INDEX('3. Plano_Detalhado'!$A$10:$H$197,MATCH(1,($E31='3. Plano_Detalhado'!$E$10:$E$197)*($F31='3. Plano_Detalhado'!$F$10:$F$197)*($C31='3. Plano_Detalhado'!$A$10:$A$197),0),7)="","",INDEX('3. Plano_Detalhado'!$A$10:$H$197,MATCH(1,($E31='3. Plano_Detalhado'!$E$10:$E$197)*($F31='3. Plano_Detalhado'!$F$10:$F$197)*($C31='3. Plano_Detalhado'!$A$10:$A$197),0),7))} -> 2. Concluído | H31: {=IF(INDEX('3. Plano_Detalhado'!$A$10:$H$197,MATCH(1,($E31='3. Plano_Detalhado'!$E$10:$E$197)*($F31='3. Plano_Detalhado'!$F$10:$F$197)*($C31='3. Plano_Detalhado'!$A$10:$A$197),0),8)="","",INDEX('3. Plano_Detalhado'!$A$10:$H$197,MATCH(1,($E31='3. Plano_Detalhado'!$E$10:$E$197)*($F31='3. Plano_Detalhado'!$F$10:$F$197)*($C31='3. Plano_Detalhado'!$A$10:$A$197),0),8))} -> 2. Concluído | I31: {=IF(INDEX('3. Plano_Detalhado'!$A$10:$Q$196,MATCH(1,($E31='3. Plano_Detalhado'!$E$10:$E$196)*($F31='3. Plano_Detalhado'!$F$10:$F$196)*($C31='3. Plano_Detalhado'!$A$10:$A$196),0),16)="","",INDEX('3. Plano_Detalhado'!$A$10:$Q$196,MATCH(1,($E31='3. Plano_Detalhado'!$E$10:$E$196)*($F31='3. Plano_Detalhado'!$F$10:$F$196)*($C31='3. Plano_Detalhado'!$A$10:$A$196),0),16))}
B32: Green Dashboard | C32: Assessment | D32: {=INDEX('3. Plano_Detalhado'!$A$10:$H$197,MATCH(1,($E32='3. Plano_Detalhado'!$E$10:$E$197)*($F32='3. Plano_Detalhado'!$F$10:$F$197)*($C32='3. Plano_Detalhado'!$A$10:$A$197),0),4)} -> 2. Campo | E32: lt002_instrument | F32: GNS_FNNCL_TRNSCTN_EXCHNG_CCRR | G32: {=IF(INDEX('3. Plano_Detalhado'!$A$10:$H$197,MATCH(1,($E32='3. Plano_Detalhado'!$E$10:$E$197)*($F32='3. Plano_Detalhado'!$F$10:$F$197)*($C32='3. Plano_Detalhado'!$A$10:$A$197),0),7)="","",INDEX('3. Plano_Detalhado'!$A$10:$H$197,MATCH(1,($E32='3. Plano_Detalhado'!$E$10:$E$197)*($F32='3. Plano_Detalhado'!$F$10:$F$197)*($C32='3. Plano_Detalhado'!$A$10:$A$197),0),7))} -> 2. Concluído | H32: {=IF(INDEX('3. Plano_Detalhado'!$A$10:$H$197,MATCH(1,($E32='3. Plano_Detalhado'!$E$10:$E$197)*($F32='3. Plano_Detalhado'!$F$10:$F$197)*($C32='3. Plano_Detalhado'!$A$10:$A$197),0),8)="","",INDEX('3. Plano_Detalhado'!$A$10:$H$197,MATCH(1,($E32='3. Plano_Detalhado'!$E$10:$E$197)*($F32='3. Plano_Detalhado'!$F$10:$F$197)*($C32='3. Plano_Detalhado'!$A$10:$A$197),0),8))} -> 2. Concluído | I32: {=IF(INDEX('3. Plano_Detalhado'!$A$10:$Q$196,MATCH(1,($E32='3. Plano_Detalhado'!$E$10:$E$196)*($F32='3. Plano_Detalhado'!$F$10:$F$196)*($C32='3. Plano_Detalhado'!$A$10:$A$196),0),16)="","",INDEX('3. Plano_Detalhado'!$A$10:$Q$196,MATCH(1,($E32='3. Plano_Detalhado'!$E$10:$E$196)*($F32='3. Plano_Detalhado'!$F$10:$F$196)*($C32='3. Plano_Detalhado'!$A$10:$A$196),0),16))}
B33: Green Dashboard | C33: Assessment | D33: {=INDEX('3. Plano_Detalhado'!$A$10:$H$197,MATCH(1,($E33='3. Plano_Detalhado'!$E$10:$E$197)*($F33='3. Plano_Detalhado'!$F$10:$F$197)*($C33='3. Plano_Detalhado'!$A$10:$A$197),0),4)} -> 2. Campo | E33: lt002_instrument | F33: BSNSS_AREA_CCRR | G33: {=IF(INDEX('3. Plano_Detalhado'!$A$10:$H$197,MATCH(1,($E33='3. Plano_Detalhado'!$E$10:$E$197)*($F33='3. Plano_Detalhado'!$F$10:$F$197)*($C33='3. Plano_Detalhado'!$A$10:$A$197),0),7)="","",INDEX('3. Plano_Detalhado'!$A$10:$H$197,MATCH(1,($E33='3. Plano_Detalhado'!$E$10:$E$197)*($F33='3. Plano_Detalhado'!$F$10:$F$197)*($C33='3. Plano_Detalhado'!$A$10:$A$197),0),7))} -> 2. Concluído | H33: {=IF(INDEX('3. Plano_Detalhado'!$A$10:$H$197,MATCH(1,($E33='3. Plano_Detalhado'!$E$10:$E$197)*($F33='3. Plano_Detalhado'!$F$10:$F$197)*($C33='3. Plano_Detalhado'!$A$10:$A$197),0),8)="","",INDEX('3. Plano_Detalhado'!$A$10:$H$197,MATCH(1,($E33='3. Plano_Detalhado'!$E$10:$E$197)*($F33='3. Plano_Detalhado'!$F$10:$F$197)*($C33='3. Plano_Detalhado'!$A$10:$A$197),0),8))} -> 2. Concluído | I33: {=IF(INDEX('3. Plano_Detalhado'!$A$10:$Q$196,MATCH(1,($E33='3. Plano_Detalhado'!$E$10:$E$196)*($F33='3. Plano_Detalhado'!$F$10:$F$196)*($C33='3. Plano_Detalhado'!$A$10:$A$196),0),16)="","",INDEX('3. Plano_Detalhado'!$A$10:$Q$196,MATCH(1,($E33='3. Plano_Detalhado'!$E$10:$E$196)*($F33='3. Plano_Detalhado'!$F$10:$F$196)*($C33='3. Plano_Detalhado'!$A$10:$A$196),0),16))}
B34: Green Dashboard | C34: Assessment | D34: {=INDEX('3. Plano_Detalhado'!$A$10:$H$197,MATCH(1,($E34='3. Plano_Detalhado'!$E$10:$E$197)*($F34='3. Plano_Detalhado'!$F$10:$F$197)*($C34='3. Plano_Detalhado'!$A$10:$A$197),0),4)} -> 2. Campo | E34: lt002_instrument | F34: GRSS_CMMSSN_INCM_OFF_BLNC_CCRR | G34: {=IF(INDEX('3. Plano_Detalhado'!$A$10:$H$197,MATCH(1,($E34='3. Plano_Detalhado'!$E$10:$E$197)*($F34='3. Plano_Detalhado'!$F$10:$F$197)*($C34='3. Plano_Detalhado'!$A$10:$A$197),0),7)="","",INDEX('3. Plano_Detalhado'!$A$10:$H$197,MATCH(1,($E34='3. Plano_Detalhado'!$E$10:$E$197)*($F34='3. Plano_Detalhado'!$F$10:$F$197)*($C34='3. Plano_Detalhado'!$A$10:$A$197),0),7))} -> 2. Concluído | H34: {=IF(INDEX('3. Plano_Detalhado'!$A$10:$H$197,MATCH(1,($E34='3. Plano_Detalhado'!$E$10:$E$197)*($F34='3. Plano_Detalhado'!$F$10:$F$197)*($C34='3. Plano_Detalhado'!$A$10:$A$197),0),8)="","",INDEX('3. Plano_Detalhado'!$A$10:$H$197,MATCH(1,($E34='3. Plano_Detalhado'!$E$10:$E$197)*($F34='3. Plano_Detalhado'!$F$10:$F$197)*($C34='3. Plano_Detalhado'!$A$10:$A$197),0),8))} -> 2. Concluído | I34: {=IF(INDEX('3. Plano_Detalhado'!$A$10:$Q$196,MATCH(1,($E34='3. Plano_Detalhado'!$E$10:$E$196)*($F34='3. Plano_Detalhado'!$F$10:$F$196)*($C34='3. Plano_Detalhado'!$A$10:$A$196),0),16)="","",INDEX('3. Plano_Detalhado'!$A$10:$Q$196,MATCH(1,($E34='3. Plano_Detalhado'!$E$10:$E$196)*($F34='3. Plano_Detalhado'!$F$10:$F$196)*($C34='3. Plano_Detalhado'!$A$10:$A$196),0),16))}
B35: Green Dashboard | C35: Assessment | D35: {=INDEX('3. Plano_Detalhado'!$A$10:$H$197,MATCH(1,($E35='3. Plano_Detalhado'!$E$10:$E$197)*($F35='3. Plano_Detalhado'!$F$10:$F$197)*($C35='3. Plano_Detalhado'!$A$10:$A$197),0),4)} -> 2. Campo | E35: lt002_instrument | F35: GRSS_CMMSSN_EXPNS_OFF_BLNC_CCRR | G35: {=IF(INDEX('3. Plano_Detalhado'!$A$10:$H$197,MATCH(1,($E35='3. Plano_Detalhado'!$E$10:$E$197)*($F35='3. Plano_Detalhado'!$F$10:$F$197)*($C35='3. Plano_Detalhado'!$A$10:$A$197),0),7)="","",INDEX('3. Plano_Detalhado'!$A$10:$H$197,MATCH(1,($E35='3. Plano_Detalhado'!$E$10:$E$197)*($F35='3. Plano_Detalhado'!$F$10:$F$197)*($C35='3. Plano_Detalhado'!$A$10:$A$197),0),7))} -> 2. Concluído | H35: {=IF(INDEX('3. Plano_Detalhado'!$A$10:$H$197,MATCH(1,($E35='3. Plano_Detalhado'!$E$10:$E$197)*($F35='3. Plano_Detalhado'!$F$10:$F$197)*($C35='3. Plano_Detalhado'!$A$10:$A$197),0),8)="","",INDEX('3. Plano_Detalhado'!$A$10:$H$197,MATCH(1,($E35='3. Plano_Detalhado'!$E$10:$E$197)*($F35='3. Plano_Detalhado'!$F$10:$F$197)*($C35='3. Plano_Detalhado'!$A$10:$A$197),0),8))} -> 2. Concluído | I35: {=IF(INDEX('3. Plano_Detalhado'!$A$10:$Q$196,MATCH(1,($E35='3. Plano_Detalhado'!$E$10:$E$196)*($F35='3. Plano_Detalhado'!$F$10:$F$196)*($C35='3. Plano_Detalhado'!$A$10:$A$196),0),16)="","",INDEX('3. Plano_Detalhado'!$A$10:$Q$196,MATCH(1,($E35='3. Plano_Detalhado'!$E$10:$E$196)*($F35='3. Plano_Detalhado'!$F$10:$F$196)*($C35='3. Plano_Detalhado'!$A$10:$A$196),0),16))}
B36: Green Dashboard | C36: Assessment | D36: {=INDEX('3. Plano_Detalhado'!$A$10:$H$197,MATCH(1,($E36='3. Plano_Detalhado'!$E$10:$E$197)*($F36='3. Plano_Detalhado'!$F$10:$F$197)*($C36='3. Plano_Detalhado'!$A$10:$A$197),0),4)} -> 2. Campo | E36: lt002_instrument | F36: FLG_INSTRMNT_CNCLLD | G36: {=IF(INDEX('3. Plano_Detalhado'!$A$10:$H$197,MATCH(1,($E36='3. Plano_Detalhado'!$E$10:$E$197)*($F36='3. Plano_Detalhado'!$F$10:$F$197)*($C36='3. Plano_Detalhado'!$A$10:$A$197),0),7)="","",INDEX('3. Plano_Detalhado'!$A$10:$H$197,MATCH(1,($E36='3. Plano_Detalhado'!$E$10:$E$197)*($F36='3. Plano_Detalhado'!$F$10:$F$197)*($C36='3. Plano_Detalhado'!$A$10:$A$197),0),7))} -> 0. Cancelado | H36: {=IF(INDEX('3. Plano_Detalhado'!$A$10:$H$197,MATCH(1,($E36='3. Plano_Detalhado'!$E$10:$E$197)*($F36='3. Plano_Detalhado'!$F$10:$F$197)*($C36='3. Plano_Detalhado'!$A$10:$A$197),0),8)="","",INDEX('3. Plano_Detalhado'!$A$10:$H$197,MATCH(1,($E36='3. Plano_Detalhado'!$E$10:$E$197)*($F36='3. Plano_Detalhado'!$F$10:$F$197)*($C36='3. Plano_Detalhado'!$A$10:$A$197),0),8))} -> 0. Cancelado | I36: {=IF(INDEX('3. Plano_Detalhado'!$A$10:$Q$196,MATCH(1,($E36='3. Plano_Detalhado'!$E$10:$E$196)*($F36='3. Plano_Detalhado'!$F$10:$F$196)*($C36='3. Plano_Detalhado'!$A$10:$A$196),0),16)="","",INDEX('3. Plano_Detalhado'!$A$10:$Q$196,MATCH(1,($E36='3. Plano_Detalhado'!$E$10:$E$196)*($F36='3. Plano_Detalhado'!$F$10:$F$196)*($C36='3. Plano_Detalhado'!$A$10:$A$196),0),16))}
B37: Green Dashboard | C37: Assessment | D37: {=INDEX('3. Plano_Detalhado'!$A$10:$H$197,MATCH(1,($E37='3. Plano_Detalhado'!$E$10:$E$197)*($F37='3. Plano_Detalhado'!$F$10:$F$197)*($C37='3. Plano_Detalhado'!$A$10:$A$197),0),4)} -> 2. Campo | E37: lt824_assoc_kpi_gd | F37: ambito | G37: {=IF(INDEX('3. Plano_Detalhado'!$A$10:$H$197,MATCH(1,($E37='3. Plano_Detalhado'!$E$10:$E$197)*($F37='3. Plano_Detalhado'!$F$10:$F$197)*($C37='3. Plano_Detalhado'!$A$10:$A$197),0),7)="","",INDEX('3. Plano_Detalhado'!$A$10:$H$197,MATCH(1,($E37='3. Plano_Detalhado'!$E$10:$E$197)*($F37='3. Plano_Detalhado'!$F$10:$F$197)*($C37='3. Plano_Detalhado'!$A$10:$A$197),0),7))} -> 2. Concluído | H37: {=IF(INDEX('3. Plano_Detalhado'!$A$10:$H$197,MATCH(1,($E37='3. Plano_Detalhado'!$E$10:$E$197)*($F37='3. Plano_Detalhado'!$F$10:$F$197)*($C37='3. Plano_Detalhado'!$A$10:$A$197),0),8)="","",INDEX('3. Plano_Detalhado'!$A$10:$H$197,MATCH(1,($E37='3. Plano_Detalhado'!$E$10:$E$197)*($F37='3. Plano_Detalhado'!$F$10:$F$197)*($C37='3. Plano_Detalhado'!$A$10:$A$197),0),8))} -> 2. Concluído | I37: {=IF(INDEX('3. Plano_Detalhado'!$A$10:$Q$196,MATCH(1,($E37='3. Plano_Detalhado'!$E$10:$E$196)*($F37='3. Plano_Detalhado'!$F$10:$F$196)*($C37='3. Plano_Detalhado'!$A$10:$A$196),0),16)="","",INDEX('3. Plano_Detalhado'!$A$10:$Q$196,MATCH(1,($E37='3. Plano_Detalhado'!$E$10:$E$196)*($F37='3. Plano_Detalhado'!$F$10:$F$196)*($C37='3. Plano_Detalhado'!$A$10:$A$196),0),16))}
B38: Green Dashboard | C38: Assessment | D38: {=INDEX('3. Plano_Detalhado'!$A$10:$H$197,MATCH(1,($E38='3. Plano_Detalhado'!$E$10:$E$197)*($F38='3. Plano_Detalhado'!$F$10:$F$197)*($C38='3. Plano_Detalhado'!$A$10:$A$197),0),4)} -> 2. Campo | E38: lt824_assoc_kpi_gd | F38: tipo_conta_local | G38: {=IF(INDEX('3. Plano_Detalhado'!$A$10:$H$197,MATCH(1,($E38='3. Plano_Detalhado'!$E$10:$E$197)*($F38='3. Plano_Detalhado'!$F$10:$F$197)*($C38='3. Plano_Detalhado'!$A$10:$A$197),0),7)="","",INDEX('3. Plano_Detalhado'!$A$10:$H$197,MATCH(1,($E38='3. Plano_Detalhado'!$E$10:$E$197)*($F38='3. Plano_Detalhado'!$F$10:$F$197)*($C38='3. Plano_Detalhado'!$A$10:$A$197),0),7))} -> 2. Concluído | H38: {=IF(INDEX('3. Plano_Detalhado'!$A$10:$H$197,MATCH(1,($E38='3. Plano_Detalhado'!$E$10:$E$197)*($F38='3. Plano_Detalhado'!$F$10:$F$197)*($C38='3. Plano_Detalhado'!$A$10:$A$197),0),8)="","",INDEX('3. Plano_Detalhado'!$A$10:$H$197,MATCH(1,($E38='3. Plano_Detalhado'!$E$10:$E$197)*($F38='3. Plano_Detalhado'!$F$10:$F$197)*($C38='3. Plano_Detalhado'!$A$10:$A$197),0),8))} -> 2. Concluído | I38: {=IF(INDEX('3. Plano_Detalhado'!$A$10:$Q$196,MATCH(1,($E38='3. Plano_Detalhado'!$E$10:$E$196)*($F38='3. Plano_Detalhado'!$F$10:$F$196)*($C38='3. Plano_Detalhado'!$A$10:$A$196),0),16)="","",INDEX('3. Plano_Detalhado'!$A$10:$Q$196,MATCH(1,($E38='3. Plano_Detalhado'!$E$10:$E$196)*($F38='3. Plano_Detalhado'!$F$10:$F$196)*($C38='3. Plano_Detalhado'!$A$10:$A$196),0),16))}
B39: Green Dashboard | C39: Assessment | D39: {=INDEX('3. Plano_Detalhado'!$A$10:$H$197,MATCH(1,($E39='3. Plano_Detalhado'!$E$10:$E$197)*($F39='3. Plano_Detalhado'!$F$10:$F$197)*($C39='3. Plano_Detalhado'!$A$10:$A$197),0),4)} -> 2. Campo | E39: lt824_assoc_kpi_gd | F39: valor_gd | G39: {=IF(INDEX('3. Plano_Detalhado'!$A$10:$H$197,MATCH(1,($E39='3. Plano_Detalhado'!$E$10:$E$197)*($F39='3. Plano_Detalhado'!$F$10:$F$197)*($C39='3. Plano_Detalhado'!$A$10:$A$197),0),7)="","",INDEX('3. Plano_Detalhado'!$A$10:$H$197,MATCH(1,($E39='3. Plano_Detalhado'!$E$10:$E$197)*($F39='3. Plano_Detalhado'!$F$10:$F$197)*($C39='3. Plano_Detalhado'!$A$10:$A$197),0),7))} -> 2. Concluído | H39: {=IF(INDEX('3. Plano_Detalhado'!$A$10:$H$197,MATCH(1,($E39='3. Plano_Detalhado'!$E$10:$E$197)*($F39='3. Plano_Detalhado'!$F$10:$F$197)*($C39='3. Plano_Detalhado'!$A$10:$A$197),0),8)="","",INDEX('3. Plano_Detalhado'!$A$10:$H$197,MATCH(1,($E39='3. Plano_Detalhado'!$E$10:$E$197)*($F39='3. Plano_Detalhado'!$F$10:$F$197)*($C39='3. Plano_Detalhado'!$A$10:$A$197),0),8))} -> 2. Concluído | I39: {=IF(INDEX('3. Plano_Detalhado'!$A$10:$Q$196,MATCH(1,($E39='3. Plano_Detalhado'!$E$10:$E$196)*($F39='3. Plano_Detalhado'!$F$10:$F$196)*($C39='3. Plano_Detalhado'!$A$10:$A$196),0),16)="","",INDEX('3. Plano_Detalhado'!$A$10:$Q$196,MATCH(1,($E39='3. Plano_Detalhado'!$E$10:$E$196)*($F39='3. Plano_Detalhado'!$F$10:$F$196)*($C39='3. Plano_Detalhado'!$A$10:$A$196),0),16))}
B40: Green Dashboard | C40: Assessment | D40: {=INDEX('3. Plano_Detalhado'!$A$10:$H$197,MATCH(1,($E40='3. Plano_Detalhado'!$E$10:$E$197)*($F40='3. Plano_Detalhado'!$F$10:$F$197)*($C40='3. Plano_Detalhado'!$A$10:$A$197),0),4)} -> 2. Campo | E40: lt824_assoc_kpi_gd | F40: kpi | G40: {=IF(INDEX('3. Plano_Detalhado'!$A$10:$H$197,MATCH(1,($E40='3. Plano_Detalhado'!$E$10:$E$197)*($F40='3. Plano_Detalhado'!$F$10:$F$197)*($C40='3. Plano_Detalhado'!$A$10:$A$197),0),7)="","",INDEX('3. Plano_Detalhado'!$A$10:$H$197,MATCH(1,($E40='3. Plano_Detalhado'!$E$10:$E$197)*($F40='3. Plano_Detalhado'!$F$10:$F$197)*($C40='3. Plano_Detalhado'!$A$10:$A$197),0),7))} -> 2. Concluído | H40: {=IF(INDEX('3. Plano_Detalhado'!$A$10:$H$197,MATCH(1,($E40='3. Plano_Detalhado'!$E$10:$E$197)*($F40='3. Plano_Detalhado'!$F$10:$F$197)*($C40='3. Plano_Detalhado'!$A$10:$A$197),0),8)="","",INDEX('3. Plano_Detalhado'!$A$10:$H$197,MATCH(1,($E40='3. Plano_Detalhado'!$E$10:$E$197)*($F40='3. Plano_Detalhado'!$F$10:$F$197)*($C40='3. Plano_Detalhado'!$A$10:$A$197),0),8))} -> 2. Concluído | I40: {=IF(INDEX('3. Plano_Detalhado'!$A$10:$Q$196,MATCH(1,($E40='3. Plano_Detalhado'!$E$10:$E$196)*($F40='3. Plano_Detalhado'!$F$10:$F$196)*($C40='3. Plano_Detalhado'!$A$10:$A$196),0),16)="","",INDEX('3. Plano_Detalhado'!$A$10:$Q$196,MATCH(1,($E40='3. Plano_Detalhado'!$E$10:$E$196)*($F40='3. Plano_Detalhado'!$F$10:$F$196)*($C40='3. Plano_Detalhado'!$A$10:$A$196),0),16))}
B41: Green Dashboard | C41: Assessment | D41: {=INDEX('3. Plano_Detalhado'!$A$10:$H$197,MATCH(1,($E41='3. Plano_Detalhado'!$E$10:$E$197)*($F41='3. Plano_Detalhado'!$F$10:$F$197)*($C41='3. Plano_Detalhado'!$A$10:$A$197),0),4)} -> 2. Campo | E41: lt824_assoc_kpi_gd | F41: ordem | G41: {=IF(INDEX('3. Plano_Detalhado'!$A$10:$H$197,MATCH(1,($E41='3. Plano_Detalhado'!$E$10:$E$197)*($F41='3. Plano_Detalhado'!$F$10:$F$197)*($C41='3. Plano_Detalhado'!$A$10:$A$197),0),7)="","",INDEX('3. Plano_Detalhado'!$A$10:$H$197,MATCH(1,($E41='3. Plano_Detalhado'!$E$10:$E$197)*($F41='3. Plano_Detalhado'!$F$10:$F$197)*($C41='3. Plano_Detalhado'!$A$10:$A$197),0),7))} -> 2. Concluído | H41: {=IF(INDEX('3. Plano_Detalhado'!$A$10:$H$197,MATCH(1,($E41='3. Plano_Detalhado'!$E$10:$E$197)*($F41='3. Plano_Detalhado'!$F$10:$F$197)*($C41='3. Plano_Detalhado'!$A$10:$A$197),0),8)="","",INDEX('3. Plano_Detalhado'!$A$10:$H$197,MATCH(1,($E41='3. Plano_Detalhado'!$E$10:$E$197)*($F41='3. Plano_Detalhado'!$F$10:$F$197)*($C41='3. Plano_Detalhado'!$A$10:$A$197),0),8))} -> 2. Concluído | I41: {=IF(INDEX('3. Plano_Detalhado'!$A$10:$Q$196,MATCH(1,($E41='3. Plano_Detalhado'!$E$10:$E$196)*($F41='3. Plano_Detalhado'!$F$10:$F$196)*($C41='3. Plano_Detalhado'!$A$10:$A$196),0),16)="","",INDEX('3. Plano_Detalhado'!$A$10:$Q$196,MATCH(1,($E41='3. Plano_Detalhado'!$E$10:$E$196)*($F41='3. Plano_Detalhado'!$F$10:$F$196)*($C41='3. Plano_Detalhado'!$A$10:$A$196),0),16))}
B42: Green Dashboard | C42: Assessment | D42: {=INDEX('3. Plano_Detalhado'!$A$10:$H$197,MATCH(1,($E42='3. Plano_Detalhado'!$E$10:$E$197)*($F42='3. Plano_Detalhado'!$F$10:$F$197)*($C42='3. Plano_Detalhado'!$A$10:$A$197),0),4)} -> 2. Campo | E42: lt824_assoc_kpi_gd | F42: ref_date | G42: {=IF(INDEX('3. Plano_Detalhado'!$A$10:$H$197,MATCH(1,($E42='3. Plano_Detalhado'!$E$10:$E$197)*($F42='3. Plano_Detalhado'!$F$10:$F$197)*($C42='3. Plano_Detalhado'!$A$10:$A$197),0),7)="","",INDEX('3. Plano_Detalhado'!$A$10:$H$197,MATCH(1,($E42='3. Plano_Detalhado'!$E$10:$E$197)*($F42='3. Plano_Detalhado'!$F$10:$F$197)*($C42='3. Plano_Detalhado'!$A$10:$A$197),0),7))} -> 2. Concluído | H42: {=IF(INDEX('3. Plano_Detalhado'!$A$10:$H$197,MATCH(1,($E42='3. Plano_Detalhado'!$E$10:$E$197)*($F42='3. Plano_Detalhado'!$F$10:$F$197)*($C42='3. Plano_Detalhado'!$A$10:$A$197),0),8)="","",INDEX('3. Plano_Detalhado'!$A$10:$H$197,MATCH(1,($E42='3. Plano_Detalhado'!$E$10:$E$197)*($F42='3. Plano_Detalhado'!$F$10:$F$197)*($C42='3. Plano_Detalhado'!$A$10:$A$197),0),8))} -> 2. Concluído | I42: {=IF(INDEX('3. Plano_Detalhado'!$A$10:$Q$196,MATCH(1,($E42='3. Plano_Detalhado'!$E$10:$E$196)*($F42='3. Plano_Detalhado'!$F$10:$F$196)*($C42='3. Plano_Detalhado'!$A$10:$A$196),0),16)="","",INDEX('3. Plano_Detalhado'!$A$10:$Q$196,MATCH(1,($E42='3. Plano_Detalhado'!$E$10:$E$196)*($F42='3. Plano_Detalhado'!$F$10:$F$196)*($C42='3. Plano_Detalhado'!$A$10:$A$196),0),16))}
B43: Green Dashboard | C43: Assessment | D43: {=INDEX('3. Plano_Detalhado'!$A$10:$H$197,MATCH(1,($E43='3. Plano_Detalhado'!$E$10:$E$197)*($F43='3. Plano_Detalhado'!$F$10:$F$197)*($C43='3. Plano_Detalhado'!$A$10:$A$197),0),4)} -> 2. Campo | E43: lt002_instrument | F43: SSTNBL_INDCTR | G43: {=IF(INDEX('3. Plano_Detalhado'!$A$10:$H$197,MATCH(1,($E43='3. Plano_Detalhado'!$E$10:$E$197)*($F43='3. Plano_Detalhado'!$F$10:$F$197)*($C43='3. Plano_Detalhado'!$A$10:$A$197),0),7)="","",INDEX('3. Plano_Detalhado'!$A$10:$H$197,MATCH(1,($E43='3. Plano_Detalhado'!$E$10:$E$197)*($F43='3. Plano_Detalhado'!$F$10:$F$197)*($C43='3. Plano_Detalhado'!$A$10:$A$197),0),7))} -> 0. Cancelado | H43: {=IF(INDEX('3. Plano_Detalhado'!$A$10:$H$197,MATCH(1,($E43='3. Plano_Detalhado'!$E$10:$E$197)*($F43='3. Plano_Detalhado'!$F$10:$F$197)*($C43='3. Plano_Detalhado'!$A$10:$A$197),0),8)="","",INDEX('3. Plano_Detalhado'!$A$10:$H$197,MATCH(1,($E43='3. Plano_Detalhado'!$E$10:$E$197)*($F43='3. Plano_Detalhado'!$F$10:$F$197)*($C43='3. Plano_Detalhado'!$A$10:$A$197),0),8))} -> 0. Cancelado | I43: {=IF(INDEX('3. Plano_Detalhado'!$A$10:$Q$196,MATCH(1,($E43='3. Plano_Detalhado'!$E$10:$E$196)*($F43='3. Plano_Detalhado'!$F$10:$F$196)*($C43='3. Plano_Detalhado'!$A$10:$A$196),0),16)="","",INDEX('3. Plano_Detalhado'!$A$10:$Q$196,MATCH(1,($E43='3. Plano_Detalhado'!$E$10:$E$196)*($F43='3. Plano_Detalhado'!$F$10:$F$196)*($C43='3. Plano_Detalhado'!$A$10:$A$196),0),16))}
... B187: Green Dashboard | C187: Simulação / Testes | D187: {=INDEX('3. Plano_Detalhado'!$A$10:$H$197,MATCH(1,($E187='3. Plano_Detalhado'!$E$10:$E$197)*($F187='3. Plano_Detalhado'!$F$10:$F$197)*($C187='3. Plano_Detalhado'!$A$10:$A$197),0),4)} -> 2. Campo | E187: lt007_instr_activity | F187: INSTRMNT_ID | G187: {=IF(INDEX('3. Plano_Detalhado'!$A$10:$H$197,MATCH(1,($E187='3. Plano_Detalhado'!$E$10:$E$197)*($F187='3. Plano_Detalhado'!$F$10:$F$197)*($C187='3. Plano_Detalhado'!$A$10:$A$197),0),7)="","",INDEX('3. Plano_Detalhado'!$A$10:$H$197,MATCH(1,($E187='3. Plano_Detalhado'!$E$10:$E$197)*($F187='3. Plano_Detalhado'!$F$10:$F$197)*($C187='3. Plano_Detalhado'!$A$10:$A$197),0),7))} | H187: {=IF(INDEX('3. Plano_Detalhado'!$A$10:$H$197,MATCH(1,($E187='3. Plano_Detalhado'!$E$10:$E$197)*($F187='3. Plano_Detalhado'!$F$10:$F$197)*($C187='3. Plano_Detalhado'!$A$10:$A$197),0),8)="","",INDEX('3. Plano_Detalhado'!$A$10:$H$197,MATCH(1,($E187='3. Plano_Detalhado'!$E$10:$E$197)*($F187='3. Plano_Detalhado'!$F$10:$F$197)*($C187='3. Plano_Detalhado'!$A$10:$A$197),0),8))} | I187: {=IF(INDEX('3. Plano_Detalhado'!$A$10:$Q$196,MATCH(1,($E187='3. Plano_Detalhado'!$E$10:$E$196)*($F187='3. Plano_Detalhado'!$F$10:$F$196)*($C187='3. Plano_Detalhado'!$A$10:$A$196),0),16)="","",INDEX('3. Plano_Detalhado'!$A$10:$Q$196,MATCH(1,($E187='3. Plano_Detalhado'!$E$10:$E$196)*($F187='3. Plano_Detalhado'!$F$10:$F$196)*($C187='3. Plano_Detalhado'!$A$10:$A$196),0),16))}

Sheet 3. Plano_Detalhado
R7: Janeiro | AN7: Fevereiro | BH7: Março
B8: Âmbito | C8: Sub-âmbito | D8: Tipo de teste | E8: Tabela | F8: Campo | G8: Status Atual | H8: Status Anterior | I8: Alteração no Guia Corporativo | J8: Horas previstas | K8: Dias | L8: Horas efetivas | M8: Dias efetivos | N8: Status Estimado | O8: Status Real | P8: Desvios | Q8: Observações | R8: =R9 -> 45659 | S8: =S9 -> 45660 | T8: =T9 -> 45663 | U8: =U9 -> 45664 | V8: =V9 -> 45665 | W8: =W9 -> 45666 | X8: =X9 -> 45667 | Y8: =Y9 -> 45670 | ... CB8: =CB9 -> 45747
B9: 1. Assessment | J9: =+Macro_Plano_2025_v1!J15 -> 64 | K9: =J9/8 -> 8 | L9: =SUM(L10:L34) -> 6.5 | M9: =SUM(M10:M34) -> 1.5625 | N9: =SUMPRODUCT(N10:N34,J10:J34)/J9 -> 0.04 | O9: =SUMPRODUCT(O10:O34,K10:K34)/K9 -> 0.04 | P9: =O9-N9 -> 0 | R9: 45659 | S9: =WORKDAY(R9,1) -> 45660 | T9: =WORKDAY(S9,1) -> 45663 | U9: =WORKDAY(T9,1) -> 45664 | V9: =WORKDAY(U9,1) -> 45665 | W9: =WORKDAY(V9,1) -> 45666 | X9: =WORKDAY(W9,1) -> 45667 | Y9: =WORKDAY(X9,1) -> 45670 | Z9: =WORKDAY(Y9,1) -> 45671 | ... CB9: =WORKDAY(CA9,1) -> 45747
A10: Assessment | B10: GD | C10: Exclusivo GD - Campos Deloitte | D10: 2. Campo | E10: lt002_instrument | F10: AVRG_BLNC | G10: 2. Concluído | H10: 2. Concluído | J10: =+$J$9/25 -> 2.56 | K10: =+$K$9/25 -> 0.32 | L10: =SUM(R10:CB10) -> 0.5 | M10: =L10/8 -> 0.0625 | N10: =100% -> 1 | O10: =100% -> 1 | P10: =O10-N10 -> 0 | R10: 0.5
A11: Assessment | B11: GD | C11: Exclusivo GD - Campos Deloitte | D11: 2. Campo | E11: lt002_instrument | F11: NW_BSNSS | G11: 2. Concluído | H11: 4. Validação da especificação | J11: =+$J$9/25 -> 2.56 | K11: =+$K$9/25 -> 0.32 | L11: =SUM(R11:CB11) -> 0.5 | M11: 0.0625 | S11: 0.5
A12: Assessment | B12: GD | C12: Exclusivo GD - Campos Deloitte | D12: 2. Campo | E12: lt002_instrument | F12: GRSS_INTRST_INCM | G12: 2. Concluído | H12: 2. Concluído | J12: =+$J$9/25 -> 2.56 | K12: =+$K$9/25 -> 0.32 | L12: =SUM(R12:CB12) -> 0.5 | M12: 0.0625 | T12: 0.5
A13: Assessment | B13: GD | C13: Exclusivo GD - Campos Deloitte | D13: 2. Campo | E13: lt002_instrument | F13: GRSS_CMMSSN_INCM | G13: 2. Concluído | H13: 2. Concluído | J13: =+$J$9/25 -> 2.56 | K13: =+$K$9/25 -> 0.32 | L13: =SUM(R13:CB13) -> 0 | M13: 0.0625
A14: Assessment | B14: GD | C14: Exclusivo GD - Campos Deloitte | D14: 2. Campo | E14: lt002_instrument | F14: INTRNL_TRNSFR_RT | G14: 2. Concluído | H14: 2. Concluído | J14: =+$J$9/25 -> 2.56 | K14: =+$K$9/25 -> 0.32 | L14: =SUM(R14:CB14) -> 1.5 | M14: 0.0625 | S14: 1.5
A15: Assessment | B15: GD | C15: Exclusivo GD - Campos Deloitte | D15: 2. Campo | E15: lt002_instrument | F15: NT_LN_LSS_PRVSN | G15: 2. Concluído | H15: 2. Concluído | J15: =+$J$9/25 -> 2.56 | K15: =+$K$9/25 -> 0.32 | L15: =SUM(R15:CB15) -> 0.5 | M15: 0.0625 | S15: 0.5
A16: Assessment | B16: GD | C16: Exclusivo GD - Campos Deloitte | D16: 2. Campo | E16: lt002_instrument | F16: BSNSS_AREA | G16: 2. Concluído | H16: 2. Concluído | J16: =+$J$9/25 -> 2.56 | K16: =+$K$9/25 -> 0.32 | L16: =SUM(R16:CB16) -> 0 | M16: 0.0625
A17: Assessment | B17: GD | C17: Exclusivo GD - Campos Deloitte | D17: 2. Campo | E17: lt002_instrument | F17: MNGMNT_PRDCT | G17: 2. Concluído | H17: 2. Concluído | J17: =+$J$9/25 -> 2.56 | K17: =+$K$9/25 -> 0.32 | L17: =SUM(R17:CB17) -> 0 | M17: 0.0625
A18: Assessment | B18: GD | C18: Exclusivo GD - Campos Deloitte | D18: 2. Campo | E18: lt002_instrument | F18: GRSS_CMMSSN_EXPNS | G18: 2. Concluído | H18: 2. Concluído | J18: =+$J$9/25 -> 2.56 | K18: =+$K$9/25 -> 0.32 | L18: =SUM(R18:CB18) -> 0 | M18: 0.0625
A19: Assessment | B19: GD | C19: Exclusivo GD - Campos Deloitte | D19: 2. Campo | E19: lt002_instrument | F19: GNS_FNNCL_TRNSCTN_EXCHNG_DFFRNCS | G19: 2. Concluído | H19: 2. Concluído | J19: =+$J$9/25 -> 2.56 | K19: =+$K$9/25 -> 0.32 | L19: =SUM(R19:CB19) -> 0 | M19: 0.0625
A20: Assessment | B20: GD | C20: Exclusivo GD - Campos Deloitte | D20: 2. Campo | E20: lt002_instrument | F20: FLG_INTRBSNSS | G20: 2. Concluído | H20: 3. Em Análise | J20: =+$J$9/25 -> 2.56 | K20: =+$K$9/25 -> 0.32 | L20: =SUM(R20:CB20) -> 0 | M20: 0.0625
A21: Assessment | B21: GD | C21: Exclusivo GD - Campos Deloitte | D21: 2. Campo | E21: lt002_instrument | F21: INTRBSNSS_ADJ_COD | G21: 2. Concluído | H21: 3. Em Análise | J21: =+$J$9/25 -> 2.56 | K21: =+$K$9/25 -> 0.32 | L21: =SUM(R21:CB21) -> 0.5 | M21: 0.0625 | S21: 0.5
A22: Assessment | B22: GD | C22: Exclusivo GD - Campos Deloitte | D22: 2. Campo | E22: lt002_instrument | F22: COD_SOC_DSTNTN | G22: 2. Concluído | H22: 3. Em Análise | J22: =+$J$9/25 -> 2.56 | K22: =+$K$9/25 -> 0.32 | L22: =SUM(R22:CB22) -> 0.5 | M22: 0.0625 | S22: 0.5
A23: Assessment | B23: GD | C23: Exclusivo GD - Campos Deloitte | D23: 2. Campo | E23: lt002_instrument | F23: BSNSS_AREA_DSTNTN | G23: 2. Concluído | H23: 2. Concluído | J23: =+$J$9/25 -> 2.56 | K23: =+$K$9/25 -> 0.32 | L23: =SUM(R23:CB23) -> 0.5 | M23: 0.0625 | S23: 0.5
A24: Assessment | B24: GD | C24: Exclusivo GD - Campos Deloitte | D24: 2. Campo | E24: lt002_instrument | F24: AVRG_BLNC_OFF_BLNC | G24: 2. Concluído | H24: 2. Concluído | J24: =+$J$9/25 -> 2.56 | K24: =+$K$9/25 -> 0.32 | L24: =SUM(R24:CB24) -> 0.5 | M24: 0.0625 | S24: 0.5
A25: Assessment | B25: GD | C25: Exclusivo GD - Campos Deloitte | D25: 2. Campo | E25: lt002_instrument | F25: INTRNL_TRNSFR_RT_OFF_BLNC | G25: 2. Concluído | H25: 2. Concluído | J25: =+$J$9/25 -> 2.56 | K25: =+$K$9/25 -> 0.32 | L25: =SUM(R25:CB25) -> 0.5 | M25: 0.0625 | S25: 0.5
A26: Assessment | B26: GD | C26: Exclusivo GD - Campos Deloitte | D26: 2. Campo | E26: lt002_instrument | F26: GRSS_CMMSSN_INCM_OFF_BLNC | G26: 2. Concluído | H26: 2. Concluído | J26: =+$J$9/25 -> 2.56 | K26: =+$K$9/25 -> 0.32 | L26: =SUM(R26:CB26) -> 0.5 | M26: 0.0625 | S26: 0.5
A27: Assessment | B27: GD | C27: Exclusivo GD - Campos Deloitte | D27: 2. Campo | E27: lt002_instrument | F27: GRSS_CMMSSN_EXPNS_OFF_BLNC | G27: 2. Concluído | H27: 2. Concluído | J27: =+$J$9/25 -> 2.56 | K27: =+$K$9/25 -> 0.32 | L27: =SUM(R27:CB27) -> 0 | M27: 0.0625
A28: Assessment | B28: GD | C28: Exclusivo GD - Campos Deloitte | D28: 2. Campo | E28: lt002_instrument | F28: RWA_OFF_BLNC | G28: 2. Concluído | H28: 2. Concluído | J28: =+$J$9/25 -> 2.56 | K28: =+$K$9/25 -> 0.32 | L28: =SUM(R28:CB28) -> 0 | M28: 0.0625
A29: Assessment | B29: GD | C29: Exclusivo GD - Campos Deloitte | D29: 2. Campo | E29: lt002_instrument | F29: GRSS_INTRST_EXPNS | G29: 2. Concluído | H29: 2. Concluído | J29: =+$J$9/25 -> 2.56 | K29: =+$K$9/25 -> 0.32 | L29: =SUM(R29:CB29) -> 0 | M29: 0.0625
A30: Assessment | B30: GD | C30: Exclusivo GD - Campos Deloitte | D30: 2. Campo | E30: lt002_instrument | F30: NT_LN_LSS_PRVSN_OFF_BLNC | G30: 2. Concluído | H30: 2. Concluído | J30: =+$J$9/25 -> 2.56 | K30: =+$K$9/25 -> 0.32 | L30: =SUM(R30:CB30) -> 0 | M30: 0.0625
A31: Assessment | B31: GD | C31: Exclusivo GD - Campos Deloitte | D31: 2. Campo | E31: lt002_instrument | F31: GRSS_INTRST_INCM_CCRR | G31: 2. Concluído | H31: 2. Concluído | J31: =+$J$9/25 -> 2.56 | K31: =+$K$9/25 -> 0.32 | L31: =SUM(R31:CB31) -> 0 | M31: 0.0625
A32: Assessment | B32: GD | C32: Exclusivo GD - Campos Deloitte | D32: 2. Campo | E32: lt002_instrument | F32: GRSS_INTRST_EXPNS_CCRR | G32: 2. Concluído | H32: 2. Concluído | J32: =+$J$9/25 -> 2.56 | K32: =+$K$9/25 -> 0.32 | L32: =SUM(R32:CB32) -> 0 | M32: 0.0625
A33: Assessment | B33: GD | C33: Exclusivo GD - Campos Deloitte | D33: 2. Campo | E33: lt002_instrument | F33: GRSS_CMMSSN_INCM_CCRR | G33: 2. Concluído | H33: 2. Concluído | J33: =+$J$9/25 -> 2.56 | K33: =+$K$9/25 -> 0.32 | L33: =SUM(R33:CB33) -> 0 | M33: 0.0625
A34: Assessment | B34: GD | C34: Exclusivo GD - Campos Deloitte | D34: 2. Campo | E34: lt002_instrument | F34: GRSS_CMMSSN_EXPNS_CCRR | G34: 2. Concluído | H34: 2. Concluído | J34: =+$J$9/25 -> 2.56 | K34: =+$K$9/25 -> 0.32 | L34: =SUM(R34:CB34) -> 0 | M34: 0.0625
A35: Assessment | B35: GD | C35: Exclusivo GD - Campos Deloitte | D35: 2. Campo | E35: lt002_instrument | F35: GNS_FNNCL_TRNSCTN_EXCHNG_CCRR | G35: 2. Concluído | H35: 2. Concluído
A36: Assessment | B36: GD | C36: Exclusivo GD - Campos Deloitte | D36: 2. Campo | E36: lt002_instrument | F36: BSNSS_AREA_CCRR | G36: 2. Concluído | H36: 2. Concluído
A37: Assessment | B37: GD | C37: Exclusivo GD - Campos Deloitte | D37: 2. Campo | E37: lt002_instrument | F37: GRSS_CMMSSN_INCM_OFF_BLNC_CCRR | G37: 2. Concluído | H37: 2. Concluído
A38: Assessment | B38: GD | C38: Exclusivo GD - Campos Deloitte | D38: 2. Campo | E38: lt002_instrument | F38: GRSS_CMMSSN_EXPNS_OFF_BLNC_CCRR | G38: 2. Concluído | H38: 2. Concluído
A39: Assessment | B39: GD | C39: Exclusivo GD - Campos Deloitte | D39: 2. Campo | E39: lt002_instrument | F39: FLG_INSTRMNT_CNCLLD | G39: 0. Cancelado | H39: 0. Cancelado
A40: Assessment | B40: GD | C40: Exclusivo GD - Campos Deloitte | D40: 2. Campo | E40: lt824_assoc_kpi_gd | F40: ambito | G40: 2. Concluído | H40: 2. Concluído
A41: Assessment | B41: GD | C41: Exclusivo GD - Campos Deloitte | D41: 2. Campo | E41: lt824_assoc_kpi_gd | F41: tipo_conta_local | G41: 2. Concluído | H41: 2. Concluído
A42: Assessment | B42: GD | C42: Exclusivo GD - Campos Deloitte | D42: 2. Campo | E42: lt824_assoc_kpi_gd | F42: valor_gd | G42: 2. Concluído | H42: 2. Concluído
A43: Assessment | B43: GD | C43: Exclusivo GD - Campos Deloitte | D43: 2. Campo | E43: lt824_assoc_kpi_gd | F43: kpi | G43: 2. Concluído | H43: 2. Concluído
A44: Assessment | B44: GD | C44: Exclusivo GD - Campos Deloitte | D44: 2. Campo | E44: lt824_assoc_kpi_gd | F44: ordem | G44: 2. Concluído | H44: 2. Concluído
A45: Assessment | B45: GD | C45: Exclusivo GD - Campos Deloitte | D45: 2. Campo | E45: lt824_assoc_kpi_gd | F45: ref_date | G45: 2. Concluído | H45: 2. Concluído
A46: Assessment | B46: GD | C46: Exclusivo GD - Campos Deloitte | D46: 2. Campo | E46: lt002_instrument | F46: SSTNBL_INDCTR | G46: 0. Cancelado | H46: 0. Cancelado
A47: Assessment | B47: GD | C47: Exclusivo GD - Campos Deloitte | D47: 2. Campo | E47: lt002_instrument | F47: SSTNBL_CTGRY | G47: 0. Cancelado | H47: 0. Cancelado
B49: 2. Re-especificação/Especificação | J49: =SUM(J50:J124) -> 0 | K49: =SUM(K50:K124) -> 0 | L49: =O49*J49 -> 0 | M49: =O49*K49 -> 0
A50: Re-especificação / Especificação | B50: GD | C50: Exclusivo GD - Campos Deloitte | D50: 2. Campo | E50: lt002_instrument | F50: AVRG_BLNC | G50: 2. Em Especificação/Re-especificação | H50: 1. Concluído | I50: Alterar especificação | J50: =K50*8 -> 0 | BK50: 0.5 | BP50: 0.5 | BU50: 0.5
A51: Re-especificação / Especificação | B51: GD | C51: Exclusivo GD - Campos Deloitte | D51: 2. Campo | E51: lt002_instrument | F51: NW_BSNSS | G51: 2. Em Especificação/Re-especificação | H51: 2. Em Especificação/Re-especificação | I51: Não alterar especificação
A52: Re-especificação / Especificação | B52: GD | C52: Exclusivo GD - Campos Deloitte | D52: 2. Campo | E52: lt002_instrument | F52: GRSS_INTRST_INCM | G52: 2. Em Especificação/Re-especificação | H52: 1. Concluído | I52: Alterar especificação
A53: Re-especificação / Especificação | B53: GD | C53: Exclusivo GD - Campos Deloitte | D53: 2. Campo | E53: lt002_instrument | F53: GRSS_CMMSSN_INCM | G53: 2. Em Especificação/Re-especificação | H53: 1. Concluído | I53: Alterar especificação
A54: Re-especificação / Especificação | B54: GD | C54: Exclusivo GD - Campos Deloitte | D54: 2. Campo | E54: lt002_instrument | F54: INTRNL_TRNSFR_RT | G54: 1. Concluído | H54: 1. Concluído | I54: Não alterar especificação
A55: Re-especificação / Especificação | B55: GD | C55: Exclusivo GD - Campos Deloitte | D55: 2. Campo | E55: lt002_instrument | F55: NT_LN_LSS_PRVSN | G55: 2. Em Especificação/Re-especificação | H55: 1. Concluído | I55: Alterar especificação
A56: Re-especificação / Especificação | B56: GD | C56: Exclusivo GD - Campos Deloitte | D56: 2. Campo | E56: lt002_instrument | F56: BSNSS_AREA | G56: 2. Em Especificação/Re-especificação | H56: 2. Em Especificação/Re-especificação | I56: Alterar especificação | Q56: A aguardar resposta da Corporação relativamente à desagregação do BA.
A57: Re-especificação / Especificação | B57: GD | C57: Exclusivo GD - Campos Deloitte | D57: 2. Campo | E57: lt002_instrument | F57: MNGMNT_PRDCT | G57: 1. Concluído | H57: 1. Concluído | I57: Não alterar especificação
A58: Re-especificação / Especificação | B58: GD | C58: Exclusivo GD - Campos Deloitte | D58: 2. Campo | E58: lt002_instrument | F58: GRSS_CMMSSN_EXPNS | G58: 2. Em Especificação/Re-especificação | H58: 1. Concluído | I58: Alterar especificação
A59: Re-especificação / Especificação | B59: GD | C59: Exclusivo GD - Campos Deloitte | D59: 2. Campo | E59: lt002_instrument | F59: GNS_FNNCL_TRNSCTN_EXCHNG_DFFRNCS | G59: 2. Em Especificação/Re-especificação | H59: 1. Concluído | I59: Alterar especificação
A60: Re-especificação / Especificação | B60: GD | C60: Exclusivo GD - Âmbito anterior e atual | D60: 2. Campo | E60: lt002_instrument | F60: FLG_INTRBSNSS | G60: 1. Concluído | H60: 1. Concluído | I60: Não alterar especificação | Q60: Preenchimento validado com a Corporação (email de 20/jan).
A61: Re-especificação / Especificação | B61: GD | C61: Exclusivo GD - Âmbito anterior e atual | D61: 2. Campo | E61: lt002_instrument | F61: INTRBSNSS_ADJ_COD | G61: 1. Concluído | H61: 1. Concluído | I61: Não alterar especificação | Q61: Preenchimento validado com a Corporação (email de 20/jan).
A62: Re-especificação / Especificação | B62: GD | C62: Exclusivo GD - Âmbito anterior e atual | D62: 2. Campo | E62: lt002_instrument | F62: COD_SOC_DSTNTN | G62: 1. Concluído | H62: 1. Concluído | I62: Não alterar especificação | Q62: Preenchimento validado com a Corporação (email de 20/jan).
A63: Re-especificação / Especificação | B63: GD | C63: Exclusivo GD - Âmbito anterior e atual | D63: 2. Campo | E63: lt002_instrument | F63: BSNSS_AREA_DSTNTN | G63: 1. Concluído | H63: 1. Concluído | I63: Não alterar especificação | Q63: Preenchimento validado com a Corporação (email de 20/jan).
A64: Re-especificação / Especificação | B64: GD | C64: Exclusivo GD - Campos Deloitte | D64: 2. Campo | E64: lt002_instrument | F64: AVRG_BLNC_OFF_BLNC | G64: 2. Em Especificação/Re-especificação | H64: 1. Concluído | I64: Alterar especificação
A65: Re-especificação / Especificação | B65: GD | C65: Exclusivo GD - Campos Deloitte | D65: 2. Campo | E65: lt002_instrument | F65: INTRNL_TRNSFR_RT_OFF_BLNC | G65: 1. Concluído | H65: 1. Concluído | I65: Não alterar especificação
A66: Re-especificação / Especificação | B66: GD | C66: Exclusivo GD - Campos Deloitte | D66: 2. Campo | E66: lt002_instrument | F66: GRSS_CMMSSN_INCM_OFF_BLNC | G66: 2. Em Especificação/Re-especificação | H66: 1. Concluído | I66: Alterar especificação
A67: Re-especificação / Especificação | B67: GD | C67: Exclusivo GD - Campos Deloitte | D67: 2. Campo | E67: lt002_instrument | F67: GRSS_CMMSSN_EXPNS_OFF_BLNC | G67: 2. Em Especificação/Re-especificação | H67: 1. Concluído | I67: Alterar especificação
A68: Re-especificação / Especificação | B68: GD | C68: Exclusivo GD - Campos Deloitte | D68: 2. Campo | E68: lt002_instrument | F68: RWA_OFF_BLNC | G68: 1. Concluído | H68: 1. Concluído | I68: Não alterar especificação
A69: Re-especificação / Especificação | B69: GD | C69: Exclusivo GD - Campos Deloitte | D69: 2. Campo | E69: lt002_instrument | F69: GRSS_INTRST_EXPNS | G69: 2. Em Especificação/Re-especificação | H69: 1. Concluído | I69: Alterar especificação
A70: Re-especificação / Especificação | B70: GD | C70: Exclusivo GD - Campos Deloitte | D70: 2. Campo | E70: lt002_instrument | F70: NT_LN_LSS_PRVSN_OFF_BLNC | G70: 2. Em Especificação/Re-especificação | H70: 1. Concluído | I70: Alterar especificação
A71: Re-especificação / Especificação | B71: GD | C71: Exclusivo GD - Campos Deloitte | D71: 2. Campo | E71: lt002_instrument | F71: GRSS_INTRST_INCM_CCRR | G71: 2. Em Especificação/Re-especificação | H71: 2. Em Especificação/Re-especificação | I71: Alterar especificação | Q71: A aguardar resposta da Corporação relativamente à desagregação do BA.
A72: Re-especificação / Especificação | B72: GD | C72: Exclusivo GD - Campos Deloitte | D72: 2. Campo | E72: lt002_instrument | F72: GRSS_INTRST_EXPNS_CCRR | G72: 2. Em Especificação/Re-especificação | H72: 2. Em Especificação/Re-especificação | I72: Alterar especificação | Q72: A aguardar resposta da Corporação relativamente à desagregação do BA.
A73: Re-especificação / Especificação | B73: GD | C73: Exclusivo GD - Campos Deloitte | D73: 2. Campo | E73: lt002_instrument | F73: GRSS_CMMSSN_INCM_CCRR | G73: 2. Em Especificação/Re-especificação | H73: 2. Em Especificação/Re-especificação | I73: Alterar especificação | Q73: A aguardar resposta da Corporação relativamente à desagregação do BA.
A74: Re-especificação / Especificação | B74: GD | C74: Exclusivo GD - Campos Deloitte | D74: 2. Campo | E74: lt002_instrument | F74: GRSS_CMMSSN_EXPNS_CCRR | G74: 2. Em Especificação/Re-especificação | H74: 2. Em Especificação/Re-especificação | I74: Alterar especificação | Q74: A aguardar resposta da Corporação relativamente à desagregação do BA.
A75: Re-especificação / Especificação | B75: GD | C75: Exclusivo GD - Campos Deloitte | D75: 2. Campo | E75: lt002_instrument | F75: GNS_FNNCL_TRNSCTN_EXCHNG_CCRR | G75: 2. Em Especificação/Re-especificação | H75: 2. Em Especificação/Re-especificação | I75: Alterar especificação | Q75: A aguardar resposta da Corporação relativamente à desagregação do BA.
A76: Re-especificação / Especificação | B76: GD | C76: Exclusivo GD - Campos Deloitte | D76: 2. Campo | E76: lt002_instrument | F76: BSNSS_AREA_CCRR | G76: 2. Em Especificação/Re-especificação | H76: 2. Em Especificação/Re-especificação | I76: Alterar especificação | Q76: A aguardar resposta da Corporação relativamente à desagregação do BA.
A77: Re-especificação / Especificação | B77: GD | C77: Exclusivo GD - Campos Deloitte | D77: 2. Campo | E77: lt002_instrument | F77: GRSS_CMMSSN_INCM_OFF_BLNC_CCRR | G77: 2. Em Especificação/Re-especificação | H77: 2. Em Especificação/Re-especificação | I77: Alterar especificação | Q77: A aguardar resposta da Corporação relativamente à desagregação do BA.
A78: Re-especificação / Especificação | B78: GD | C78: Exclusivo GD - Campos Deloitte | D78: 2. Campo | E78: lt002_instrument | F78: GRSS_CMMSSN_EXPNS_OFF_BLNC_CCRR | G78: 2. Em Especificação/Re-especificação | H78: 2. Em Especificação/Re-especificação | I78: Alterar especificação | Q78: A aguardar resposta da Corporação relativamente à desagregação do BA.
A79: Re-especificação / Especificação | B79: GD | C79: Exclusivo GD - Campos Deloitte | D79: 2. Campo | E79: lt824_assoc_kpi_gd | F79: ambito | G79: 2. Em Especificação/Re-especificação | H79: 2. Em Especificação/Re-especificação | I79: N/A
A80: Re-especificação / Especificação | B80: GD | C80: Exclusivo GD - Campos Deloitte | D80: 2. Campo | E80: lt824_assoc_kpi_gd | F80: tipo_conta_local | G80: 2. Em Especificação/Re-especificação | H80: 2. Em Especificação/Re-especificação | I80: N/A
A81: Re-especificação / Especificação | B81: GD | C81: Exclusivo GD - Campos Deloitte | D81: 2. Campo | E81: lt824_assoc_kpi_gd | F81: valor_gd | G81: 2. Em Especificação/Re-especificação | H81: 2. Em Especificação/Re-especificação | I81: N/A
A82: Re-especificação / Especificação | B82: GD | C82: Exclusivo GD - Campos Deloitte | D82: 2. Campo | E82: lt824_assoc_kpi_gd | F82: kpi | G82: 2. Em Especificação/Re-especificação | H82: 2. Em Especificação/Re-especificação | I82: N/A
A83: Re-especificação / Especificação | B83: GD | C83: Exclusivo GD - Campos Deloitte | D83: 2. Campo | E83: lt824_assoc_kpi_gd | F83: ordem | G83: 2. Em Especificação/Re-especificação | H83: 2. Em Especificação/Re-especificação | I83: N/A
A84: Re-especificação / Especificação | B84: GD | C84: Exclusivo GD - Campos Deloitte | D84: 2. Campo | E84: lt824_assoc_kpi_gd | F84: ref_date | G84: 2. Em Especificação/Re-especificação | H84: 2. Em Especificação/Re-especificação | I84: N/A
A85: Re-especificação / Especificação | B85: GD | C85: Estrutural | D85: 2. Campo | E85: lt002_instrument | F85: CCF | G85: 1. Concluído | H85: 1. Concluído | I85: Não alterar especificação
A86: Re-especificação / Especificação | B86: GD | C86: LF | D86: 2. Campo | E86: lt002_instrument | F86: EAD | G86: 5. Por Iniciar | H86: 1. Concluído | I86: Não alterar especificação | Q86: No sprint 3 da equipa de LF (5/mai a 23/jun)
A87: Re-especificação / Especificação | B87: GD | C87: LF | D87: 2. Campo | E87: lt002_instrument | F87: TYP_OFF_BLNC_PRDCT | G87: 5. Por Iniciar | H87: 1. Concluído | I87: Não alterar especificação | Q87: No sprint 1 da equipa de LF (termina a 10/mar)
A88: Re-especificação / Especificação | B88: GD | C88: Estrutural | D88: 2. Campo | E88: lt002_instrument | F88: COD_SOC | G88: 1. Concluído | H88: 1. Concluído | I88: Não alterar especificação
A89: Re-especificação / Especificação | B89: GD | C89: Estrutural | D89: 2. Campo | E89: lt002_instrument | F89: SUBPORTFOLIO_ID | G89: 1. Concluído | H89: 1. Concluído | I89: Não alterar especificação
A90: Re-especificação / Especificação | B90: GD | C90: Estrutural | D90: 2. Campo | E90: lt002_instrument | F90: DT_RFRNC | G90: 1. Concluído | H90: 1. Concluído | I90: Não alterar especificação
A91: Re-especificação / Especificação | B91: GD | C91: LF | D91: 2. Campo | E91: lt002_instrument | F91: DFLT_STTS_INSTRMNT | G91: 5. Por Iniciar | H91: 1. Concluído | I91: Não alterar especificação | Q91: No sprint 2.2 da equipa de LF (final de mar até 28/abr)
A92: Re-especificação / Especificação | B92: GD | C92: Estrutural | D92: 2. Campo | E92: lt002_instrument | F92: IMPRMNT_STTS | G92: 1. Concluído | H92: 1. Concluído | I92: Não alterar especificação | Q92: do lado do gonçalo em testes
A93: Re-especificação / Especificação | B93: GD | C93: Estrutural | D93: 2. Campo | E93: lt002_instrument | F93: PRFRMNG_STTS | G93: 1. Concluído | H93: 1. Concluído | I93: Não alterar especificação | Q93: do lado do gonçalo em testes
A94: Re-especificação / Especificação | B94: GD | C94: Estrutural | D94: 2. Campo | E94: lt002_instrument | F94: TYP_INSTRMNT | G94: 2. Em Especificação/Re-especificação | H94: 1. Concluído | I94: Alterar especificação
A95: Re-especificação / Especificação | B95: GD | C95: Estrutural | D95: 2. Campo | E95: lt002_instrument | F95: GRSS_CRRYNG_AMNT_INSTRMNT | G95: 1. Concluído | H95: 1. Concluído | I95: Não alterar especificação
A96: Re-especificação / Especificação | B96: GD | C96: Estrutural | D96: 2. Campo | E96: lt002_instrument | F96: ACCMLTD_CHNGS_FV_CR_INSTRMNT | G96: 1. Concluído | H96: 1. Concluído | I96: Não alterar especificação
A97: Re-especificação / Especificação | B97: GD | C97: Estrutural | D97: 2. Campo | E97: lt002_instrument | F97: ACCNTNG_CLSSFCTN | G97: 2. Em Especificação/Re-especificação | H97: 1. Concluído | I97: Alterar especificação
A98: Re-especificação / Especificação | B98: GD | C98: LF | D98: 2. Campo | E98: lt002_instrument | F98: OFF_BLNC_SHT_AMNT_INSTRMNT | G98: 5. Por Iniciar | H98: 1. Concluído | I98: Não alterar especificação | Q98: No sprint 4 da equipa de LF (17/fev a 24/mar)
A99: Re-especificação / Especificação | B99: GD | C99: Estrutural | D99: 2. Campo | E99: lt002_instrument | F99: PRVSNS_OFF_BLNC_SHT | G99: 1. Concluído | H99: 1. Concluído | I99: Não alterar especificação
A100: Re-especificação / Especificação | B100: GD | C100: LF | D100: 2. Campo | E100: lt002_instrument | F100: RWA | G100: 5. Por Iniciar | H100: 1. Concluído | I100: Não alterar especificação | Q100: No sprint 3 da equipa de LF (5/mai a 23/jun)
A101: Re-especificação / Especificação | B101: GD | C101: Estrutural | D101: 2. Campo | E101: lt002_instrument | F101: ACCMLTD_IMPRMNT_INSTRMNT | G101: 1. Concluído | H101: 1. Concluído | I101: Não alterar especificação
A102: Re-especificação / Especificação | B102: GD | C102: Estrutural | D102: 2. Campo | E102: lt002_instrument | F102: COD_SOC_INTRGRP | G102: 1. Concluído | H102: 1. Concluído | I102: Não alterar especificação | Q102: estrtural em testes
A103: Re-especificação / Especificação | B103: GD | C103: Estrutural | D103: 2. Campo | E103: lt002_instrument | F103: LCL_INSTMRNT_ID | G103: 1. Concluído | H103: 1. Concluído | I103: Não alterar especificação | Q103: estrutral com "controlos e completude"
A104: Re-especificação / Especificação | B104: GD | C104: LF | D104: 2. Campo | E104: lt002_instrument | F104: IDCMB | G104: 5. Por Iniciar | H104: 1. Concluído | I104: Alterar especificação | Q104: No sprint 3 da equipa de LF (5/mai a 23/jun)
A105: Re-especificação / Especificação | B105: GD | C105: Estrutural | D105: 2. Campo | E105: lt006_instr_protection | F105: COD_SOC | G105: 1. Concluído | H105: 1. Concluído | I105: Não alterar especificação
A106: Re-especificação / Especificação | B106: GD | C106: Estrutural | D106: 2. Campo | E106: lt006_instr_protection | F106: DT_RFRNC | G106: 1. Concluído | H106: 1. Concluído | I106: Não alterar especificação
A107: Re-especificação / Especificação | B107: GD | C107: Estrutural | D107: 2. Campo | E107: lt006_instr_protection | F107: INSTRMNT_ID | G107: 1. Concluído | H107: 1. Concluído | I107: Não alterar especificação
...

Sheet FC
B6: MacroPlano | Testes GD
F8: Datas Estimadas | J8: Semana 1 | L8: Semana 2 | Q8: Semana 3 | V8: Semana 4 | AA8: Semana 5 | AF8: Semana 6 | AK8: Semana 7 | AP8: Semana 8 | AU8: Semana 9 | AZ8: Semana 10 | BE8: Semana 11 | BJ8: Semana 12
B9: ID | C9: Atividades | D9: Owner | E9: Status | F9: Data Inicio | G9: Data Fim | H9: Data Fim Real | J9: 02/jan-03/jan | L9: 06/jan-10/jan | Q9: 13/jan-17/jan | V9: 20/jan-24/jan | AA9: 27/jan-31/jan | AF9: 03/fev-07/fev | AK9: 10/fev-14/fev | AP9: 17/fev-21/fev | AU9: 24/fev-28/fev | AZ9: 03/mar-07/mar | BE9: 10/mar-14/mar | BJ9: 17/mar-21/mar
B10: 0. | C10: Gestão
B11: 0.1 | C11: Reuniões de PdS | D11: Neyond/CdG/IT | E11: = | F11: 45659 | J11: « | O11: « | T11: « | Y11: « | AD11: « | AI11: « | AN11: « | AS11: « | AX11: « | BC11: « | BH11: « | BM11: «
B13: 1. | C13: Assessment Especificação Deloitte
B14: 1.1 | C14: Validação da especificação dos campos (total = 38) | D14: Neyond | E14: = | F14: 45659 | G14: 45667
B16: 2. | C16: Testes regressivos aos campos concluidos do GD
B17: 2.1 | C17: Testes regressivos aos campos concluidos em âmbito do projeto anterior | D17: Neyond | E17: = | F17: TBD | G17: TBD
B19: 3. | C19: Re-especificações e especificação de novos requisitos
B20: 3.1 | C20: Atualização da especificação da Deloitte | D20: Neyond | E20: = | F20: 45666 | G20: 45674
B21: 3.2 | C21: Especificação dos campos comuns com PM | D21: Neyond | E21: = | F21: 45677 | G21: 45679
B22: 3.3 | C22: Especificação dos campos exclusivos do GD | D22: Neyond | E22: = | F22: 45681
B23: 3.4 | C23: Especificação dos campos comuns com Pilar 3 | D23: Neyond | E23: =
B24: 3.5 | C24: Atualização da documentação (word + excel) com a especificação to-be | D24: Neyond | E24: = | F24: on-going | G24: on-going
B25: 3.6 | C25: Validação da especificação to-be | D25: CdG | E25: = | F25: on-going | G25: on-going
B26: 3.7 | C26: Implementação dos requisitos especificados | D26: IT | E26: =
B28: 4. | C28: Testes/Re-testes às métricas do GD
B29: 4.1 | C29: Simulação das tabelas e campos especificados | D29: Neyond | E29: = | F29: TBD | G29: TBD
B30: 4.2 | C30: Testes à implementação dos requisitos | D30: Neyond | E30: = | F30: TBD | G30: TBD
B31: 4.3 | C31: Testes regressivos | D31: Neyond | E31: = | F31: TBD | G31: TBD
B33: 5. | C33: Outros Temas
B34: 5.1 | C34: Universo a reportar: desagregação por Business Area | D34: Corporação | E34: = | F34: N/A | G34: N/A
B35: 5.2 | C35: Contratos intra-mês: validação do universo da lt002 | D35: Neyond | E35: = | F35: 45674
B38: Legenda:
C40: Feriados
B42: = | C42: Concluído
B43: = | C43: Em progresso
B44: = | C44: Por iniciar
B45: « | C45: Entregas

Sheet Reunião 30jan
B6: 1. Detalhe dos campos para especificação
B8: Âmbito | C8: Sub-âmbito | D8: Tabela | E8: Campo | F8: Status a 27/jan | G8: Alteração no Guia Corporativo? | H8: Observações | I8: Decisão
B9: GD | C9: Exclusivo GD | D9: lt002_instrument | E9: AVRG_BLNC | F9: 1. Concluído | G9: {=IF(INDEX('3. Plano_Detalhado'!$E$50:$I$124,MATCH(1,('Reunião 30jan'!D9='3. Plano_Detalhado'!$E$50:$E$124)*('3. Plano_Detalhado'!$F$50:$F$124='Reunião 30jan'!E9),0),5)="Alterar especificação","Y",IF(INDEX('3. Plano_Detalhado'!$E$50:$I$124,MATCH(1,('Reunião 30jan'!D9='3. Plano_Detalhado'!$E$50:$E$124)*('3. Plano_Detalhado'!$F$50:$F$124='Reunião 30jan'!E9),0),5)="Não alterar especificação","N",INDEX('3. Plano_Detalhado'!$E$50:$I$124,MATCH(1,('Reunião 30jan'!D9='3. Plano_Detalhado'!$E$50:$E$124)*('3. Plano_Detalhado'!$F$50:$F$124='Reunião 30jan'!E9),0),5)))} -> Y | H9: Passou a ser na ótica YTD.
B10: GD | C10: Exclusivo GD | D10: lt002_instrument | E10: NW_BSNSS | F10: 2. Em Especificação/Re-especificação | G10: {=IF(INDEX('3. Plano_Detalhado'!$E$50:$I$124,MATCH(1,('Reunião 30jan'!D10='3. Plano_Detalhado'!$E$50:$E$124)*('3. Plano_Detalhado'!$F$50:$F$124='Reunião 30jan'!E10),0),5)="Alterar especificação","Y",IF(INDEX('3. Plano_Detalhado'!$E$50:$I$124,MATCH(1,('Reunião 30jan'!D10='3. Plano_Detalhado'!$E$50:$E$124)*('3. Plano_Detalhado'!$F$50:$F$124='Reunião 30jan'!E10),0),5)="Não alterar especificação","N",INDEX('3. Plano_Detalhado'!$E$50:$I$124,MATCH(1,('Reunião 30jan'!D10='3. Plano_Detalhado'!$E$50:$E$124)*('3. Plano_Detalhado'!$F$50:$F$124='Reunião 30jan'!E10),0),5)))} -> N | H10: Preenchimento validado com a Corporação (email de 29/jan). Regras diferentes face ao que se encontra altualmente implementado.
B11: GD | C11: Exclusivo GD | D11: lt002_instrument | E11: GRSS_INTRST_INCM | F11: 1. Concluído | G11: {=IF(INDEX('3. Plano_Detalhado'!$E$50:$I$124,MATCH(1,('Reunião 30jan'!D11='3. Plano_Detalhado'!$E$50:$E$124)*('3. Plano_Detalhado'!$F$50:$F$124='Reunião 30jan'!E11),0),5)="Alterar especificação","Y",IF(INDEX('3. Plano_Detalhado'!$E$50:$I$124,MATCH(1,('Reunião 30jan'!D11='3. Plano_Detalhado'!$E$50:$E$124)*('3. Plano_Detalhado'!$F$50:$F$124='Reunião 30jan'!E11),0),5)="Não alterar especificação","N",INDEX('3. Plano_Detalhado'!$E$50:$I$124,MATCH(1,('Reunião 30jan'!D11='3. Plano_Detalhado'!$E$50:$E$124)*('3. Plano_Detalhado'!$F$50:$F$124='Reunião 30jan'!E11),0),5)))} -> Y | H11: Passou a ser na ótica YTD.
B12: GD | C12: Exclusivo GD | D12: lt002_instrument | E12: GRSS_CMMSSN_INCM | F12: 1. Concluído | G12: {=IF(INDEX('3. Plano_Detalhado'!$E$50:$I$124,MATCH(1,('Reunião 30jan'!D12='3. Plano_Detalhado'!$E$50:$E$124)*('3. Plano_Detalhado'!$F$50:$F$124='Reunião 30jan'!E12),0),5)="Alterar especificação","Y",IF(INDEX('3. Plano_Detalhado'!$E$50:$I$124,MATCH(1,('Reunião 30jan'!D12='3. Plano_Detalhado'!$E$50:$E$124)*('3. Plano_Detalhado'!$F$50:$F$124='Reunião 30jan'!E12),0),5)="Não alterar especificação","N",INDEX('3. Plano_Detalhado'!$E$50:$I$124,MATCH(1,('Reunião 30jan'!D12='3. Plano_Detalhado'!$E$50:$E$124)*('3. Plano_Detalhado'!$F$50:$F$124='Reunião 30jan'!E12),0),5)))} -> Y | H12: Passou a ser na ótica YTD.
B13: GD | C13: Exclusivo GD | D13: lt002_instrument | E13: INTRNL_TRNSFR_RT | F13: 1. Concluído | G13: {=IF(INDEX('3. Plano_Detalhado'!$E$50:$I$124,MATCH(1,('Reunião 30jan'!D13='3. Plano_Detalhado'!$E$50:$E$124)*('3. Plano_Detalhado'!$F$50:$F$124='Reunião 30jan'!E13),0),5)="Alterar especificação","Y",IF(INDEX('3. Plano_Detalhado'!$E$50:$I$124,MATCH(1,('Reunião 30jan'!D13='3. Plano_Detalhado'!$E$50:$E$124)*('3. Plano_Detalhado'!$F$50:$F$124='Reunião 30jan'!E13),0),5)="Não alterar especificação","N",INDEX('3. Plano_Detalhado'!$E$50:$I$124,MATCH(1,('Reunião 30jan'!D13='3. Plano_Detalhado'!$E$50:$E$124)*('3. Plano_Detalhado'!$F$50:$F$124='Reunião 30jan'!E13),0),5)))} -> N
B14: GD | C14: Exclusivo GD | D14: lt002_instrument | E14: NT_LN_LSS_PRVSN | F14: 1. Concluído | G14: {=IF(INDEX('3. Plano_Detalhado'!$E$50:$I$124,MATCH(1,('Reunião 30jan'!D14='3. Plano_Detalhado'!$E$50:$E$124)*('3. Plano_Detalhado'!$F$50:$F$124='Reunião 30jan'!E14),0),5)="Alterar especificação","Y",IF(INDEX('3. Plano_Detalhado'!$E$50:$I$124,MATCH(1,('Reunião 30jan'!D14='3. Plano_Detalhado'!$E$50:$E$124)*('3. Plano_Detalhado'!$F$50:$F$124='Reunião 30jan'!E14),0),5)="Não alterar especificação","N",INDEX('3. Plano_Detalhado'!$E$50:$I$124,MATCH(1,('Reunião 30jan'!D14='3. Plano_Detalhado'!$E$50:$E$124)*('3. Plano_Detalhado'!$F$50:$F$124='Reunião 30jan'!E14),0),5)))} -> Y | H14: Passou a ser na ótica YTD.
B15: GD | C15: Exclusivo GD | D15: lt002_instrument | E15: BSNSS_AREA | F15: 2. Em Especificação/Re-especificação | G15: {=IF(INDEX('3. Plano_Detalhado'!$E$50:$I$124,MATCH(1,('Reunião 30jan'!D15='3. Plano_Detalhado'!$E$50:$E$124)*('3. Plano_Detalhado'!$F$50:$F$124='Reunião 30jan'!E15),0),5)="Alterar especificação","Y",IF(INDEX('3. Plano_Detalhado'!$E$50:$I$124,MATCH(1,('Reunião 30jan'!D15='3. Plano_Detalhado'!$E$50:$E$124)*('3. Plano_Detalhado'!$F$50:$F$124='Reunião 30jan'!E15),0),5)="Não alterar especificação","N",INDEX('3. Plano_Detalhado'!$E$50:$I$124,MATCH(1,('Reunião 30jan'!D15='3. Plano_Detalhado'!$E$50:$E$124)*('3. Plano_Detalhado'!$F$50:$F$124='Reunião 30jan'!E15),0),5)))} -> Y | H15: A aguardar resposta da Corporação relativamente à desagregação do BA.
B16: GD | C16: Exclusivo GD | D16: lt002_instrument | E16: MNGMNT_PRDCT | F16: 1. Concluído | G16: {=IF(INDEX('3. Plano_Detalhado'!$E$50:$I$124,MATCH(1,('Reunião 30jan'!D16='3. Plano_Detalhado'!$E$50:$E$124)*('3. Plano_Detalhado'!$F$50:$F$124='Reunião 30jan'!E16),0),5)="Alterar especificação","Y",IF(INDEX('3. Plano_Detalhado'!$E$50:$I$124,MATCH(1,('Reunião 30jan'!D16='3. Plano_Detalhado'!$E$50:$E$124)*('3. Plano_Detalhado'!$F$50:$F$124='Reunião 30jan'!E16),0),5)="Não alterar especificação","N",INDEX('3. Plano_Detalhado'!$E$50:$I$124,MATCH(1,('Reunião 30jan'!D16='3. Plano_Detalhado'!$E$50:$E$124)*('3. Plano_Detalhado'!$F$50:$F$124='Reunião 30jan'!E16),0),5)))} -> N
B17: GD | C17: Exclusivo GD | D17: lt002_instrument | E17: GRSS_CMMSSN_EXPNS | F17: 1. Concluído | G17: {=IF(INDEX('3. Plano_Detalhado'!$E$50:$I$124,MATCH(1,('Reunião 30jan'!D17='3. Plano_Detalhado'!$E$50:$E$124)*('3. Plano_Detalhado'!$F$50:$F$124='Reunião 30jan'!E17),0),5)="Alterar especificação","Y",IF(INDEX('3. Plano_Detalhado'!$E$50:$I$124,MATCH(1,('Reunião 30jan'!D17='3. Plano_Detalhado'!$E$50:$E$124)*('3. Plano_Detalhado'!$F$50:$F$124='Reunião 30jan'!E17),0),5)="Não alterar especificação","N",INDEX('3. Plano_Detalhado'!$E$50:$I$124,MATCH(1,('Reunião 30jan'!D17='3. Plano_Detalhado'!$E$50:$E$124)*('3. Plano_Detalhado'!$F$50:$F$124='Reunião 30jan'!E17),0),5)))} -> Y | H17: Passou a ser na ótica YTD.
B18: GD | C18: Exclusivo GD | D18: lt002_instrument | E18: GNS_FNNCL_TRNSCTN_EXCHNG_DFFRNCS | F18: 1. Concluído | G18: {=IF(INDEX('3. Plano_Detalhado'!$E$50:$I$124,MATCH(1,('Reunião 30jan'!D18='3. Plano_Detalhado'!$E$50:$E$124)*('3. Plano_Detalhado'!$F$50:$F$124='Reunião 30jan'!E18),0),5)="Alterar especificação","Y",IF(INDEX('3. Plano_Detalhado'!$E$50:$I$124,MATCH(1,('Reunião 30jan'!D18='3. Plano_Detalhado'!$E$50:$E$124)*('3. Plano_Detalhado'!$F$50:$F$124='Reunião 30jan'!E18),0),5)="Não alterar especificação","N",INDEX('3. Plano_Detalhado'!$E$50:$I$124,MATCH(1,('Reunião 30jan'!D18='3. Plano_Detalhado'!$E$50:$E$124)*('3. Plano_Detalhado'!$F$50:$F$124='Reunião 30jan'!E18),0),5)))} -> Y | H18: Passou a ser na ótica YTD.
B19: GD | C19: Exclusivo GD - Âmbito anterior e atual | D19: lt002_instrument | E19: FLG_INTRBSNSS | F19: 1. Concluído | G19: {=IF(INDEX('3. Plano_Detalhado'!$E$50:$I$124,MATCH(1,('Reunião 30jan'!D19='3. Plano_Detalhado'!$E$50:$E$124)*('3. Plano_Detalhado'!$F$50:$F$124='Reunião 30jan'!E19),0),5)="Alterar especificação","Y",IF(INDEX('3. Plano_Detalhado'!$E$50:$I$124,MATCH(1,('Reunião 30jan'!D19='3. Plano_Detalhado'!$E$50:$E$124)*('3. Plano_Detalhado'!$F$50:$F$124='Reunião 30jan'!E19),0),5)="Não alterar especificação","N",INDEX('3. Plano_Detalhado'!$E$50:$I$124,MATCH(1,('Reunião 30jan'!D19='3. Plano_Detalhado'!$E$50:$E$124)*('3. Plano_Detalhado'!$F$50:$F$124='Reunião 30jan'!E19),0),5)))} -> N | H19: Preenchimento validado com a Corporação (email de 20/jan). Uma vez que, o BS não tem operações internegócio para produtos de crédito na sua carteira então FLG_INTRBSNSS = 'N'.
B20: GD | C20: Exclusivo GD - Âmbito anterior e atual | D20: lt002_instrument | E20: INTRBSNSS_ADJ_COD | F20: 1. Concluído | G20: {=IF(INDEX('3. Plano_Detalhado'!$E$50:$I$124,MATCH(1,('Reunião 30jan'!D20='3. Plano_Detalhado'!$E$50:$E$124)*('3. Plano_Detalhado'!$F$50:$F$124='Reunião 30jan'!E20),0),5)="Alterar especificação","Y",IF(INDEX('3. Plano_Detalhado'!$E$50:$I$124,MATCH(1,('Reunião 30jan'!D20='3. Plano_Detalhado'!$E$50:$E$124)*('3. Plano_Detalhado'!$F$50:$F$124='Reunião 30jan'!E20),0),5)="Não alterar especificação","N",INDEX('3. Plano_Detalhado'!$E$50:$I$124,MATCH(1,('Reunião 30jan'!D20='3. Plano_Detalhado'!$E$50:$E$124)*('3. Plano_Detalhado'!$F$50:$F$124='Reunião 30jan'!E20),0),5)))} -> N | H20: Preenchimento validado com a Corporação (email de 20/jan). Uma vez que, FLG_INTRBSNSS = 'N' então o campo INTRBSNSS_ADJ_COD deve ser preenchido com valor de not applicable
B21: GD | C21: Exclusivo GD - Âmbito anterior e atual | D21: lt002_instrument | E21: COD_SOC_DSTNTN | F21: 1. Concluído | G21: {=IF(INDEX('3. Plano_Detalhado'!$E$50:$I$124,MATCH(1,('Reunião 30jan'!D21='3. Plano_Detalhado'!$E$50:$E$124)*('3. Plano_Detalhado'!$F$50:$F$124='Reunião 30jan'!E21),0),5)="Alterar especificação","Y",IF(INDEX('3. Plano_Detalhado'!$E$50:$I$124,MATCH(1,('Reunião 30jan'!D21='3. Plano_Detalhado'!$E$50:$E$124)*('3. Plano_Detalhado'!$F$50:$F$124='Reunião 30jan'!E21),0),5)="Não alterar especificação","N",INDEX('3. Plano_Detalhado'!$E$50:$I$124,MATCH(1,('Reunião 30jan'!D21='3. Plano_Detalhado'!$E$50:$E$124)*('3. Plano_Detalhado'!$F$50:$F$124='Reunião 30jan'!E21),0),5)))} -> N | H21: Preenchimento validado com a Corporação (email de 20/jan). Uma vez que, FLG_INTRBSNSS = 'N' então o campo COD_SOC_DSTNTN deve ser preenchido com valor de not applicable
B22: GD | C22: Exclusivo GD - Âmbito anterior e atual | D22: lt002_instrument | E22: BSNSS_AREA_DSTNTN | F22: 1. Concluído | G22: {=IF(INDEX('3. Plano_Detalhado'!$E$50:$I$124,MATCH(1,('Reunião 30jan'!D22='3. Plano_Detalhado'!$E$50:$E$124)*('3. Plano_Detalhado'!$F$50:$F$124='Reunião 30jan'!E22),0),5)="Alterar especificação","Y",IF(INDEX('3. Plano_Detalhado'!$E$50:$I$124,MATCH(1,('Reunião 30jan'!D22='3. Plano_Detalhado'!$E$50:$E$124)*('3. Plano_Detalhado'!$F$50:$F$124='Reunião 30jan'!E22),0),5)="Não alterar especificação","N",INDEX('3. Plano_Detalhado'!$E$50:$I$124,MATCH(1,('Reunião 30jan'!D22='3. Plano_Detalhado'!$E$50:$E$124)*('3. Plano_Detalhado'!$F$50:$F$124='Reunião 30jan'!E22),0),5)))} -> N | H22: Preenchimento validado com a Corporação (email de 20/jan). Uma vez que, FLG_INTRBSNSS = 'N' então o campo BSNSS_AREA_DSTNTN deve ser preenchido com valor de not applicable
B23: GD | C23: Exclusivo GD | D23: lt002_instrument | E23: AVRG_BLNC_OFF_BLNC | F23: 1. Concluído | G23: {=IF(INDEX('3. Plano_Detalhado'!$E$50:$I$124,MATCH(1,('Reunião 30jan'!D23='3. Plano_Detalhado'!$E$50:$E$124)*('3. Plano_Detalhado'!$F$50:$F$124='Reunião 30jan'!E23),0),5)="Alterar especificação","Y",IF(INDEX('3. Plano_Detalhado'!$E$50:$I$124,MATCH(1,('Reunião 30jan'!D23='3. Plano_Detalhado'!$E$50:$E$124)*('3. Plano_Detalhado'!$F$50:$F$124='Reunião 30jan'!E23),0),5)="Não alterar especificação","N",INDEX('3. Plano_Detalhado'!$E$50:$I$124,MATCH(1,('Reunião 30jan'!D23='3. Plano_Detalhado'!$E$50:$E$124)*('3. Plano_Detalhado'!$F$50:$F$124='Reunião 30jan'!E23),0),5)))} -> Y | H23: Passou a ser na ótica YTD.
B24: GD | C24: Exclusivo GD | D24: lt002_instrument | E24: INTRNL_TRNSFR_RT_OFF_BLNC | F24: 1. Concluído | G24: {=IF(INDEX('3. Plano_Detalhado'!$E$50:$I$124,MATCH(1,('Reunião 30jan'!D24='3. Plano_Detalhado'!$E$50:$E$124)*('3. Plano_Detalhado'!$F$50:$F$124='Reunião 30jan'!E24),0),5)="Alterar especificação","Y",IF(INDEX('3. Plano_Detalhado'!$E$50:$I$124,MATCH(1,('Reunião 30jan'!D24='3. Plano_Detalhado'!$E$50:$E$124)*('3. Plano_Detalhado'!$F$50:$F$124='Reunião 30jan'!E24),0),5)="Não alterar especificação","N",INDEX('3. Plano_Detalhado'!$E$50:$I$124,MATCH(1,('Reunião 30jan'!D24='3. Plano_Detalhado'!$E$50:$E$124)*('3. Plano_Detalhado'!$F$50:$F$124='Reunião 30jan'!E24),0),5)))} -> N
B25: GD | C25: Exclusivo GD | D25: lt002_instrument | E25: GRSS_CMMSSN_INCM_OFF_BLNC | F25: 1. Concluído | G25: {=IF(INDEX('3. Plano_Detalhado'!$E$50:$I$124,MATCH(1,('Reunião 30jan'!D25='3. Plano_Detalhado'!$E$50:$E$124)*('3. Plano_Detalhado'!$F$50:$F$124='Reunião 30jan'!E25),0),5)="Alterar especificação","Y",IF(INDEX('3. Plano_Detalhado'!$E$50:$I$124,MATCH(1,('Reunião 30jan'!D25='3. Plano_Detalhado'!$E$50:$E$124)*('3. Plano_Detalhado'!$F$50:$F$124='Reunião 30jan'!E25),0),5)="Não alterar especificação","N",INDEX('3. Plano_Detalhado'!$E$50:$I$124,MATCH(1,('Reunião 30jan'!D25='3. Plano_Detalhado'!$E$50:$E$124)*('3. Plano_Detalhado'!$F$50:$F$124='Reunião 30jan'!E25),0),5)))} -> Y | H25: Passou a ser na ótica YTD.
B26: GD | C26: Exclusivo GD | D26: lt002_instrument | E26: GRSS_CMMSSN_EXPNS_OFF_BLNC | F26: 1. Concluído | G26: {=IF(INDEX('3. Plano_Detalhado'!$E$50:$I$124,MATCH(1,('Reunião 30jan'!D26='3. Plano_Detalhado'!$E$50:$E$124)*('3. Plano_Detalhado'!$F$50:$F$124='Reunião 30jan'!E26),0),5)="Alterar especificação","Y",IF(INDEX('3. Plano_Detalhado'!$E$50:$I$124,MATCH(1,('Reunião 30jan'!D26='3. Plano_Detalhado'!$E$50:$E$124)*('3. Plano_Detalhado'!$F$50:$F$124='Reunião 30jan'!E26),0),5)="Não alterar especificação","N",INDEX('3. Plano_Detalhado'!$E$50:$I$124,MATCH(1,('Reunião 30jan'!D26='3. Plano_Detalhado'!$E$50:$E$124)*('3. Plano_Detalhado'!$F$50:$F$124='Reunião 30jan'!E26),0),5)))} -> Y | H26: Passou a ser na ótica YTD.
B27: GD | C27: Exclusivo GD | D27: lt002_instrument | E27: RWA_OFF_BLNC | F27: 1. Concluído | G27: {=IF(INDEX('3. Plano_Detalhado'!$E$50:$I$124,MATCH(1,('Reunião 30jan'!D27='3. Plano_Detalhado'!$E$50:$E$124)*('3. Plano_Detalhado'!$F$50:$F$124='Reunião 30jan'!E27),0),5)="Alterar especificação","Y",IF(INDEX('3. Plano_Detalhado'!$E$50:$I$124,MATCH(1,('Reunião 30jan'!D27='3. Plano_Detalhado'!$E$50:$E$124)*('3. Plano_Detalhado'!$F$50:$F$124='Reunião 30jan'!E27),0),5)="Não alterar especificação","N",INDEX('3. Plano_Detalhado'!$E$50:$I$124,MATCH(1,('Reunião 30jan'!D27='3. Plano_Detalhado'!$E$50:$E$124)*('3. Plano_Detalhado'!$F$50:$F$124='Reunião 30jan'!E27),0),5)))} -> N
B28: GD | C28: Exclusivo GD | D28: lt002_instrument | E28: GRSS_INTRST_EXPNS | F28: 1. Concluído | G28: {=IF(INDEX('3. Plano_Detalhado'!$E$50:$I$124,MATCH(1,('Reunião 30jan'!D28='3. Plano_Detalhado'!$E$50:$E$124)*('3. Plano_Detalhado'!$F$50:$F$124='Reunião 30jan'!E28),0),5)="Alterar especificação","Y",IF(INDEX('3. Plano_Detalhado'!$E$50:$I$124,MATCH(1,('Reunião 30jan'!D28='3. Plano_Detalhado'!$E$50:$E$124)*('3. Plano_Detalhado'!$F$50:$F$124='Reunião 30jan'!E28),0),5)="Não alterar especificação","N",INDEX('3. Plano_Detalhado'!$E$50:$I$124,MATCH(1,('Reunião 30jan'!D28='3. Plano_Detalhado'!$E$50:$E$124)*('3. Plano_Detalhado'!$F$50:$F$124='Reunião 30jan'!E28),0),5)))} -> Y | H28: Passou a ser na ótica YTD.
B29: GD | C29: Exclusivo GD | D29: lt002_instrument | E29: NT_LN_LSS_PRVSN_OFF_BLNC | F29: 1. Concluído | G29: {=IF(INDEX('3. Plano_Detalhado'!$E$50:$I$124,MATCH(1,('Reunião 30jan'!D29='3. Plano_Detalhado'!$E$50:$E$124)*('3. Plano_Detalhado'!$F$50:$F$124='Reunião 30jan'!E29),0),5)="Alterar especificação","Y",IF(INDEX('3. Plano_Detalhado'!$E$50:$I$124,MATCH(1,('Reunião 30jan'!D29='3. Plano_Detalhado'!$E$50:$E$124)*('3. Plano_Detalhado'!$F$50:$F$124='Reunião 30jan'!E29),0),5)="Não alterar especificação","N",INDEX('3. Plano_Detalhado'!$E$50:$I$124,MATCH(1,('Reunião 30jan'!D29='3. Plano_Detalhado'!$E$50:$E$124)*('3. Plano_Detalhado'!$F$50:$F$124='Reunião 30jan'!E29),0),5)))} -> Y | H29: Passou a ser na ótica YTD.
B30: GD | C30: Exclusivo GD | D30: lt002_instrument | E30: GRSS_INTRST_INCM_CCRR | F30: 2. Em Especificação/Re-especificação | G30: {=IF(INDEX('3. Plano_Detalhado'!$E$50:$I$124,MATCH(1,('Reunião 30jan'!D30='3. Plano_Detalhado'!$E$50:$E$124)*('3. Plano_Detalhado'!$F$50:$F$124='Reunião 30jan'!E30),0),5)="Alterar especificação","Y",IF(INDEX('3. Plano_Detalhado'!$E$50:$I$124,MATCH(1,('Reunião 30jan'!D30='3. Plano_Detalhado'!$E$50:$E$124)*('3. Plano_Detalhado'!$F$50:$F$124='Reunião 30jan'!E30),0),5)="Não alterar especificação","N",INDEX('3. Plano_Detalhado'!$E$50:$I$124,MATCH(1,('Reunião 30jan'!D30='3. Plano_Detalhado'!$E$50:$E$124)*('3. Plano_Detalhado'!$F$50:$F$124='Reunião 30jan'!E30),0),5)))} -> Y | H30: A aguardar resposta da Corporação relativamente à desagregação do BA. Passou a ser na ótica YTD.
B31: GD | C31: Exclusivo GD | D31: lt002_instrument | E31: GRSS_INTRST_EXPNS_CCRR | F31: 2. Em Especificação/Re-especificação | G31: {=IF(INDEX('3. Plano_Detalhado'!$E$50:$I$124,MATCH(1,('Reunião 30jan'!D31='3. Plano_Detalhado'!$E$50:$E$124)*('3. Plano_Detalhado'!$F$50:$F$124='Reunião 30jan'!E31),0),5)="Alterar especificação","Y",IF(INDEX('3. Plano_Detalhado'!$E$50:$I$124,MATCH(1,('Reunião 30jan'!D31='3. Plano_Detalhado'!$E$50:$E$124)*('3. Plano_Detalhado'!$F$50:$F$124='Reunião 30jan'!E31),0),5)="Não alterar especificação","N",INDEX('3. Plano_Detalhado'!$E$50:$I$124,MATCH(1,('Reunião 30jan'!D31='3. Plano_Detalhado'!$E$50:$E$124)*('3. Plano_Detalhado'!$F$50:$F$124='Reunião 30jan'!E31),0),5)))} -> Y | H31: A aguardar resposta da Corporação relativamente à desagregação do BA. Passou a ser na ótica YTD.
B32: GD | C32: Exclusivo GD | D32: lt002_instrument | E32: GRSS_CMMSSN_INCM_CCRR | F32: 2. Em Especificação/Re-especificação | G32: {=IF(INDEX('3. Plano_Detalhado'!$E$50:$I$124,MATCH(1,('Reunião 30jan'!D32='3. Plano_Detalhado'!$E$50:$E$124)*('3. Plano_Detalhado'!$F$50:$F$124='Reunião 30jan'!E32),0),5)="Alterar especificação","Y",IF(INDEX('3. Plano_Detalhado'!$E$50:$I$124,MATCH(1,('Reunião 30jan'!D32='3. Plano_Detalhado'!$E$50:$E$124)*('3. Plano_Detalhado'!$F$50:$F$124='Reunião 30jan'!E32),0),5)="Não alterar especificação","N",INDEX('3. Plano_Detalhado'!$E$50:$I$124,MATCH(1,('Reunião 30jan'!D32='3. Plano_Detalhado'!$E$50:$E$124)*('3. Plano_Detalhado'!$F$50:$F$124='Reunião 30jan'!E32),0),5)))} -> Y | H32: A aguardar resposta da Corporação relativamente à desagregação do BA. Passou a ser na ótica YTD.
B33: GD | C33: Exclusivo GD | D33: lt002_instrument | E33: GRSS_CMMSSN_EXPNS_CCRR | F33: 2. Em Especificação/Re-especificação | G33: {=IF(INDEX('3. Plano_Detalhado'!$E$50:$I$124,MATCH(1,('Reunião 30jan'!D33='3. Plano_Detalhado'!$E$50:$E$124)*('3. Plano_Detalhado'!$F$50:$F$124='Reunião 30jan'!E33),0),5)="Alterar especificação","Y",IF(INDEX('3. Plano_Detalhado'!$E$50:$I$124,MATCH(1,('Reunião 30jan'!D33='3. Plano_Detalhado'!$E$50:$E$124)*('3. Plano_Detalhado'!$F$50:$F$124='Reunião 30jan'!E33),0),5)="Não alterar especificação","N",INDEX('3. Plano_Detalhado'!$E$50:$I$124,MATCH(1,('Reunião 30jan'!D33='3. Plano_Detalhado'!$E$50:$E$124)*('3. Plano_Detalhado'!$F$50:$F$124='Reunião 30jan'!E33),0),5)))} -> Y | H33: A aguardar resposta da Corporação relativamente à desagregação do BA. Passou a ser na ótica YTD.
B34: GD | C34: Exclusivo GD | D34: lt002_instrument | E34: GNS_FNNCL_TRNSCTN_EXCHNG_CCRR | F34: 2. Em Especificação/Re-especificação | G34: {=IF(INDEX('3. Plano_Detalhado'!$E$50:$I$124,MATCH(1,('Reunião 30jan'!D34='3. Plano_Detalhado'!$E$50:$E$124)*('3. Plano_Detalhado'!$F$50:$F$124='Reunião 30jan'!E34),0),5)="Alterar especificação","Y",IF(INDEX('3. Plano_Detalhado'!$E$50:$I$124,MATCH(1,('Reunião 30jan'!D34='3. Plano_Detalhado'!$E$50:$E$124)*('3. Plano_Detalhado'!$F$50:$F$124='Reunião 30jan'!E34),0),5)="Não alterar especificação","N",INDEX('3. Plano_Detalhado'!$E$50:$I$124,MATCH(1,('Reunião 30jan'!D34='3. Plano_Detalhado'!$E$50:$E$124)*('3. Plano_Detalhado'!$F$50:$F$124='Reunião 30jan'!E34),0),5)))} -> Y | H34: A aguardar resposta da Corporação relativamente à desagregação do BA. Passou a ser na ótica YTD.
B35: GD | C35: Exclusivo GD | D35: lt002_instrument | E35: BSNSS_AREA_CCRR | F35: 2. Em Especificação/Re-especificação | G35: {=IF(INDEX('3. Plano_Detalhado'!$E$50:$I$124,MATCH(1,('Reunião 30jan'!D35='3. Plano_Detalhado'!$E$50:$E$124)*('3. Plano_Detalhado'!$F$50:$F$124='Reunião 30jan'!E35),0),5)="Alterar especificação","Y",IF(INDEX('3. Plano_Detalhado'!$E$50:$I$124,MATCH(1,('Reunião 30jan'!D35='3. Plano_Detalhado'!$E$50:$E$124)*('3. Plano_Detalhado'!$F$50:$F$124='Reunião 30jan'!E35),0),5)="Não alterar especificação","N",INDEX('3. Plano_Detalhado'!$E$50:$I$124,MATCH(1,('Reunião 30jan'!D35='3. Plano_Detalhado'!$E$50:$E$124)*('3. Plano_Detalhado'!$F$50:$F$124='Reunião 30jan'!E35),0),5)))} -> Y | H35: A aguardar resposta da Corporação relativamente à desagregação do BA.
B36: GD | C36: Exclusivo GD | D36: lt002_instrument | E36: GRSS_CMMSSN_INCM_OFF_BLNC_CCRR | F36: 2. Em Especificação/Re-especificação | G36: {=IF(INDEX('3. Plano_Detalhado'!$E$50:$I$124,MATCH(1,('Reunião 30jan'!D36='3. Plano_Detalhado'!$E$50:$E$124)*('3. Plano_Detalhado'!$F$50:$F$124='Reunião 30jan'!E36),0),5)="Alterar especificação","Y",IF(INDEX('3. Plano_Detalhado'!$E$50:$I$124,MATCH(1,('Reunião 30jan'!D36='3. Plano_Detalhado'!$E$50:$E$124)*('3. Plano_Detalhado'!$F$50:$F$124='Reunião 30jan'!E36),0),5)="Não alterar especificação","N",INDEX('3. Plano_Detalhado'!$E$50:$I$124,MATCH(1,('Reunião 30jan'!D36='3. Plano_Detalhado'!$E$50:$E$124)*('3. Plano_Detalhado'!$F$50:$F$124='Reunião 30jan'!E36),0),5)))} -> Y | H36: A aguardar resposta da Corporação relativamente à desagregação do BA. Passou a ser na ótica YTD.
B37: GD | C37: Exclusivo GD | D37: lt002_instrument | E37: GRSS_CMMSSN_EXPNS_OFF_BLNC_CCRR | F37: 2. Em Especificação/Re-especificação | G37: {=IF(INDEX('3. Plano_Detalhado'!$E$50:$I$124,MATCH(1,('Reunião 30jan'!D37='3. Plano_Detalhado'!$E$50:$E$124)*('3. Plano_Detalhado'!$F$50:$F$124='Reunião 30jan'!E37),0),5)="Alterar especificação","Y",IF(INDEX('3. Plano_Detalhado'!$E$50:$I$124,MATCH(1,('Reunião 30jan'!D37='3. Plano_Detalhado'!$E$50:$E$124)*('3. Plano_Detalhado'!$F$50:$F$124='Reunião 30jan'!E37),0),5)="Não alterar especificação","N",INDEX('3. Plano_Detalhado'!$E$50:$I$124,MATCH(1,('Reunião 30jan'!D37='3. Plano_Detalhado'!$E$50:$E$124)*('3. Plano_Detalhado'!$F$50:$F$124='Reunião 30jan'!E37),0),5)))} -> Y | H37: A aguardar resposta da Corporação relativamente à desagregação do BA. Passou a ser na ótica YTD.
B38: GD | C38: Estrutural | D38: lt002_instrument | E38: CCF | F38: 1. Concluído | G38: {=IF(INDEX('3. Plano_Detalhado'!$E$50:$I$124,MATCH(1,('Reunião 30jan'!D38='3. Plano_Detalhado'!$E$50:$E$124)*('3. Plano_Detalhado'!$F$50:$F$124='Reunião 30jan'!E38),0),5)="Alterar especificação","Y",IF(INDEX('3. Plano_Detalhado'!$E$50:$I$124,MATCH(1,('Reunião 30jan'!D38='3. Plano_Detalhado'!$E$50:$E$124)*('3. Plano_Detalhado'!$F$50:$F$124='Reunião 30jan'!E38),0),5)="Não alterar especificação","N",INDEX('3. Plano_Detalhado'!$E$50:$I$124,MATCH(1,('Reunião 30jan'!D38='3. Plano_Detalhado'!$E$50:$E$124)*('3. Plano_Detalhado'!$F$50:$F$124='Reunião 30jan'!E38),0),5)))} -> N
B39: GD | C39: LF | D39: lt002_instrument | E39: EAD | G39: {=IF(INDEX('3. Plano_Detalhado'!$E$50:$I$124,MATCH(1,('Reunião 30jan'!D39='3. Plano_Detalhado'!$E$50:$E$124)*('3. Plano_Detalhado'!$F$50:$F$124='Reunião 30jan'!E39),0),5)="Alterar especificação","Y",IF(INDEX('3. Plano_Detalhado'!$E$50:$I$124,MATCH(1,('Reunião 30jan'!D39='3. Plano_Detalhado'!$E$50:$E$124)*('3. Plano_Detalhado'!$F$50:$F$124='Reunião 30jan'!E39),0),5)="Não alterar especificação","N",INDEX('3. Plano_Detalhado'!$E$50:$I$124,MATCH(1,('Reunião 30jan'!D39='3. Plano_Detalhado'!$E$50:$E$124)*('3. Plano_Detalhado'!$F$50:$F$124='Reunião 30jan'!E39),0),5)))} -> N | H39: Encontra-se como âmbito LF, devemos esperar pela implementação ou especificamos nós? Quando estava do lado de PM o status era "Em testes - Re-especificação". | I39: Data provisórias LF: Sprint 3 | 5 maio até 23 junho
B40: GD | C40: LF | D40: lt002_instrument | E40: TYP_OFF_BLNC_PRDCT | G40: {=IF(INDEX('3. Plano_Detalhado'!$E$50:$I$124,MATCH(1,('Reunião 30jan'!D40='3. Plano_Detalhado'!$E$50:$E$124)*('3. Plano_Detalhado'!$F$50:$F$124='Reunião 30jan'!E40),0),5)="Alterar especificação","Y",IF(INDEX('3. Plano_Detalhado'!$E$50:$I$124,MATCH(1,('Reunião 30jan'!D40='3. Plano_Detalhado'!$E$50:$E$124)*('3. Plano_Detalhado'!$F$50:$F$124='Reunião 30jan'!E40),0),5)="Não alterar especificação","N",INDEX('3. Plano_Detalhado'!$E$50:$I$124,MATCH(1,('Reunião 30jan'!D40='3. Plano_Detalhado'!$E$50:$E$124)*('3. Plano_Detalhado'!$F$50:$F$124='Reunião 30jan'!E40),0),5)))} -> N | H40: Encontra-se como âmbito LF, devemos esperar pela implementação ou especificamos nós? Quando estava do lado de PM o status era "Especificação". | I40: Datas provisórias LF: Sprint 1 | Termina 10 março
B41: GD | C41: Estrutural | D41: lt002_instrument | E41: COD_SOC | F41: 1. Concluído | G41: {=IF(INDEX('3. Plano_Detalhado'!$E$50:$I$124,MATCH(1,('Reunião 30jan'!D41='3. Plano_Detalhado'!$E$50:$E$124)*('3. Plano_Detalhado'!$F$50:$F$124='Reunião 30jan'!E41),0),5)="Alterar especificação","Y",IF(INDEX('3. Plano_Detalhado'!$E$50:$I$124,MATCH(1,('Reunião 30jan'!D41='3. Plano_Detalhado'!$E$50:$E$124)*('3. Plano_Detalhado'!$F$50:$F$124='Reunião 30jan'!E41),0),5)="Não alterar especificação","N",INDEX('3. Plano_Detalhado'!$E$50:$I$124,MATCH(1,('Reunião 30jan'!D41='3. Plano_Detalhado'!$E$50:$E$124)*('3. Plano_Detalhado'!$F$50:$F$124='Reunião 30jan'!E41),0),5)))} -> N
B42: GD | C42: Estrutural | D42: lt002_instrument | E42: SUBPORTFOLIO_ID | F42: 1. Concluído | G42: {=IF(INDEX('3. Plano_Detalhado'!$E$50:$I$124,MATCH(1,('Reunião 30jan'!D42='3. Plano_Detalhado'!$E$50:$E$124)*('3. Plano_Detalhado'!$F$50:$F$124='Reunião 30jan'!E42),0),5)="Alterar especificação","Y",IF(INDEX('3. Plano_Detalhado'!$E$50:$I$124,MATCH(1,('Reunião 30jan'!D42='3. Plano_Detalhado'!$E$50:$E$124)*('3. Plano_Detalhado'!$F$50:$F$124='Reunião 30jan'!E42),0),5)="Não alterar especificação","N",INDEX('3. Plano_Detalhado'!$E$50:$I$124,MATCH(1,('Reunião 30jan'!D42='3. Plano_Detalhado'!$E$50:$E$124)*('3. Plano_Detalhado'!$F$50:$F$124='Reunião 30jan'!E42),0),5)))} -> N
B43: GD | C43: Estrutural | D43: lt002_instrument | E43: DT_RFRNC | F43: 1. Concluído | G43: {=IF(INDEX('3. Plano_Detalhado'!$E$50:$I$124,MATCH(1,('Reunião 30jan'!D43='3. Plano_Detalhado'!$E$50:$E$124)*('3. Plano_Detalhado'!$F$50:$F$124='Reunião 30jan'!E43),0),5)="Alterar especificação","Y",IF(INDEX('3. Plano_Detalhado'!$E$50:$I$124,MATCH(1,('Reunião 30jan'!D43='3. Plano_Detalhado'!$E$50:$E$124)*('3. Plano_Detalhado'!$F$50:$F$124='Reunião 30jan'!E43),0),5)="Não alterar especificação","N",INDEX('3. Plano_Detalhado'!$E$50:$I$124,MATCH(1,('Reunião 30jan'!D43='3. Plano_Detalhado'!$E$50:$E$124)*('3. Plano_Detalhado'!$F$50:$F$124='Reunião 30jan'!E43),0),5)))} -> N
B44: GD | C44: LF | D44: lt002_instrument | E44: DFLT_STTS_INSTRMNT | G44: {=IF(INDEX('3. Plano_Detalhado'!$E$50:$I$124,MATCH(1,('Reunião 30jan'!D44='3. Plano_Detalhado'!$E$50:$E$124)*('3. Plano_Detalhado'!$F$50:$F$124='Reunião 30jan'!E44),0),5)="Alterar especificação","Y",IF(INDEX('3. Plano_Detalhado'!$E$50:$I$124,MATCH(1,('Reunião 30jan'!D44='3. Plano_Detalhado'!$E$50:$E$124)*('3. Plano_Detalhado'!$F$50:$F$124='Reunião 30jan'!E44),0),5)="Não alterar especificação","N",INDEX('3. Plano_Detalhado'!$E$50:$I$124,MATCH(1,('Reunião 30jan'!D44='3. Plano_Detalhado'!$E$50:$E$124)*('3. Plano_Detalhado'!$F$50:$F$124='Reunião 30jan'!E44),0),5)))} -> N | H44: Encontra-se como âmbito LF, devemos esperar pela implementação ou especificamos nós? Quando estava do lado de PM o status era "Alterar especificação". | I44: Datas provisórias LF: Sprint 2.2 | Final de março até 28 abril
B45: GD | C45: Estrutural | D45: lt002_instrument | E45: IMPRMNT_STTS | G45: {=IF(INDEX('3. Plano_Detalhado'!$E$50:$I$124,MATCH(1,('Reunião 30jan'!D45='3. Plano_Detalhado'!$E$50:$E$124)*('3. Plano_Detalhado'!$F$50:$F$124='Reunião 30jan'!E45),0),5)="Alterar especificação","Y",IF(INDEX('3. Plano_Detalhado'!$E$50:$I$124,MATCH(1,('Reunião 30jan'!D45='3. Plano_Detalhado'!$E$50:$E$124)*('3. Plano_Detalhado'!$F$50:$F$124='Reunião 30jan'!E45),0),5)="Não alterar especificação","N",INDEX('3. Plano_Detalhado'!$E$50:$I$124,MATCH(1,('Reunião 30jan'!D45='3. Plano_Detalhado'!$E$50:$E$124)*('3. Plano_Detalhado'!$F$50:$F$124='Reunião 30jan'!E45),0),5)))} -> N | H45: Comum com PM e o status é "Em testes - Re-especificação". Na nossa especificação devemos dizer que o campo ainda não se encontra concluído, no entanto a especificação será igual a PM?
B46: GD | C46: Estrutural | D46: lt002_instrument | E46: PRFRMNG_STTS | G46: {=IF(INDEX('3. Plano_Detalhado'!$E$50:$I$124,MATCH(1,('Reunião 30jan'!D46='3. Plano_Detalhado'!$E$50:$E$124)*('3. Plano_Detalhado'!$F$50:$F$124='Reunião 30jan'!E46),0),5)="Alterar especificação","Y",IF(INDEX('3. Plano_Detalhado'!$E$50:$I$124,MATCH(1,('Reunião 30jan'!D46='3. Plano_Detalhado'!$E$50:$E$124)*('3. Plano_Detalhado'!$F$50:$F$124='Reunião 30jan'!E46),0),5)="Não alterar especificação","N",INDEX('3. Plano_Detalhado'!$E$50:$I$124,MATCH(1,('Reunião 30jan'!D46='3. Plano_Detalhado'!$E$50:$E$124)*('3. Plano_Detalhado'!$F$50:$F$124='Reunião 30jan'!E46),0),5)))} -> N | H46: Comum com PM e o status é "Em testes - Re-especificação". Na nossa especificação devemos dizer que o campo ainda não se encontra concluído, no entanto a especificação será igual a PM?
B47: GD | C47: Estrutural | D47: lt002_instrument | E47: TYP_INSTRMNT | F47: 1. Concluído | G47: {=IF(INDEX('3. Plano_Detalhado'!$E$50:$I$124,MATCH(1,('Reunião 30jan'!D47='3. Plano_Detalhado'!$E$50:$E$124)*('3. Plano_Detalhado'!$F$50:$F$124='Reunião 30jan'!E47),0),5)="Alterar especificação","Y",IF(INDEX('3. Plano_Detalhado'!$E$50:$I$124,MATCH(1,('Reunião 30jan'!D47='3. Plano_Detalhado'!$E$50:$E$124)*('3. Plano_Detalhado'!$F$50:$F$124='Reunião 30jan'!E47),0),5)="Não alterar especificação","N",INDEX('3. Plano_Detalhado'!$E$50:$I$124,MATCH(1,('Reunião 30jan'!D47='3. Plano_Detalhado'!$E$50:$E$124)*('3. Plano_Detalhado'!$F$50:$F$124='Reunião 30jan'!E47),0),5)))} -> Y
B48: GD | C48: Estrutural | D48: lt002_instrument | E48: GRSS_CRRYNG_AMNT_INSTRMNT | F48: 1. Concluído | G48: {=IF(INDEX('3. Plano_Detalhado'!$E$50:$I$124,MATCH(1,('Reunião 30jan'!D48='3. Plano_Detalhado'!$E$50:$E$124)*('3. Plano_Detalhado'!$F$50:$F$124='Reunião 30jan'!E48),0),5)="Alterar especificação","Y",IF(INDEX('3. Plano_Detalhado'!$E$50:$I$124,MATCH(1,('Reunião 30jan'!D48='3. Plano_Detalhado'!$E$50:$E$124)*('3. Plano_Detalhado'!$F$50:$F$124='Reunião 30jan'!E48),0),5)="Não alterar especificação","N",INDEX('3. Plano_Detalhado'!$E$50:$I$124,MATCH(1,('Reunião 30jan'!D48='3. Plano_Detalhado'!$E$50:$E$124)*('3. Plano_Detalhado'!$F$50:$F$124='Reunião 30jan'!E48),0),5)))} -> N
B49: GD | C49: Estrutural | D49: lt002_instrument | E49: ACCMLTD_CHNGS_FV_CR_INSTRMNT | F49: 1. Concluído | G49: {=IF(INDEX('3. Plano_Detalhado'!$E$50:$I$124,MATCH(1,('Reunião 30jan'!D49='3. Plano_Detalhado'!$E$50:$E$124)*('3. Plano_Detalhado'!$F$50:$F$124='Reunião 30jan'!E49),0),5)="Alterar especificação","Y",IF(INDEX('3. Plano_Detalhado'!$E$50:$I$124,MATCH(1,('Reunião 30jan'!D49='3. Plano_Detalhado'!$E$50:$E$124)*('3. Plano_Detalhado'!$F$50:$F$124='Reunião 30jan'!E49),0),5)="Não alterar especificação","N",INDEX('3. Plano_Detalhado'!$E$50:$I$124,MATCH(1,('Reunião 30jan'!D49='3. Plano_Detalhado'!$E$50:$E$124)*('3. Plano_Detalhado'!$F$50:$F$124='Reunião 30jan'!E49),0),5)))} -> N
B50: GD | C50: Estrutural | D50: lt002_instrument | E50: ACCNTNG_CLSSFCTN | F50: 1. Concluído | G50: {=IF(INDEX('3. Plano_Detalhado'!$E$50:$I$124,MATCH(1,('Reunião 30jan'!D50='3. Plano_Detalhado'!$E$50:$E$124)*('3. Plano_Detalhado'!$F$50:$F$124='Reunião 30jan'!E50),0),5)="Alterar especificação","Y",IF(INDEX('3. Plano_Detalhado'!$E$50:$I$124,MATCH(1,('Reunião 30jan'!D50='3. Plano_Detalhado'!$E$50:$E$124)*('3. Plano_Detalhado'!$F$50:$F$124='Reunião 30jan'!E50),0),5)="Não alterar especificação","N",INDEX('3. Plano_Detalhado'!$E$50:$I$124,MATCH(1,('Reunião 30jan'!D50='3. Plano_Detalhado'!$E$50:$E$124)*('3. Plano_Detalhado'!$F$50:$F$124='Reunião 30jan'!E50),0),5)))} -> Y
B51: GD | C51: LF | D51: lt002_instrument | E51: OFF_BLNC_SHT_AMNT_INSTRMNT | G51: {=IF(INDEX('3. Plano_Detalhado'!$E$50:$I$124,MATCH(1,('Reunião 30jan'!D51='3. Plano_Detalhado'!$E$50:$E$124)*('3. Plano_Detalhado'!$F$50:$F$124='Reunião 30jan'!E51),0),5)="Alterar especificação","Y",IF(INDEX('3. Plano_Detalhado'!$E$50:$I$124,MATCH(1,('Reunião 30jan'!D51='3. Plano_Detalhado'!$E$50:$E$124)*('3. Plano_Detalhado'!$F$50:$F$124='Reunião 30jan'!E51),0),5)="Não alterar especificação","N",INDEX('3. Plano_Detalhado'!$E$50:$I$124,MATCH(1,('Reunião 30jan'!D51='3. Plano_Detalhado'!$E$50:$E$124)*('3. Plano_Detalhado'!$F$50:$F$124='Reunião 30jan'!E51),0),5)))} -> N | H51: Encontra-se como âmbito LF, no entanto quando era do âmbito PM o status era "Analisar controlos e completude", podemos dar como concluido? | I51: Datas provisórias LF: Sprint 4 | 17 fevereiro até 24 março
B52: GD | C52: Estrutural | D52: lt002_instrument | E52: PRVSNS_OFF_BLNC_SHT | F52: 1. Concluído | G52: {=IF(INDEX('3. Plano_Detalhado'!$E$50:$I$124,MATCH(1,('Reunião 30jan'!D52='3. Plano_Detalhado'!$E$50:$E$124)*('3. Plano_Detalhado'!$F$50:$F$124='Reunião 30jan'!E52),0),5)="Alterar especificação","Y",IF(INDEX('3. Plano_Detalhado'!$E$50:$I$124,MATCH(1,('Reunião 30jan'!D52='3. Plano_Detalhado'!$E$50:$E$124)*('3. Plano_Detalhado'!$F$50:$F$124='Reunião 30jan'!E52),0),5)="Não alterar especificação","N",INDEX('3. Plano_Detalhado'!$E$50:$I$124,MATCH(1,('Reunião 30jan'!D52='3. Plano_Detalhado'!$E$50:$E$124)*('3. Plano_Detalhado'!$F$50:$F$124='Reunião 30jan'!E52),0),5)))} -> N
B53: GD | C53: LF | D53: lt002_instrument | E53: RWA | G53: {=IF(INDEX('3. Plano_Detalhado'!$E$50:$I$124,MATCH(1,('Reunião 30jan'!D53='3. Plano_Detalhado'!$E$50:$E$124)*('3. Plano_Detalhado'!$F$50:$F$124='Reunião 30jan'!E53),0),5)="Alterar especificação","Y",IF(INDEX('3. Plano_Detalhado'!$E$50:$I$124,MATCH(1,('Reunião 30jan'!D53='3. Plano_Detalhado'!$E$50:$E$124)*('3. Plano_Detalhado'!$F$50:$F$124='Reunião 30jan'!E53),0),5)="Não alterar especificação","N",INDEX('3. Plano_Detalhado'!$E$50:$I$124,MATCH(1,('Reunião 30jan'!D53='3. Plano_Detalhado'!$E$50:$E$124)*('3. Plano_Detalhado'!$F$50:$F$124='Reunião 30jan'!E53),0),5)))} -> N | H53: Encontra-se como âmbito LF, devemos esperar pela implementação ou especificamos nós? Quando estava do lado de PM o status era "Em testes - Re-especificação". | I53: Data provisórias LF: Sprint 3 | 5 maio até 23 junho
B54: GD | C54: Estrutural | D54: lt002_instrument | E54: ACCMLTD_IMPRMNT_INSTRMNT | F54: 1. Concluído | G54: {=IF(INDEX('3. Plano_Detalhado'!$E$50:$I$124,MATCH(1,('Reunião 30jan'!D54='3. Plano_Detalhado'!$E$50:$E$124)*('3. Plano_Detalhado'!$F$50:$F$124='Reunião 30jan'!E54),0),5)="Alterar especificação","Y",IF(INDEX('3. Plano_Detalhado'!$E$50:$I$124,MATCH(1,('Reunião 30jan'!D54='3. Plano_Detalhado'!$E$50:$E$124)*('3. Plano_Detalhado'!$F$50:$F$124='Reunião 30jan'!E54),0),5)="Não alterar especificação","N",INDEX('3. Plano_Detalhado'!$E$50:$I$124,MATCH(1,('Reunião 30jan'!D54='3. Plano_Detalhado'!$E$50:$E$124)*('3. Plano_Detalhado'!$F$50:$F$124='Reunião 30jan'!E54),0),5)))} -> N
B55: GD | C55: Estrutural | D55: lt002_instrument | E55: COD_SOC_INTRGRP | F55: 1. Concluído | G55: {=IF(INDEX('3. Plano_Detalhado'!$E$50:$I$124,MATCH(1,('Reunião 30jan'!D55='3. Plano_Detalhado'!$E$50:$E$124)*('3. Plano_Detalhado'!$F$50:$F$124='Reunião 30jan'!E55),0),5)="Alterar especificação","Y",IF(INDEX('3. Plano_Detalhado'!$E$50:$I$124,MATCH(1,('Reunião 30jan'!D55='3. Plano_Detalhado'!$E$50:$E$124)*('3. Plano_Detalhado'!$F$50:$F$124='Reunião 30jan'!E55),0),5)="Não alterar especificação","N",INDEX('3. Plano_Detalhado'!$E$50:$I$124,MATCH(1,('Reunião 30jan'!D55='3. Plano_Detalhado'!$E$50:$E$124)*('3. Plano_Detalhado'!$F$50:$F$124='Reunião 30jan'!E55),0),5)))} -> N | H55: Comum com PM e o status é "Em testes - Re-especificação". Na nossa especificação devemos dizer que o campo ainda não se encontra concluído, no entanto a especificação será igual a PM? 31/jan/25 - 30/set/24 não existiam inconsistências na máquina Corporativa
B56: GD | C56: Estrutural | D56: lt002_instrument | E56: LCL_INSTMRNT_ID | F56: 1. Concluído | G56: {=IF(INDEX('3. Plano_Detalhado'!$E$50:$I$124,MATCH(1,('Reunião 30jan'!D56='3. Plano_Detalhado'!$E$50:$E$124)*('3. Plano_Detalhado'!$F$50:$F$124='Reunião 30jan'!E56),0),5)="Alterar especificação","Y",IF(INDEX('3. Plano_Detalhado'!$E$50:$I$124,MATCH(1,('Reunião 30jan'!D56='3. Plano_Detalhado'!$E$50:$E$124)*('3. Plano_Detalhado'!$F$50:$F$124='Reunião 30jan'!E56),0),5)="Não alterar especificação","N",INDEX('3. Plano_Detalhado'!$E$50:$I$124,MATCH(1,('Reunião 30jan'!D56='3. Plano_Detalhado'!$E$50:$E$124)*('3. Plano_Detalhado'!$F$50:$F$124='Reunião 30jan'!E56),0),5)))} -> N | H56: Âmbito de PM com o seguinte status "Analisar controlos e completude". 31/jan/25 - A 30/set/24 não existiam inconsistências na máquina Corporativa.
B57: GD | C57: LF | D57: lt002_instrument | E57: IDCMB | G57: {=IF(INDEX('3. Plano_Detalhado'!$E$50:$I$124,MATCH(1,('Reunião 30jan'!D57='3. Plano_Detalhado'!$E$50:$E$124)*('3. Plano_Detalhado'!$F$50:$F$124='Reunião 30jan'!E57),0),5)="Alterar especificação","Y",IF(INDEX('3. Plano_Detalhado'!$E$50:$I$124,MATCH(1,('Reunião 30jan'!D57='3. Plano_Detalhado'!$E$50:$E$124)*('3. Plano_Detalhado'!$F$50:$F$124='Reunião 30jan'!E57),0),5)="Não alterar especificação","N",INDEX('3. Plano_Detalhado'!$E$50:$I$124,MATCH(1,('Reunião 30jan'!D57='3. Plano_Detalhado'!$E$50:$E$124)*('3. Plano_Detalhado'!$F$50:$F$124='Reunião 30jan'!E57),0),5)))} -> Y | H57: Encontra-se como âmbito LF, devemos esperar pela implementação ou especificamos nós? Quando estava do lado de PM o status era "Em testes - Re-especificação". | I57: Data provisórias LF: Sprint 3 | 5 maio até 23 junho
B58: GD | C58: Estrutural | D58: lt006_instr_protection | E58: COD_SOC | F58: 1. Concluído | G58: {=IF(INDEX('3. Plano_Detalhado'!$E$50:$I$124,MATCH(1,('Reunião 30jan'!D58='3. Plano_Detalhado'!$E$50:$E$124)*('3. Plano_Detalhado'!$F$50:$F$124='Reunião 30jan'!E58),0),5)="Alterar especificação","Y",IF(INDEX('3. Plano_Detalhado'!$E$50:$I$124,MATCH(1,('Reunião 30jan'!D58='3. Plano_Detalhado'!$E$50:$E$124)*('3. Plano_Detalhado'!$F$50:$F$124='Reunião 30jan'!E58),0),5)="Não alterar especificação","N",INDEX('3. Plano_Detalhado'!$E$50:$I$124,MATCH(1,('Reunião 30jan'!D58='3. Plano_Detalhado'!$E$50:$E$124)*('3. Plano_Detalhado'!$F$50:$F$124='Reunião 30jan'!E58),0),5)))} -> N
B59: GD | C59: Estrutural | D59: lt006_instr_protection | E59: DT_RFRNC | F59: 1. Concluído | G59: {=IF(INDEX('3. Plano_Detalhado'!$E$50:$I$124,MATCH(1,('Reunião 30jan'!D59='3. Plano_Detalhado'!$E$50:$E$124)*('3. Plano_Detalhado'!$F$50:$F$124='Reunião 30jan'!E59),0),5)="Alterar especificação","Y",IF(INDEX('3. Plano_Detalhado'!$E$50:$I$124,MATCH(1,('Reunião 30jan'!D59='3. Plano_Detalhado'!$E$50:$E$124)*('3. Plano_Detalhado'!$F$50:$F$124='Reunião 30jan'!E59),0),5)="Não alterar especificação","N",INDEX('3. Plano_Detalhado'!$E$50:$I$124,MATCH(1,('Reunião 30jan'!D59='3. Plano_Detalhado'!$E$50:$E$124)*('3. Plano_Detalhado'!$F$50:$F$124='Reunião 30jan'!E59),0),5)))} -> N
B60: GD | C60: Estrutural | D60: lt006_instr_protection | E60: INSTRMNT_ID | F60: 1. Concluído | G60: {=IF(INDEX('3. Plano_Detalhado'!$E$50:$I$124,MATCH(1,('Reunião 30jan'!D60='3. Plano_Detalhado'!$E$50:$E$124)*('3. Plano_Detalhado'!$F$50:$F$124='Reunião 30jan'!E60),0),5)="Alterar especificação","Y",IF(INDEX('3. Plano_Detalhado'!$E$50:$I$124,MATCH(1,('Reunião 30jan'!D60='3. Plano_Detalhado'!$E$50:$E$124)*('3. Plano_Detalhado'!$F$50:$F$124='Reunião 30jan'!E60),0),5)="Não alterar especificação","N",INDEX('3. Plano_Detalhado'!$E$50:$I$124,MATCH(1,('Reunião 30jan'!D60='3. Plano_Detalhado'!$E$50:$E$124)*('3. Plano_Detalhado'!$F$50:$F$124='Reunião 30jan'!E60),0),5)))} -> N
B61: GD | C61: Estrutural | D61: lt006_instr_protection | E61: PRTCTN_ID | F61: 1. Concluído | G61: {=IF(INDEX('3. Plano_Detalhado'!$E$50:$I$124,MATCH(1,('Reunião 30jan'!D61='3. Plano_Detalhado'!$E$50:$E$124)*('3. Plano_Detalhado'!$F$50:$F$124='Reunião 30jan'!E61),0),5)="Alterar especificação","Y",IF(INDEX('3. Plano_Detalhado'!$E$50:$I$124,MATCH(1,('Reunião 30jan'!D61='3. Plano_Detalhado'!$E$50:$E$124)*('3. Plano_Detalhado'!$F$50:$F$124='Reunião 30jan'!E61),0),5)="Não alterar especificação","N",INDEX('3. Plano_Detalhado'!$E$50:$I$124,MATCH(1,('Reunião 30jan'!D61='3. Plano_Detalhado'!$E$50:$E$124)*('3. Plano_Detalhado'!$F$50:$F$124='Reunião 30jan'!E61),0),5)))} -> N
B62: GD | C62: Estrutural | D62: lt004_protection | E62: COD_SOC | F62: 1. Concluído | G62: {=IF(INDEX('3. Plano_Detalhado'!$E$50:$I$124,MATCH(1,('Reunião 30jan'!D62='3. Plano_Detalhado'!$E$50:$E$124)*('3. Plano_Detalhado'!$F$50:$F$124='Reunião 30jan'!E62),0),5)="Alterar especificação","Y",IF(INDEX('3. Plano_Detalhado'!$E$50:$I$124,MATCH(1,('Reunião 30jan'!D62='3. Plano_Detalhado'!$E$50:$E$124)*('3. Plano_Detalhado'!$F$50:$F$124='Reunião 30jan'!E62),0),5)="Não alterar especificação","N",INDEX('3. Plano_Detalhado'!$E$50:$I$124,MATCH(1,('Reunião 30jan'!D62='3. Plano_Detalhado'!$E$50:$E$124)*('3. Plano_Detalhado'!$F$50:$F$124='Reunião 30jan'!E62),0),5)))} -> N
B63: GD | C63: Estrutural | D63: lt004_protection | E63: DT_RFRNC | F63: 1. Concluído | G63: {=IF(INDEX('3. Plano_Detalhado'!$E$50:$I$124,MATCH(1,('Reunião 30jan'!D63='3. Plano_Detalhado'!$E$50:$E$124)*('3. Plano_Detalhado'!$F$50:$F$124='Reunião 30jan'!E63),0),5)="Alterar especificação","Y",IF(INDEX('3. Plano_Detalhado'!$E$50:$I$124,MATCH(1,('Reunião 30jan'!D63='3. Plano_Detalhado'!$E$50:$E$124)*('3. Plano_Detalhado'!$F$50:$F$124='Reunião 30jan'!E63),0),5)="Não alterar especificação","N",INDEX('3. Plano_Detalhado'!$E$50:$I$124,MATCH(1,('Reunião 30jan'!D63='3. Plano_Detalhado'!$E$50:$E$124)*('3. Plano_Detalhado'!$F$50:$F$124='Reunião 30jan'!E63),0),5)))} -> N
B64: GD | C64: Estrutural | D64: lt004_protection | E64: PRTCTN_ID | F64: 1. Concluído | G64: {=IF(INDEX('3. Plano_Detalhado'!$E$50:$I$124,MATCH(1,('Reunião 30jan'!D64='3. Plano_Detalhado'!$E$50:$E$124)*('3. Plano_Detalhado'!$F$50:$F$124='Reunião 30jan'!E64),0),5)="Alterar especificação","Y",IF(INDEX('3. Plano_Detalhado'!$E$50:$I$124,MATCH(1,('Reunião 30jan'!D64='3. Plano_Detalhado'!$E$50:$E$124)*('3. Plano_Detalhado'!$F$50:$F$124='Reunião 30jan'!E64),0),5)="Não alterar especificação","N",INDEX('3. Plano_Detalhado'!$E$50:$I$124,MATCH(1,('Reunião 30jan'!D64='3. Plano_Detalhado'!$E$50:$E$124)*('3. Plano_Detalhado'!$F$50:$F$124='Reunião 30jan'!E64),0),5)))} -> N
B65: GD | C65: Estrutural | D65: lt004_protection | E65: TYP_PRTCTN | F65: 1. Concluído | G65: {=IF(INDEX('3. Plano_Detalhado'!$E$50:$I$124,MATCH(1,('Reunião 30jan'!D65='3. Plano_Detalhado'!$E$50:$E$124)*('3. Plano_Detalhado'!$F$50:$F$124='Reunião 30jan'!E65),0),5)="Alterar especificação","Y",IF(INDEX('3. Plano_Detalhado'!$E$50:$I$124,MATCH(1,('Reunião 30jan'!D65='3. Plano_Detalhado'!$E$50:$E$124)*('3. Plano_Detalhado'!$F$50:$F$124='Reunião 30jan'!E65),0),5)="Não alterar especificação","N",INDEX('3. Plano_Detalhado'!$E$50:$I$124,MATCH(1,('Reunião 30jan'!D65='3. Plano_Detalhado'!$E$50:$E$124)*('3. Plano_Detalhado'!$F$50:$F$124='Reunião 30jan'!E65),0),5)))} -> N
B66: GD | C66: Estrutural | D66: lt004_protection | E66: PRTCTN_VL | F66: 1. Concluído | G66: {=IF(INDEX('3. Plano_Detalhado'!$E$50:$I$124,MATCH(1,('Reunião 30jan'!D66='3. Plano_Detalhado'!$E$50:$E$124)*('3. Plano_Detalhado'!$F$50:$F$124='Reunião 30jan'!E66),0),5)="Alterar especificação","Y",IF(INDEX('3. Plano_Detalhado'!$E$50:$I$124,MATCH(1,('Reunião 30jan'!D66='3. Plano_Detalhado'!$E$50:$E$124)*('3. Plano_Detalhado'!$F$50:$F$124='Reunião 30jan'!E66),0),5)="Não alterar especificação","N",INDEX('3. Plano_Detalhado'!$E$50:$I$124,MATCH(1,('Reunião 30jan'!D66='3. Plano_Detalhado'!$E$50:$E$124)*('3. Plano_Detalhado'!$F$50:$F$124='Reunião 30jan'!E66),0),5)))} -> N | H66: Comum com PM e o status é "Em testes - Incidência". Existem garantias com valor a 0. 31/jan/25 - A 30/nov/24 já não existem garantias com valor 0. Assim, o campo encontra-se concluido.
B67: GD | C67: Novo Campo - Comum Pilar 3 | D67: lt004_protection | E67: TYP_VHCL | F67: 5. Por Iniciar | G67: {=IF(INDEX('3. Plano_Detalhado'!$E$50:$I$124,MATCH(1,('Reunião 30jan'!D67='3. Plano_Detalhado'!$E$50:$E$124)*('3. Plano_Detalhado'!$F$50:$F$124='Reunião 30jan'!E67),0),5)="Alterar especificação","Y",IF(INDEX('3. Plano_Detalhado'!$E$50:$I$124,MATCH(1,('Reunião 30jan'!D67='3. Plano_Detalhado'!$E$50:$E$124)*('3. Plano_Detalhado'!$F$50:$F$124='Reunião 30jan'!E67),0),5)="Não alterar especificação","N",INDEX('3. Plano_Detalhado'!$E$50:$I$124,MATCH(1,('Reunião 30jan'!D67='3. Plano_Detalhado'!$E$50:$E$124)*('3. Plano_Detalhado'!$F$50:$F$124='Reunião 30jan'!E67),0),5)))} -> N/A
B68: GD | C68: Novo Campo - Exclusivo GD | D68: lt004_protection | E68: FLG_ELCTRC_VHCL | F68: 5. Por Iniciar | G68: {=IF(INDEX('3. Plano_Detalhado'!$E$50:$I$124,MATCH(1,('Reunião 30jan'!D68='3. Plano_Detalhado'!$E$50:$E$124)*('3. Plano_Detalhado'!$F$50:$F$124='Reunião 30jan'!E68),0),5)="Alterar especificação","Y",IF(INDEX('3. Plano_Detalhado'!$E$50:$I$124,MATCH(1,('Reunião 30jan'!D68='3. Plano_Detalhado'!$E$50:$E$124)*('3. Plano_Detalhado'!$F$50:$F$124='Reunião 30jan'!E68),0),5)="Não alterar especificação","N",INDEX('3. Plano_Detalhado'!$E$50:$I$124,MATCH(1,('Reunião 30jan'!D68='3. Plano_Detalhado'!$E$50:$E$124)*('3. Plano_Detalhado'!$F$50:$F$124='Reunião 30jan'!E68),0),5)))} -> N | H68: A especificar pela equipa GD.
B69: GD | C69: Nova Tabela - Comum Pilar 3 | D69: lt007_instr_activity | E69: PRCNTG_ACTVTY | F69: 2. Em Especificação/Re-especificação | G69: {=IF(INDEX('3. Plano_Detalhado'!$E$50:$I$124,MATCH(1,('Reunião 30jan'!D69='3. Plano_Detalhado'!$E$50:$E$124)*('3. Plano_Detalhado'!$F$50:$F$124='Reunião 30jan'!E69),0),5)="Alterar especificação","Y",IF(INDEX('3. Plano_Detalhado'!$E$50:$I$124,MATCH(1,('Reunião 30jan'!D69='3. Plano_Detalhado'!$E$50:$E$124)*('3. Plano_Detalhado'!$F$50:$F$124='Reunião 30jan'!E69),0),5)="Não alterar especificação","N",INDEX('3. Plano_Detalhado'!$E$50:$I$124,MATCH(1,('Reunião 30jan'!D69='3. Plano_Detalhado'!$E$50:$E$124)*('3. Plano_Detalhado'!$F$50:$F$124='Reunião 30jan'!E69),0),5)))} -> N
B70: GD | C70: Exclusivo GD - Alteração Campo | D70: lt002_instrument | E70: CNCLLD_INSTRMNT_STTS | F70: 2. Em Especificação/Re-especificação | G70: {=IF(INDEX('3. Plano_Detalhado'!$E$50:$I$124,MATCH(1,('Reunião 30jan'!D70='3. Plano_Detalhado'!$E$50:$E$124)*('3. Plano_Detalhado'!$F$50:$F$124='Reunião 30jan'!E70),0),5)="Alterar especificação","Y",IF(INDEX('3. Plano_Detalhado'!$E$50:$I$124,MATCH(1,('Reunião 30jan'!D70='3. Plano_Detalhado'!$E$50:$E$124)*('3. Plano_Detalhado'!$F$50:$F$124='Reunião 30jan'!E70),0),5)="Não alterar especificação","N",INDEX('3. Plano_Detalhado'!$E$50:$I$124,MATCH(1,('Reunião 30jan'!D70='3. Plano_Detalhado'!$E$50:$E$124)*('3. Plano_Detalhado'!$F$50:$F$124='Reunião 30jan'!E70),0),5)))} -> Y | H70: Em análise por equipa GD.
B71: GD | C71: Nova Tabela - Comum Pilar 3 | D71: lt007_instr_activity | E71: SSTNBL_INDCTR | F71: 2. Em Especificação/Re-especificação | G71: {=IF(INDEX('3. Plano_Detalhado'!$E$50:$I$124,MATCH(1,('Reunião 30jan'!D71='3. Plano_Detalhado'!$E$50:$E$124)*('3. Plano_Detalhado'!$F$50:$F$124='Reunião 30jan'!E71),0),5)="Alterar especificação","Y",IF(INDEX('3. Plano_Detalhado'!$E$50:$I$124,MATCH(1,('Reunião 30jan'!D71='3. Plano_Detalhado'!$E$50:$E$124)*('3. Plano_Detalhado'!$F$50:$F$124='Reunião 30jan'!E71),0),5)="Não alterar especificação","N",INDEX('3. Plano_Detalhado'!$E$50:$I$124,MATCH(1,('Reunião 30jan'!D71='3. Plano_Detalhado'!$E$50:$E$124)*('3. Plano_Detalhado'!$F$50:$F$124='Reunião 30jan'!E71),0),5)))} -> N
B72: GD | C72: Nova Tabela - Comum Pilar 3 | D72: lt007_instr_activity | E72: SSTNBL_CTGRY | F72: 2. Em Especificação/Re-especificação | G72: {=IF(INDEX('3. Plano_Detalhado'!$E$50:$I$124,MATCH(1,('Reunião 30jan'!D72='3. Plano_Detalhado'!$E$50:$E$124)*('3. Plano_Detalhado'!$F$50:$F$124='Reunião 30jan'!E72),0),5)="Alterar especificação","Y",IF(INDEX('3. Plano_Detalhado'!$E$50:$I$124,MATCH(1,('Reunião 30jan'!D72='3. Plano_Detalhado'!$E$50:$E$124)*('3. Plano_Detalhado'!$F$50:$F$124='Reunião 30jan'!E72),0),5)="Não alterar especificação","N",INDEX('3. Plano_Detalhado'!$E$50:$I$124,MATCH(1,('Reunião 30jan'!D72='3. Plano_Detalhado'!$E$50:$E$124)*('3. Plano_Detalhado'!$F$50:$F$124='Reunião 30jan'!E72),0),5)))} -> N
B73: GD | C73: Estrutural | D73: lt002_instrument | E73: INSTRMNT_ID | F73: 1. Concluído | G73: {=IF(INDEX('3. Plano_Detalhado'!$E$50:$I$124,MATCH(1,('Reunião 30jan'!D73='3. Plano_Detalhado'!$E$50:$E$124)*('3. Plano_Detalhado'!$F$50:$F$124='Reunião 30jan'!E73),0),5)="Alterar especificação","Y",IF(INDEX('3. Plano_Detalhado'!$E$50:$I$124,MATCH(1,('Reunião 30jan'!D73='3. Plano_Detalhado'!$E$50:$E$124)*('3. Plano_Detalhado'!$F$50:$F$124='Reunião 30jan'!E73),0),5)="Não alterar especificação","N",INDEX('3. Plano_Detalhado'!$E$50:$I$124,MATCH(1,('Reunião 30jan'!D73='3. Plano_Detalhado'!$E$50:$E$124)*('3. Plano_Detalhado'!$F$50:$F$124='Reunião 30jan'!E73),0),5)))} -> N
B74: GD | C74: Novo Campo - Comum Pilar 3 | D74: lt006_instr_protection | E74: TYP_RLTN | F74: 2. Em Especificação/Re-especificação | G74: {=IF(INDEX('3. Plano_Detalhado'!$E$50:$I$124,MATCH(1,('Reunião 30jan'!D74='3. Plano_Detalhado'!$E$50:$E$124)*('3. Plano_Detalhado'!$F$50:$F$124='Reunião 30jan'!E74),0),5)="Alterar especificação","Y",IF(INDEX('3. Plano_Detalhado'!$E$50:$I$124,MATCH(1,('Reunião 30jan'!D74='3. Plano_Detalhado'!$E$50:$E$124)*('3. Plano_Detalhado'!$F$50:$F$124='Reunião 30jan'!E74),0),5)="Não alterar especificação","N",INDEX('3. Plano_Detalhado'!$E$50:$I$124,MATCH(1,('Reunião 30jan'!D74='3. Plano_Detalhado'!$E$50:$E$124)*('3. Plano_Detalhado'!$F$50:$F$124='Reunião 30jan'!E74),0),5)))} -> N
A75: Pilar 3: data prevista de entrega 4/fev | B75: GD | C75: Nova Tabela - Comum Pilar 3 | D75: lt007_instr_activity | E75: COD_SOC | F75: 2. Em Especificação/Re-especificação | G75: {=IF(INDEX('3. Plano_Detalhado'!$E$50:$I$124,MATCH(1,('Reunião 30jan'!D75='3. Plano_Detalhado'!$E$50:$E$124)*('3. Plano_Detalhado'!$F$50:$F$124='Reunião 30jan'!E75),0),5)="Alterar especificação","Y",IF(INDEX('3. Plano_Detalhado'!$E$50:$I$124,MATCH(1,('Reunião 30jan'!D75='3. Plano_Detalhado'!$E$50:$E$124)*('3. Plano_Detalhado'!$F$50:$F$124='Reunião 30jan'!E75),0),5)="Não alterar especificação","N",INDEX('3. Plano_Detalhado'!$E$50:$I$124,MATCH(1,('Reunião 30jan'!D75='3. Plano_Detalhado'!$E$50:$E$124)*('3. Plano_Detalhado'!$F$50:$F$124='Reunião 30jan'!E75),0),5)))} -> N
A76: Pilar 3: data prevista de entrega 4/fev | B76: GD | C76: Nova Tabela - Comum Pilar 3 | D76: lt007_instr_activity | E76: DT_RFRNC | F76: 2. Em Especificação/Re-especificação | G76: {=IF(INDEX('3. Plano_Detalhado'!$E$50:$I$124,MATCH(1,('Reunião 30jan'!D76='3. Plano_Detalhado'!$E$50:$E$124)*('3. Plano_Detalhado'!$F$50:$F$124='Reunião 30jan'!E76),0),5)="Alterar especificação","Y",IF(INDEX('3. Plano_Detalhado'!$E$50:$I$124,MATCH(1,('Reunião 30jan'!D76='3. Plano_Detalhado'!$E$50:$E$124)*('3. Plano_Detalhado'!$F$50:$F$124='Reunião 30jan'!E76),0),5)="Não alterar especificação","N",INDEX('3. Plano_Detalhado'!$E$50:$I$124,MATCH(1,('Reunião 30jan'!D76='3. Plano_Detalhado'!$E$50:$E$124)*('3. Plano_Detalhado'!$F$50:$F$124='Reunião 30jan'!E76),0),5)))} -> N
A77: Pilar 3: data prevista de entrega 4/fev | B77: GD | C77: Nova Tabela - Comum Pilar 3 | D77: lt007_instr_activity | E77: INSTRMNT_ID | F77: 2. Em Especificação/Re-especificação | G77: {=IF(INDEX('3. Plano_Detalhado'!$E$50:$I$124,MATCH(1,('Reunião 30jan'!D77='3. Plano_Detalhado'!$E$50:$E$124)*('3. Plano_Detalhado'!$F$50:$F$124='Reunião 30jan'!E77),0),5)="Alterar especificação","Y",IF(INDEX('3. Plano_Detalhado'!$E$50:$I$124,MATCH(1,('Reunião 30jan'!D77='3. Plano_Detalhado'!$E$50:$E$124)*('3. Plano_Detalhado'!$F$50:$F$124='Reunião 30jan'!E77),0),5)="Não alterar especificação","N",INDEX('3. Plano_Detalhado'!$E$50:$I$124,MATCH(1,('Reunião 30jan'!D77='3. Plano_Detalhado'!$E$50:$E$124)*('3. Plano_Detalhado'!$F$50:$F$124='Reunião 30jan'!E77),0),5)))} -> N

Sheet Análise
D2: Alteração da Especificação GR
B3: Tabela | C3: Campo | D3: Word | E3: Excel | F3: Observações | G3: Status | H3: Validação Final
B4: lt002_instrument | C4: AVRG_BLNC | D4: Y | E4: N | F4: Visão: acumulado durante o ano | G4: Concluido | H4: Alterar
B5: lt002_instrument | C5: NW_BSNSS | D5: N | E5: N | H5: OK
B6: lt002_instrument | C6: GRSS_INTRST_INCM | D6: Y | E6: N | F6: Visual: acumulado durante o ano | G6: Concluido | H6: Alterar de modo a ficar apenas acumulado do ano
B7: lt002_instrument | C7: GRSS_CMMSSN_INCM | D7: Y | E7: N | F7: Visual: acumulado durante o ano | G7: Concluido | H7: Alterar de modo a ficar apenas acumulado do ano
B8: lt002_instrument | C8: INTRNL_TRNSFR_RT | D8: N | E8: N | G8: Concluido | H8: OK
B9: lt002_instrument | C9: NT_LN_LSS_PRVSN | D9: Y | E9: N | F9: Anual e não mensal | G9: Concluido | H9: Alterar de modo a ficar apenas acumulado do ano
B10: lt002_instrument | C10: BSNSS_AREA | D10: Y | E10: Y | F10: Code List | H10: OK
B11: lt002_instrument | C11: MNGMNT_PRDCT | D11: N | E11: N | G11: Concluido | H11: OK
B12: lt002_instrument | C12: GRSS_CMMSSN_EXPNS | D12: Y | E12: N | F12: Anual e não mensal | G12: Concluido | H12: Alterar de modo a ficar apenas acumulado do ano
B13: lt002_instrument | C13: GNS_FNNCL_TRNSCTN_EXCHNG_DFFRNCS | D13: Y | E13: N | F13: Anual e não mensal | G13: Concluido | H13: Alterar de modo a ficar apenas acumulado do ano
B14: lt002_instrument | C14: FLG_INTRBSNSS | D14: N | E14: N | G14: Concluido | H14: OK
B15: lt002_instrument | C15: INTRBSNSS_ADJ_COD | D15: N | E15: N | G15: Concluido | H15: OK
B16: lt002_instrument | C16: COD_SOC_DSTNTN | D16: N | E16: N | G16: Concluido | H16: OK
B17: lt002_instrument | C17: BSNSS_AREA_DSTNTN | D17: Y | E17: Y | F17: Code List | G17: Concluido | H17: OK
B18: lt002_instrument | C18: AVRG_BLNC_OFF_BLNC | D18: Y | E18: N | F18: Visual: acumulado durante o ano | G18: Concluido | H18: Alterar
B19: lt002_instrument | C19: INTRNL_TRNSFR_RT_OFF_BLNC | D19: N | E19: N | G19: Concluido | H19: OK
B20: lt002_instrument | C20: GRSS_CMMSSN_INCM_OFF_BLNC | D20: Y | E20: N | F20: Anual e não mensal | G20: Concluido | H20: Alterar de modo a ficar apenas acumulado do ano
B21: lt002_instrument | C21: GRSS_CMMSSN_EXPNS_OFF_BLNC | D21: Y | E21: N | F21: Anual e não mensal | G21: Concluido | H21: Alterar de modo a ficar apenas acumulado do ano
B22: lt002_instrument | C22: RWA_OFF_BLNC | D22: N | E22: N | G22: Concluido | H22: OK
B23: lt002_instrument | C23: GRSS_INTRST_EXPNS | D23: Y | E23: N | F23: Anual e não mensal | G23: Concluido | H23: Alterar de modo a ficar apenas acumulado do ano
B24: lt002_instrument | C24: NT_LN_LSS_PRVSN_OFF_BLNC | D24: Y | E24: N | F24: Anual e não mensal | G24: Concluido | H24: Alterar de modo a ficar apenas acumulado do ano
B25: lt002_instrument | C25: GRSS_INTRST_INCM_CCRR | D25: Y | E25: N | F25: Anual e não mensal | H25: OK
B26: lt002_instrument | C26: GRSS_INTRST_EXPNS_CCRR | D26: Y | E26: N | F26: Anual e não mensal | H26: OK
B27: lt002_instrument | C27: GRSS_CMMSSN_INCM_CCRR | D27: Y | E27: N | F27: Anual e não mensal | H27: OK
B28: lt002_instrument | C28: GRSS_CMMSSN_EXPNS_CCRR | D28: Y | E28: N | F28: Anual e não mensal | H28: OK
B29: lt002_instrument | C29: GNS_FNNCL_TRNSCTN_EXCHNG_CCRR | D29: Y | E29: N | F29: Anual e não mensal | H29: OK
B30: lt002_instrument | C30: BSNSS_AREA_CCRR | D30: Y | E30: Y | F30: Code List | H30: OK
B31: lt002_instrument | C31: GRSS_CMMSSN_INCM_OFF_BLNC_CCRR | D31: Y | E31: N | F31: Anual e não mensal | H31: OK
B32: lt002_instrument | C32: GRSS_CMMSSN_EXPNS_OFF_BLNC_CCRR | D32: Y | E32: N | F32: Anual e não mensal | H32: OK
B33: lt002_instrument | C33: CCF | D33: N | E33: N | G33: Concluido | H33: OK
B34: lt002_instrument | C34: EAD | D34: N | E34: N | G34: Concluido | H34: OK
B35: lt002_instrument | C35: TYP_OFF_BLNC_PRDCT | D35: N | E35: N | G35: Concluido | H35: OK
B36: lt002_instrument | C36: COD_SOC | D36: N | E36: N | G36: Concluido | H36: OK
B37: lt002_instrument | C37: SUBPORTFOLIO_ID | E37: N | F37: Não encontro no word | G37: Concluido | H37: OK
B38: lt002_instrument | C38: DT_RFRNC | D38: N | E38: N | G38: Concluido | H38: OK
B39: lt002_instrument | C39: DFLT_STTS_INSTRMNT | D39: N | E39: N | G39: Concluido | H39: OK
B40: lt002_instrument | C40: IMPRMNT_STTS | D40: N | E40: N | G40: Concluido | H40: OK
B41: lt002_instrument | C41: PRFRMNG_STTS | D41: N | E41: N | G41: Concluido | H41: OK
B42: lt002_instrument | C42: TYP_INSTRMNT | D42: Y | E42: Y | F42: - Default Value. Alterado no doc final para enviar - Word | G42: Concluido | H42: ? Comum com ambito PM
B43: lt002_instrument | C43: GRSS_CRRYNG_AMNT_INSTRMNT | D43: N | E43: N | G43: Concluido | H43: ? Comum com ambito PM
B44: lt002_instrument | C44: ACCMLTD_CHNGS_FV_CR_INSTRMNT | D44: N | E44: N | G44: Concluido | H44: ? Comum com ambito PM
B45: lt002_instrument | C45: ACCNTNG_CLSSFCTN | D45: Y | E45: N | G45: Concluido | H45: ? Comum com ambito PM
B46: lt002_instrument | C46: OFF_BLNC_SHT_AMNT_INSTRMNT | D46: N | E46: N | G46: Concluido | H46: OK
B47: lt002_instrument | C47: PRVSNS_OFF_BLNC_SHT | D47: N | E47: N | G47: Concluido | H47: OK
B48: lt002_instrument | C48: RWA | D48: N | E48: N | G48: Concluido | H48: OK
B49: lt002_instrument | C49: ACCMLTD_IMPRMNT_INSTRMNT | D49: N | E49: N | G49: Concluido | H49: OK
B50: lt002_instrument | C50: COD_SOC_INTRGRP | D50: N | E50: N | G50: Concluido | H50: OK
B51: lt002_instrument | C51: LCL_INSTMRNT_ID | D51: N | E51: N | G51: Concluido | H51: OK
B52: lt002_instrument | C52: IDCMB | D52: Y | E52: N | G52: Concluido | H52: ? Comum com ambito PM
B53: lt006_instr_protection | C53: COD_SOC | D53: N | E53: N | G53: Concluido | H53: OK
B54: lt006_instr_protection | C54: DT_RFRNC | D54: N | E54: N | G54: Concluido | H54: OK
... B59: lt004_protection | C59: PRTCTN_ID | D59: N | E59: N | G59: Concluido | H59: OK
B60: lt004_protection | C60: TYP_PRTCTN | D60: N | E60: Y | F60: Excel - Alterado no doc. Final de envio | G60: Concluido | H60: ? Comum com ambito PM
B61: lt004_protection | C61: PRTCTN_VL | D61: N | E61: N | G61: Concluido | H61: OK
B62: lt004_protection | C62: TYP_VHCL | D62: N | E62: N | H62: OK
B63: lt004_protection | C63: FLG_ELCTRC_VHCL | D63: N | E63: N | H63: OK
B64: lt007_instr_activity | C64: PRCNTG_ACTVTY | D64: N | E64: N | H64: OK
B65: lt002_instrument | C65: CNCLLD_INSTRMNT_STTS | D65: Y | E65: Y | F65: Code List + Anual e não mensal | H65: OK
B66: lt007_instr_activity | C66: SSTNBL_INDCTR | D66: N | E66: N | H66: OK
B67: lt007_instr_activity | C67: SSTNBL_CTGRY | D67: N | E67: Y | H67: OK
B68: lt002_instrument | C68: INSTRMNT_ID | D68: N | E68: N | G68: Concluido | H68: OK
B69: lt006_instr_protection | C69: TYP_RLTN | D69: N | E69: N | H69: OK
B70: lt007_instr_activity | C70: COD_SOC | D70: N | E70: N | H70: OK
B71: lt007_instr_activity | C71: DT_RFRNC | D71: N | E71: N | H71: OK
B72: lt007_instr_activity | C72: INSTRMNT_ID | D72: N | E72: N | H72: OK

Sheet Macro_Plano_2025_v1
V6: 2 corresponde a 1 dia de trabalho
V7: 49 dias
N8: Janeiro | R8: Fevereiro | U8: Março
C9: ID | D9: Atividade | G9: Status | H9: # Campos | I9: Duração (semana) | J9: Duração (horas) | L9: 45660 | M9: =L9+7 -> 45667 | N9: =M9+7 -> 45674 | O9: =N9+7 -> 45681 | P9: =O9+7 -> 45688 | Q9: =P9+7 -> 45695 | R9: =Q9+7 -> 45702 | S9: =R9+7 -> 45709 | T9: =S9+7 -> 45716 | ... V9: =U9+7 -> 45730
C11: 0. | D11: Gestão Projeto | H11: n.a. | J11: =SUM(L11:V11)*8 -> 41.6 | L11: =0.1*2 -> 0.2 | M11: =0.1*5 -> 0.5 | N11: =0.1*5 -> 0.5 | O11: =0.1*5 -> 0.5 | P11: =0.1*5 -> 0.5 | Q11: =0.1*5 -> 0.5 | R11: =0.1*5 -> 0.5 | S11: =0.1*5 -> 0.5 | T11: =0.1*5 -> 0.5 | ... V11: =0.1*5 -> 0.5
C13: 1. | D13: Set-Up | H13: n.a. | J13: =SUM(L13:M13)*8 -> 32 | L13: 4
C15: 2. | D15: Assessment ao Green Dashboard (Especificação Atual) | H15: n.a. | J15: =SUM(L15:V15)*8 -> 64 | M15: 8
C17: 3. | D17: Testes regressivos aos campos concluidos do GD (âmbito projeto anterior) | H17: =COUNTA(E18:E40) -> 23 | I17: =SUM(I18:I40) -> #VALUE! | J17: =SUM(J18:J40) -> #VALUE! | M17: 2 | N17: =8.25 -> 8.25
B18: =D18&"_"&E18 -> INSTRUMENT_COD_SOC | C18: 3.1. | D18: INSTRUMENT | E18: COD_SOC | I18: =J18/8/5 -> #VALUE! | J18: =SUMIF([1]Aux!B:B,Macro_Plano_2025_v1!B18,[1]Aux!I:I)+SUMIF([1]Aux!B:B,Macro_Plano_2025_v1!B18,[1]Aux!O:O) -> #VALUE! | M18: =J18/8 -> #VALUE!
B19: =D19&"_"&E19 -> INSTRUMENT_SUBPORTFOLIO_ID | C19: 3.2. | D19: INSTRUMENT | E19: SUBPORTFOLIO_ID | I19: =J19/8/5 -> #VALUE! | J19: =SUMIF([1]Aux!B:B,Macro_Plano_2025_v1!B19,[1]Aux!I:I)+SUMIF([1]Aux!B:B,Macro_Plano_2025_v1!B19,[1]Aux!O:O) -> #VALUE! | M19: =J19/8 -> #VALUE!
B20: =D20&"_"&E20 -> INSTRUMENT_DT_RFRNC | C20: 3.3. | D20: INSTRUMENT | E20: DT_RFRNC | I20: =J20/8/5 -> #VALUE! | J20: =SUMIF([1]Aux!B:B,Macro_Plano_2025_v1!B20,[1]Aux!I:I)+SUMIF([1]Aux!B:B,Macro_Plano_2025_v1!B20,[1]Aux!O:O) -> #VALUE! | M20: =J20/8 -> #VALUE!
B21: =D21&"_"&E21 -> INSTRUMENT_DFLT_STTS_INSTRMNT | C21: 3.4. | D21: INSTRUMENT | E21: DFLT_STTS_INSTRMNT | I21: =J21/8/5 -> #VALUE! | J21: =SUMIF([1]Aux!B:B,Macro_Plano_2025_v1!B21,[1]Aux!I:I)+SUMIF([1]Aux!B:B,Macro_Plano_2025_v1!B21,[1]Aux!O:O) -> #VALUE! | M21: =J21/8 -> #VALUE!
B22: =D22&"_"&E22 -> INSTRUMENT_IMPRMNT_STTS | C22: 3.5. | D22: INSTRUMENT | E22: IMPRMNT_STTS | I22: =J22/8/5 -> #VALUE! | J22: =SUMIF([1]Aux!B:B,Macro_Plano_2025_v1!B22,[1]Aux!I:I)+SUMIF([1]Aux!B:B,Macro_Plano_2025_v1!B22,[1]Aux!O:O) -> #VALUE! | M22: =M17-SUM(M18:M21) -> #VALUE! | N22: =(J22/8)-M22 -> #VALUE!
B23: =D23&"_"&E23 -> INSTRUMENT_PRFRMNG_STTS | C23: 3.6. | D23: INSTRUMENT | E23: PRFRMNG_STTS | I23: =J23/8/5 -> #VALUE! | J23: =SUMIF([1]Aux!B:B,Macro_Plano_2025_v1!B23,[1]Aux!I:I)+SUMIF([1]Aux!B:B,Macro_Plano_2025_v1!B23,[1]Aux!O:O) -> #VALUE! | N23: =J23/8 -> #VALUE!
B24: =D24&"_"&E24 -> INSTRUMENT_TYP_INSTRMNT | C24: 3.7. | D24: INSTRUMENT | E24: TYP_INSTRMNT | I24: =J24/8/5 -> #VALUE! | J24: =SUMIF([1]Aux!B:B,Macro_Plano_2025_v1!B24,[1]Aux!I:I)+SUMIF([1]Aux!B:B,Macro_Plano_2025_v1!B24,[1]Aux!O:O) -> #VALUE! | N24: =J24/8 -> #VALUE!
B25: =D25&"_"&E25 -> INSTRUMENT_GRSS_CRRYNG_AMNT_INSTRMNT | C25: 3.8. | D25: INSTRUMENT | E25: GRSS_CRRYNG_AMNT_INSTRMNT | I25: =J25/8/5 -> #VALUE! | J25: =SUMIF([1]Aux!B:B,Macro_Plano_2025_v1!B25,[1]Aux!I:I)+SUMIF([1]Aux!B:B,Macro_Plano_2025_v1!B25,[1]Aux!O:O) -> #VALUE! | N25: =J25/8 -> #VALUE!
B26: =D26&"_"&E26 -> INSTRUMENT_ACCMLTD_CHNGS_FV_CR_INSTRMNT | C26: 3.9. | D26: INSTRUMENT | E26: ACCMLTD_CHNGS_FV_CR_INSTRMNT | I26: =J26/8/5 -> #VALUE! | J26: =SUMIF([1]Aux!B:B,Macro_Plano_2025_v1!B26,[1]Aux!I:I)+SUMIF([1]Aux!B:B,Macro_Plano_2025_v1!B26,[1]Aux!O:O) -> #VALUE! | N26: =J26/8 -> #VALUE!
B27: =D27&"_"&E27 -> INSTRUMENT_ACCNTNG_CLSSFCTN | C27: 3.10. | D27: INSTRUMENT | E27: ACCNTNG_CLSSFCTN | I27: =J27/8/5 -> #VALUE! | J27: =SUMIF([1]Aux!B:B,Macro_Plano_2025_v1!B27,[1]Aux!I:I)+SUMIF([1]Aux!B:B,Macro_Plano_2025_v1!B27,[1]Aux!O:O) -> #VALUE! | N27: =J27/8 -> #VALUE!
B28: =D28&"_"&E28 -> INSTRUMENT_OFF_BLNC_SHT_AMNT_INSTRMNT | C28: 3.11. | D28: INSTRUMENT | E28: OFF_BLNC_SHT_AMNT_INSTRMNT | I28: =J28/8/5 -> #VALUE! | J28: =SUMIF([1]Aux!B:B,Macro_Plano_2025_v1!B28,[1]Aux!I:I)+SUMIF([1]Aux!B:B,Macro_Plano_2025_v1!B28,[1]Aux!O:O) -> #VALUE! | N28: =J28/8 -> #VALUE!
B29: =D29&"_"&E29 -> INSTRUMENT_PRVSNS_OFF_BLNC_SHT | C29: 3.12. | D29: INSTRUMENT | E29: PRVSNS_OFF_BLNC_SHT | I29: =J29/8/5 -> #VALUE! | J29: =SUMIF([1]Aux!B:B,Macro_Plano_2025_v1!B29,[1]Aux!I:I)+SUMIF([1]Aux!B:B,Macro_Plano_2025_v1!B29,[1]Aux!O:O) -> #VALUE! | N29: =J29/8 -> #VALUE!
B30: =D30&"_"&E30 -> INSTRUMENT_RWA | C30: 3.13. | D30: INSTRUMENT | E30: RWA | I30: =J30/8/5 -> #VALUE! | J30: =SUMIF([1]Aux!B:B,Macro_Plano_2025_v1!B30,[1]Aux!I:I)+SUMIF([1]Aux!B:B,Macro_Plano_2025_v1!B30,[1]Aux!O:O) -> #VALUE! | N30: =J30/8 -> #VALUE!
B31: =D31&"_"&E31 -> INSTRUMENT_ACCMLTD_IMPRMNT_INSTRMNT | C31: 3.14. | D31: INSTRUMENT | E31: ACCMLTD_IMPRMNT_INSTRMNT | I31: =J31/8/5 -> #VALUE! | J31: =SUMIF([1]Aux!B:B,Macro_Plano_2025_v1!B31,[1]Aux!I:I)+SUMIF([1]Aux!B:B,Macro_Plano_2025_v1!B31,[1]Aux!O:O) -> #VALUE! | N31: =J31/8 -> #VALUE!
B32: =D32&"_"&E32 -> INSTRUMENT_COD_SOC_INTRGRP | C32: 3.15. | D32: INSTRUMENT | E32: COD_SOC_INTRGRP | I32: =J32/8/5 -> #VALUE! | J32: =SUMIF([1]Aux!B:B,Macro_Plano_2025_v1!B32,[1]Aux!I:I)+SUMIF([1]Aux!B:B,Macro_Plano_2025_v1!B32,[1]Aux!O:O) -> #VALUE! | N32: =J32/8 -> #VALUE!
B33: =D33&"_"&E33 -> INSTRUMENT_LCL_INSTMRNT_ID | C33: 3.16. | D33: INSTRUMENT | E33: LCL_INSTMRNT_ID | I33: =J33/8/5 -> #VALUE! | J33: =SUMIF([1]Aux!B:B,Macro_Plano_2025_v1!B33,[1]Aux!I:I)+SUMIF([1]Aux!B:B,Macro_Plano_2025_v1!B33,[1]Aux!O:O) -> #VALUE! | N33: =J33/8 -> #VALUE!
B34: =D34&"_"&E34 -> INSTRUMENT_FLG_INTRBSNSS | C34: 3.17. | D34: INSTRUMENT | E34: FLG_INTRBSNSS | I34: =J34/8/5 -> #VALUE! | J34: =SUMIF([1]Aux!B:B,Macro_Plano_2025_v1!B34,[1]Aux!I:I)+SUMIF([1]Aux!B:B,Macro_Plano_2025_v1!B34,[1]Aux!O:O) -> #VALUE! | N34: =J34/8 -> #VALUE!
... B40: =D40&"_"&E40 -> INSTRUMENT_RWA_OFF_BLNC | C40: 3.23. | D40: INSTRUMENT | E40: RWA_OFF_BLNC | I40: =J40/8/5 -> #VALUE! | J40: =SUMIF([1]Aux!B:B,Macro_Plano_2025_v1!B40,[1]Aux!I:I)+SUMIF([1]Aux!B:B,Macro_Plano_2025_v1!B40,[1]Aux!O:O) -> #VALUE! | N40: =J40/8 -> #VALUE!
C42: 4. | D42: Re-especificações e especificação de novos requisitos | H42: =COUNTA(E43:E56) -> 14 | I42: =+SUM(I43:I56) -> #VALUE! | J42: =SUM(J43:J56) -> #VALUE! | N42: 1.75 | O42: 0.125
B43: =D43&"_"&E43 -> INSTRUMENT_CCF | C43: 4.1. | D43: INSTRUMENT | E43: CCF | I43: =J43/8/5 -> #VALUE! | J43: =SUMIF([1]Aux!B:B,Macro_Plano_2025_v1!B43,[1]Aux!H:H) -> #VALUE! | N43: =J43/8 -> #VALUE!
B44: =D44&"_"&E44 -> INSTRUMENT_EAD | C44: 4.2. | D44: INSTRUMENT | E44: EAD | I44: =J44/8/5 -> #VALUE! | J44: =SUMIF([1]Aux!B:B,Macro_Plano_2025_v1!B44,[1]Aux!H:H) -> #VALUE! | N44: =J44/8 -> #VALUE!
B45: =D45&"_"&E45 -> INSTRUMENT_TYP_OFF_BLNC_PRDCT | C45: 4.3. | D45: INSTRUMENT | E45: TYP_OFF_BLNC_PRDCT | I45: =J45/8/5 -> #VALUE! | J45: =SUMIF([1]Aux!B:B,Macro_Plano_2025_v1!B45,[1]Aux!H:H) -> #VALUE! | N45: =J45/8 -> #VALUE!
B46: =D46&"_"&E46 -> INSTR_PROTECTION_COD_SOC | C46: 4.4. | D46: INSTR_PROTECTION | E46: COD_SOC | I46: =J46/8/5 -> #VALUE! | J46: =SUMIF([1]Aux!B:B,Macro_Plano_2025_v1!B46,[1]Aux!H:H) -> #VALUE! | N46: =J46/8 -> #VALUE!
B47: =D47&"_"&E47 -> INSTR_PROTECTION_DT_RFRNC | C47: 4.5. | D47: INSTR_PROTECTION | E47: DT_RFRNC | I47: =J47/8/5 -> #VALUE! | J47: =SUMIF([1]Aux!B:B,Macro_Plano_2025_v1!B47,[1]Aux!H:H) -> #VALUE! | N47: =J47/8 -> #VALUE!
B48: =D48&"_"&E48 -> INSTR_PROTECTION_INSTRMNT_ID | C48: 4.6. | D48: INSTR_PROTECTION | E48: INSTRMNT_ID | I48: =J48/8/5 -> #VALUE! | J48: =SUMIF([1]Aux!B:B,Macro_Plano_2025_v1!B48,[1]Aux!H:H) -> #VALUE! | N48: =J48/8 -> #VALUE!
B49: =D49&"_"&E49 -> INSTR_PROTECTION_PRTCTN_ID | C49: 4.7. | D49: INSTR_PROTECTION | E49: PRTCTN_ID | I49: =J49/8/5 -> #VALUE! | J49: =SUMIF([1]Aux!B:B,Macro_Plano_2025_v1!B49,[1]Aux!H:H) -> #VALUE! | N49: =J49/8 -> #VALUE!
B50: =D50&"_"&E50 -> PROTECTION_COD_SOC | C50: 4.8. | D50: PROTECTION | E50: COD_SOC | I50: =J50/8/5 -> #VALUE! | J50: =SUMIF([1]Aux!B:B,Macro_Plano_2025_v1!B50,[1]Aux!H:H) -> #VALUE! | N50: =J50/8 -> #VALUE!
B51: =D51&"_"&E51 -> PROTECTION_DT_RFRNC | C51: 4.9. | D51: PROTECTION | E51: DT_RFRNC | I51: =J51/8/5 -> #VALUE! | J51: =SUMIF([1]Aux!B:B,Macro_Plano_2025_v1!B51,[1]Aux!H:H) -> #VALUE! | N51: =J51/8 -> #VALUE!
B52: =D52&"_"&E52 -> PROTECTION_PRTCTN_ID | C52: 4.10 | D52: PROTECTION | E52: PRTCTN_ID | I52: =J52/8/5 -> #VALUE! | J52: =SUMIF([1]Aux!B:B,Macro_Plano_2025_v1!B52,[1]Aux!H:H) -> #VALUE! | N52: =J52/8 -> #VALUE!
B53: =D53&"_"&E53 -> PROTECTION_TYP_PRTCTN | C53: 4.11. | D53: PROTECTION | E53: TYP_PRTCTN | I53: =J53/8/5 -> #VALUE! | J53: =SUMIF([1]Aux!B:B,Macro_Plano_2025_v1!B53,[1]Aux!H:H) -> #VALUE! | N53: =J53/8 -> #VALUE!
B54: =D54&"_"&E54 -> PROTECTION_PRTCTN_VL | C54: 4.12. | D54: PROTECTION | E54: PRTCTN_VL | I54: =J54/8/5 -> #VALUE! | J54: =SUMIF([1]Aux!B:B,Macro_Plano_2025_v1!B54,[1]Aux!H:H) -> #VALUE! | N54: =J54/8 -> #VALUE!
B55: =D55&"_"&E55 -> PROTECTION_FLG_ELCTRC_VHCL | C55: 4.13. | D55: PROTECTION | E55: FLG_ELCTRC_VHCL | I55: =J55/8/5 -> #VALUE! | J55: =SUMIF([1]Aux!B:B,Macro_Plano_2025_v1!B55,[1]Aux!H:H) -> #VALUE! | N55: =J55/8 -> #VALUE!
B56: =D56&"_"&E56 -> INSTR_ACTIVITY_PRCNTG_ACTVTY | C56: 4.14. | D56: INSTR_ACTIVITY | E56: PRCNTG_ACTVTY | I56: =J56/8/5 -> #VALUE! | J56: =SUMIF([1]Aux!B:B,Macro_Plano_2025_v1!B56,[1]Aux!H:H) -> #VALUE! | O56: =J56/8 -> #VALUE!
C58: 5. | D58: Testes/Re-testes às métricas do GD | J58: =J59+J60+J106 -> #VALUE!
C59: 5.1. | E59: Testes ao Universo | H59: n.a. | J59: 40 | O59: 5
C60: 5.2. | E60: Simulação/ Testes aos Campos | H60: =COUNTA(E61:E105) -> 45 | J60: =SUM(J61:J105) -> #VALUE! | O60: 4.875 | P60: 10 | Q60: 10 | R60: 10 | S60: 10 | T60: 2.875
B61: =D61&"_"&E61 -> INSTRUMENT_INSTRMNT_ID | C61: 5.2.1 | D61: INSTRUMENT | E61: INSTRMNT_ID | J61: =SUMIF([1]Aux!B:B,Macro_Plano_2025_v1!B61,[1]Aux!I:I)+SUMIF([1]Aux!B:B,Macro_Plano_2025_v1!B61,[1]Aux!O:O) -> #VALUE! | O61: =J61/8 -> #VALUE!
B62: =D62&"_"&E62 -> INSTRUMENT_CCF | C62: 5.2.2. | D62: INSTRUMENT | E62: CCF | J62: =SUMIF([1]Aux!B:B,Macro_Plano_2025_v1!B62,[1]Aux!I:I)+SUMIF([1]Aux!B:B,Macro_Plano_2025_v1!B62,[1]Aux!O:O) -> #VALUE! | O62: =J62/8 -> #VALUE!
B63: =D63&"_"&E63 -> INSTRUMENT_EAD | C63: 5.2.3. | D63: INSTRUMENT | E63: EAD | J63: =SUMIF([1]Aux!B:B,Macro_Plano_2025_v1!B63,[1]Aux!I:I)+SUMIF([1]Aux!B:B,Macro_Plano_2025_v1!B63,[1]Aux!O:O) -> #VALUE! | O63: =J63/8 -> #VALUE!
B64: =D64&"_"&E64 -> INSTRUMENT_AVRG_BLNC | C64: 5.2.4. | D64: INSTRUMENT | E64: AVRG_BLNC | J64: =SUMIF([1]Aux!B:B,Macro_Plano_2025_v1!B64,[1]Aux!I:I)+SUMIF([1]Aux!B:B,Macro_Plano_2025_v1!B64,[1]Aux!O:O) -> #VALUE! | O64: =J64/8 -> #VALUE!
B65: =D65&"_"&E65 -> INSTRUMENT_NW_BSNSS | C65: 5.2.5. | D65: INSTRUMENT | E65: NW_BSNSS | J65: =SUMIF([1]Aux!B:B,Macro_Plano_2025_v1!B65,[1]Aux!I:I)+SUMIF([1]Aux!B:B,Macro_Plano_2025_v1!B65,[1]Aux!O:O) -> #VALUE! | O65: =O60-SUM(O61:O64) -> #VALUE! | P65: =(J65/8)-O65 -> #VALUE!
B66: =D66&"_"&E66 -> INSTRUMENT_GRSS_INTRST_INCM | C66: 5.2.6. | D66: INSTRUMENT | E66: GRSS_INTRST_INCM | J66: =SUMIF([1]Aux!B:B,Macro_Plano_2025_v1!B66,[1]Aux!I:I)+SUMIF([1]Aux!B:B,Macro_Plano_2025_v1!B66,[1]Aux!O:O) -> #VALUE! | P66: =J66/8 -> #VALUE!
B67: =D67&"_"&E67 -> INSTRUMENT_GRSS_CMMSSN_INCM | C67: 5.2.7. | D67: INSTRUMENT | E67: GRSS_CMMSSN_INCM | J67: =SUMIF([1]Aux!B:B,Macro_Plano_2025_v1!B67,[1]Aux!I:I)+SUMIF([1]Aux!B:B,Macro_Plano_2025_v1!B67,[1]Aux!O:O) -> #VALUE! | P67: =J67/8 -> #VALUE!
B68: =D68&"_"&E68 -> INSTRUMENT_INTRNL_TRNSFR_RT | C68: 5.2.8. | D68: INSTRUMENT | E68: INTRNL_TRNSFR_RT | J68: =SUMIF([1]Aux!B:B,Macro_Plano_2025_v1!B68,[1]Aux!I:I)+SUMIF([1]Aux!B:B,Macro_Plano_2025_v1!B68,[1]Aux!O:O) -> #VALUE! | P68: =J68/8 -> #VALUE!
B69: =D69&"_"&E69 -> INSTRUMENT_NT_LN_LSS_PRVSN | C69: 5.2.9. | D69: INSTRUMENT | E69: NT_LN_LSS_PRVSN | J69: =SUMIF([1]Aux!B:B,Macro_Plano_2025_v1!B69,[1]Aux!I:I)+SUMIF([1]Aux!B:B,Macro_Plano_2025_v1!B69,[1]Aux!O:O) -> #VALUE! | P69: =J69/8 -> #VALUE!
B70: =D70&"_"&E70 -> INSTRUMENT_BSNSS_AREA | C70: 5.2.10. | D70: INSTRUMENT | E70: BSNSS_AREA | J70: =SUMIF([1]Aux!B:B,Macro_Plano_2025_v1!B70,[1]Aux!I:I)+SUMIF([1]Aux!B:B,Macro_Plano_2025_v1!B70,[1]Aux!O:O) -> #VALUE! | P70: =P60-SUM(P65:P69) -> #VALUE! | Q70: =(J70/8)-P70 -> #VALUE!
B71: =D71&"_"&E71 -> INSTRUMENT_MNGMNT_PRDCT | C71: 5.2.11. | D71: INSTRUMENT | E71: MNGMNT_PRDCT | J71: =SUMIF([1]Aux!B:B,Macro_Plano_2025_v1!B71,[1]Aux!I:I)+SUMIF([1]Aux!B:B,Macro_Plano_2025_v1!B71,[1]Aux!O:O) -> #VALUE! | Q71: =J71/8 -> #VALUE!
B72: =D72&"_"&E72 -> INSTRUMENT_GRSS_CMMSSN_EXPNS | C72: 5.2.12. | D72: INSTRUMENT | E72: GRSS_CMMSSN_EXPNS | J72: =SUMIF([1]Aux!B:B,Macro_Plano_2025_v1!B72,[1]Aux!I:I)+SUMIF([1]Aux!B:B,Macro_Plano_2025_v1!B72,[1]Aux!O:O) -> #VALUE! | Q72: =J72/8 -> #VALUE!
B73: =D73&"_"&E73 -> INSTRUMENT_GNS_FNNCL_TRNSCTN_EXCHNG_DFFRNCS | C73: 5.2.13. | D73: INSTRUMENT | E73: GNS_FNNCL_TRNSCTN_EXCHNG_DFFRNCS | J73: =SUMIF([1]Aux!B:B,Macro_Plano_2025_v1!B73,[1]Aux!I:I)+SUMIF([1]Aux!B:B,Macro_Plano_2025_v1!B73,[1]Aux!O:O) -> #VALUE! | Q73: =J73/8 -> #VALUE!
B74: =D74&"_"&E74 -> INSTRUMENT_AVRG_BLNC_OFF_BLNC | C74: 5.2.14. | D74: INSTRUMENT | E74: AVRG_BLNC_OFF_BLNC | J74: =SUMIF([1]Aux!B:B,Macro_Plano_2025_v1!B74,[1]Aux!I:I)+SUMIF([1]Aux!B:B,Macro_Plano_2025_v1!B74,[1]Aux!O:O) -> #VALUE! | Q74: =J74/8 -> #VALUE!
B75: =D75&"_"&E75 -> INSTRUMENT_GRSS_CMMSSN_INCM_OFF_BLNC | C75: 5.2.15. | D75: INSTRUMENT | E75: GRSS_CMMSSN_INCM_OFF_BLNC | J75: =SUMIF([1]Aux!B:B,Macro_Plano_2025_v1!B75,[1]Aux!I:I)+SUMIF([1]Aux!B:B,Macro_Plano_2025_v1!B75,[1]Aux!O:O) -> #VALUE! | Q75: =J75/8 -> #VALUE!
B76: =D76&"_"&E76 -> INSTRUMENT_GRSS_CMMSSN_EXPNS_OFF_BLNC | C76: 5.2.16. | D76: INSTRUMENT | E76: GRSS_CMMSSN_EXPNS_OFF_BLNC | J76: =SUMIF([1]Aux!B:B,Macro_Plano_2025_v1!B76,[1]Aux!I:I)+SUMIF([1]Aux!B:B,Macro_Plano_2025_v1!B76,[1]Aux!O:O) -> #VALUE! | Q76: =Q60-SUM(Q70:Q75) -> #VALUE! | R76: =(J76/8)-Q76 -> #VALUE!
B77: =D77&"_"&E77 -> INSTRUMENT_GRSS_INTRST_EXPNS | C77: 5.2.17. | D77: INSTRUMENT | E77: GRSS_INTRST_EXPNS | J77: =SUMIF([1]Aux!B:B,Macro_Plano_2025_v1!B77,[1]Aux!I:I)+SUMIF([1]Aux!B:B,Macro_Plano_2025_v1!B77,[1]Aux!O:O) -> #VALUE! | R77: =J77/8 -> #VALUE!
B78: =D78&"_"&E78 -> INSTRUMENT_NT_LN_LSS_PRVSN_OFF_BLNC | C78: 5.2.18. | D78: INSTRUMENT | E78: NT_LN_LSS_PRVSN_OFF_BLNC | J78: =SUMIF([1]Aux!B:B,Macro_Plano_2025_v1!B78,[1]Aux!I:I)+SUMIF([1]Aux!B:B,Macro_Plano_2025_v1!B78,[1]Aux!O:O) -> #VALUE! | R78: =J78/8 -> #VALUE!
B79: =D79&"_"&E79 -> INSTRUMENT_GRSS_INTRST_INCM_CCRR | C79: 5.2.19. | D79: INSTRUMENT | E79: GRSS_INTRST_INCM_CCRR | J79: =SUMIF([1]Aux!B:B,Macro_Plano_2025_v1!B79,[1]Aux!I:I)+SUMIF([1]Aux!B:B,Macro_Plano_2025_v1!B79,[1]Aux!O:O) -> #VALUE! | R79: =J79/8 -> #VALUE!
B80: =D80&"_"&E80 -> INSTRUMENT_GRSS_INTRST_EXPNS_CCRR | C80: 5.2.20. | D80: INSTRUMENT | E80: GRSS_INTRST_EXPNS_CCRR | J80: =SUMIF([1]Aux!B:B,Macro_Plano_2025_v1!B80,[1]Aux!I:I)+SUMIF([1]Aux!B:B,Macro_Plano_2025_v1!B80,[1]Aux!O:O) -> #VALUE! | R80: =J80/8 -> #VALUE!
B81: =D81&"_"&E81 -> INSTRUMENT_GRSS_CMMSSN_INCM_CCRR | C81: 5.2.21. | D81: INSTRUMENT | E81: GRSS_CMMSSN_INCM_CCRR | J81: =SUMIF([1]Aux!B:B,Macro_Plano_2025_v1!B81,[1]Aux!I:I)+SUMIF([1]Aux!B:B,Macro_Plano_2025_v1!B81,[1]Aux!O:O) -> #VALUE! | R81: =J81/8 -> #VALUE!
B82: =D82&"_"&E82 -> INSTRUMENT_GRSS_CMMSSN_EXPNS_CCRR | C82: 5.2.22. | D82: INSTRUMENT | E82: GRSS_CMMSSN_EXPNS_CCRR | J82: =SUMIF([1]Aux!B:B,Macro_Plano_2025_v1!B82,[1]Aux!I:I)+SUMIF([1]Aux!B:B,Macro_Plano_2025_v1!B82,[1]Aux!O:O) -> #VALUE! | R82: =J82/8 -> #VALUE!
B83: =D83&"_"&E83 -> INSTRUMENT_GNS_FNNCL_TRNSCTN_EXCHNG_CCRR | C83: 5.2.23. | D83: INSTRUMENT | E83: GNS_FNNCL_TRNSCTN_EXCHNG_CCRR | J83: =SUMIF([1]Aux!B:B,Macro_Plano_2025_v1!B83,[1]Aux!I:I)+SUMIF([1]Aux!B:B,Macro_Plano_2025_v1!B83,[1]Aux!O:O) -> #VALUE! | R83: =J83/8 -> #VALUE!
B84: =D84&"_"&E84 -> INSTRUMENT_BSNSS_AREA_CCRR | C84: 5.2.24. | D84: INSTRUMENT | E84: BSNSS_AREA_CCRR | J84: =SUMIF([1]Aux!B:B,Macro_Plano_2025_v1!B84,[1]Aux!I:I)+SUMIF([1]Aux!B:B,Macro_Plano_2025_v1!B84,[1]Aux!O:O) -> #VALUE! | R84: =J84/8 -> #VALUE!
B85: =D85&"_"&E85 -> INSTRUMENT_GRSS_CMMSSN_INCM_OFF_BLNC_CCRR | C85: 5.2.25. | D85: INSTRUMENT | E85: GRSS_CMMSSN_INCM_OFF_BLNC_CCRR | J85: =SUMIF([1]Aux!B:B,Macro_Plano_2025_v1!B85,[1]Aux!I:I)+SUMIF([1]Aux!B:B,Macro_Plano_2025_v1!B85,[1]Aux!O:O) -> #VALUE! | R85: =J85/8 -> #VALUE!
B86: =D86&"_"&E86 -> INSTRUMENT_GRSS_CMMSSN_EXPNS_OFF_BLNC_CCRR | C86: 5.2.26. | D86: INSTRUMENT | E86: GRSS_CMMSSN_EXPNS_OFF_BLNC_CCRR | J86: =SUMIF([1]Aux!B:B,Macro_Plano_2025_v1!B86,[1]Aux!I:I)+SUMIF([1]Aux!B:B,Macro_Plano_2025_v1!B86,[1]Aux!O:O) -> #VALUE! | R86: =J86/8 -> #VALUE!
B87: =D87&"_"&E87 -> INSTRUMENT_CNCLLD_INSTRMNT_STTS | C87: 5.2.27. | D87: INSTRUMENT | E87: CNCLLD_INSTRMNT_STTS | J87: =SUMIF([1]Aux!B:B,Macro_Plano_2025_v1!B87,[1]Aux!I:I)+SUMIF([1]Aux!B:B,Macro_Plano_2025_v1!B87,[1]Aux!O:O) -> #VALUE! | S87: =J87/8 -> #VALUE!
B88: =D88&"_"&E88 -> INSTRUMENT_TYP_OFF_BLNC_PRDCT | C88: 5.2.28. | D88: INSTRUMENT | E88: TYP_OFF_BLNC_PRDCT | J88: =SUMIF([1]Aux!B:B,Macro_Plano_2025_v1!B88,[1]Aux!I:I)+SUMIF([1]Aux!B:B,Macro_Plano_2025_v1!B88,[1]Aux!O:O) -> #VALUE! | S88: =J88/8 -> #VALUE!
B89: =D89&"_"&E89 -> INSTR_PROTECTION_COD_SOC | C89: 5.2.29. | D89: INSTR_PROTECTION | E89: COD_SOC | J89: =SUMIF([1]Aux!B:B,Macro_Plano_2025_v1!B89,[1]Aux!I:I)+SUMIF([1]Aux!B:B,Macro_Plano_2025_v1!B89,[1]Aux!O:O) -> #VALUE! | S89: =J89/8 -> #VALUE!
B90: =D90&"_"&E90 -> INSTR_PROTECTION_DT_RFRNC | C90: 5.2.30. | D90: INSTR_PROTECTION | E90: DT_RFRNC | J90: =SUMIF([1]Aux!B:B,Macro_Plano_2025_v1!B90,[1]Aux!I:I)+SUMIF([1]Aux!B:B,Macro_Plano_2025_v1!B90,[1]Aux!O:O) -> #VALUE! | S90: =J90/8 -> #VALUE!
B91: =D91&"_"&E91 -> INSTR_PROTECTION_INSTRMNT_ID | C91: 5.2.31. | D91: INSTR_PROTECTION | E91: INSTRMNT_ID | J91: =SUMIF([1]Aux!B:B,Macro_Plano_2025_v1!B91,[1]Aux!I:I)+SUMIF([1]Aux!B:B,Macro_Plano_2025_v1!B91,[1]Aux!O:O) -> #VALUE! | S91: =J91/8 -> #VALUE!
B92: =D92&"_"&E92 -> INSTR_PROTECTION_PRTCTN_ID | C92: 5.2.32. | D92: INSTR_PROTECTION | E92: PRTCTN_ID | J92: =SUMIF([1]Aux!B:B,Macro_Plano_2025_v1!B92,[1]Aux!I:I)+SUMIF([1]Aux!B:B,Macro_Plano_2025_v1!B92,[1]Aux!O:O) -> #VALUE! | S92: =J92/8 -> #VALUE!
B93: =D93&"_"&E93 -> INSTR_PROTECTION_TYP_RLTN | C93: 5.2.33. | D93: INSTR_PROTECTION | E93: TYP_RLTN | J93: =SUMIF([1]Aux!B:B,Macro_Plano_2025_v1!B93,[1]Aux!I:I)+SUMIF([1]Aux!B:B,Macro_Plano_2025_v1!B93,[1]Aux!O:O) -> #VALUE! | S93: =J93/8 -> #VALUE!
B94: =D94&"_"&E94 -> PROTECTION_COD_SOC | C94: 5.2.34. | D94: PROTECTION | E94: COD_SOC | J94: =SUMIF([1]Aux!B:B,Macro_Plano_2025_v1!B94,[1]Aux!I:I)+SUMIF([1]Aux!B:B,Macro_Plano_2025_v1!B94,[1]Aux!O:O) -> #VALUE! | S94: =J94/8 -> #VALUE!
B95: =D95&"_"&E95 -> PROTECTION_DT_RFRNC | C95: 5.2.35. | D95: PROTECTION | E95: DT_RFRNC | J95: =SUMIF([1]Aux!B:B,Macro_Plano_2025_v1!B95,[1]Aux!I:I)+SUMIF([1]Aux!B:B,Macro_Plano_2025_v1!B95,[1]Aux!O:O) -> #VALUE! | S95: =J95/8 -> #VALUE!
B96: =D96&"_"&E96 -> PROTECTION_PRTCTN_ID | C96: 5.2.36. | D96: PROTECTION | E96: PRTCTN_ID | J96: =SUMIF([1]Aux!B:B,Macro_Plano_2025_v1!B96,[1]Aux!I:I)+SUMIF([1]Aux!B:B,Macro_Plano_2025_v1!B96,[1]Aux!O:O) -> #VALUE! | S96: =J96/8 -> #VALUE!
B97: =D97&"_"&E97 -> PROTECTION_TYP_PRTCTN | C97: 5.2.37. | D97: PROTECTION | E97: TYP_PRTCTN | J97: =SUMIF([1]Aux!B:B,Macro_Plano_2025_v1!B97,[1]Aux!I:I)+SUMIF([1]Aux!B:B,Macro_Plano_2025_v1!B97,[1]Aux!O:O) -> #VALUE! | S97: =J97/8 -> #VALUE!
B98: =D98&"_"&E98 -> PROTECTION_PRTCTN_VL | C98: 5.2.38. | D98: PROTECTION | E98: PRTCTN_VL | J98: =SUMIF([1]Aux!B:B,Macro_Plano_2025_v1!B98,[1]Aux!I:I)+SUMIF([1]Aux!B:B,Macro_Plano_2025_v1!B98,[1]Aux!O:O) -> #VALUE! | S98: =J98/8 -> #VALUE!
... B102: =D102&"_"&E102 -> INSTR_ACTIVITY_INSTRMNT_ID | C102: 5.2.42. | D102: INSTR_ACTIVITY | E102: INSTRMNT_ID | J102: =SUMIF([1]Aux!B:B,Macro_Plano_2025_v1!B102,[1]Aux!I:I)+SUMIF([1]Aux!B:B,Macro_Plano_2025_v1!B102,[1]Aux!O:O) -> #VALUE! | S102: =J102/8 -> #VALUE!
B103: =D103&"_"&E103 -> INSTR_ACTIVITY_SSTNBL_CTGRY | C103: 5.2.43. | D103: INSTR_ACTIVITY | E103: SSTNBL_CTGRY | J103: =SUMIF([1]Aux!B:B,Macro_Plano_2025_v1!B103,[1]Aux!I:I)+SUMIF([1]Aux!B:B,Macro_Plano_2025_v1!B103,[1]Aux!O:O) -> #VALUE! | S103: =S60-SUM(S87:S102) -> #VALUE! | T103: =(J103/8)-S103 -> #VALUE!
B104: =D104&"_"&E104 -> INSTR_ACTIVITY_PRCNTG_ACTVTY | C104: 5.2.44. | D104: INSTR_ACTIVITY | E104: PRCNTG_ACTVTY | J104: =SUMIF([1]Aux!B:B,Macro_Plano_2025_v1!B104,[1]Aux!I:I)+SUMIF([1]Aux!B:B,Macro_Plano_2025_v1!B104,[1]Aux!O:O) -> #VALUE! | T104: =J104/8 -> #VALUE!
B105: =D105&"_"&E105 -> INSTR_ACTIVITY_SSTNBL_INDCTR | C105: 5.2.45. | D105: INSTR_ACTIVITY | E105: SSTNBL_INDCTR | J105: =SUMIF([1]Aux!B:B,Macro_Plano_2025_v1!B105,[1]Aux!I:I)+SUMIF([1]Aux!B:B,Macro_Plano_2025_v1!B105,[1]Aux!O:O) -> #VALUE! | T105: =J105/8 -> #VALUE!
C106: 5.3 | E106: Re-testes | J106: 76.4 | T106: 7.125 | U106: 2.425
C108: 6. | D108: Documentação | J108: 80 | U108: 7.575 | V108: 2.425

Sheet Auxiliar_GD
B7: Tipo de Teste | C7: Descrição
B8: 1. Universo | C8: Validação do universo
B9: 2. Campo | C9: Validação à informação do campo
B11: Categoria | C11: Descrição | D11: # Campos
B12: Assessment | C12: Validação da especificação efetuada pela Deloitte | D12: 25
B13: Testes Regressivos Campos Concluídos | C13: Testes regressivos aos campos já concluídos
B14: Testes Implementação Campos Novos | C14: Testes aos novos campos de forma a garantir a correta implementação
B15: Testes Regressivos Campos Novos | C15: Testes regressivos de forma a garantir que os novos campos não impactaram outros
B17: Status para Assessment - Campos especificados anteriormente pela Deloitte
B19: Status | C19: Descrição | D19: Owner
B20: 0. Cancelado | C20: Campo cancelado | D20: N/A
B21: 1. Fora de âmbito | C21: Campo não se encontra no âmbito do projeto | D21: N/A
B22: 2. Concluído | C22: Especificação do campo validada com CdG | D22: N/A
B23: 3. Em Análise | C23: Campo em análise pela equipa Neyond | D23: Neyond
B24: 4. Validação da especificação | C24: Especificação para validação da área de negócio | D24: CdG
B25: 5. Por Iniciar | C25: Campo não inciado pela equipa de testes | D25: Neyond
B27: Status para Especificações/Re-especificações
B29: Status | C29: Descrição | D29: Owner
B30: 0. Cancelado | C30: Campo cancelado | D30: N/A
B31: 1. Concluído | C31: Campo concluído com sucesso | D31: N/A
B32: 2. Em Especificação/Re-especificação | C32: Campo em especificação/re-especificação pela equipa de testes | D32: Neyond
B33: 3. Pendente de outros desenvolvimentos/validações | C33: Campo a aguardar informação de outros intervenientes para a sua especificação | D33: Outras áreas
B34: 4. Validação da especificação | C34: Especificação para validação da área de negócio | D34: CdG
B35: 5. Por Iniciar | C35: Campo não inciado pela equipa de testes | D35: Neyond

Sheet Pivots_GD
B2: Categoria | C2: Assessment
B4: Row Labels | C4: Count of Status Atual
B5: 0. Cancelado | C5: 3
B6: 2. Concluído | C6: 35
B7: Grand Total | C7: 38
B12: Categoria | C12: Assessment
B14: Count of Status Atual | C14: Column Labels
B15: Row Labels | C15: 0. Cancelado | D15: 2. Concluído | E15: Grand Total
B16: lt002_instrument | C16: 3 | D16: 29 | E16: 32
B17: lt824_assoc_kpi_gd | D17: 6 | E17: 6
B18: Grand Total | C18: 3 | D18: 35 | E18: 38
B26: Categoria | C26: Re-especificação / Especificação
B28: Row Labels | C28: Count of Status Atual
B29: 1. Concluído | C29: 49
B30: 2. Em Especificação/Re-especificação | C30: 18
B31: 5. Por Iniciar | C31: 7
B32: Grand Total | C32: 74
B37: Categoria | C37: Re-especificação / Especificação
B39: Count of Status Atual | C39: Column Labels
B40: Row Labels | C40: 1. Concluído | D40: 2. Em Especificação/Re-especificação | E40: 5. Por Iniciar | F40: Grand Total
B41: lt002_instrument | C41: 40 | D41: 9 | E41: 2 | F41: 51
B42: lt004_protection | C42: 5 | E42: 1 | F42: 6
B43: lt006_instr_protection | C43: 4 | E43: 1 | F43: 5
B44: lt007_instr_activity | D44: 3 | E44: 3 | F44: 6
B45: lt824_assoc_kpi_gd | D45: 6 | F45: 6
B46: Grand Total | C46: 49 | D46: 18 | E46: 7 | F46: 74

Sheet Analise Campos FC
B2: Total Campos | C2: =+COUNTA(C11:C39,C49:C87) -> 68
B4: Questões:
B5: 1. Dos campos do assessment que não são comuns à Neyond, devemos sempre simular o campo e comparar com o que está implementado pois isso nunca foi feito pela equipa anterior?
B6: 2. O INSTRMNT_ID é considerado para especificação na lt006, mas não na lt002 e lt007, porquê? Não deveria ser só considerado para a lt007 pois é a tabela nova?
B7: 3. A DT_RFRNC não devia ser só para simulação/testes na lt006 e lt004? Não, tbm de ser especificação. --> pedir ao Gonçalo e JB+HC
A10: Notas reunião GF | B10: Tabela | C10: Campo | D10: Assessment | E10: Testes Regressivos (campos Neyond) | F10: Re-especificação/Especificação | G10: Simulação/Testes | H10: Notas FC | I10: Notas DE | J10: Notas RM
B11: lt002_instrument | C11: AVRG_BLNC | D11: {=_xlfn.IFNA(IF(INDEX('Analise FC'!$A$5:$C$43,MATCH(1,('Analise Campos FC'!$B11='Analise FC'!$B$5:$B$43)*('Analise FC'!$C$5:$C$43='Analise Campos FC'!$C11),0),1)="assessment","Y","N"),"N")} -> Y | E11: {=_xlfn.IFNA(IF(INDEX('Analise FC'!$F$5:$H$28,MATCH(1,('Analise Campos FC'!$B11='Analise FC'!$G$5:$G$28)*('Analise FC'!$H$5:$H$28='Analise Campos FC'!$C11),0),1)="teste_regressivo","Y","N"),"N")} -> N | F11: {=_xlfn.IFNA(IF(INDEX('Analise FC'!$L$5:$N$74,MATCH(1,('Analise Campos FC'!$B11='Analise FC'!$M$5:$M$74)*('Analise FC'!$N$5:$N$74='Analise Campos FC'!$C11),0),1)="especificação","Y","N"),"N")} -> Y | G11: {=_xlfn.IFNA(IF(INDEX('Analise FC'!$Q$5:$S$50,MATCH(1,('Analise Campos FC'!$B11='Analise FC'!$R$5:$R$50)*('Analise FC'!$S$5:$S$50='Analise Campos FC'!$C11),0),1)="simulação_testes","Y","N"),"N")} -> Y | H11: OK
B12: lt002_instrument | C12: NW_BSNSS | D12: {=_xlfn.IFNA(IF(INDEX('Analise FC'!$A$5:$C$43,MATCH(1,('Analise Campos FC'!$B12='Analise FC'!$B$5:$B$43)*('Analise FC'!$C$5:$C$43='Analise Campos FC'!$C12),0),1)="assessment","Y","N"),"N")} -> Y | E12: {=_xlfn.IFNA(IF(INDEX('Analise FC'!$F$5:$H$28,MATCH(1,('Analise Campos FC'!$B12='Analise FC'!$G$5:$G$28)*('Analise FC'!$H$5:$H$28='Analise Campos FC'!$C12),0),1)="teste_regressivo","Y","N"),"N")} -> N | F12: {=_xlfn.IFNA(IF(INDEX('Analise FC'!$L$5:$N$74,MATCH(1,('Analise Campos FC'!$B12='Analise FC'!$M$5:$M$74)*('Analise FC'!$N$5:$N$74='Analise Campos FC'!$C12),0),1)="especificação","Y","N"),"N")} -> Y | G12: {=_xlfn.IFNA(IF(INDEX('Analise FC'!$Q$5:$S$50,MATCH(1,('Analise Campos FC'!$B12='Analise FC'!$R$5:$R$50)*('Analise FC'!$S$5:$S$50='Analise Campos FC'!$C12),0),1)="simulação_testes","Y","N"),"N")} -> Y | H12: OK
B13: lt002_instrument | C13: GRSS_INTRST_INCM | D13: {=_xlfn.IFNA(IF(INDEX('Analise FC'!$A$5:$C$43,MATCH(1,('Analise Campos FC'!$B13='Analise FC'!$B$5:$B$43)*('Analise FC'!$C$5:$C$43='Analise Campos FC'!$C13),0),1)="assessment","Y","N"),"N")} -> Y | E13: {=_xlfn.IFNA(IF(INDEX('Analise FC'!$F$5:$H$28,MATCH(1,('Analise Campos FC'!$B13='Analise FC'!$G$5:$G$28)*('Analise FC'!$H$5:$H$28='Analise Campos FC'!$C13),0),1)="teste_regressivo","Y","N"),"N")} -> N | F13: {=_xlfn.IFNA(IF(INDEX('Analise FC'!$L$5:$N$74,MATCH(1,('Analise Campos FC'!$B13='Analise FC'!$M$5:$M$74)*('Analise FC'!$N$5:$N$74='Analise Campos FC'!$C13),0),1)="especificação","Y","N"),"N")} -> Y | G13: {=_xlfn.IFNA(IF(INDEX('Analise FC'!$Q$5:$S$50,MATCH(1,('Analise Campos FC'!$B13='Analise FC'!$R$5:$R$50)*('Analise FC'!$S$5:$S$50='Analise Campos FC'!$C13),0),1)="simulação_testes","Y","N"),"N")} -> Y | H13: OK
B14: lt002_instrument | C14: GRSS_CMMSSN_INCM | D14: {=_xlfn.IFNA(IF(INDEX('Analise FC'!$A$5:$C$43,MATCH(1,('Analise Campos FC'!$B14='Analise FC'!$B$5:$B$43)*('Analise FC'!$C$5:$C$43='Analise Campos FC'!$C14),0),1)="assessment","Y","N"),"N")} -> Y | E14: {=_xlfn.IFNA(IF(INDEX('Analise FC'!$F$5:$H$28,MATCH(1,('Analise Campos FC'!$B14='Analise FC'!$G$5:$G$28)*('Analise FC'!$H$5:$H$28='Analise Campos FC'!$C14),0),1)="teste_regressivo","Y","N"),"N")} -> N | F14: {=_xlfn.IFNA(IF(INDEX('Analise FC'!$L$5:$N$74,MATCH(1,('Analise Campos FC'!$B14='Analise FC'!$M$5:$M$74)*('Analise FC'!$N$5:$N$74='Analise Campos FC'!$C14),0),1)="especificação","Y","N"),"N")} -> Y | G14: {=_xlfn.IFNA(IF(INDEX('Analise FC'!$Q$5:$S$50,MATCH(1,('Analise Campos FC'!$B14='Analise FC'!$R$5:$R$50)*('Analise FC'!$S$5:$S$50='Analise Campos FC'!$C14),0),1)="simulação_testes","Y","N"),"N")} -> Y | H14: OK
B15: lt002_instrument | C15: INTRNL_TRNSFR_RT | D15: {=_xlfn.IFNA(IF(INDEX('Analise FC'!$A$5:$C$43,MATCH(1,('Analise Campos FC'!$B15='Analise FC'!$B$5:$B$43)*('Analise FC'!$C$5:$C$43='Analise Campos FC'!$C15),0),1)="assessment","Y","N"),"N")} -> Y | E15: {=_xlfn.IFNA(IF(INDEX('Analise FC'!$F$5:$H$28,MATCH(1,('Analise Campos FC'!$B15='Analise FC'!$G$5:$G$28)*('Analise FC'!$H$5:$H$28='Analise Campos FC'!$C15),0),1)="teste_regressivo","Y","N"),"N")} -> N | F15: {=_xlfn.IFNA(IF(INDEX('Analise FC'!$L$5:$N$74,MATCH(1,('Analise Campos FC'!$B15='Analise FC'!$M$5:$M$74)*('Analise FC'!$N$5:$N$74='Analise Campos FC'!$C15),0),1)="especificação","Y","N"),"N")} -> Y | G15: {=_xlfn.IFNA(IF(INDEX('Analise FC'!$Q$5:$S$50,MATCH(1,('Analise Campos FC'!$B15='Analise FC'!$R$5:$R$50)*('Analise FC'!$S$5:$S$50='Analise Campos FC'!$C15),0),1)="simulação_testes","Y","N"),"N")} -> Y | H15: OK
B16: lt002_instrument | C16: NT_LN_LSS_PRVSN | D16: {=_xlfn.IFNA(IF(INDEX('Analise FC'!$A$5:$C$43,MATCH(1,('Analise Campos FC'!$B16='Analise FC'!$B$5:$B$43)*('Analise FC'!$C$5:$C$43='Analise Campos FC'!$C16),0),1)="assessment","Y","N"),"N")} -> Y | E16: {=_xlfn.IFNA(IF(INDEX('Analise FC'!$F$5:$H$28,MATCH(1,('Analise Campos FC'!$B16='Analise FC'!$G$5:$G$28)*('Analise FC'!$H$5:$H$28='Analise Campos FC'!$C16),0),1)="teste_regressivo","Y","N"),"N")} -> N | F16: {=_xlfn.IFNA(IF(INDEX('Analise FC'!$L$5:$N$74,MATCH(1,('Analise Campos FC'!$B16='Analise FC'!$M$5:$M$74)*('Analise FC'!$N$5:$N$74='Analise Campos FC'!$C16),0),1)="especificação","Y","N"),"N")} -> Y | G16: {=_xlfn.IFNA(IF(INDEX('Analise FC'!$Q$5:$S$50,MATCH(1,('Analise Campos FC'!$B16='Analise FC'!$R$5:$R$50)*('Analise FC'!$S$5:$S$50='Analise Campos FC'!$C16),0),1)="simulação_testes","Y","N"),"N")} -> Y | H16: OK
B17: lt002_instrument | C17: BSNSS_AREA | D17: {=_xlfn.IFNA(IF(INDEX('Analise FC'!$A$5:$C$43,MATCH(1,('Analise Campos FC'!$B17='Analise FC'!$B$5:$B$43)*('Analise FC'!$C$5:$C$43='Analise Campos FC'!$C17),0),1)="assessment","Y","N"),"N")} -> Y | E17: {=_xlfn.IFNA(IF(INDEX('Analise FC'!$F$5:$H$28,MATCH(1,('Analise Campos FC'!$B17='Analise FC'!$G$5:$G$28)*('Analise FC'!$H$5:$H$28='Analise Campos FC'!$C17),0),1)="teste_regressivo","Y","N"),"N")} -> N | F17: {=_xlfn.IFNA(IF(INDEX('Analise FC'!$L$5:$N$74,MATCH(1,('Analise Campos FC'!$B17='Analise FC'!$M$5:$M$74)*('Analise FC'!$N$5:$N$74='Analise Campos FC'!$C17),0),1)="especificação","Y","N"),"N")} -> Y | G17: {=_xlfn.IFNA(IF(INDEX('Analise FC'!$Q$5:$S$50,MATCH(1,('Analise Campos FC'!$B17='Analise FC'!$R$5:$R$50)*('Analise FC'!$S$5:$S$50='Analise Campos FC'!$C17),0),1)="simulação_testes","Y","N"),"N")} -> Y | H17: OK
B18: lt002_instrument | C18: MNGMNT_PRDCT | D18: {=_xlfn.IFNA(IF(INDEX('Analise FC'!$A$5:$C$43,MATCH(1,('Analise Campos FC'!$B18='Analise FC'!$B$5:$B$43)*('Analise FC'!$C$5:$C$43='Analise Campos FC'!$C18),0),1)="assessment","Y","N"),"N")} -> Y | E18: {=_xlfn.IFNA(IF(INDEX('Analise FC'!$F$5:$H$28,MATCH(1,('Analise Campos FC'!$B18='Analise FC'!$G$5:$G$28)*('Analise FC'!$H$5:$H$28='Analise Campos FC'!$C18),0),1)="teste_regressivo","Y","N"),"N")} -> N | F18: {=_xlfn.IFNA(IF(INDEX('Analise FC'!$L$5:$N$74,MATCH(1,('Analise Campos FC'!$B18='Analise FC'!$M$5:$M$74)*('Analise FC'!$N$5:$N$74='Analise Campos FC'!$C18),0),1)="especificação","Y","N"),"N")} -> Y | G18: {=_xlfn.IFNA(IF(INDEX('Analise FC'!$Q$5:$S$50,MATCH(1,('Analise Campos FC'!$B18='Analise FC'!$R$5:$R$50)*('Analise FC'!$S$5:$S$50='Analise Campos FC'!$C18),0),1)="simulação_testes","Y","N"),"N")} -> Y | H18: OK
B19: lt002_instrument | C19: GRSS_CMMSSN_EXPNS | D19: {=_xlfn.IFNA(IF(INDEX('Analise FC'!$A$5:$C$43,MATCH(1,('Analise Campos FC'!$B19='Analise FC'!$B$5:$B$43)*('Analise FC'!$C$5:$C$43='Analise Campos FC'!$C19),0),1)="assessment","Y","N"),"N")} -> Y | E19: {=_xlfn.IFNA(IF(INDEX('Analise FC'!$F$5:$H$28,MATCH(1,('Analise Campos FC'!$B19='Analise FC'!$G$5:$G$28)*('Analise FC'!$H$5:$H$28='Analise Campos FC'!$C19),0),1)="teste_regressivo","Y","N"),"N")} -> N | F19: {=_xlfn.IFNA(IF(INDEX('Analise FC'!$L$5:$N$74,MATCH(1,('Analise Campos FC'!$B19='Analise FC'!$M$5:$M$74)*('Analise FC'!$N$5:$N$74='Analise Campos FC'!$C19),0),1)="especificação","Y","N"),"N")} -> Y | G19: {=_xlfn.IFNA(IF(INDEX('Analise FC'!$Q$5:$S$50,MATCH(1,('Analise Campos FC'!$B19='Analise FC'!$R$5:$R$50)*('Analise FC'!$S$5:$S$50='Analise Campos FC'!$C19),0),1)="simulação_testes","Y","N"),"N")} -> Y | H19: OK
B20: lt002_instrument | C20: GNS_FNNCL_TRNSCTN_EXCHNG_DFFRNCS | D20: {=_xlfn.IFNA(IF(INDEX('Analise FC'!$A$5:$C$43,MATCH(1,('Analise Campos FC'!$B20='Analise FC'!$B$5:$B$43)*('Analise FC'!$C$5:$C$43='Analise Campos FC'!$C20),0),1)="assessment","Y","N"),"N")} -> Y | E20: {=_xlfn.IFNA(IF(INDEX('Analise FC'!$F$5:$H$28,MATCH(1,('Analise Campos FC'!$B20='Analise FC'!$G$5:$G$28)*('Analise FC'!$H$5:$H$28='Analise Campos FC'!$C20),0),1)="teste_regressivo","Y","N"),"N")} -> N | F20: {=_xlfn.IFNA(IF(INDEX('Analise FC'!$L$5:$N$74,MATCH(1,('Analise Campos FC'!$B20='Analise FC'!$M$5:$M$74)*('Analise FC'!$N$5:$N$74='Analise Campos FC'!$C20),0),1)="especificação","Y","N"),"N")} -> Y | G20: {=_xlfn.IFNA(IF(INDEX('Analise FC'!$Q$5:$S$50,MATCH(1,('Analise Campos FC'!$B20='Analise FC'!$R$5:$R$50)*('Analise FC'!$S$5:$S$50='Analise Campos FC'!$C20),0),1)="simulação_testes","Y","N"),"N")} -> Y | H20: OK
B21: lt002_instrument | C21: FLG_INTRBSNSS | D21: {=_xlfn.IFNA(IF(INDEX('Analise FC'!$A$5:$C$43,MATCH(1,('Analise Campos FC'!$B21='Analise FC'!$B$5:$B$43)*('Analise FC'!$C$5:$C$43='Analise Campos FC'!$C21),0),1)="assessment","Y","N"),"N")} -> Y | E21: {=_xlfn.IFNA(IF(INDEX('Analise FC'!$F$5:$H$28,MATCH(1,('Analise Campos FC'!$B21='Analise FC'!$G$5:$G$28)*('Analise FC'!$H$5:$H$28='Analise Campos FC'!$C21),0),1)="teste_regressivo","Y","N"),"N")} -> Y | F21: {=_xlfn.IFNA(IF(INDEX('Analise FC'!$L$5:$N$74,MATCH(1,('Analise Campos FC'!$B21='Analise FC'!$M$5:$M$74)*('Analise FC'!$N$5:$N$74='Analise Campos FC'!$C21),0),1)="especificação","Y","N"),"N")} -> Y | G21: {=_xlfn.IFNA(IF(INDEX('Analise FC'!$Q$5:$S$50,MATCH(1,('Analise Campos FC'!$B21='Analise FC'!$R$5:$R$50)*('Analise FC'!$S$5:$S$50='Analise Campos FC'!$C21),0),1)="simulação_testes","Y","N"),"N")} -> N | H21: OK
B22: lt002_instrument | C22: INTRBSNSS_ADJ_COD | D22: {=_xlfn.IFNA(IF(INDEX('Analise FC'!$A$5:$C$43,MATCH(1,('Analise Campos FC'!$B22='Analise FC'!$B$5:$B$43)*('Analise FC'!$C$5:$C$43='Analise Campos FC'!$C22),0),1)="assessment","Y","N"),"N")} -> Y | E22: {=_xlfn.IFNA(IF(INDEX('Analise FC'!$F$5:$H$28,MATCH(1,('Analise Campos FC'!$B22='Analise FC'!$G$5:$G$28)*('Analise FC'!$H$5:$H$28='Analise Campos FC'!$C22),0),1)="teste_regressivo","Y","N"),"N")} -> Y | F22: {=_xlfn.IFNA(IF(INDEX('Analise FC'!$L$5:$N$74,MATCH(1,('Analise Campos FC'!$B22='Analise FC'!$M$5:$M$74)*('Analise FC'!$N$5:$N$74='Analise Campos FC'!$C22),0),1)="especificação","Y","N"),"N")} -> Y | G22: {=_xlfn.IFNA(IF(INDEX('Analise FC'!$Q$5:$S$50,MATCH(1,('Analise Campos FC'!$B22='Analise FC'!$R$5:$R$50)*('Analise FC'!$S$5:$S$50='Analise Campos FC'!$C22),0),1)="simulação_testes","Y","N"),"N")} -> N | H22: OK
... B39: lt002_instrument | C39: GRSS_CMMSSN_EXPNS_OFF_BLNC_CCRR | D39: {=_xlfn.IFNA(IF(INDEX('Analise FC'!$A$5:$C$43,MATCH(1,('Analise Campos FC'!$B39='Analise FC'!$B$5:$B$43)*('Analise FC'!$C$5:$C$43='Analise Campos FC'!$C39),0),1)="assessment","Y","N"),"N")} -> Y | E39: {=_xlfn.IFNA(IF(INDEX('Analise FC'!$F$5:$H$28,MATCH(1,('Analise Campos FC'!$B39='Analise FC'!$G$5:$G$28)*('Analise FC'!$H$5:$H$28='Analise Campos FC'!$C39),0),1)="teste_regressivo","Y","N"),"N")} -> N | F39: {=_xlfn.IFNA(IF(INDEX('Analise FC'!$L$5:$N$74,MATCH(1,('Analise Campos FC'!$B39='Analise FC'!$M$5:$M$74)*('Analise FC'!$N$5:$N$74='Analise Campos FC'!$C39),0),1)="especificação","Y","N"),"N")} -> Y | G39: {=_xlfn.IFNA(IF(INDEX('Analise FC'!$Q$5:$S$50,MATCH(1,('Analise Campos FC'!$B39='Analise FC'!$R$5:$R$50)*('Analise FC'!$S$5:$S$50='Analise Campos FC'!$C39),0),1)="simulação_testes","Y","N"),"N")} -> Y | H39: OK
B40: lt002_instrument | C40: FLG_INSTRMNT_CNCLLD | D40: n/a | E40: n/a | F40: n/a | G40: n/a | H40: n/a
B41: lt824_assoc_kpi_gd | C41: ambito | D41: n/a | E41: n/a | F41: Y | G41: n/a | H41: n/a
B42: lt824_assoc_kpi_gd | C42: tipo_conta_local | D42: n/a | E42: n/a | F42: Y | G42: n/a | H42: n/a
B43: lt824_assoc_kpi_gd | C43: valor_gd | D43: n/a | E43: n/a | F43: Y | G43: n/a | H43: n/a
B44: lt824_assoc_kpi_gd | C44: kpi | D44: n/a | E44: n/a | F44: Y | G44: n/a | H44: n/a
B45: lt824_assoc_kpi_gd | C45: ordem | D45: n/a | E45: n/a | F45: Y | G45: n/a | H45: n/a
B46: lt824_assoc_kpi_gd | C46: ref_date | D46: n/a | E46: n/a | F46: Y | G46: n/a | H46: n/a
B47: lt002_instrument | C47: SSTNBL_INDCTR | D47: n/a | E47: n/a | F47: n/a | G47: n/a | H47: n/a
B48: lt002_instrument | C48: SSTNBL_CTGRY | D48: n/a | E48: n/a | F48: n/a | G48: n/a | H48: n/a
A49: questionar JB e HC por causa da especificação, caso so haja em codigo temos de passar para word | B49: lt002_instrument | C49: COD_SOC | D49: {=_xlfn.IFNA(IF(INDEX('Analise FC'!$A$5:$C$43,MATCH(1,('Analise Campos FC'!$B49='Analise FC'!$B$5:$B$43)*('Analise FC'!$C$5:$C$43='Analise Campos FC'!$C49),0),1)="assessment","Y","N"),"N")} -> N | E49: {=_xlfn.IFNA(IF(INDEX('Analise FC'!$F$5:$H$28,MATCH(1,('Analise Campos FC'!$B49='Analise FC'!$G$5:$G$28)*('Analise FC'!$H$5:$H$28='Analise Campos FC'!$C49),0),1)="teste_regressivo","Y","N"),"N")} -> Y | F49: {=_xlfn.IFNA(IF(INDEX('Analise FC'!$L$5:$N$74,MATCH(1,('Analise Campos FC'!$B49='Analise FC'!$M$5:$M$74)*('Analise FC'!$N$5:$N$74='Analise Campos FC'!$C49),0),1)="especificação","Y","N"),"N")} -> N | G49: {=_xlfn.IFNA(IF(INDEX('Analise FC'!$Q$5:$S$50,MATCH(1,('Analise Campos FC'!$B49='Analise FC'!$R$5:$R$50)*('Analise FC'!$S$5:$S$50='Analise Campos FC'!$C49),0),1)="simulação_testes","Y","N"),"N")} -> N | H49: OK | I49: usar a especificação de PM, a Mariana não consegue criar as tabelas sem as chaves, por isso, nestes casos vamos apenas colocar a especificação no excel igual ao que está no loan tape estrutural, não colocamos no word.
A50: questionar JB e HC por causa da especificação, caso so haja em codigo temos de passar para word | B50: lt002_instrument | C50: SUBPORTFOLIO_ID | D50: {=_xlfn.IFNA(IF(INDEX('Analise FC'!$A$5:$C$43,MATCH(1,('Analise Campos FC'!$B50='Analise FC'!$B$5:$B$43)*('Analise FC'!$C$5:$C$43='Analise Campos FC'!$C50),0),1)="assessment","Y","N"),"N")} -> N | E50: {=_xlfn.IFNA(IF(INDEX('Analise FC'!$F$5:$H$28,MATCH(1,('Analise Campos FC'!$B50='Analise FC'!$G$5:$G$28)*('Analise FC'!$H$5:$H$28='Analise Campos FC'!$C50),0),1)="teste_regressivo","Y","N"),"N")} -> Y | F50: {=_xlfn.IFNA(IF(INDEX('Analise FC'!$L$5:$N$74,MATCH(1,('Analise Campos FC'!$B50='Analise FC'!$M$5:$M$74)*('Analise FC'!$N$5:$N$74='Analise Campos FC'!$C50),0),1)="especificação","Y","N"),"N")} -> N | G50: {=_xlfn.IFNA(IF(INDEX('Analise FC'!$Q$5:$S$50,MATCH(1,('Analise Campos FC'!$B50='Analise FC'!$R$5:$R$50)*('Analise FC'!$S$5:$S$50='Analise Campos FC'!$C50),0),1)="simulação_testes","Y","N"),"N")} -> N | H50: OK
A51: questionar JB e HC por causa da especificação, caso so haja em codigo temos de passar para word | B51: lt002_instrument | C51: DT_RFRNC | D51: {=_xlfn.IFNA(IF(INDEX('Analise FC'!$A$5:$C$43,MATCH(1,('Analise Campos FC'!$B51='Analise FC'!$B$5:$B$43)*('Analise FC'!$C$5:$C$43='Analise Campos FC'!$C51),0),1)="assessment","Y","N"),"N")} -> N | E51: {=_xlfn.IFNA(IF(INDEX('Analise FC'!$F$5:$H$28,MATCH(1,('Analise Campos FC'!$B51='Analise FC'!$G$5:$G$28)*('Analise FC'!$H$5:$H$28='Analise Campos FC'!$C51),0),1)="teste_regressivo","Y","N"),"N")} -> Y | F51: {=_xlfn.IFNA(IF(INDEX('Analise FC'!$L$5:$N$74,MATCH(1,('Analise Campos FC'!$B51='Analise FC'!$M$5:$M$74)*('Analise FC'!$N$5:$N$74='Analise Campos FC'!$C51),0),1)="especificação","Y","N"),"N")} -> N | G51: {=_xlfn.IFNA(IF(INDEX('Analise FC'!$Q$5:$S$50,MATCH(1,('Analise Campos FC'!$B51='Analise FC'!$R$5:$R$50)*('Analise FC'!$S$5:$S$50='Analise Campos FC'!$C51),0),1)="simulação_testes","Y","N"),"N")} -> N | H51: OK | I51: usar a especificação de PM, a Mariana não consegue criar as tabelas sem as chaves, por isso, nestes casos vamos apenas colocar a especificação no excel igual ao que está no loan tape estrutural, não colocamos no word.
A52: questionar JB e HC por causa da especificação, caso so haja em codigo temos de passar para word | B52: lt002_instrument | C52: DFLT_STTS_INSTRMNT | D52: {=_xlfn.IFNA(IF(INDEX('Analise FC'!$A$5:$C$43,MATCH(1,('Analise Campos FC'!$B52='Analise FC'!$B$5:$B$43)*('Analise FC'!$C$5:$C$43='Analise Campos FC'!$C52),0),1)="assessment","Y","N"),"N")} -> N | E52: {=_xlfn.IFNA(IF(INDEX('Analise FC'!$F$5:$H$28,MATCH(1,('Analise Campos FC'!$B52='Analise FC'!$G$5:$G$28)*('Analise FC'!$H$5:$H$28='Analise Campos FC'!$C52),0),1)="teste_regressivo","Y","N"),"N")} -> Y | F52: {=_xlfn.IFNA(IF(INDEX('Analise FC'!$L$5:$N$74,MATCH(1,('Analise Campos FC'!$B52='Analise FC'!$M$5:$M$74)*('Analise FC'!$N$5:$N$74='Analise Campos FC'!$C52),0),1)="especificação","Y","N"),"N")} -> N | G52: {=_xlfn.IFNA(IF(INDEX('Analise FC'!$Q$5:$S$50,MATCH(1,('Analise Campos FC'!$B52='Analise FC'!$R$5:$R$50)*('Analise FC'!$S$5:$S$50='Analise Campos FC'!$C52),0),1)="simulação_testes","Y","N"),"N")} -> N | H52: OK | I52: de acordo com o Gonçalo isto passou para ambito do LF, vai ser alterada a especificação
A53: questionar JB e HC por causa da especificação, caso so haja em codigo temos de passar para word | B53: lt002_instrument | C53: IMPRMNT_STTS | D53: {=_xlfn.IFNA(IF(INDEX('Analise FC'!$A$5:$C$43,MATCH(1,('Analise Campos FC'!$B53='Analise FC'!$B$5:$B$43)*('Analise FC'!$C$5:$C$43='Analise Campos FC'!$C53),0),1)="assessment","Y","N"),"N")} -> N | E53: {=_xlfn.IFNA(IF(INDEX('Analise FC'!$F$5:$H$28,MATCH(1,('Analise Campos FC'!$B53='Analise FC'!$G$5:$G$28)*('Analise FC'!$H$5:$H$28='Analise Campos FC'!$C53),0),1)="teste_regressivo","Y","N"),"N")} -> Y | F53: {=_xlfn.IFNA(IF(INDEX('Analise FC'!$L$5:$N$74,MATCH(1,('Analise Campos FC'!$B53='Analise FC'!$M$5:$M$74)*('Analise FC'!$N$5:$N$74='Analise Campos FC'!$C53),0),1)="especificação","Y","N"),"N")} -> N | G53: {=_xlfn.IFNA(IF(INDEX('Analise FC'!$Q$5:$S$50,MATCH(1,('Analise Campos FC'!$B53='Analise FC'!$R$5:$R$50)*('Analise FC'!$S$5:$S$50='Analise Campos FC'!$C53),0),1)="simulação_testes","Y","N"),"N")} -> N | H53: OK
A54: questionar JB e HC por causa da especificação, caso so haja em codigo temos de passar para word | B54: lt002_instrument | C54: PRFRMNG_STTS | D54: {=_xlfn.IFNA(IF(INDEX('Analise FC'!$A$5:$C$43,MATCH(1,('Analise Campos FC'!$B54='Analise FC'!$B$5:$B$43)*('Analise FC'!$C$5:$C$43='Analise Campos FC'!$C54),0),1)="assessment","Y","N"),"N")} -> N | E54: {=_xlfn.IFNA(IF(INDEX('Analise FC'!$F$5:$H$28,MATCH(1,('Analise Campos FC'!$B54='Analise FC'!$G$5:$G$28)*('Analise FC'!$H$5:$H$28='Analise Campos FC'!$C54),0),1)="teste_regressivo","Y","N"),"N")} -> Y | F54: {=_xlfn.IFNA(IF(INDEX('Analise FC'!$L$5:$N$74,MATCH(1,('Analise Campos FC'!$B54='Analise FC'!$M$5:$M$74)*('Analise FC'!$N$5:$N$74='Analise Campos FC'!$C54),0),1)="especificação","Y","N"),"N")} -> N | G54: {=_xlfn.IFNA(IF(INDEX('Analise FC'!$Q$5:$S$50,MATCH(1,('Analise Campos FC'!$B54='Analise FC'!$R$5:$R$50)*('Analise FC'!$S$5:$S$50='Analise Campos FC'!$C54),0),1)="simulação_testes","Y","N"),"N")} -> N | H54: OK
A55: questionar JB e HC por causa da especificação, caso so haja em codigo temos de passar para word | B55: lt002_instrument | C55: TYP_INSTRMNT | D55: {=_xlfn.IFNA(IF(INDEX('Analise FC'!$A$5:$C$43,MATCH(1,('Analise Campos FC'!$B55='Analise FC'!$B$5:$B$43)*('Analise FC'!$C$5:$C$43='Analise Campos FC'!$C55),0),1)="assessment","Y","N"),"N")} -> N | E55: {=_xlfn.IFNA(IF(INDEX('Analise FC'!$F$5:$H$28,MATCH(1,('Analise Campos FC'!$B55='Analise FC'!$G$5:$G$28)*('Analise FC'!$H$5:$H$28='Analise Campos FC'!$C55),0),1)="teste_regressivo","Y","N"),"N")} -> Y | F55: {=_xlfn.IFNA(IF(INDEX('Analise FC'!$L$5:$N$74,MATCH(1,('Analise Campos FC'!$B55='Analise FC'!$M$5:$M$74)*('Analise FC'!$N$5:$N$74='Analise Campos FC'!$C55),0),1)="especificação","Y","N"),"N")} -> N | G55: {=_xlfn.IFNA(IF(INDEX('Analise FC'!$Q$5:$S$50,MATCH(1,('Analise Campos FC'!$B55='Analise FC'!$R$5:$R$50)*('Analise FC'!$S$5:$S$50='Analise Campos FC'!$C55),0),1)="simulação_testes","Y","N"),"N")} -> N | H55: OK
A56: questionar JB e HC por causa da especificação, caso so haja em codigo temos de passar para word | B56: lt002_instrument | C56: GRSS_CRRYNG_AMNT_INSTRMNT | D56: {=_xlfn.IFNA(IF(INDEX('Analise FC'!$A$5:$C$43,MATCH(1,('Analise Campos FC'!$B56='Analise FC'!$B$5:$B$43)*('Analise FC'!$C$5:$C$43='Analise Campos FC'!$C56),0),1)="assessment","Y","N"),"N")} -> N | E56: {=_xlfn.IFNA(IF(INDEX('Analise FC'!$F$5:$H$28,MATCH(1,('Analise Campos FC'!$B56='Analise FC'!$G$5:$G$28)*('Analise FC'!$H$5:$H$28='Analise Campos FC'!$C56),0),1)="teste_regressivo","Y","N"),"N")} -> Y | F56: {=_xlfn.IFNA(IF(INDEX('Analise FC'!$L$5:$N$74,MATCH(1,('Analise Campos FC'!$B56='Analise FC'!$M$5:$M$74)*('Analise FC'!$N$5:$N$74='Analise Campos FC'!$C56),0),1)="especificação","Y","N"),"N")} -> N | G56: {=_xlfn.IFNA(IF(INDEX('Analise FC'!$Q$5:$S$50,MATCH(1,('Analise Campos FC'!$B56='Analise FC'!$R$5:$R$50)*('Analise FC'!$S$5:$S$50='Analise Campos FC'!$C56),0),1)="simulação_testes","Y","N"),"N")} -> N | H56: OK
A57: questionar JB e HC por causa da especificação, caso so haja em codigo temos de passar para word | B57: lt002_instrument | C57: ACCMLTD_CHNGS_FV_CR_INSTRMNT | D57: {=_xlfn.IFNA(IF(INDEX('Analise FC'!$A$5:$C$43,MATCH(1,('Analise Campos FC'!$B57='Analise FC'!$B$5:$B$43)*('Analise FC'!$C$5:$C$43='Analise Campos FC'!$C57),0),1)="assessment","Y","N"),"N")} -> N | E57: {=_xlfn.IFNA(IF(INDEX('Analise FC'!$F$5:$H$28,MATCH(1,('Analise Campos FC'!$B57='Analise FC'!$G$5:$G$28)*('Analise FC'!$H$5:$H$28='Analise Campos FC'!$C57),0),1)="teste_regressivo","Y","N"),"N")} -> Y | F57: {=_xlfn.IFNA(IF(INDEX('Analise FC'!$L$5:$N$74,MATCH(1,('Analise Campos FC'!$B57='Analise FC'!$M$5:$M$74)*('Analise FC'!$N$5:$N$74='Analise Campos FC'!$C57),0),1)="especificação","Y","N"),"N")} -> N | G57: {=_xlfn.IFNA(IF(INDEX('Analise FC'!$Q$5:$S$50,MATCH(1,('Analise Campos FC'!$B57='Analise FC'!$R$5:$R$50)*('Analise FC'!$S$5:$S$50='Analise Campos FC'!$C57),0),1)="simulação_testes","Y","N"),"N")} -> N | H57: OK
A58: questionar JB e HC por causa da especificação, caso so haja em codigo temos de passar para word | B58: lt002_instrument | C58: ACCNTNG_CLSSFCTN | D58: {=_xlfn.IFNA(IF(INDEX('Analise FC'!$A$5:$C$43,MATCH(1,('Analise Campos FC'!$B58='Analise FC'!$B$5:$B$43)*('Analise FC'!$C$5:$C$43='Analise Campos FC'!$C58),0),1)="assessment","Y","N"),"N")} -> N | E58: {=_xlfn.IFNA(IF(INDEX('Analise FC'!$F$5:$H$28,MATCH(1,('Analise Campos FC'!$B58='Analise FC'!$G$5:$G$28)*('Analise FC'!$H$5:$H$28='Analise Campos FC'!$C58),0),1)="teste_regressivo","Y","N"),"N")} -> Y | F58: {=_xlfn.IFNA(IF(INDEX('Analise FC'!$L$5:$N$74,MATCH(1,('Analise Campos FC'!$B58='Analise FC'!$M$5:$M$74)*('Analise FC'!$N$5:$N$74='Analise Campos FC'!$C58),0),1)="especificação","Y","N"),"N")} -> N | G58: {=_xlfn.IFNA(IF(INDEX('Analise FC'!$Q$5:$S$50,MATCH(1,('Analise Campos FC'!$B58='Analise FC'!$R$5:$R$50)*('Analise FC'!$S$5:$S$50='Analise Campos FC'!$C58),0),1)="simulação_testes","Y","N"),"N")} -> N | H58: OK
A59: questionar JB e HC por causa da especificação, caso so haja em codigo temos de passar para word | B59: lt002_instrument | C59: OFF_BLNC_SHT_AMNT_INSTRMNT | D59: {=_xlfn.IFNA(IF(INDEX('Analise FC'!$A$5:$C$43,MATCH(1,('Analise Campos FC'!$B59='Analise FC'!$B$5:$B$43)*('Analise FC'!$C$5:$C$43='Analise Campos FC'!$C59),0),1)="assessment","Y","N"),"N")} -> N | E59: {=_xlfn.IFNA(IF(INDEX('Analise FC'!$F$5:$H$28,MATCH(1,('Analise Campos FC'!$B59='Analise FC'!$G$5:$G$28)*('Analise FC'!$H$5:$H$28='Analise Campos FC'!$C59),0),1)="teste_regressivo","Y","N"),"N")} -> Y | F59: {=_xlfn.IFNA(IF(INDEX('Analise FC'!$L$5:$N$74,MATCH(1,('Analise Campos FC'!$B59='Analise FC'!$M$5:$M$74)*('Analise FC'!$N$5:$N$74='Analise Campos FC'!$C59),0),1)="especificação","Y","N"),"N")} -> N | G59: {=_xlfn.IFNA(IF(INDEX('Analise FC'!$Q$5:$S$50,MATCH(1,('Analise Campos FC'!$B59='Analise FC'!$R$5:$R$50)*('Analise FC'!$S$5:$S$50='Analise Campos FC'!$C59),0),1)="simulação_testes","Y","N"),"N")} -> N | H59: OK
A60: questionar JB e HC por causa da especificação, caso so haja em codigo temos de passar para word | B60: lt002_instrument | C60: PRVSNS_OFF_BLNC_SHT | D60: {=_xlfn.IFNA(IF(INDEX('Analise FC'!$A$5:$C$43,MATCH(1,('Analise Campos FC'!$B60='Analise FC'!$B$5:$B$43)*('Analise FC'!$C$5:$C$43='Analise Campos FC'!$C60),0),1)="assessment","Y","N"),"N")} -> N | E60: {=_xlfn.IFNA(IF(INDEX('Analise FC'!$F$5:$H$28,MATCH(1,('Analise Campos FC'!$B60='Analise FC'!$G$5:$G$28)*('Analise FC'!$H$5:$H$28='Analise Campos FC'!$C60),0),1)="teste_regressivo","Y","N"),"N")} -> Y | F60: {=_xlfn.IFNA(IF(INDEX('Analise FC'!$L$5:$N$74,MATCH(1,('Analise Campos FC'!$B60='Analise FC'!$M$5:$M$74)*('Analise FC'!$N$5:$N$74='Analise Campos FC'!$C60),0),1)="especificação","Y","N"),"N")} -> N | G60: {=_xlfn.IFNA(IF(INDEX('Analise FC'!$Q$5:$S$50,MATCH(1,('Analise Campos FC'!$B60='Analise FC'!$R$5:$R$50)*('Analise FC'!$S$5:$S$50='Analise Campos FC'!$C60),0),1)="simulação_testes","Y","N"),"N")} -> N | H60: OK
A61: questionar JB e HC por causa da especificação, caso so haja em codigo temos de passar para word | B61: lt002_instrument | C61: RWA | D61: {=_xlfn.IFNA(IF(INDEX('Analise FC'!$A$5:$C$43,MATCH(1,('Analise Campos FC'!$B61='Analise FC'!$B$5:$B$43)*('Analise FC'!$C$5:$C$43='Analise Campos FC'!$C61),0),1)="assessment","Y","N"),"N")} -> N | E61: {=_xlfn.IFNA(IF(INDEX('Analise FC'!$F$5:$H$28,MATCH(1,('Analise Campos FC'!$B61='Analise FC'!$G$5:$G$28)*('Analise FC'!$H$5:$H$28='Analise Campos FC'!$C61),0),1)="teste_regressivo","Y","N"),"N")} -> Y | F61: {=_xlfn.IFNA(IF(INDEX('Analise FC'!$L$5:$N$74,MATCH(1,('Analise Campos FC'!$B61='Analise FC'!$M$5:$M$74)*('Analise FC'!$N$5:$N$74='Analise Campos FC'!$C61),0),1)="especificação","Y","N"),"N")} -> N | G61: {=_xlfn.IFNA(IF(INDEX('Analise FC'!$Q$5:$S$50,MATCH(1,('Analise Campos FC'!$B61='Analise FC'!$R$5:$R$50)*('Analise FC'!$S$5:$S$50='Analise Campos FC'!$C61),0),1)="simulação_testes","Y","N"),"N")} -> N | H61: OK
A62: questionar JB e HC por causa da especificação, caso so haja em codigo temos de passar para word | B62: lt002_instrument | C62: ACCMLTD_IMPRMNT_INSTRMNT | D62: {=_xlfn.IFNA(IF(INDEX('Analise FC'!$A$5:$C$43,MATCH(1,('Analise Campos FC'!$B62='Analise FC'!$B$5:$B$43)*('Analise FC'!$C$5:$C$43='Analise Campos FC'!$C62),0),1)="assessment","Y","N"),"N")} -> N | E62: {=_xlfn.IFNA(IF(INDEX('Analise FC'!$F$5:$H$28,MATCH(1,('Analise Campos FC'!$B62='Analise FC'!$G$5:$G$28)*('Analise FC'!$H$5:$H$28='Analise Campos FC'!$C62),0),1)="teste_regressivo","Y","N"),"N")} -> Y | F62: {=_xlfn.IFNA(IF(INDEX('Analise FC'!$L$5:$N$74,MATCH(1,('Analise Campos FC'!$B62='Analise FC'!$M$5:$M$74)*('Analise FC'!$N$5:$N$74='Analise Campos FC'!$C62),0),1)="especificação","Y","N"),"N")} -> N | G62: {=_xlfn.IFNA(IF(INDEX('Analise FC'!$Q$5:$S$50,MATCH(1,('Analise Campos FC'!$B62='Analise FC'!$R$5:$R$50)*('Analise FC'!$S$5:$S$50='Analise Campos FC'!$C62),0),1)="simulação_testes","Y","N"),"N")} -> N | H62: OK
A63: questionar JB e HC por causa da especificação, caso so haja em codigo temos de passar para word | B63: lt002_instrument | C63: COD_SOC_INTRGRP | D63: {=_xlfn.IFNA(IF(INDEX('Analise FC'!$A$5:$C$43,MATCH(1,('Analise Campos FC'!$B63='Analise FC'!$B$5:$B$43)*('Analise FC'!$C$5:$C$43='Analise Campos FC'!$C63),0),1)="assessment","Y","N"),"N")} -> N | E63: {=_xlfn.IFNA(IF(INDEX('Analise FC'!$F$5:$H$28,MATCH(1,('Analise Campos FC'!$B63='Analise FC'!$G$5:$G$28)*('Analise FC'!$H$5:$H$28='Analise Campos FC'!$C63),0),1)="teste_regressivo","Y","N"),"N")} -> Y | F63: {=_xlfn.IFNA(IF(INDEX('Analise FC'!$L$5:$N$74,MATCH(1,('Analise Campos FC'!$B63='Analise FC'!$M$5:$M$74)*('Analise FC'!$N$5:$N$74='Analise Campos FC'!$C63),0),1)="especificação","Y","N"),"N")} -> N | G63: {=_xlfn.IFNA(IF(INDEX('Analise FC'!$Q$5:$S$50,MATCH(1,('Analise Campos FC'!$B63='Analise FC'!$R$5:$R$50)*('Analise FC'!$S$5:$S$50='Analise Campos FC'!$C63),0),1)="simulação_testes","Y","N"),"N")} -> N | H63: OK
A64: questionar JB e HC por causa da especificação, caso so haja em codigo temos de passar para word | B64: lt002_instrument | C64: LCL_INSTMRNT_ID | D64: {=_xlfn.IFNA(IF(INDEX('Analise FC'!$A$5:$C$43,MATCH(1,('Analise Campos FC'!$B64='Analise FC'!$B$5:$B$43)*('Analise FC'!$C$5:$C$43='Analise Campos FC'!$C64),0),1)="assessment","Y","N"),"N")} -> N | E64: {=_xlfn.IFNA(IF(INDEX('Analise FC'!$F$5:$H$28,MATCH(1,('Analise Campos FC'!$B64='Analise FC'!$G$5:$G$28)*('Analise FC'!$H$5:$H$28='Analise Campos FC'!$C64),0),1)="teste_regressivo","Y","N"),"N")} -> Y | F64: {=_xlfn.IFNA(IF(INDEX('Analise FC'!$L$5:$N$74,MATCH(1,('Analise Campos FC'!$B64='Analise FC'!$M$5:$M$74)*('Analise FC'!$N$5:$N$74='Analise Campos FC'!$C64),0),1)="especificação","Y","N"),"N")} -> N | G64: {=_xlfn.IFNA(IF(INDEX('Analise FC'!$Q$5:$S$50,MATCH(1,('Analise Campos FC'!$B64='Analise FC'!$R$5:$R$50)*('Analise FC'!$S$5:$S$50='Analise Campos FC'!$C64),0),1)="simulação_testes","Y","N"),"N")} -> N | H64: OK
A65: questionar JB e HC por causa da especificação, caso so haja em codigo temos de passar para word | B65: lt002_instrument | C65: IDCMB | D65: {=_xlfn.IFNA(IF(INDEX('Analise FC'!$A$5:$C$43,MATCH(1,('Analise Campos FC'!$B65='Analise FC'!$B$5:$B$43)*('Analise FC'!$C$5:$C$43='Analise Campos FC'!$C65),0),1)="assessment","Y","N"),"N")} -> N | E65: {=_xlfn.IFNA(IF(INDEX('Analise FC'!$F$5:$H$28,MATCH(1,('Analise Campos FC'!$B65='Analise FC'!$G$5:$G$28)*('Analise FC'!$H$5:$H$28='Analise Campos FC'!$C65),0),1)="teste_regressivo","Y","N"),"N")} -> Y | F65: {=_xlfn.IFNA(IF(INDEX('Analise FC'!$L$5:$N$74,MATCH(1,('Analise Campos FC'!$B65='Analise FC'!$M$5:$M$74)*('Analise FC'!$N$5:$N$74='Analise Campos FC'!$C65),0),1)="especificação","Y","N"),"N")} -> N | G65: {=_xlfn.IFNA(IF(INDEX('Analise FC'!$Q$5:$S$50,MATCH(1,('Analise Campos FC'!$B65='Analise FC'!$R$5:$R$50)*('Analise FC'!$S$5:$S$50='Analise Campos FC'!$C65),0),1)="simulação_testes","Y","N"),"N")} -> N | H65: OK
B66: lt002_instrument | C66: CCF | D66: {=_xlfn.IFNA(IF(INDEX('Analise FC'!$A$5:$C$43,MATCH(1,('Analise Campos FC'!$B66='Analise FC'!$B$5:$B$43)*('Analise FC'!$C$5:$C$43='Analise Campos FC'!$C66),0),1)="assessment","Y","N"),"N")} -> N | E66: {=_xlfn.IFNA(IF(INDEX('Analise FC'!$F$5:$H$28,MATCH(1,('Analise Campos FC'!$B66='Analise FC'!$G$5:$G$28)*('Analise FC'!$H$5:$H$28='Analise Campos FC'!$C66),0),1)="teste_regressivo","Y","N"),"N")} -> N | F66: {=_xlfn.IFNA(IF(INDEX('Analise FC'!$L$5:$N$74,MATCH(1,('Analise Campos FC'!$B66='Analise FC'!$M$5:$M$74)*('Analise FC'!$N$5:$N$74='Analise Campos FC'!$C66),0),1)="especificação","Y","N"),"N")} -> Y | G66: {=_xlfn.IFNA(IF(INDEX('Analise FC'!$Q$5:$S$50,MATCH(1,('Analise Campos FC'!$B66='Analise FC'!$R$5:$R$50)*('Analise FC'!$S$5:$S$50='Analise Campos FC'!$C66),0),1)="simulação_testes","Y","N"),"N")} -> Y
A67: passou a ser do ambito de LF, tem incidencias e não esta implementado | B67: lt002_instrument | C67: EAD | D67: {=_xlfn.IFNA(IF(INDEX('Analise FC'!$A$5:$C$43,MATCH(1,('Analise Campos FC'!$B67='Analise FC'!$B$5:$B$43)*('Analise FC'!$C$5:$C$43='Analise Campos FC'!$C67),0),1)="assessment","Y","N"),"N")} -> N | E67: {=_xlfn.IFNA(IF(INDEX('Analise FC'!$F$5:$H$28,MATCH(1,('Analise Campos FC'!$B67='Analise FC'!$G$5:$G$28)*('Analise FC'!$H$5:$H$28='Analise Campos FC'!$C67),0),1)="teste_regressivo","Y","N"),"N")} -> N | F67: {=_xlfn.IFNA(IF(INDEX('Analise FC'!$L$5:$N$74,MATCH(1,('Analise Campos FC'!$B67='Analise FC'!$M$5:$M$74)*('Analise FC'!$N$5:$N$74='Analise Campos FC'!$C67),0),1)="especificação","Y","N"),"N")} -> Y | G67: {=_xlfn.IFNA(IF(INDEX('Analise FC'!$Q$5:$S$50,MATCH(1,('Analise Campos FC'!$B67='Analise FC'!$R$5:$R$50)*('Analise FC'!$S$5:$S$50='Analise Campos FC'!$C67),0),1)="simulação_testes","Y","N"),"N")} -> Y
B68: lt002_instrument | C68: TYP_OFF_BLNC_PRDCT | D68: {=_xlfn.IFNA(IF(INDEX('Analise FC'!$A$5:$C$43,MATCH(1,('Analise Campos FC'!$B68='Analise FC'!$B$5:$B$43)*('Analise FC'!$C$5:$C$43='Analise Campos FC'!$C68),0),1)="assessment","Y","N"),"N")} -> N | E68: {=_xlfn.IFNA(IF(INDEX('Analise FC'!$F$5:$H$28,MATCH(1,('Analise Campos FC'!$B68='Analise FC'!$G$5:$G$28)*('Analise FC'!$H$5:$H$28='Analise Campos FC'!$C68),0),1)="teste_regressivo","Y","N"),"N")} -> N | F68: {=_xlfn.IFNA(IF(INDEX('Analise FC'!$L$5:$N$74,MATCH(1,('Analise Campos FC'!$B68='Analise FC'!$M$5:$M$74)*('Analise FC'!$N$5:$N$74='Analise Campos FC'!$C68),0),1)="especificação","Y","N"),"N")} -> Y | G68: {=_xlfn.IFNA(IF(INDEX('Analise FC'!$Q$5:$S$50,MATCH(1,('Analise Campos FC'!$B68='Analise FC'!$R$5:$R$50)*('Analise FC'!$S$5:$S$50='Analise Campos FC'!$C68),0),1)="simulação_testes","Y","N"),"N")} -> Y
B69: lt006_instr_protection | C69: COD_SOC | D69: {=_xlfn.IFNA(IF(INDEX('Analise FC'!$A$5:$C$43,MATCH(1,('Analise Campos FC'!$B69='Analise FC'!$B$5:$B$43)*('Analise FC'!$C$5:$C$43='Analise Campos FC'!$C69),0),1)="assessment","Y","N"),"N")} -> N | E69: {=_xlfn.IFNA(IF(INDEX('Analise FC'!$F$5:$H$28,MATCH(1,('Analise Campos FC'!$B69='Analise FC'!$G$5:$G$28)*('Analise FC'!$H$5:$H$28='Analise Campos FC'!$C69),0),1)="teste_regressivo","Y","N"),"N")} -> N | F69: {=_xlfn.IFNA(IF(INDEX('Analise FC'!$L$5:$N$74,MATCH(1,('Analise Campos FC'!$B69='Analise FC'!$M$5:$M$74)*('Analise FC'!$N$5:$N$74='Analise Campos FC'!$C69),0),1)="especificação","Y","N"),"N")} -> Y | G69: {=_xlfn.IFNA(IF(INDEX('Analise FC'!$Q$5:$S$50,MATCH(1,('Analise Campos FC'!$B69='Analise FC'!$R$5:$R$50)*('Analise FC'!$S$5:$S$50='Analise Campos FC'!$C69),0),1)="simulação_testes","Y","N"),"N")} -> Y | H69: necessário estar na especificação pois temos de dizer que para ambito='GD' vai ter de ser preenchido com '00100'? Não, ver com Gonçalo | I69: usar a especificação de PM, a Mariana não consegue criar as tabelas sem as chaves, por isso, nestes casos vamos apenas colocar a especificação no excel igual ao que está no loan tape estrutural, não colocamos no word.
B70: lt006_instr_protection | C70: DT_RFRNC | D70: {=_xlfn.IFNA(IF(INDEX('Analise FC'!$A$5:$C$43,MATCH(1,('Analise Campos FC'!$B70='Analise FC'!$B$5:$B$43)*('Analise FC'!$C$5:$C$43='Analise Campos FC'!$C70),0),1)="assessment","Y","N"),"N")} -> N | E70: {=_xlfn.IFNA(IF(INDEX('Analise FC'!$F$5:$H$28,MATCH(1,('Analise Campos FC'!$B70='Analise FC'!$G$5:$G$28)*('Analise FC'!$H$5:$H$28='Analise Campos FC'!$C70),0),1)="teste_regressivo","Y","N"),"N")} -> N | F70: {=_xlfn.IFNA(IF(INDEX('Analise FC'!$L$5:$N$74,MATCH(1,('Analise Campos FC'!$B70='Analise FC'!$M$5:$M$74)*('Analise FC'!$N$5:$N$74='Analise Campos FC'!$C70),0),1)="especificação","Y","N"),"N")} -> Y | G70: {=_xlfn.IFNA(IF(INDEX('Analise FC'!$Q$5:$S$50,MATCH(1,('Analise Campos FC'!$B70='Analise FC'!$R$5:$R$50)*('Analise FC'!$S$5:$S$50='Analise Campos FC'!$C70),0),1)="simulação_testes","Y","N"),"N")} -> Y | H70: não devia ser só para simulação/testes? Não, pois eles têm de especificar as linhas para o nosso ambito | I70: usar a especificação de PM, a Mariana não consegue criar as tabelas sem as chaves, por isso, nestes casos vamos apenas colocar a especificação no excel igual ao que está no loan tape estrutural, não colocamos no word.
B71: lt006_instr_protection | C71: INSTRMNT_ID | D71: {=_xlfn.IFNA(IF(INDEX('Analise FC'!$A$5:$C$43,MATCH(1,('Analise Campos FC'!$B71='Analise FC'!$B$5:$B$43)*('Analise FC'!$C$5:$C$43='Analise Campos FC'!$C71),0),1)="assessment","Y","N"),"N")} -> N | E71: {=_xlfn.IFNA(IF(INDEX('Analise FC'!$F$5:$H$28,MATCH(1,('Analise Campos FC'!$B71='Analise FC'!$G$5:$G$28)*('Analise FC'!$H$5:$H$28='Analise Campos FC'!$C71),0),1)="teste_regressivo","Y","N"),"N")} -> N | F71: {=_xlfn.IFNA(IF(INDEX('Analise FC'!$L$5:$N$74,MATCH(1,('Analise Campos FC'!$B71='Analise FC'!$M$5:$M$74)*('Analise FC'!$N$5:$N$74='Analise Campos FC'!$C71),0),1)="especificação","Y","N"),"N")} -> Y | G71: {=_xlfn.IFNA(IF(INDEX('Analise FC'!$Q$5:$S$50,MATCH(1,('Analise Campos FC'!$B71='Analise FC'!$R$5:$R$50)*('Analise FC'!$S$5:$S$50='Analise Campos FC'!$C71),0),1)="simulação_testes","Y","N"),"N")} -> Y | H71: não devia ser só para simulação/testes? Não, pois eles têm de especificar as linhas para o nosso ambito | I71: usar a especificação de PM, a Mariana não consegue criar as tabelas sem as chaves, por isso, nestes casos vamos apenas colocar a especificação no excel igual ao que está no loan tape estrutural, não colocamos no word.
B72: lt006_instr_protection | C72: PRTCTN_ID | D72: {=_xlfn.IFNA(IF(INDEX('Analise FC'!$A$5:$C$43,MATCH(1,('Analise Campos FC'!$B72='Analise FC'!$B$5:$B$43)*('Analise FC'!$C$5:$C$43='Analise Campos FC'!$C72),0),1)="assessment","Y","N"),"N")} -> N | E72: {=_xlfn.IFNA(IF(INDEX('Analise FC'!$F$5:$H$28,MATCH(1,('Analise Campos FC'!$B72='Analise FC'!$G$5:$G$28)*('Analise FC'!$H$5:$H$28='Analise Campos FC'!$C72),0),1)="teste_regressivo","Y","N"),"N")} -> N | F72: {=_xlfn.IFNA(IF(INDEX('Analise FC'!$L$5:$N$74,MATCH(1,('Analise Campos FC'!$B72='Analise FC'!$M$5:$M$74)*('Analise FC'!$N$5:$N$74='Analise Campos FC'!$C72),0),1)="especificação","Y","N"),"N")} -> Y | G72: {=_xlfn.IFNA(IF(INDEX('Analise FC'!$Q$5:$S$50,MATCH(1,('Analise Campos FC'!$B72='Analise FC'!$R$5:$R$50)*('Analise FC'!$S$5:$S$50='Analise Campos FC'!$C72),0),1)="simulação_testes","Y","N"),"N")} -> Y | I72: usar a especificação de PM, a Mariana não consegue criar as tabelas sem as chaves, por isso, nestes casos vamos apenas colocar a especificação no excel igual ao que está no loan tape estrutural, não colocamos no word.
B73: lt004_protection | C73: COD_SOC | D73: {=_xlfn.IFNA(IF(INDEX('Analise FC'!$A$5:$C$43,MATCH(1,('Analise Campos FC'!$B73='Analise FC'!$B$5:$B$43)*('Analise FC'!$C$5:$C$43='Analise Campos FC'!$C73),0),1)="assessment","Y","N"),"N")} -> N | E73: {=_xlfn.IFNA(IF(INDEX('Analise FC'!$F$5:$H$28,MATCH(1,('Analise Campos FC'!$B73='Analise FC'!$G$5:$G$28)*('Analise FC'!$H$5:$H$28='Analise Campos FC'!$C73),0),1)="teste_regressivo","Y","N"),"N")} -> N | F73: {=_xlfn.IFNA(IF(INDEX('Analise FC'!$L$5:$N$74,MATCH(1,('Analise Campos FC'!$B73='Analise FC'!$M$5:$M$74)*('Analise FC'!$N$5:$N$74='Analise Campos FC'!$C73),0),1)="especificação","Y","N"),"N")} -> Y | G73: {=_xlfn.IFNA(IF(INDEX('Analise FC'!$Q$5:$S$50,MATCH(1,('Analise Campos FC'!$B73='Analise FC'!$R$5:$R$50)*('Analise FC'!$S$5:$S$50='Analise Campos FC'!$C73),0),1)="simulação_testes","Y","N"),"N")} -> Y | H73: necessário estar na especificação pois temos de dizer que para ambito='GD' vai ter de ser preenchido com '00100'? Não, ver com Gonçalo | I73: usar a especificação de PM, a Mariana não consegue criar as tabelas sem as chaves, por isso, nestes casos vamos apenas colocar a especificação no excel igual ao que está no loan tape estrutural, não colocamos no word.
B74: lt004_protection | C74: DT_RFRNC | D74: {=_xlfn.IFNA(IF(INDEX('Analise FC'!$A$5:$C$43,MATCH(1,('Analise Campos FC'!$B74='Analise FC'!$B$5:$B$43)*('Analise FC'!$C$5:$C$43='Analise Campos FC'!$C74),0),1)="assessment","Y","N"),"N")} -> N | E74: {=_xlfn.IFNA(IF(INDEX('Analise FC'!$F$5:$H$28,MATCH(1,('Analise Campos FC'!$B74='Analise FC'!$G$5:$G$28)*('Analise FC'!$H$5:$H$28='Analise Campos FC'!$C74),0),1)="teste_regressivo","Y","N"),"N")} -> N | F74: {=_xlfn.IFNA(IF(INDEX('Analise FC'!$L$5:$N$74,MATCH(1,('Analise Campos FC'!$B74='Analise FC'!$M$5:$M$74)*('Analise FC'!$N$5:$N$74='Analise Campos FC'!$C74),0),1)="especificação","Y","N"),"N")} -> Y | G74: {=_xlfn.IFNA(IF(INDEX('Analise FC'!$Q$5:$S$50,MATCH(1,('Analise Campos FC'!$B74='Analise FC'!$R$5:$R$50)*('Analise FC'!$S$5:$S$50='Analise Campos FC'!$C74),0),1)="simulação_testes","Y","N"),"N")} -> Y | H74: não devia ser só para simulação/testes? Não, pois eles têm de especificar as linhas para o nosso ambito | I74: usar a especificação de PM, a Mariana não consegue criar as tabelas sem as chaves, por isso, nestes casos vamos apenas colocar a especificação no excel igual ao que está no loan tape estrutural, não colocamos no word.
B75: lt004_protection | C75: PRTCTN_ID | D75: {=_xlfn.IFNA(IF(INDEX('Analise FC'!$A$5:$C$43,MATCH(1,('Analise Campos FC'!$B75='Analise FC'!$B$5:$B$43)*('Analise FC'!$C$5:$C$43='Analise Campos FC'!$C75),0),1)="assessment","Y","N"),"N")} -> N | E75: {=_xlfn.IFNA(IF(INDEX('Analise FC'!$F$5:$H$28,MATCH(1,('Analise Campos FC'!$B75='Analise FC'!$G$5:$G$28)*('Analise FC'!$H$5:$H$28='Analise Campos FC'!$C75),0),1)="teste_regressivo","Y","N"),"N")} -> N | F75: {=_xlfn.IFNA(IF(INDEX('Analise FC'!$L$5:$N$74,MATCH(1,('Analise Campos FC'!$B75='Analise FC'!$M$5:$M$74)*('Analise FC'!$N$5:$N$74='Analise Campos FC'!$C75),0),1)="especificação","Y","N"),"N")} -> Y | G75: {=_xlfn.IFNA(IF(INDEX('Analise FC'!$Q$5:$S$50,MATCH(1,('Analise Campos FC'!$B75='Analise FC'!$R$5:$R$50)*('Analise FC'!$S$5:$S$50='Analise Campos FC'!$C75),0),1)="simulação_testes","Y","N"),"N")} -> Y | I75: usar a especificação de PM, a Mariana não consegue criar as tabelas sem as chaves, por isso, nestes casos vamos apenas colocar a especificação no excel igual ao que está no loan tape estrutural, não colocamos no word.
A76: implementado na CD | B76: lt004_protection | C76: TYP_PRTCTN | D76: {=_xlfn.IFNA(IF(INDEX('Analise FC'!$A$5:$C$43,MATCH(1,('Analise Campos FC'!$B76='Analise FC'!$B$5:$B$43)*('Analise FC'!$C$5:$C$43='Analise Campos FC'!$C76),0),1)="assessment","Y","N"),"N")} -> N | E76: {=_xlfn.IFNA(IF(INDEX('Analise FC'!$F$5:$H$28,MATCH(1,('Analise Campos FC'!$B76='Analise FC'!$G$5:$G$28)*('Analise FC'!$H$5:$H$28='Analise Campos FC'!$C76),0),1)="teste_regressivo","Y","N"),"N")} -> N | F76: {=_xlfn.IFNA(IF(INDEX('Analise FC'!$L$5:$N$74,MATCH(1,('Analise Campos FC'!$B76='Analise FC'!$M$5:$M$74)*('Analise FC'!$N$5:$N$74='Analise Campos FC'!$C76),0),1)="especificação","Y","N"),"N")} -> Y | G76: {=_xlfn.IFNA(IF(INDEX('Analise FC'!$Q$5:$S$50,MATCH(1,('Analise Campos FC'!$B76='Analise FC'!$R$5:$R$50)*('Analise FC'!$S$5:$S$50='Analise Campos FC'!$C76),0),1)="simulação_testes","Y","N"),"N")} -> Y
A77: em testes, não esta fechado do lado de PM, há incidencias | B77: lt004_protection | C77: PRTCTN_VL | D77: {=_xlfn.IFNA(IF(INDEX('Analise FC'!$A$5:$C$43,MATCH(1,('Analise Campos FC'!$B77='Analise FC'!$B$5:$B$43)*('Analise FC'!$C$5:$C$43='Analise Campos FC'!$C77),0),1)="assessment","Y","N"),"N")} -> N | E77: {=_xlfn.IFNA(IF(INDEX('Analise FC'!$F$5:$H$28,MATCH(1,('Analise Campos FC'!$B77='Analise FC'!$G$5:$G$28)*('Analise FC'!$H$5:$H$28='Analise Campos FC'!$C77),0),1)="teste_regressivo","Y","N"),"N")} -> N | F77: {=_xlfn.IFNA(IF(INDEX('Analise FC'!$L$5:$N$74,MATCH(1,('Analise Campos FC'!$B77='Analise FC'!$M$5:$M$74)*('Analise FC'!$N$5:$N$74='Analise Campos FC'!$C77),0),1)="especificação","Y","N"),"N")} -> Y | G77: {=_xlfn.IFNA(IF(INDEX('Analise FC'!$Q$5:$S$50,MATCH(1,('Analise Campos FC'!$B77='Analise FC'!$R$5:$R$50)*('Analise FC'!$S$5:$S$50='Analise Campos FC'!$C77),0),1)="simulação_testes","Y","N"),"N")} -> Y
B78: lt004_protection | C78: FLG_ELCTRC_VHCL | D78: {=_xlfn.IFNA(IF(INDEX('Analise FC'!$A$5:$C$43,MATCH(1,('Analise Campos FC'!$B78='Analise FC'!$B$5:$B$43)*('Analise FC'!$C$5:$C$43='Analise Campos FC'!$C78),0),1)="assessment","Y","N"),"N")} -> N | E78: {=_xlfn.IFNA(IF(INDEX('Analise FC'!$F$5:$H$28,MATCH(1,('Analise Campos FC'!$B78='Analise FC'!$G$5:$G$28)*('Analise FC'!$H$5:$H$28='Analise Campos FC'!$C78),0),1)="teste_regressivo","Y","N"),"N")} -> N | F78: {=_xlfn.IFNA(IF(INDEX('Analise FC'!$L$5:$N$74,MATCH(1,('Analise Campos FC'!$B78='Analise FC'!$M$5:$M$74)*('Analise FC'!$N$5:$N$74='Analise Campos FC'!$C78),0),1)="especificação","Y","N"),"N")} -> Y | G78: {=_xlfn.IFNA(IF(INDEX('Analise FC'!$Q$5:$S$50,MATCH(1,('Analise Campos FC'!$B78='Analise FC'!$R$5:$R$50)*('Analise FC'!$S$5:$S$50='Analise Campos FC'!$C78),0),1)="simulação_testes","Y","N"),"N")} -> Y
