Workbook
Name IQ_CH: 110000
Name IQ_CQ: 5000
Name IQ_CY: 10000
Name IQ_DAILY: 500000
Name IQ_FH: 100000
Name IQ_FQ: 500
Name IQ_FY: 1000
Name IQ_LTM: 2000
Name IQ_MONTH: 15000
Name IQ_NTM: 6000
Name IQ_WEEK: 50000
Name IQ_YTD: 3000

Sheet Input Hue
A1: stage | B1: contraparte | C1: vb_imp | D1: tipo_colateral | E1: maturity | F1: cod_nace_esg | G1: acute_changes | H1: chronic_changes | I1: flag_physical_risk | J1: amount | K1: aveg_aux
A2: stage 3 | B2: outras empresas nao financeiras | C2: imparidade | D2: Sem Garantia | E2: 4 | F2: A | G2: ACUT2 | H2: CHRO2 | I2: 0 | J2: -15447 | K2: NULL
A3: stage 3 | B3: outras empresas nao financeiras | C3: imparidade | D3: Garantia Comercial | E3: 7 | F3: H | G3: ACUT2 | H3: CHRO2 | I3: 0 | J3: -141088 | K3: NULL
A4: stage 1 | B4: outras empresas nao financeiras | C4: valor bruto | D4: Garantia Comercial | E4: 9 | F4: M | G4: ACUT2 | H4: CHRO2 | I4: 0 | J4: 5590754 | K4: 50316786
A5: stage 1 | B5: outras empresas nao financeiras | C5: imparidade | D5: Sem Garantia | E5: 2 | F5: R | G5: ACUT2 | H5: CHRO2 | I5: 0 | J5: -16276 | K5: NULL
A6: stage 2 | B6: particulares | C6: imparidade | D6: Garantia Residencial | E6: 23 | G6: ACUT1 | H6: CHRO2 | I6: 1 | J6: -38061 | K6: NULL
A7: stage 3 | B7: particulares | C7: valor bruto | D7: Garantia Residencial | E7: 6 | G7: ACUT2 | H7: CHRO2 | I7: 0 | J7: 1899760 | K7: 11398560
A8: stage 1 | B8: outras empresas nao financeiras | C8: imparidade | D8: Garantia Comercial | E8: 16 | F8: M | G8: ACUT2 | H8: CHRO2 | I8: 0 | J8: -781 | K8: NULL
A9: stage 2 | B9: outras empresas nao financeiras | C9: imparidade | D9: Garantia Comercial | E9: 9 | F9: H | G9: ACUT2 | H9: CHRO2 | I9: 0 | J9: -164456 | K9: NULL
A10: stage 1 | B10: outras empresas nao financeiras | C10: valor bruto | D10: Garantia Comercial | E10: 11 | F10: S | G10: ACUT2 | H10: CHRO2 | I10: 0 | J10: 547470 | K10: 6022170
A11: stage 2 | B11: outras empresas nao financeiras | C11: imparidade | D11: Garantia Comercial | E11: 7 | F11: M | G11: ACUT2 | H11: CHRO2 | I11: 0 | J11: -30730 | K11: NULL
A12: stage 1 | B12: outras empresas nao financeiras | C12: valor bruto | D12: Garantia Comercial | E12: 2 | F12: G | G12: ACUT1 | H12: CHRO2 | I12: 1 | J12: 36675 | K12: 73350
A13: stage 1 | B13: outras empresas nao financeiras | C13: valor bruto | D13: Garantia Real | E13: 4 | F13: D | G13: ACUT2 | H13: CHRO2 | I13: 0 | J13: 81782 | K13: 327128
A14: stage 3 | B14: outras empresas nao financeiras | C14: imparidade | D14: Sem Garantia | E14: 0 | F14: I | G14: ACUT2 | H14: CHRO2 | I14: 0 | J14: -233592 | K14: NULL
A15: stage 3 | B15: outras empresas nao financeiras | C15: imparidade | D15: Garantia Comercial | E15: 9 | F15: M | G15: ACUT2 | H15: CHRO2 | I15: 0 | J15: -486869 | K15: NULL
A16: stage 1 | B16: outras empresas nao financeiras | C16: imparidade | D16: Sem Garantia | E16: 4 | F16: C | G16: ACUT2 | H16: CHRO2 | I16: 0 | J16: -305905 | K16: NULL
A17: stage 2 | B17: outras empresas nao financeiras | C17: valor bruto | D17: Sem Garantia | E17: 4 | F17: P | G17: ACUT2 | H17: CHRO2 | I17: 0 | J17: 161367 | K17: 645468
A18: stage 1 | B18: outras empresas nao financeiras | C18: imparidade | D18: Garantia Comercial | E18: 16 | F18: S | G18: ACUT2 | H18: CHRO2 | I18: 0 | J18: -2911 | K18: NULL
A19: stage 3 | B19: particulares | C19: imparidade | D19: Garantia Comercial | E19: 5 | G19: ACUT2 | H19: CHRO2 | I19: 0 | J19: -94624 | K19: NULL
A20: stage 3 | B20: particulares | C20: valor bruto | D20: Garantia Comercial | E20: 30 | G20: ACUT2 | H20: CHRO2 | I20: 0 | J20: 114370 | K20: 3431100
A21: stage 3 | B21: outras empresas nao financeiras | C21: imparidade | D21: Garantia Comercial | E21: 14 | F21: L | G21: ACUT2 | H21: CHRO2 | I21: 0 | J21: -43854 | K21: NULL
A22: stage 1 | B22: outras empresas nao financeiras | C22: valor bruto | D22: Garantia Comercial | E22: 11 | F22: M | G22: ACUT2 | H22: CHRO2 | I22: 0 | J22: 6965247 | K22: 76617717
A23: stage 1 | B23: particulares | C23: valor bruto | D23: Garantia Residencial | E23: 13 | G23: ACUT1 | H23: CHRO1 | I23: 1 | J23: 64123 | K23: 833599
A24: stage 2 | B24: outras empresas nao financeiras | C24: valor bruto | D24: Sem Garantia | E24: 6 | F24: H | G24: ACUT2 | H24: CHRO2 | I24: 0 | J24: 141757 | K24: 850542
A25: stage 2 | B25: outras empresas nao financeiras | C25: imparidade | D25: Garantia Comercial | E25: 10 | F25: G | G25: ACUT2 | H25: CHRO1 | I25: 1 | J25: -5855 | K25: NULL
A26: stage 1 | B26: outras empresas nao financeiras | C26: valor bruto | D26: Garantia Comercial | E26: 0 | F26: G | G26: ACUT2 | H26: CHRO1 | I26: 1 | J26: 19147 | K26: NULL
A27: stage 3 | B27: outras empresas nao financeiras | C27: valor bruto | D27: Garantia Real | E27: 4 | F27: A | G27: ACUT2 | H27: CHRO2 | I27: 0 | J27: 91424 | K27: 365696
A28: stage 3 | B28: outras empresas nao financeiras | C28: imparidade | D28: Garantia Comercial | E28: 13 | F28: N | G28: ACUT2 | H28: CHRO2 | I28: 0 | J28: -215812 | K28: NULL
A29: stage 1 | B29: outras empresas nao financeiras | C29: valor bruto | D29: Garantia Comercial | E29: 2 | F29: P | G29: ACUT2 | H29: CHRO2 | I29: 0 | J29: 196011 | K29: 392022
A30: stage 1 | B30: outras empresas nao financeiras | C30: valor bruto | D30: Garantia Real | E30: 2 | F30: G | G30: ACUT2 | H30: CHRO2 | I30: 0 | J30: 8996895 | K30: 17993790
A31: stage 1 | B31: outras empresas nao financeiras | C31: valor bruto | D31: Garantia Comercial | E31: 11 | F31: C | G31: ACUT2 | H31: CHRO1 | I31: 1 | J31: 4286960 | K31: 47156560
A32: stage 2 | B32: outras empresas nao financeiras | C32: valor bruto | D32: Garantia Real | E32: 3 | F32: Q | G32: ACUT2 | H32: CHRO2 | I32: 0 | J32: 683285 | K32: 2049855
A33: stage 2 | B33: outras empresas nao financeiras | C33: imparidade | D33: Garantia Comercial | E33: 9 | F33: F | G33: ACUT2 | H33: CHRO2 | I33: 0 | J33: -141671 | K33: NULL
A34: stage 1 | B34: particulares | C34: imparidade | D34: Garantia Residencial | E34: 35 | G34: ACUT1 | H34: CHRO2 | I34: 1 | J34: -15447 | K34: NULL
A35: stage 1 | B35: particulares | C35: valor bruto | D35: Garantia Comercial | E35: 6 | G35: ACUT2 | H35: CHRO1 | I35: 1 | J35: 361369 | K35: 2168214
A36: stage 2 | B36: outras empresas nao financeiras | C36: imparidade | D36: Garantia Comercial | E36: 0 | F36: I | G36: ACUT2 | H36: CHRO2 | I36: 0 | J36: -536 | K36: NULL
A37: stage 2 | B37: particulares | C37: valor bruto | D37: Garantia Residencial | E37: 9 | G37: ACUT2 | H37: CHRO1 | I37: 1 | J37: 164928 | K37: 1484352
A38: stage 2 | B38: outras empresas nao financeiras | C38: imparidade | D38: Garantia Comercial | E38: 10 | F38: J | G38: ACUT2 | H38: CHRO2 | I38: 0 | J38: -28274 | K38: NULL
A39: stage 3 | B39: outras empresas nao financeiras | C39: valor bruto | D39: Garantia Real | E39: 2 | F39: L | G39: ACUT2 | H39: CHRO2 | I39: 0 | J39: 30391 | K39: 60782
A40: stage 1 | B40: outras empresas nao financeiras | C40: valor bruto | D40: Garantia Real | E40: -1 | F40: I | G40: ACUT2 | H40: CHRO2 | I40: 0 | J40: 1854842 | K40: NULL
A41: stage 2 | B41: particulares | C41: imparidade | D41: Garantia Comercial | E41: 16 | G41: ACUT2 | H41: CHRO2 | I41: 0 | J41: -102131 | K41: NULL
A42: stage 3 | B42: outras empresas nao financeiras | C42: imparidade | D42: Garantia Real | E42: -4 | F42: N | G42: ACUT2 | H42: CHRO2 | I42: 0 | J42: -673440 | K42: NULL
A43: stage 1 | B43: outras empresas nao financeiras | C43: valor bruto | D43: Garantia Comercial | E43: 2 | F43: N | G43: ACUT2 | H43: CHRO2 | I43: 0 | J43: 660061 | K43: 1320122
A44: stage 3 | B44: outras empresas nao financeiras | C44: imparidade | D44: Garantia Real | E44: 2 | F44: B | G44: ACUT2 | H44: CHRO2 | I44: 0 | J44: -180150 | K44: NULL
A45: stage 1 | B45: outras empresas nao financeiras | C45: imparidade | D45: Sem Garantia | E45: 1 | F45: L | G45: ACUT2 | H45: CHRO2 | I45: 0 | J45: -44156 | K45: NULL
A46: stage 1 | B46: outras empresas nao financeiras | C46: imparidade | D46: Garantia Comercial | E46: 5 | F46: S | G46: ACUT2 | H46: CHRO2 | I46: 0 | J46: -858 | K46: NULL
A47: stage 1 | B47: particulares | C47: valor bruto | D47: Garantia Residencial | E47: 44 | G47: ACUT1 | H47: CHRO2 | I47: 1 | J47: 76742 | K47: 3376648
A48: stage 2 | B48: outras empresas nao financeiras | C48: imparidade | D48: Sem Garantia | E48: 3 | F48: E | G48: ACUT2 | H48: CHRO2 | I48: 0 | J48: -24565 | K48: NULL
A49: stage 1 | B49: outras empresas nao financeiras | C49: valor bruto | D49: Garantia Comercial | E49: 5 | F49: H | G49: ACUT2 | H49: CHRO2 | I49: 0 | J49: 1760226 | K49: 8801130
A50: stage 3 | B50: outras empresas nao financeiras | C50: imparidade | D50: Sem Garantia | E50: -1 | F50: D | G50: ACUT2 | H50: CHRO2 | I50: 0 | J50: -9758 | K50: NULL
A51: stage 2 | B51: outras empresas nao financeiras | C51: valor bruto | D51: Garantia Comercial | E51: 15 | F51: F | G51: ACUT2 | H51: CHRO2 | I51: 0 | J51: 932324 | K51: 13984860
A52: stage 2 | B52: outras empresas nao financeiras | C52: valor bruto | D52: Garantia Comercial | E52: 15 | F52: F | G52: ACUT2 | H52: CHRO1 | I52: 1 | J52: 43735 | K52: 656025
A53: stage 1 | B53: outras empresas nao financeiras | C53: imparidade | D53: Sem Garantia | E53: -1 | F53: F | G53: ACUT2 | H53: CHRO2 | I53: 0 | J53: -382664 | K53: NULL
A54: stage 2 | B54: particulares | C54: valor bruto | D54: Garantia Residencial | E54: 29 | G54: ACUT2 | H54: CHRO2 | I54: 0 | J54: 61001836 | K54: 1769053244
A55: stage 1 | B55: particulares | C55: valor bruto | D55: Garantia Residencial | E55: 5 | G55: ACUT1 | H55: CHRO1 | I55: 1 | J55: 98107 | K55: 490535
A56: stage 3 | B56: outras empresas nao financeiras | C56: imparidade | D56: Garantia Comercial | E56: 0 | F56: C | G56: ACUT2 | H56: CHRO1 | I56: 1 | J56: -4532 | K56: NULL
A57: stage 1 | B57: outras empresas nao financeiras | C57: valor bruto | D57: Garantia Comercial | E57: 11 | F57: A | G57: ACUT2 | H57: CHRO1 | I57: 1 | J57: 11119932 | K57: 122319252
A58: stage 2 | B58: outras empresas nao financeiras | C58: imparidade | D58: Garantia Comercial | E58: 5 | F58: L | G58: ACUT2 | H58: CHRO2 | I58: 0 | J58: -181429 | K58: NULL
A59: stage 2 | B59: outras empresas nao financeiras | C59: valor bruto | D59: Garantia Comercial | E59: 6 | F59: Q | G59: ACUT2 | H59: CHRO2 | I59: 0 | J59: 687031 | K59: 4122186
A60: stage 1 | B60: outras empresas nao financeiras | C60: imparidade | D60: Garantia Comercial | E60: 5 | F60: M | G60: ACUT2 | H60: CHRO2 | I60: 0 | J60: -8839 | K60: NULL
A61: stage 3 | B61: particulares | C61: valor bruto | D61: Garantia Residencial | E61: 11 | G61: ACUT2 | H61: CHRO2 | I61: 0 | J61: 2702434 | K61: 29726774
A62: stage 2 | B62: particulares | C62: valor bruto | D62: Garantia Residencial | E62: 28 | G62: ACUT1 | H62: CHRO2 | I62: 1 | J62: 966394 | K62: 27059032
A63: stage 2 | B63: particulares | C63: valor bruto | D63: Garantia Residencial | E63: 3 | G63: ACUT2 | H63: CHRO2 | I63: 0 | J63: 4282343 | K63: 12847029
A64: stage 2 | B64: outras empresas nao financeiras | C64: imparidade | D64: Sem Garantia | E64: 6 | F64: J | G64: ACUT2 | H64: CHRO2 | I64: 0 | J64: -64332 | K64: NULL
A65: stage 2 | B65: outras empresas nao financeiras | C65: valor bruto | D65: Garantia Real | E65: 5 | F65: H | G65: ACUT2 | H65: CHRO2 | I65: 0 | J65: 2107756 | K65: 10538780
A66: stage 1 | B66: particulares | C66: valor bruto | D66: Garantia Residencial | E66: 3 | G66: ACUT1 | H66: CHRO2 | I66: 1 | J66: 454791 | K66: 1364373
A67: stage 1 | B67: outras empresas nao financeiras | C67: imparidade | D67: Sem Garantia | E67: 8 | F67: D | G67: ACUT2 | H67: CHRO2 | I67: 0 | J67: -897 | K67: NULL
A68: stage 3 | B68: outras empresas nao financeiras | C68: valor bruto | D68: Garantia Comercial | E68: 9 | F68: I | G68: ACUT2 | H68: CHRO2 | I68: 0 | J68: 953982 | K68: 8585838
A69: stage 1 | B69: outras instituicoes financeiras | C69: valor bruto | D69: Garantia Comercial | E69: 3 | F69: Q | G69: ACUT2 | H69: CHRO2 | I69: 0 | J69: 792944 | K69: 2378832
A70: stage 2 | B70: outras empresas nao financeiras | C70: valor bruto | D70: Sem Garantia | E70: 7 | F70: G | G70: ACUT2 | H70: CHRO2 | I70: 0 | J70: 2048489 | K70: 14339423
A71: stage 3 | B71: particulares | C71: valor bruto | D71: Garantia Residencial | E71: 18 | G71: ACUT2 | H71: CHRO1 | I71: 1 | J71: 144040 | K71: 2592720
A72: stage 1 | B72: outras empresas nao financeiras | C72: imparidade | D72: Garantia Comercial | E72: 10 | F72: M | G72: ACUT1 | H72: CHRO2 | I72: 1 | J72: -86 | K72: NULL
A73: stage 2 | B73: particulares | C73: imparidade | D73: Garantia Residencial | E73: 9 | G73: ACUT1 | H73: CHRO1 | I73: 1 | J73: -70 | K73: NULL
A74: stage 2 | B74: outras empresas nao financeiras | C74: imparidade | D74: Garantia Comercial | E74: 9 | F74: G | G74: ACUT2 | H74: CHRO1 | I74: 1 | J74: -1036 | K74: NULL
A75: stage 1 | B75: outras empresas nao financeiras | C75: imparidade | D75: Sem Garantia | E75: 2 | F75: N | G75: ACUT2 | H75: CHRO2 | I75: 0 | J75: -61094 | K75: NULL
A76: stage 3 | B76: outras empresas nao financeiras | C76: valor bruto | D76: Sem Garantia | E76: -4 | F76: J | G76: ACUT2 | H76: CHRO2 | I76: 0 | J76: 403398 | K76: NULL
A77: stage 2 | B77: particulares | C77: imparidade | D77: Garantia Comercial | E77: 34 | G77: ACUT2 | H77: CHRO2 | I77: 0 | J77: -7644 | K77: NULL
A78: stage 3 | B78: particulares | C78: imparidade | D78: Garantia Residencial | E78: 31 | G78: ACUT1 | H78: CHRO2 | I78: 1 | J78: -20368 | K78: NULL
A79: stage 1 | B79: particulares | C79: valor bruto | D79: Garantia Comercial | E79: 10 | G79: ACUT2 | H79: CHRO2 | I79: 0 | J79: 3147489 | K79: 31474890
A80: stage 1 | B80: outras instituicoes financeiras | C80: valor bruto | D80: Garantia Comercial | E80: 7 | F80: K | G80: ACUT2 | H80: CHRO2 | I80: 0 | J80: 4007934 | K80: 28055538
A81: stage 1 | B81: outras empresas nao financeiras | C81: valor bruto | D81: Garantia Comercial | E81: 11 | F81: Q | G81: ACUT2 | H81: CHRO2 | I81: 0 | J81: 8989407 | K81: 98883477
A82: stage 1 | B82: outras empresas nao financeiras | C82: imparidade | D82: Garantia Real | E82: -1 | F82: H | G82: ACUT2 | H82: CHRO2 | I82: 0 | J82: -642 | K82: NULL
A83: stage 1 | B83: particulares | C83: imparidade | D83: Garantia Residencial | E83: 23 | G83: ACUT1 | H83: CHRO2 | I83: 1 | J83: -4689 | K83: NULL
A84: stage 3 | B84: outras empresas nao financeiras | C84: imparidade | D84: Garantia Comercial | E84: 2 | F84: B | G84: ACUT2 | H84: CHRO1 | I84: 1 | J84: -167578 | K84: NULL
A85: stage 1 | B85: outras empresas nao financeiras | C85: valor bruto | D85: Garantia Comercial | E85: 14 | F85: E | G85: ACUT2 | H85: CHRO2 | I85: 0 | J85: 507618 | K85: 7106652
A86: stage 1 | B86: outras empresas nao financeiras | C86: imparidade | D86: Sem Garantia | E86: -1 | F86: H | G86: ACUT2 | H86: CHRO2 | I86: 0 | J86: -231694 | K86: NULL
A87: stage 2 | B87: particulares | C87: imparidade | D87: Garantia Residencial | E87: 7 | G87: ACUT2 | H87: CHRO2 | I87: 0 | J87: -311162 | K87: NULL
A88: stage 2 | B88: outras empresas nao financeiras | C88: valor bruto | D88: Sem Garantia | E88: 1 | F88: H | G88: ACUT2 | H88: CHRO2 | I88: 0 | J88: 4265435 | K88: 4265435
A89: stage 3 | B89: particulares | C89: imparidade | D89: Garantia Residencial | E89: 34 | G89: ACUT1 | H89: CHRO2 | I89: 1 | J89: -43628 | K89: NULL
A90: stage 1 | B90: outras empresas nao financeiras | C90: imparidade | D90: Garantia Comercial | E90: 4 | F90: G | G90: ACUT1 | H90: CHRO2 | I90: 1 | J90: -277 | K90: NULL
A91: stage 1 | B91: particulares | C91: valor bruto | D91: Garantia Residencial | E91: 37 | G91: ACUT2 | H91: CHRO1 | I91: 1 | J91: 760539 | K91: 28139943
A92: stage 1 | B92: particulares | C92: imparidade | D92: Garantia Residencial | E92: 6 | G92: ACUT2 | H92: CHRO1 | I92: 1 | J92: -171 | K92: NULL
A93: stage 1 | B93: outras empresas nao financeiras | C93: valor bruto | D93: Garantia Comercial | E93: 15 | F93: H | G93: ACUT2 | H93: CHRO2 | I93: 0 | J93: 1016440 | K93: 15246600
A94: stage 3 | B94: particulares | C94: imparidade | D94: Garantia Residencial | E94: 20 | G94: ACUT2 | H94: CHRO1 | I94: 1 | J94: -13855 | K94: NULL
A95: stage 1 | B95: outras empresas nao financeiras | C95: imparidade | D95: Garantia Real | E95: 7 | F95: J | G95: ACUT2 | H95: CHRO2 | I95: 0 | J95: -724 | K95: NULL
A96: stage 2 | B96: outras empresas nao financeiras | C96: imparidade | D96: Sem Garantia | E96: 9 | F96: F | G96: ACUT2 | H96: CHRO2 | I96: 0 | J96: -1786 | K96: NULL
A97: stage 2 | B97: outras empresas nao financeiras | C97: valor bruto | D97: Garantia Real | E97: -1 | F97: M | G97: ACUT2 | H97: CHRO2 | I97: 0 | J97: 505197 | K97: NULL
A98: stage 1 | B98: particulares | C98: imparidade | D98: Garantia Comercial | E98: 31 | G98: ACUT2 | H98: CHRO2 | I98: 0 | J98: -2827 | K98: NULL
A99: stage 1 | B99: particulares | C99: imparidade | D99: Garantia Residencial | E99: 16 | G99: ACUT2 | H99: CHRO2 | I99: 0 | J99: -126457 | K99: NULL
A100: stage 1 | B100: particulares | C100: valor bruto | D100: Garantia Residencial | E100: 26 | G100: ACUT2 | H100: CHRO2 | I100: 0 | J100: 830491560 | K100: 21592780560
...

Sheet 5.CC Physical risk
C1: Template 5: Banking book - Climate change physical risk: Exposures subject to physical risk
C4: a | D4: b | E4: c | F4: d | G4: e | H4: f | I4: g | J4: h | K4: i | L4: j | M4: k | N4: l | O4: m | P4: n | Q4: o
C5: Variable: Geographical area subject to climate change physical risk - acute and chronic events | D5: Gross carrying amount (Mln EUR)
E6: of which exposures sensitive to impact from climate change physical events
E7: Breakdown by maturity bucket | J7: of which exposures sensitive to impact from chronic climate change events | K7: of which exposures sensitive to impact from acute climate change events | L7: of which exposures sensitive to impact both from chronic and acute climate change events | M7: Of which Stage 2 exposures | N7: Of which non-performing exposures | O7: Accumulated impairment, accumulated negative changes in fair value due to credit risk and provisions
E8: <= 5 years | F8: > 5 year <= 10 years | G8: > 10 year <= 20 years | H8: > 20 years | I8: Average weighted maturity | P8: of which Stage 2 exposures | Q8: Of which non-performing exposures
A9: A | B9: 1 | C9: A - Agriculture, forestry and fishing | D9: =(SUMIFS('Input Hue'!$J:$J,'Input Hue'!$C:$C,'5.CC Physical risk'!$D$24,'Input Hue'!$F:$F,'5.CC Physical risk'!$A9&"*",'Input Hue'!$B:$B,"outras empresas nao financeiras"))/1000000 -> 331.59963 | E9: =(SUMIFS('Input Hue'!$J:$J,'Input Hue'!$I:$I,"1",'Input Hue'!$C:$C,'5.CC Physical risk'!$D$24,'Input Hue'!$F:$F,'5.CC Physical risk'!$A9&"*",'Input Hue'!$B:$B,"outras empresas nao financeiras",'Input Hue'!$E:$E,">=0",'Input Hue'!$E:$E,"<=5") + SUMIFS('Input Hue'!$J:$J,'Input Hue'!$I:$I,"1",'Input Hue'!$C:$C,'5.CC Physical risk'!$D$24,'Input Hue'!$F:$F,'5.CC Physical risk'!$A9&"*",'Input Hue'!$B:$B,"outras empresas nao financeiras",'Input Hue'!$E:$E,"-4") + SUMIFS('Input Hue'!$J:$J,'Input Hue'!$I:$I,"1",'Input Hue'!$C:$C,'5.CC Physical risk'!$D$24,'Input Hue'!$F:$F,'5.CC Physical risk'!$A9&"*",'Input Hue'!$B:$B,"outras empresas nao financeiras",'Input Hue'!$E:$E,"-1"))/1000000 -> 18.782904 | F9: =(SUMIFS('Input Hue'!$J:$J,'Input Hue'!$I:$I,"1",'Input Hue'!$C:$C,'5.CC Physical risk'!$D$24,'Input Hue'!$F:$F,'5.CC Physical risk'!$A9&"*",'Input Hue'!$B:$B,"outras empresas nao financeiras",'Input Hue'!$E:$E,">5",'Input Hue'!$E:$E,"<=10"))/1000000 -> 29.995382 | G9: =(SUMIFS('Input Hue'!$J:$J,'Input Hue'!$I:$I,"1",'Input Hue'!$C:$C,'5.CC Physical risk'!$D$24,'Input Hue'!$F:$F,'5.CC Physical risk'!$A9&"*",'Input Hue'!$B:$B,"outras empresas nao financeiras",'Input Hue'!$E:$E,">10",'Input Hue'!$E:$E,"<=20"))/1000000 -> 51.553634 | H9: =(SUMIFS('Input Hue'!$J:$J,'Input Hue'!$I:$I,"1",'Input Hue'!$C:$C,'5.CC Physical risk'!$D$24,'Input Hue'!$F:$F,'5.CC Physical risk'!$A9&"*",'Input Hue'!$B:$B,"outras empresas nao financeiras",'Input Hue'!$E:$E,">20") + SUMIFS('Input Hue'!$J:$J,'Input Hue'!$I:$I,"1",'Input Hue'!$C:$C,'5.CC Physical risk'!$D$24,'Input Hue'!$F:$F,'5.CC Physical risk'!$A9&"*",'Input Hue'!$B:$B,"outras empresas nao financeiras",'Input Hue'!$E:$E,"-2") + SUMIFS('Input Hue'!$J:$J,'Input Hue'!$I:$I,"1",'Input Hue'!$C:$C,'5.CC Physical risk'!$D$24,'Input Hue'!$F:$F,'5.CC Physical risk'!$A9&"*",'Input Hue'!$B:$B,"outras empresas nao financeiras",'Input Hue'!$E:$E,"-3") + SUMIFS('Input Hue'!$J:$J,'Input Hue'!$I:$I,"1",'Input Hue'!$C:$C,'5.CC Physical risk'!$D$24,'Input Hue'!$F:$F,'5.CC Physical risk'!$A9&"*",'Input Hue'!$B:$B,"outras empresas nao financeiras",'Input Hue'!$E:$E,"-5"))/1000000 -> 0 | I9: =IFERROR(ROUND(SUMIFS('Input Hue'!$K:$K,'Input Hue'!$I:$I,"1",'Input Hue'!$C:$C,'5.CC Physical risk'!$D$24,'Input Hue'!$F:$F,'5.CC Physical risk'!$A9&"*",'Input Hue'!$B:$B,"outras empresas nao financeiras",'Input Hue'!$E:$E,">0") / SUMIFS('Input Hue'!$J:$J,'Input Hue'!$I:$I,"1",'Input Hue'!$C:$C,'5.CC Physical risk'!$D$24,'Input Hue'!$F:$F,'5.CC Physical risk'!$A9&"*",'Input Hue'!$B:$B,"outras empresas nao financeiras",'Input Hue'!$E:$E,">0"),0),0) -> 10 | J9: =(SUMIFS('Input Hue'!$J:$J,'Input Hue'!$I:$I,"1",'Input Hue'!$C:$C,'5.CC Physical risk'!$D$24,'Input Hue'!$F:$F,'5.CC Physical risk'!$A9&"*",'Input Hue'!$B:$B,"outras empresas nao financeiras",'Input Hue'!$G:$G,"<>"&$K$24,'Input Hue'!$H:$H,'5.CC Physical risk'!$J$24))/1000000 -> 99.654562 | K9: =(SUMIFS('Input Hue'!$J:$J,'Input Hue'!$I:$I,"1",'Input Hue'!$C:$C,'5.CC Physical risk'!$D$24,'Input Hue'!$F:$F,'5.CC Physical risk'!$A9&"*",'Input Hue'!$B:$B,"outras empresas nao financeiras",'Input Hue'!$H:$H,"<>"&$J$24,'Input Hue'!$G:$G,'5.CC Physical risk'!$K$24))/1000000 -> 0 | L9: =(SUMIFS('Input Hue'!$J:$J, 'Input Hue'!$I:$I,"1", 'Input Hue'!$C:$C,'5.CC Physical risk'!$D$24, 'Input Hue'!$F:$F,'5.CC Physical risk'!$A9&"*", 'Input Hue'!$B:$B,"outras empresas nao financeiras", 'Input Hue'!$H:$H,'5.CC Physical risk'!$J$24, 'Input Hue'!$G:$G,'5.CC Physical risk'!$K$24))/1000000 -> 0.677358 | M9: =(SUMIFS('Input Hue'!$J:$J, 'Input Hue'!$I:$I,"1", 'Input Hue'!$C:$C,'5.CC Physical risk'!$D$24, 'Input Hue'!$B:$B,"outras empresas nao financeiras", 'Input Hue'!$F:$F,'5.CC Physical risk'!$A9&"*", 'Input Hue'!$A:$A,'5.CC Physical risk'!$M$24))/1000000 -> 4.365008 | N9: =(SUMIFS('Input Hue'!$J:$J, 'Input Hue'!$I:$I,"1", 'Input Hue'!$C:$C,'5.CC Physical risk'!$D$24, 'Input Hue'!$B:$B,"outras empresas nao financeiras", 'Input Hue'!$F:$F,'5.CC Physical risk'!$A9&"*", 'Input Hue'!$A:$A,'5.CC Physical risk'!$N$24))/1000000 -> 1.016776 | O9: =(SUMIFS('Input Hue'!$J:$J, 'Input Hue'!$I:$I,"1", 'Input Hue'!$C:$C,'5.CC Physical risk'!$O$24, 'Input Hue'!$B:$B,"outras empresas nao financeiras", 'Input Hue'!$F:$F,'5.CC Physical risk'!$A9&"*"))/1000000 -> -0.682464 | P9: =(SUMIFS('Input Hue'!$J:$J, 'Input Hue'!$I:$I,"1", 'Input Hue'!$C:$C,'5.CC Physical risk'!$O$24, 'Input Hue'!$B:$B,"outras empresas nao financeiras", 'Input Hue'!$F:$F,'5.CC Physical risk'!$A9&"*", 'Input Hue'!$A:$A,'5.CC Physical risk'!$M$24))/1000000 -> -0.21757 | Q9: =(SUMIFS('Input Hue'!$J:$J, 'Input Hue'!$I:$I,"1", 'Input Hue'!$C:$C,'5.CC Physical risk'!$O$24, 'Input Hue'!$B:$B,"outras empresas nao financeiras", 'Input Hue'!$F:$F,'5.CC Physical risk'!$A9&"*", 'Input Hue'!$A:$A,'5.CC Physical risk'!$N$24))/1000000 -> -0.314496
A10: B | B10: 2 | C10: B - Mining and quarrying | D10: =(SUMIFS('Input Hue'!$J:$J,'Input Hue'!$C:$C,'5.CC Physical risk'!$D$24,'Input Hue'!$F:$F,'5.CC Physical risk'!$A10&"*",'Input Hue'!$B:$B,"outras empresas nao financeiras"))/1000000 -> 14.172405 | E10: =(SUMIFS('Input Hue'!$J:$J,'Input Hue'!$I:$I,"1",'Input Hue'!$C:$C,'5.CC Physical risk'!$D$24,'Input Hue'!$F:$F,'5.CC Physical risk'!$A10&"*",'Input Hue'!$B:$B,"outras empresas nao financeiras",'Input Hue'!$E:$E,">=0",'Input Hue'!$E:$E,"<=5") + SUMIFS('Input Hue'!$J:$J,'Input Hue'!$I:$I,"1",'Input Hue'!$C:$C,'5.CC Physical risk'!$D$24,'Input Hue'!$F:$F,'5.CC Physical risk'!$A10&"*",'Input Hue'!$B:$B,"outras empresas nao financeiras",'Input Hue'!$E:$E,"-4") + SUMIFS('Input Hue'!$J:$J,'Input Hue'!$I:$I,"1",'Input Hue'!$C:$C,'5.CC Physical risk'!$D$24,'Input Hue'!$F:$F,'5.CC Physical risk'!$A10&"*",'Input Hue'!$B:$B,"outras empresas nao financeiras",'Input Hue'!$E:$E,"-1"))/1000000 -> 0.779742 | F10: =(SUMIFS('Input Hue'!$J:$J,'Input Hue'!$I:$I,"1",'Input Hue'!$C:$C,'5.CC Physical risk'!$D$24,'Input Hue'!$F:$F,'5.CC Physical risk'!$A10&"*",'Input Hue'!$B:$B,"outras empresas nao financeiras",'Input Hue'!$E:$E,">5",'Input Hue'!$E:$E,"<=10"))/1000000 -> 0.576054 | G10: =(SUMIFS('Input Hue'!$J:$J,'Input Hue'!$I:$I,"1",'Input Hue'!$C:$C,'5.CC Physical risk'!$D$24,'Input Hue'!$F:$F,'5.CC Physical risk'!$A10&"*",'Input Hue'!$B:$B,"outras empresas nao financeiras",'Input Hue'!$E:$E,">10",'Input Hue'!$E:$E,"<=20"))/1000000 -> 0 | H10: =(SUMIFS('Input Hue'!$J:$J,'Input Hue'!$I:$I,"1",'Input Hue'!$C:$C,'5.CC Physical risk'!$D$24,'Input Hue'!$F:$F,'5.CC Physical risk'!$A10&"*",'Input Hue'!$B:$B,"outras empresas nao financeiras",'Input Hue'!$E:$E,">20") + SUMIFS('Input Hue'!$J:$J,'Input Hue'!$I:$I,"1",'Input Hue'!$C:$C,'5.CC Physical risk'!$D$24,'Input Hue'!$F:$F,'5.CC Physical risk'!$A10&"*",'Input Hue'!$B:$B,"outras empresas nao financeiras",'Input Hue'!$E:$E,"-2") + SUMIFS('Input Hue'!$J:$J,'Input Hue'!$I:$I,"1",'Input Hue'!$C:$C,'5.CC Physical risk'!$D$24,'Input Hue'!$F:$F,'5.CC Physical risk'!$A10&"*",'Input Hue'!$B:$B,"outras empresas nao financeiras",'Input Hue'!$E:$E,"-3") + SUMIFS('Input Hue'!$J:$J,'Input Hue'!$I:$I,"1",'Input Hue'!$C:$C,'5.CC Physical risk'!$D$24,'Input Hue'!$F:$F,'5.CC Physical risk'!$A10&"*",'Input Hue'!$B:$B,"outras empresas nao financeiras",'Input Hue'!$E:$E,"-5"))/1000000 -> 0 | I10: =IFERROR(ROUND(SUMIFS('Input Hue'!$K:$K,'Input Hue'!$I:$I,"1",'Input Hue'!$C:$C,'5.CC Physical risk'!$D$24,'Input Hue'!$F:$F,'5.CC Physical risk'!$A10&"*",'Input Hue'!$B:$B,"outras empresas nao financeiras",'Input Hue'!$E:$E,">0") / SUMIFS('Input Hue'!$J:$J,'Input Hue'!$I:$I,"1",'Input Hue'!$C:$C,'5.CC Physical risk'!$D$24,'Input Hue'!$F:$F,'5.CC Physical risk'!$A10&"*",'Input Hue'!$B:$B,"outras empresas nao financeiras",'Input Hue'!$E:$E,">0"),0),0) -> 4 | J10: =(SUMIFS('Input Hue'!$J:$J,'Input Hue'!$I:$I,"1",'Input Hue'!$C:$C,'5.CC Physical risk'!$D$24,'Input Hue'!$F:$F,'5.CC Physical risk'!$A10&"*",'Input Hue'!$B:$B,"outras empresas nao financeiras",'Input Hue'!$G:$G,"<>"&$K$24,'Input Hue'!$H:$H,'5.CC Physical risk'!$J$24))/1000000 -> 1.355796 | K10: =(SUMIFS('Input Hue'!$J:$J,'Input Hue'!$I:$I,"1",'Input Hue'!$C:$C,'5.CC Physical risk'!$D$24,'Input Hue'!$F:$F,'5.CC Physical risk'!$A10&"*",'Input Hue'!$B:$B,"outras empresas nao financeiras",'Input Hue'!$H:$H,"<>"&$J$24,'Input Hue'!$G:$G,'5.CC Physical risk'!$K$24))/1000000 -> 0 | L10: =(SUMIFS('Input Hue'!$J:$J, 'Input Hue'!$I:$I,"1", 'Input Hue'!$C:$C,'5.CC Physical risk'!$D$24, 'Input Hue'!$F:$F,'5.CC Physical risk'!$A10&"*", 'Input Hue'!$B:$B,"outras empresas nao financeiras", 'Input Hue'!$H:$H,'5.CC Physical risk'!$J$24, 'Input Hue'!$G:$G,'5.CC Physical risk'!$K$24))/1000000 -> 0 | M10: =(SUMIFS('Input Hue'!$J:$J, 'Input Hue'!$I:$I,"1", 'Input Hue'!$C:$C,'5.CC Physical risk'!$D$24, 'Input Hue'!$B:$B,"outras empresas nao financeiras", 'Input Hue'!$F:$F,'5.CC Physical risk'!$A10&"*", 'Input Hue'!$A:$A,'5.CC Physical risk'!$M$24))/1000000 -> 1e-06 | N10: =(SUMIFS('Input Hue'!$J:$J, 'Input Hue'!$I:$I,"1", 'Input Hue'!$C:$C,'5.CC Physical risk'!$D$24, 'Input Hue'!$B:$B,"outras empresas nao financeiras", 'Input Hue'!$F:$F,'5.CC Physical risk'!$A10&"*", 'Input Hue'!$A:$A,'5.CC Physical risk'!$N$24))/1000000 -> 0.770197 | O10: =(SUMIFS('Input Hue'!$J:$J, 'Input Hue'!$I:$I,"1", 'Input Hue'!$C:$C,'5.CC Physical risk'!$O$24, 'Input Hue'!$B:$B,"outras empresas nao financeiras", 'Input Hue'!$F:$F,'5.CC Physical risk'!$A10&"*"))/1000000 -> -0.199802 | P10: =(SUMIFS('Input Hue'!$J:$J, 'Input Hue'!$I:$I,"1", 'Input Hue'!$C:$C,'5.CC Physical risk'!$O$24, 'Input Hue'!$B:$B,"outras empresas nao financeiras", 'Input Hue'!$F:$F,'5.CC Physical risk'!$A10&"*", 'Input Hue'!$A:$A,'5.CC Physical risk'!$M$24))/1000000 -> 0 | Q10: =(SUMIFS('Input Hue'!$J:$J, 'Input Hue'!$I:$I,"1", 'Input Hue'!$C:$C,'5.CC Physical risk'!$O$24, 'Input Hue'!$B:$B,"outras empresas nao financeiras", 'Input Hue'!$F:$F,'5.CC Physical risk'!$A10&"*", 'Input Hue'!$A:$A,'5.CC Physical risk'!$N$24))/1000000 -> -0.198244
A11: C | B11: 3 | C11: C - Manufacturing | D11: =(SUMIFS('Input Hue'!$J:$J,'Input Hue'!$C:$C,'5.CC Physical risk'!$D$24,'Input Hue'!$F:$F,'5.CC Physical risk'!$A11&"*",'Input Hue'!$B:$B,"outras empresas nao financeiras"))/1000000 -> 2168.5504 | E11: =(SUMIFS('Input Hue'!$J:$J,'Input Hue'!$I:$I,"1",'Input Hue'!$C:$C,'5.CC Physical risk'!$D$24,'Input Hue'!$F:$F,'5.CC Physical risk'!$A11&"*",'Input Hue'!$B:$B,"outras empresas nao financeiras",'Input Hue'!$E:$E,">=0",'Input Hue'!$E:$E,"<=5") + SUMIFS('Input Hue'!$J:$J,'Input Hue'!$I:$I,"1",'Input Hue'!$C:$C,'5.CC Physical risk'!$D$24,'Input Hue'!$F:$F,'5.CC Physical risk'!$A11&"*",'Input Hue'!$B:$B,"outras empresas nao financeiras",'Input Hue'!$E:$E,"-4") + SUMIFS('Input Hue'!$J:$J,'Input Hue'!$I:$I,"1",'Input Hue'!$C:$C,'5.CC Physical risk'!$D$24,'Input Hue'!$F:$F,'5.CC Physical risk'!$A11&"*",'Input Hue'!$B:$B,"outras empresas nao financeiras",'Input Hue'!$E:$E,"-1"))/1000000 -> 21.799777 | F11: =(SUMIFS('Input Hue'!$J:$J,'Input Hue'!$I:$I,"1",'Input Hue'!$C:$C,'5.CC Physical risk'!$D$24,'Input Hue'!$F:$F,'5.CC Physical risk'!$A11&"*",'Input Hue'!$B:$B,"outras empresas nao financeiras",'Input Hue'!$E:$E,">5",'Input Hue'!$E:$E,"<=10"))/1000000 -> 38.700755 | G11: =(SUMIFS('Input Hue'!$J:$J,'Input Hue'!$I:$I,"1",'Input Hue'!$C:$C,'5.CC Physical risk'!$D$24,'Input Hue'!$F:$F,'5.CC Physical risk'!$A11&"*",'Input Hue'!$B:$B,"outras empresas nao financeiras",'Input Hue'!$E:$E,">10",'Input Hue'!$E:$E,"<=20"))/1000000 -> 18.556921 | H11: =(SUMIFS('Input Hue'!$J:$J,'Input Hue'!$I:$I,"1",'Input Hue'!$C:$C,'5.CC Physical risk'!$D$24,'Input Hue'!$F:$F,'5.CC Physical risk'!$A11&"*",'Input Hue'!$B:$B,"outras empresas nao financeiras",'Input Hue'!$E:$E,">20") + SUMIFS('Input Hue'!$J:$J,'Input Hue'!$I:$I,"1",'Input Hue'!$C:$C,'5.CC Physical risk'!$D$24,'Input Hue'!$F:$F,'5.CC Physical risk'!$A11&"*",'Input Hue'!$B:$B,"outras empresas nao financeiras",'Input Hue'!$E:$E,"-2") + SUMIFS('Input Hue'!$J:$J,'Input Hue'!$I:$I,"1",'Input Hue'!$C:$C,'5.CC Physical risk'!$D$24,'Input Hue'!$F:$F,'5.CC Physical risk'!$A11&"*",'Input Hue'!$B:$B,"outras empresas nao financeiras",'Input Hue'!$E:$E,"-3") + SUMIFS('Input Hue'!$J:$J,'Input Hue'!$I:$I,"1",'Input Hue'!$C:$C,'5.CC Physical risk'!$D$24,'Input Hue'!$F:$F,'5.CC Physical risk'!$A11&"*",'Input Hue'!$B:$B,"outras empresas nao financeiras",'Input Hue'!$E:$E,"-5"))/1000000 -> 0 | I11: =IFERROR(ROUND(SUMIFS('Input Hue'!$K:$K,'Input Hue'!$I:$I,"1",'Input Hue'!$C:$C,'5.CC Physical risk'!$D$24,'Input Hue'!$F:$F,'5.CC Physical risk'!$A11&"*",'Input Hue'!$B:$B,"outras empresas nao financeiras",'Input Hue'!$E:$E,">0") / SUMIFS('Input Hue'!$J:$J,'Input Hue'!$I:$I,"1",'Input Hue'!$C:$C,'5.CC Physical risk'!$D$24,'Input Hue'!$F:$F,'5.CC Physical risk'!$A11&"*",'Input Hue'!$B:$B,"outras empresas nao financeiras",'Input Hue'!$E:$E,">0"),0),0) -> 8 | J11: =(SUMIFS('Input Hue'!$J:$J,'Input Hue'!$I:$I,"1",'Input Hue'!$C:$C,'5.CC Physical risk'!$D$24,'Input Hue'!$F:$F,'5.CC Physical risk'!$A11&"*",'Input Hue'!$B:$B,"outras empresas nao financeiras",'Input Hue'!$G:$G,"<>"&$K$24,'Input Hue'!$H:$H,'5.CC Physical risk'!$J$24))/1000000 -> 74.807577 | K11: =(SUMIFS('Input Hue'!$J:$J,'Input Hue'!$I:$I,"1",'Input Hue'!$C:$C,'5.CC Physical risk'!$D$24,'Input Hue'!$F:$F,'5.CC Physical risk'!$A11&"*",'Input Hue'!$B:$B,"outras empresas nao financeiras",'Input Hue'!$H:$H,"<>"&$J$24,'Input Hue'!$G:$G,'5.CC Physical risk'!$K$24))/1000000 -> 1.593667 | L11: =(SUMIFS('Input Hue'!$J:$J, 'Input Hue'!$I:$I,"1", 'Input Hue'!$C:$C,'5.CC Physical risk'!$D$24, 'Input Hue'!$F:$F,'5.CC Physical risk'!$A11&"*", 'Input Hue'!$B:$B,"outras empresas nao financeiras", 'Input Hue'!$H:$H,'5.CC Physical risk'!$J$24, 'Input Hue'!$G:$G,'5.CC Physical risk'!$K$24))/1000000 -> 2.656209 | M11: =(SUMIFS('Input Hue'!$J:$J, 'Input Hue'!$I:$I,"1", 'Input Hue'!$C:$C,'5.CC Physical risk'!$D$24, 'Input Hue'!$B:$B,"outras empresas nao financeiras", 'Input Hue'!$F:$F,'5.CC Physical risk'!$A11&"*", 'Input Hue'!$A:$A,'5.CC Physical risk'!$M$24))/1000000 -> 13.923206 | N11: =(SUMIFS('Input Hue'!$J:$J, 'Input Hue'!$I:$I,"1", 'Input Hue'!$C:$C,'5.CC Physical risk'!$D$24, 'Input Hue'!$B:$B,"outras empresas nao financeiras", 'Input Hue'!$F:$F,'5.CC Physical risk'!$A11&"*", 'Input Hue'!$A:$A,'5.CC Physical risk'!$N$24))/1000000 -> 5.435658 | O11: =(SUMIFS('Input Hue'!$J:$J, 'Input Hue'!$I:$I,"1", 'Input Hue'!$C:$C,'5.CC Physical risk'!$O$24, 'Input Hue'!$B:$B,"outras empresas nao financeiras", 'Input Hue'!$F:$F,'5.CC Physical risk'!$A11&"*"))/1000000 -> -3.730347 | P11: =(SUMIFS('Input Hue'!$J:$J, 'Input Hue'!$I:$I,"1", 'Input Hue'!$C:$C,'5.CC Physical risk'!$O$24, 'Input Hue'!$B:$B,"outras empresas nao financeiras", 'Input Hue'!$F:$F,'5.CC Physical risk'!$A11&"*", 'Input Hue'!$A:$A,'5.CC Physical risk'!$M$24))/1000000 -> -0.746707 | Q11: =(SUMIFS('Input Hue'!$J:$J, 'Input Hue'!$I:$I,"1", 'Input Hue'!$C:$C,'5.CC Physical risk'!$O$24, 'Input Hue'!$B:$B,"outras empresas nao financeiras", 'Input Hue'!$F:$F,'5.CC Physical risk'!$A11&"*", 'Input Hue'!$A:$A,'5.CC Physical risk'!$N$24))/1000000 -> -2.842466
A12: D | B12: 4 | C12: D - Electricity, gas, steam and air conditioning supply | D12: =(SUMIFS('Input Hue'!$J:$J,'Input Hue'!$C:$C,'5.CC Physical risk'!$D$24,'Input Hue'!$F:$F,'5.CC Physical risk'!$A12&"*",'Input Hue'!$B:$B,"outras empresas nao financeiras"))/1000000 -> 656.90808 | E12: =(SUMIFS('Input Hue'!$J:$J,'Input Hue'!$I:$I,"1",'Input Hue'!$C:$C,'5.CC Physical risk'!$D$24,'Input Hue'!$F:$F,'5.CC Physical risk'!$A12&"*",'Input Hue'!$B:$B,"outras empresas nao financeiras",'Input Hue'!$E:$E,">=0",'Input Hue'!$E:$E,"<=5") + SUMIFS('Input Hue'!$J:$J,'Input Hue'!$I:$I,"1",'Input Hue'!$C:$C,'5.CC Physical risk'!$D$24,'Input Hue'!$F:$F,'5.CC Physical risk'!$A12&"*",'Input Hue'!$B:$B,"outras empresas nao financeiras",'Input Hue'!$E:$E,"-4") + SUMIFS('Input Hue'!$J:$J,'Input Hue'!$I:$I,"1",'Input Hue'!$C:$C,'5.CC Physical risk'!$D$24,'Input Hue'!$F:$F,'5.CC Physical risk'!$A12&"*",'Input Hue'!$B:$B,"outras empresas nao financeiras",'Input Hue'!$E:$E,"-1"))/1000000 -> 0.842497 | F12: =(SUMIFS('Input Hue'!$J:$J,'Input Hue'!$I:$I,"1",'Input Hue'!$C:$C,'5.CC Physical risk'!$D$24,'Input Hue'!$F:$F,'5.CC Physical risk'!$A12&"*",'Input Hue'!$B:$B,"outras empresas nao financeiras",'Input Hue'!$E:$E,">5",'Input Hue'!$E:$E,"<=10"))/1000000 -> 0 | G12: =(SUMIFS('Input Hue'!$J:$J,'Input Hue'!$I:$I,"1",'Input Hue'!$C:$C,'5.CC Physical risk'!$D$24,'Input Hue'!$F:$F,'5.CC Physical risk'!$A12&"*",'Input Hue'!$B:$B,"outras empresas nao financeiras",'Input Hue'!$E:$E,">10",'Input Hue'!$E:$E,"<=20"))/1000000 -> 0 | H12: =(SUMIFS('Input Hue'!$J:$J,'Input Hue'!$I:$I,"1",'Input Hue'!$C:$C,'5.CC Physical risk'!$D$24,'Input Hue'!$F:$F,'5.CC Physical risk'!$A12&"*",'Input Hue'!$B:$B,"outras empresas nao financeiras",'Input Hue'!$E:$E,">20") + SUMIFS('Input Hue'!$J:$J,'Input Hue'!$I:$I,"1",'Input Hue'!$C:$C,'5.CC Physical risk'!$D$24,'Input Hue'!$F:$F,'5.CC Physical risk'!$A12&"*",'Input Hue'!$B:$B,"outras empresas nao financeiras",'Input Hue'!$E:$E,"-2") + SUMIFS('Input Hue'!$J:$J,'Input Hue'!$I:$I,"1",'Input Hue'!$C:$C,'5.CC Physical risk'!$D$24,'Input Hue'!$F:$F,'5.CC Physical risk'!$A12&"*",'Input Hue'!$B:$B,"outras empresas nao financeiras",'Input Hue'!$E:$E,"-3") + SUMIFS('Input Hue'!$J:$J,'Input Hue'!$I:$I,"1",'Input Hue'!$C:$C,'5.CC Physical risk'!$D$24,'Input Hue'!$F:$F,'5.CC Physical risk'!$A12&"*",'Input Hue'!$B:$B,"outras empresas nao financeiras",'Input Hue'!$E:$E,"-5"))/1000000 -> 0 | I12: =IFERROR(ROUND(SUMIFS('Input Hue'!$K:$K,'Input Hue'!$I:$I,"1",'Input Hue'!$C:$C,'5.CC Physical risk'!$D$24,'Input Hue'!$F:$F,'5.CC Physical risk'!$A12&"*",'Input Hue'!$B:$B,"outras empresas nao financeiras",'Input Hue'!$E:$E,">0") / SUMIFS('Input Hue'!$J:$J,'Input Hue'!$I:$I,"1",'Input Hue'!$C:$C,'5.CC Physical risk'!$D$24,'Input Hue'!$F:$F,'5.CC Physical risk'!$A12&"*",'Input Hue'!$B:$B,"outras empresas nao financeiras",'Input Hue'!$E:$E,">0"),0),0) -> 4 | J12: =(SUMIFS('Input Hue'!$J:$J,'Input Hue'!$I:$I,"1",'Input Hue'!$C:$C,'5.CC Physical risk'!$D$24,'Input Hue'!$F:$F,'5.CC Physical risk'!$A12&"*",'Input Hue'!$B:$B,"outras empresas nao financeiras",'Input Hue'!$G:$G,"<>"&$K$24,'Input Hue'!$H:$H,'5.CC Physical risk'!$J$24))/1000000 -> 0 | K12: =(SUMIFS('Input Hue'!$J:$J,'Input Hue'!$I:$I,"1",'Input Hue'!$C:$C,'5.CC Physical risk'!$D$24,'Input Hue'!$F:$F,'5.CC Physical risk'!$A12&"*",'Input Hue'!$B:$B,"outras empresas nao financeiras",'Input Hue'!$H:$H,"<>"&$J$24,'Input Hue'!$G:$G,'5.CC Physical risk'!$K$24))/1000000 -> 0.842497 | L12: =(SUMIFS('Input Hue'!$J:$J, 'Input Hue'!$I:$I,"1", 'Input Hue'!$C:$C,'5.CC Physical risk'!$D$24, 'Input Hue'!$F:$F,'5.CC Physical risk'!$A12&"*", 'Input Hue'!$B:$B,"outras empresas nao financeiras", 'Input Hue'!$H:$H,'5.CC Physical risk'!$J$24, 'Input Hue'!$G:$G,'5.CC Physical risk'!$K$24))/1000000 -> 0 | M12: =(SUMIFS('Input Hue'!$J:$J, 'Input Hue'!$I:$I,"1", 'Input Hue'!$C:$C,'5.CC Physical risk'!$D$24, 'Input Hue'!$B:$B,"outras empresas nao financeiras", 'Input Hue'!$F:$F,'5.CC Physical risk'!$A12&"*", 'Input Hue'!$A:$A,'5.CC Physical risk'!$M$24))/1000000 -> 0 | N12: =(SUMIFS('Input Hue'!$J:$J, 'Input Hue'!$I:$I,"1", 'Input Hue'!$C:$C,'5.CC Physical risk'!$D$24, 'Input Hue'!$B:$B,"outras empresas nao financeiras", 'Input Hue'!$F:$F,'5.CC Physical risk'!$A12&"*", 'Input Hue'!$A:$A,'5.CC Physical risk'!$N$24))/1000000 -> 0 | O12: =(SUMIFS('Input Hue'!$J:$J, 'Input Hue'!$I:$I,"1", 'Input Hue'!$C:$C,'5.CC Physical risk'!$O$24, 'Input Hue'!$B:$B,"outras empresas nao financeiras", 'Input Hue'!$F:$F,'5.CC Physical risk'!$A12&"*"))/1000000 -> -0.005313 | P12: =(SUMIFS('Input Hue'!$J:$J, 'Input Hue'!$I:$I,"1", 'Input Hue'!$C:$C,'5.CC Physical risk'!$O$24, 'Input Hue'!$B:$B,"outras empresas nao financeiras", 'Input Hue'!$F:$F,'5.CC Physical risk'!$A12&"*", 'Input Hue'!$A:$A,'5.CC Physical risk'!$M$24))/1000000 -> 0 | Q12: =(SUMIFS('Input Hue'!$J:$J, 'Input Hue'!$I:$I,"1", 'Input Hue'!$C:$C,'5.CC Physical risk'!$O$24, 'Input Hue'!$B:$B,"outras empresas nao financeiras", 'Input Hue'!$F:$F,'5.CC Physical risk'!$A12&"*", 'Input Hue'!$A:$A,'5.CC Physical risk'!$N$24))/1000000 -> 0
A13: E | B13: 5 | C13: E - Water supply; sewerage, waste management and remediation activities | D13: =(SUMIFS('Input Hue'!$J:$J,'Input Hue'!$C:$C,'5.CC Physical risk'!$D$24,'Input Hue'!$F:$F,'5.CC Physical risk'!$A13&"*",'Input Hue'!$B:$B,"outras empresas nao financeiras"))/1000000 -> 33.931317 | E13: =(SUMIFS('Input Hue'!$J:$J,'Input Hue'!$I:$I,"1",'Input Hue'!$C:$C,'5.CC Physical risk'!$D$24,'Input Hue'!$F:$F,'5.CC Physical risk'!$A13&"*",'Input Hue'!$B:$B,"outras empresas nao financeiras",'Input Hue'!$E:$E,">=0",'Input Hue'!$E:$E,"<=5") + SUMIFS('Input Hue'!$J:$J,'Input Hue'!$I:$I,"1",'Input Hue'!$C:$C,'5.CC Physical risk'!$D$24,'Input Hue'!$F:$F,'5.CC Physical risk'!$A13&"*",'Input Hue'!$B:$B,"outras empresas nao financeiras",'Input Hue'!$E:$E,"-4") + SUMIFS('Input Hue'!$J:$J,'Input Hue'!$I:$I,"1",'Input Hue'!$C:$C,'5.CC Physical risk'!$D$24,'Input Hue'!$F:$F,'5.CC Physical risk'!$A13&"*",'Input Hue'!$B:$B,"outras empresas nao financeiras",'Input Hue'!$E:$E,"-1"))/1000000 -> 0 | F13: =(SUMIFS('Input Hue'!$J:$J,'Input Hue'!$I:$I,"1",'Input Hue'!$C:$C,'5.CC Physical risk'!$D$24,'Input Hue'!$F:$F,'5.CC Physical risk'!$A13&"*",'Input Hue'!$B:$B,"outras empresas nao financeiras",'Input Hue'!$E:$E,">5",'Input Hue'!$E:$E,"<=10"))/1000000 -> 0 | G13: =(SUMIFS('Input Hue'!$J:$J,'Input Hue'!$I:$I,"1",'Input Hue'!$C:$C,'5.CC Physical risk'!$D$24,'Input Hue'!$F:$F,'5.CC Physical risk'!$A13&"*",'Input Hue'!$B:$B,"outras empresas nao financeiras",'Input Hue'!$E:$E,">10",'Input Hue'!$E:$E,"<=20"))/1000000 -> 0 | H13: =(SUMIFS('Input Hue'!$J:$J,'Input Hue'!$I:$I,"1",'Input Hue'!$C:$C,'5.CC Physical risk'!$D$24,'Input Hue'!$F:$F,'5.CC Physical risk'!$A13&"*",'Input Hue'!$B:$B,"outras empresas nao financeiras",'Input Hue'!$E:$E,">20") + SUMIFS('Input Hue'!$J:$J,'Input Hue'!$I:$I,"1",'Input Hue'!$C:$C,'5.CC Physical risk'!$D$24,'Input Hue'!$F:$F,'5.CC Physical risk'!$A13&"*",'Input Hue'!$B:$B,"outras empresas nao financeiras",'Input Hue'!$E:$E,"-2") + SUMIFS('Input Hue'!$J:$J,'Input Hue'!$I:$I,"1",'Input Hue'!$C:$C,'5.CC Physical risk'!$D$24,'Input Hue'!$F:$F,'5.CC Physical risk'!$A13&"*",'Input Hue'!$B:$B,"outras empresas nao financeiras",'Input Hue'!$E:$E,"-3") + SUMIFS('Input Hue'!$J:$J,'Input Hue'!$I:$I,"1",'Input Hue'!$C:$C,'5.CC Physical risk'!$D$24,'Input Hue'!$F:$F,'5.CC Physical risk'!$A13&"*",'Input Hue'!$B:$B,"outras empresas nao financeiras",'Input Hue'!$E:$E,"-5"))/1000000 -> 0 | I13: =IFERROR(ROUND(SUMIFS('Input Hue'!$K:$K,'Input Hue'!$I:$I,"1",'Input Hue'!$C:$C,'5.CC Physical risk'!$D$24,'Input Hue'!$F:$F,'5.CC Physical risk'!$A13&"*",'Input Hue'!$B:$B,"outras empresas nao financeiras",'Input Hue'!$E:$E,">0") / SUMIFS('Input Hue'!$J:$J,'Input Hue'!$I:$I,"1",'Input Hue'!$C:$C,'5.CC Physical risk'!$D$24,'Input Hue'!$F:$F,'5.CC Physical risk'!$A13&"*",'Input Hue'!$B:$B,"outras empresas nao financeiras",'Input Hue'!$E:$E,">0"),0),0) -> 0 | J13: =(SUMIFS('Input Hue'!$J:$J,'Input Hue'!$I:$I,"1",'Input Hue'!$C:$C,'5.CC Physical risk'!$D$24,'Input Hue'!$F:$F,'5.CC Physical risk'!$A13&"*",'Input Hue'!$B:$B,"outras empresas nao financeiras",'Input Hue'!$G:$G,"<>"&$K$24,'Input Hue'!$H:$H,'5.CC Physical risk'!$J$24))/1000000 -> 0 | K13: =(SUMIFS('Input Hue'!$J:$J,'Input Hue'!$I:$I,"1",'Input Hue'!$C:$C,'5.CC Physical risk'!$D$24,'Input Hue'!$F:$F,'5.CC Physical risk'!$A13&"*",'Input Hue'!$B:$B,"outras empresas nao financeiras",'Input Hue'!$H:$H,"<>"&$J$24,'Input Hue'!$G:$G,'5.CC Physical risk'!$K$24))/1000000 -> 0 | L13: =(SUMIFS('Input Hue'!$J:$J, 'Input Hue'!$I:$I,"1", 'Input Hue'!$C:$C,'5.CC Physical risk'!$D$24, 'Input Hue'!$F:$F,'5.CC Physical risk'!$A13&"*", 'Input Hue'!$B:$B,"outras empresas nao financeiras", 'Input Hue'!$H:$H,'5.CC Physical risk'!$J$24, 'Input Hue'!$G:$G,'5.CC Physical risk'!$K$24))/1000000 -> 0 | M13: =(SUMIFS('Input Hue'!$J:$J, 'Input Hue'!$I:$I,"1", 'Input Hue'!$C:$C,'5.CC Physical risk'!$D$24, 'Input Hue'!$B:$B,"outras empresas nao financeiras", 'Input Hue'!$F:$F,'5.CC Physical risk'!$A13&"*", 'Input Hue'!$A:$A,'5.CC Physical risk'!$M$24))/1000000 -> 0 | N13: =(SUMIFS('Input Hue'!$J:$J, 'Input Hue'!$I:$I,"1", 'Input Hue'!$C:$C,'5.CC Physical risk'!$D$24, 'Input Hue'!$B:$B,"outras empresas nao financeiras", 'Input Hue'!$F:$F,'5.CC Physical risk'!$A13&"*", 'Input Hue'!$A:$A,'5.CC Physical risk'!$N$24))/1000000 -> 0 | O13: =(SUMIFS('Input Hue'!$J:$J, 'Input Hue'!$I:$I,"1", 'Input Hue'!$C:$C,'5.CC Physical risk'!$O$24, 'Input Hue'!$B:$B,"outras empresas nao financeiras", 'Input Hue'!$F:$F,'5.CC Physical risk'!$A13&"*"))/1000000 -> 0 | P13: =(SUMIFS('Input Hue'!$J:$J, 'Input Hue'!$I:$I,"1", 'Input Hue'!$C:$C,'5.CC Physical risk'!$O$24, 'Input Hue'!$B:$B,"outras empresas nao financeiras", 'Input Hue'!$F:$F,'5.CC Physical risk'!$A13&"*", 'Input Hue'!$A:$A,'5.CC Physical risk'!$M$24))/1000000 -> 0 | Q13: =(SUMIFS('Input Hue'!$J:$J, 'Input Hue'!$I:$I,"1", 'Input Hue'!$C:$C,'5.CC Physical risk'!$O$24, 'Input Hue'!$B:$B,"outras empresas nao financeiras", 'Input Hue'!$F:$F,'5.CC Physical risk'!$A13&"*", 'Input Hue'!$A:$A,'5.CC Physical risk'!$N$24))/1000000 -> 0
A14: F | B14: 6 | C14: F - Construction | D14: =(SUMIFS('Input Hue'!$J:$J,'Input Hue'!$C:$C,'5.CC Physical risk'!$D$24,'Input Hue'!$F:$F,'5.CC Physical risk'!$A14&"*",'Input Hue'!$B:$B,"outras empresas nao financeiras"))/1000000 -> 995.02563 | E14: =(SUMIFS('Input Hue'!$J:$J,'Input Hue'!$I:$I,"1",'Input Hue'!$C:$C,'5.CC Physical risk'!$D$24,'Input Hue'!$F:$F,'5.CC Physical risk'!$A14&"*",'Input Hue'!$B:$B,"outras empresas nao financeiras",'Input Hue'!$E:$E,">=0",'Input Hue'!$E:$E,"<=5") + SUMIFS('Input Hue'!$J:$J,'Input Hue'!$I:$I,"1",'Input Hue'!$C:$C,'5.CC Physical risk'!$D$24,'Input Hue'!$F:$F,'5.CC Physical risk'!$A14&"*",'Input Hue'!$B:$B,"outras empresas nao financeiras",'Input Hue'!$E:$E,"-4") + SUMIFS('Input Hue'!$J:$J,'Input Hue'!$I:$I,"1",'Input Hue'!$C:$C,'5.CC Physical risk'!$D$24,'Input Hue'!$F:$F,'5.CC Physical risk'!$A14&"*",'Input Hue'!$B:$B,"outras empresas nao financeiras",'Input Hue'!$E:$E,"-1"))/1000000 -> 4.243803 | F14: =(SUMIFS('Input Hue'!$J:$J,'Input Hue'!$I:$I,"1",'Input Hue'!$C:$C,'5.CC Physical risk'!$D$24,'Input Hue'!$F:$F,'5.CC Physical risk'!$A14&"*",'Input Hue'!$B:$B,"outras empresas nao financeiras",'Input Hue'!$E:$E,">5",'Input Hue'!$E:$E,"<=10"))/1000000 -> 1.741893 | G14: =(SUMIFS('Input Hue'!$J:$J,'Input Hue'!$I:$I,"1",'Input Hue'!$C:$C,'5.CC Physical risk'!$D$24,'Input Hue'!$F:$F,'5.CC Physical risk'!$A14&"*",'Input Hue'!$B:$B,"outras empresas nao financeiras",'Input Hue'!$E:$E,">10",'Input Hue'!$E:$E,"<=20"))/1000000 -> 0.466175 | H14: =(SUMIFS('Input Hue'!$J:$J,'Input Hue'!$I:$I,"1",'Input Hue'!$C:$C,'5.CC Physical risk'!$D$24,'Input Hue'!$F:$F,'5.CC Physical risk'!$A14&"*",'Input Hue'!$B:$B,"outras empresas nao financeiras",'Input Hue'!$E:$E,">20") + SUMIFS('Input Hue'!$J:$J,'Input Hue'!$I:$I,"1",'Input Hue'!$C:$C,'5.CC Physical risk'!$D$24,'Input Hue'!$F:$F,'5.CC Physical risk'!$A14&"*",'Input Hue'!$B:$B,"outras empresas nao financeiras",'Input Hue'!$E:$E,"-2") + SUMIFS('Input Hue'!$J:$J,'Input Hue'!$I:$I,"1",'Input Hue'!$C:$C,'5.CC Physical risk'!$D$24,'Input Hue'!$F:$F,'5.CC Physical risk'!$A14&"*",'Input Hue'!$B:$B,"outras empresas nao financeiras",'Input Hue'!$E:$E,"-3") + SUMIFS('Input Hue'!$J:$J,'Input Hue'!$I:$I,"1",'Input Hue'!$C:$C,'5.CC Physical risk'!$D$24,'Input Hue'!$F:$F,'5.CC Physical risk'!$A14&"*",'Input Hue'!$B:$B,"outras empresas nao financeiras",'Input Hue'!$E:$E,"-5"))/1000000 -> 0 | I14: =IFERROR(ROUND(SUMIFS('Input Hue'!$K:$K,'Input Hue'!$I:$I,"1",'Input Hue'!$C:$C,'5.CC Physical risk'!$D$24,'Input Hue'!$F:$F,'5.CC Physical risk'!$A14&"*",'Input Hue'!$B:$B,"outras empresas nao financeiras",'Input Hue'!$E:$E,">0") / SUMIFS('Input Hue'!$J:$J,'Input Hue'!$I:$I,"1",'Input Hue'!$C:$C,'5.CC Physical risk'!$D$24,'Input Hue'!$F:$F,'5.CC Physical risk'!$A14&"*",'Input Hue'!$B:$B,"outras empresas nao financeiras",'Input Hue'!$E:$E,">0"),0),0) -> 6 | J14: =(SUMIFS('Input Hue'!$J:$J,'Input Hue'!$I:$I,"1",'Input Hue'!$C:$C,'5.CC Physical risk'!$D$24,'Input Hue'!$F:$F,'5.CC Physical risk'!$A14&"*",'Input Hue'!$B:$B,"outras empresas nao financeiras",'Input Hue'!$G:$G,"<>"&$K$24,'Input Hue'!$H:$H,'5.CC Physical risk'!$J$24))/1000000 -> 1.969824 | K14: =(SUMIFS('Input Hue'!$J:$J,'Input Hue'!$I:$I,"1",'Input Hue'!$C:$C,'5.CC Physical risk'!$D$24,'Input Hue'!$F:$F,'5.CC Physical risk'!$A14&"*",'Input Hue'!$B:$B,"outras empresas nao financeiras",'Input Hue'!$H:$H,"<>"&$J$24,'Input Hue'!$G:$G,'5.CC Physical risk'!$K$24))/1000000 -> 3.573172 | L14: =(SUMIFS('Input Hue'!$J:$J, 'Input Hue'!$I:$I,"1", 'Input Hue'!$C:$C,'5.CC Physical risk'!$D$24, 'Input Hue'!$F:$F,'5.CC Physical risk'!$A14&"*", 'Input Hue'!$B:$B,"outras empresas nao financeiras", 'Input Hue'!$H:$H,'5.CC Physical risk'!$J$24, 'Input Hue'!$G:$G,'5.CC Physical risk'!$K$24))/1000000 -> 0.908875 | M14: =(SUMIFS('Input Hue'!$J:$J, 'Input Hue'!$I:$I,"1", 'Input Hue'!$C:$C,'5.CC Physical risk'!$D$24, 'Input Hue'!$B:$B,"outras empresas nao financeiras", 'Input Hue'!$F:$F,'5.CC Physical risk'!$A14&"*", 'Input Hue'!$A:$A,'5.CC Physical risk'!$M$24))/1000000 -> 1.26474 | N14: =(SUMIFS('Input Hue'!$J:$J, 'Input Hue'!$I:$I,"1", 'Input Hue'!$C:$C,'5.CC Physical risk'!$D$24, 'Input Hue'!$B:$B,"outras empresas nao financeiras", 'Input Hue'!$F:$F,'5.CC Physical risk'!$A14&"*", 'Input Hue'!$A:$A,'5.CC Physical risk'!$N$24))/1000000 -> 2.466246 | O14: =(SUMIFS('Input Hue'!$J:$J, 'Input Hue'!$I:$I,"1", 'Input Hue'!$C:$C,'5.CC Physical risk'!$O$24, 'Input Hue'!$B:$B,"outras empresas nao financeiras", 'Input Hue'!$F:$F,'5.CC Physical risk'!$A14&"*"))/1000000 -> -2.49776 | P14: =(SUMIFS('Input Hue'!$J:$J, 'Input Hue'!$I:$I,"1", 'Input Hue'!$C:$C,'5.CC Physical risk'!$O$24, 'Input Hue'!$B:$B,"outras empresas nao financeiras", 'Input Hue'!$F:$F,'5.CC Physical risk'!$A14&"*", 'Input Hue'!$A:$A,'5.CC Physical risk'!$M$24))/1000000 -> -0.03901 | Q14: =(SUMIFS('Input Hue'!$J:$J, 'Input Hue'!$I:$I,"1", 'Input Hue'!$C:$C,'5.CC Physical risk'!$O$24, 'Input Hue'!$B:$B,"outras empresas nao financeiras", 'Input Hue'!$F:$F,'5.CC Physical risk'!$A14&"*", 'Input Hue'!$A:$A,'5.CC Physical risk'!$N$24))/1000000 -> -2.453726
A15: G | B15: 7 | C15: G - Wholesale and retail trade; repair of motor vehicles and motorcycles | D15: =(SUMIFS('Input Hue'!$J:$J,'Input Hue'!$C:$C,'5.CC Physical risk'!$D$24,'Input Hue'!$F:$F,'5.CC Physical risk'!$A15&"*",'Input Hue'!$B:$B,"outras empresas nao financeiras"))/1000000 -> 2070.1135 | E15: =(SUMIFS('Input Hue'!$J:$J,'Input Hue'!$I:$I,"1",'Input Hue'!$C:$C,'5.CC Physical risk'!$D$24,'Input Hue'!$F:$F,'5.CC Physical risk'!$A15&"*",'Input Hue'!$B:$B,"outras empresas nao financeiras",'Input Hue'!$E:$E,">=0",'Input Hue'!$E:$E,"<=5") + SUMIFS('Input Hue'!$J:$J,'Input Hue'!$I:$I,"1",'Input Hue'!$C:$C,'5.CC Physical risk'!$D$24,'Input Hue'!$F:$F,'5.CC Physical risk'!$A15&"*",'Input Hue'!$B:$B,"outras empresas nao financeiras",'Input Hue'!$E:$E,"-4") + SUMIFS('Input Hue'!$J:$J,'Input Hue'!$I:$I,"1",'Input Hue'!$C:$C,'5.CC Physical risk'!$D$24,'Input Hue'!$F:$F,'5.CC Physical risk'!$A15&"*",'Input Hue'!$B:$B,"outras empresas nao financeiras",'Input Hue'!$E:$E,"-1"))/1000000 -> 3.987269 | F15: =(SUMIFS('Input Hue'!$J:$J,'Input Hue'!$I:$I,"1",'Input Hue'!$C:$C,'5.CC Physical risk'!$D$24,'Input Hue'!$F:$F,'5.CC Physical risk'!$A15&"*",'Input Hue'!$B:$B,"outras empresas nao financeiras",'Input Hue'!$E:$E,">5",'Input Hue'!$E:$E,"<=10"))/1000000 -> 6.511786 | G15: =(SUMIFS('Input Hue'!$J:$J,'Input Hue'!$I:$I,"1",'Input Hue'!$C:$C,'5.CC Physical risk'!$D$24,'Input Hue'!$F:$F,'5.CC Physical risk'!$A15&"*",'Input Hue'!$B:$B,"outras empresas nao financeiras",'Input Hue'!$E:$E,">10",'Input Hue'!$E:$E,"<=20"))/1000000 -> 3.410179 | H15: =(SUMIFS('Input Hue'!$J:$J,'Input Hue'!$I:$I,"1",'Input Hue'!$C:$C,'5.CC Physical risk'!$D$24,'Input Hue'!$F:$F,'5.CC Physical risk'!$A15&"*",'Input Hue'!$B:$B,"outras empresas nao financeiras",'Input Hue'!$E:$E,">20") + SUMIFS('Input Hue'!$J:$J,'Input Hue'!$I:$I,"1",'Input Hue'!$C:$C,'5.CC Physical risk'!$D$24,'Input Hue'!$F:$F,'5.CC Physical risk'!$A15&"*",'Input Hue'!$B:$B,"outras empresas nao financeiras",'Input Hue'!$E:$E,"-2") + SUMIFS('Input Hue'!$J:$J,'Input Hue'!$I:$I,"1",'Input Hue'!$C:$C,'5.CC Physical risk'!$D$24,'Input Hue'!$F:$F,'5.CC Physical risk'!$A15&"*",'Input Hue'!$B:$B,"outras empresas nao financeiras",'Input Hue'!$E:$E,"-3") + SUMIFS('Input Hue'!$J:$J,'Input Hue'!$I:$I,"1",'Input Hue'!$C:$C,'5.CC Physical risk'!$D$24,'Input Hue'!$F:$F,'5.CC Physical risk'!$A15&"*",'Input Hue'!$B:$B,"outras empresas nao financeiras",'Input Hue'!$E:$E,"-5"))/1000000 -> 0 | I15: =IFERROR(ROUND(SUMIFS('Input Hue'!$K:$K,'Input Hue'!$I:$I,"1",'Input Hue'!$C:$C,'5.CC Physical risk'!$D$24,'Input Hue'!$F:$F,'5.CC Physical risk'!$A15&"*",'Input Hue'!$B:$B,"outras empresas nao financeiras",'Input Hue'!$E:$E,">0") / SUMIFS('Input Hue'!$J:$J,'Input Hue'!$I:$I,"1",'Input Hue'!$C:$C,'5.CC Physical risk'!$D$24,'Input Hue'!$F:$F,'5.CC Physical risk'!$A15&"*",'Input Hue'!$B:$B,"outras empresas nao financeiras",'Input Hue'!$E:$E,">0"),0),0) -> 8 | J15: =(SUMIFS('Input Hue'!$J:$J,'Input Hue'!$I:$I,"1",'Input Hue'!$C:$C,'5.CC Physical risk'!$D$24,'Input Hue'!$F:$F,'5.CC Physical risk'!$A15&"*",'Input Hue'!$B:$B,"outras empresas nao financeiras",'Input Hue'!$G:$G,"<>"&$K$24,'Input Hue'!$H:$H,'5.CC Physical risk'!$J$24))/1000000 -> 12.534431 | K15: =(SUMIFS('Input Hue'!$J:$J,'Input Hue'!$I:$I,"1",'Input Hue'!$C:$C,'5.CC Physical risk'!$D$24,'Input Hue'!$F:$F,'5.CC Physical risk'!$A15&"*",'Input Hue'!$B:$B,"outras empresas nao financeiras",'Input Hue'!$H:$H,"<>"&$J$24,'Input Hue'!$G:$G,'5.CC Physical risk'!$K$24))/1000000 -> 1.374803 | L15: =(SUMIFS('Input Hue'!$J:$J, 'Input Hue'!$I:$I,"1", 'Input Hue'!$C:$C,'5.CC Physical risk'!$D$24, 'Input Hue'!$F:$F,'5.CC Physical risk'!$A15&"*", 'Input Hue'!$B:$B,"outras empresas nao financeiras", 'Input Hue'!$H:$H,'5.CC Physical risk'!$J$24, 'Input Hue'!$G:$G,'5.CC Physical risk'!$K$24))/1000000 -> 0 | M15: =(SUMIFS('Input Hue'!$J:$J, 'Input Hue'!$I:$I,"1", 'Input Hue'!$C:$C,'5.CC Physical risk'!$D$24, 'Input Hue'!$B:$B,"outras empresas nao financeiras", 'Input Hue'!$F:$F,'5.CC Physical risk'!$A15&"*", 'Input Hue'!$A:$A,'5.CC Physical risk'!$M$24))/1000000 -> 2.342851 | N15: =(SUMIFS('Input Hue'!$J:$J, 'Input Hue'!$I:$I,"1", 'Input Hue'!$C:$C,'5.CC Physical risk'!$D$24, 'Input Hue'!$B:$B,"outras empresas nao financeiras", 'Input Hue'!$F:$F,'5.CC Physical risk'!$A15&"*", 'Input Hue'!$A:$A,'5.CC Physical risk'!$N$24))/1000000 -> 0.477171 | O15: =(SUMIFS('Input Hue'!$J:$J, 'Input Hue'!$I:$I,"1", 'Input Hue'!$C:$C,'5.CC Physical risk'!$O$24, 'Input Hue'!$B:$B,"outras empresas nao financeiras", 'Input Hue'!$F:$F,'5.CC Physical risk'!$A15&"*"))/1000000 -> -0.535255 | P15: =(SUMIFS('Input Hue'!$J:$J, 'Input Hue'!$I:$I,"1", 'Input Hue'!$C:$C,'5.CC Physical risk'!$O$24, 'Input Hue'!$B:$B,"outras empresas nao financeiras", 'Input Hue'!$F:$F,'5.CC Physical risk'!$A15&"*", 'Input Hue'!$A:$A,'5.CC Physical risk'!$M$24))/1000000 -> -0.070458 | Q15: =(SUMIFS('Input Hue'!$J:$J, 'Input Hue'!$I:$I,"1", 'Input Hue'!$C:$C,'5.CC Physical risk'!$O$24, 'Input Hue'!$B:$B,"outras empresas nao financeiras", 'Input Hue'!$F:$F,'5.CC Physical risk'!$A15&"*", 'Input Hue'!$A:$A,'5.CC Physical risk'!$N$24))/1000000 -> -0.443389
A16: H | B16: 8 | C16: H - Transportation and storage | D16: =(SUMIFS('Input Hue'!$J:$J,'Input Hue'!$C:$C,'5.CC Physical risk'!$D$24,'Input Hue'!$F:$F,'5.CC Physical risk'!$A16&"*",'Input Hue'!$B:$B,"outras empresas nao financeiras"))/1000000 -> 774.1598 | E16: =(SUMIFS('Input Hue'!$J:$J,'Input Hue'!$I:$I,"1",'Input Hue'!$C:$C,'5.CC Physical risk'!$D$24,'Input Hue'!$F:$F,'5.CC Physical risk'!$A16&"*",'Input Hue'!$B:$B,"outras empresas nao financeiras",'Input Hue'!$E:$E,">=0",'Input Hue'!$E:$E,"<=5") + SUMIFS('Input Hue'!$J:$J,'Input Hue'!$I:$I,"1",'Input Hue'!$C:$C,'5.CC Physical risk'!$D$24,'Input Hue'!$F:$F,'5.CC Physical risk'!$A16&"*",'Input Hue'!$B:$B,"outras empresas nao financeiras",'Input Hue'!$E:$E,"-4") + SUMIFS('Input Hue'!$J:$J,'Input Hue'!$I:$I,"1",'Input Hue'!$C:$C,'5.CC Physical risk'!$D$24,'Input Hue'!$F:$F,'5.CC Physical risk'!$A16&"*",'Input Hue'!$B:$B,"outras empresas nao financeiras",'Input Hue'!$E:$E,"-1"))/1000000 -> 0.028513 | F16: =(SUMIFS('Input Hue'!$J:$J,'Input Hue'!$I:$I,"1",'Input Hue'!$C:$C,'5.CC Physical risk'!$D$24,'Input Hue'!$F:$F,'5.CC Physical risk'!$A16&"*",'Input Hue'!$B:$B,"outras empresas nao financeiras",'Input Hue'!$E:$E,">5",'Input Hue'!$E:$E,"<=10"))/1000000 -> 0.074909 | G16: =(SUMIFS('Input Hue'!$J:$J,'Input Hue'!$I:$I,"1",'Input Hue'!$C:$C,'5.CC Physical risk'!$D$24,'Input Hue'!$F:$F,'5.CC Physical risk'!$A16&"*",'Input Hue'!$B:$B,"outras empresas nao financeiras",'Input Hue'!$E:$E,">10",'Input Hue'!$E:$E,"<=20"))/1000000 -> 0 | H16: =(SUMIFS('Input Hue'!$J:$J,'Input Hue'!$I:$I,"1",'Input Hue'!$C:$C,'5.CC Physical risk'!$D$24,'Input Hue'!$F:$F,'5.CC Physical risk'!$A16&"*",'Input Hue'!$B:$B,"outras empresas nao financeiras",'Input Hue'!$E:$E,">20") + SUMIFS('Input Hue'!$J:$J,'Input Hue'!$I:$I,"1",'Input Hue'!$C:$C,'5.CC Physical risk'!$D$24,'Input Hue'!$F:$F,'5.CC Physical risk'!$A16&"*",'Input Hue'!$B:$B,"outras empresas nao financeiras",'Input Hue'!$E:$E,"-2") + SUMIFS('Input Hue'!$J:$J,'Input Hue'!$I:$I,"1",'Input Hue'!$C:$C,'5.CC Physical risk'!$D$24,'Input Hue'!$F:$F,'5.CC Physical risk'!$A16&"*",'Input Hue'!$B:$B,"outras empresas nao financeiras",'Input Hue'!$E:$E,"-3") + SUMIFS('Input Hue'!$J:$J,'Input Hue'!$I:$I,"1",'Input Hue'!$C:$C,'5.CC Physical risk'!$D$24,'Input Hue'!$F:$F,'5.CC Physical risk'!$A16&"*",'Input Hue'!$B:$B,"outras empresas nao financeiras",'Input Hue'!$E:$E,"-5"))/1000000 -> 0 | I16: =IFERROR(ROUND(SUMIFS('Input Hue'!$K:$K,'Input Hue'!$I:$I,"1",'Input Hue'!$C:$C,'5.CC Physical risk'!$D$24,'Input Hue'!$F:$F,'5.CC Physical risk'!$A16&"*",'Input Hue'!$B:$B,"outras empresas nao financeiras",'Input Hue'!$E:$E,">0") / SUMIFS('Input Hue'!$J:$J,'Input Hue'!$I:$I,"1",'Input Hue'!$C:$C,'5.CC Physical risk'!$D$24,'Input Hue'!$F:$F,'5.CC Physical risk'!$A16&"*",'Input Hue'!$B:$B,"outras empresas nao financeiras",'Input Hue'!$E:$E,">0"),0),0) -> 6 | J16: =(SUMIFS('Input Hue'!$J:$J,'Input Hue'!$I:$I,"1",'Input Hue'!$C:$C,'5.CC Physical risk'!$D$24,'Input Hue'!$F:$F,'5.CC Physical risk'!$A16&"*",'Input Hue'!$B:$B,"outras empresas nao financeiras",'Input Hue'!$G:$G,"<>"&$K$24,'Input Hue'!$H:$H,'5.CC Physical risk'!$J$24))/1000000 -> 0 | K16: =(SUMIFS('Input Hue'!$J:$J,'Input Hue'!$I:$I,"1",'Input Hue'!$C:$C,'5.CC Physical risk'!$D$24,'Input Hue'!$F:$F,'5.CC Physical risk'!$A16&"*",'Input Hue'!$B:$B,"outras empresas nao financeiras",'Input Hue'!$H:$H,"<>"&$J$24,'Input Hue'!$G:$G,'5.CC Physical risk'!$K$24))/1000000 -> 0.103422 | L16: =(SUMIFS('Input Hue'!$J:$J, 'Input Hue'!$I:$I,"1", 'Input Hue'!$C:$C,'5.CC Physical risk'!$D$24, 'Input Hue'!$F:$F,'5.CC Physical risk'!$A16&"*", 'Input Hue'!$B:$B,"outras empresas nao financeiras", 'Input Hue'!$H:$H,'5.CC Physical risk'!$J$24, 'Input Hue'!$G:$G,'5.CC Physical risk'!$K$24))/1000000 -> 0 | M16: =(SUMIFS('Input Hue'!$J:$J, 'Input Hue'!$I:$I,"1", 'Input Hue'!$C:$C,'5.CC Physical risk'!$D$24, 'Input Hue'!$B:$B,"outras empresas nao financeiras", 'Input Hue'!$F:$F,'5.CC Physical risk'!$A16&"*", 'Input Hue'!$A:$A,'5.CC Physical risk'!$M$24))/1000000 -> 0 | N16: =(SUMIFS('Input Hue'!$J:$J, 'Input Hue'!$I:$I,"1", 'Input Hue'!$C:$C,'5.CC Physical risk'!$D$24, 'Input Hue'!$B:$B,"outras empresas nao financeiras", 'Input Hue'!$F:$F,'5.CC Physical risk'!$A16&"*", 'Input Hue'!$A:$A,'5.CC Physical risk'!$N$24))/1000000 -> 0 | O16: =(SUMIFS('Input Hue'!$J:$J, 'Input Hue'!$I:$I,"1", 'Input Hue'!$C:$C,'5.CC Physical risk'!$O$24, 'Input Hue'!$B:$B,"outras empresas nao financeiras", 'Input Hue'!$F:$F,'5.CC Physical risk'!$A16&"*"))/1000000 -> -0.000152 | P16: =(SUMIFS('Input Hue'!$J:$J, 'Input Hue'!$I:$I,"1", 'Input Hue'!$C:$C,'5.CC Physical risk'!$O$24, 'Input Hue'!$B:$B,"outras empresas nao financeiras", 'Input Hue'!$F:$F,'5.CC Physical risk'!$A16&"*", 'Input Hue'!$A:$A,'5.CC Physical risk'!$M$24))/1000000 -> 0 | Q16: =(SUMIFS('Input Hue'!$J:$J, 'Input Hue'!$I:$I,"1", 'Input Hue'!$C:$C,'5.CC Physical risk'!$O$24, 'Input Hue'!$B:$B,"outras empresas nao financeiras", 'Input Hue'!$F:$F,'5.CC Physical risk'!$A16&"*", 'Input Hue'!$A:$A,'5.CC Physical risk'!$N$24))/1000000 -> 0
A17: L | B17: 9 | C17: L - Real estate activities | D17: =(SUMIFS('Input Hue'!$J:$J,'Input Hue'!$C:$C,'5.CC Physical risk'!$D$24,'Input Hue'!$F:$F,'5.CC Physical risk'!$A17&"*",'Input Hue'!$B:$B,"outras empresas nao financeiras"))/1000000 -> 1252.5448 | E17: =(SUMIFS('Input Hue'!$J:$J,'Input Hue'!$I:$I,"1",'Input Hue'!$C:$C,'5.CC Physical risk'!$D$24,'Input Hue'!$F:$F,'5.CC Physical risk'!$A17&"*",'Input Hue'!$B:$B,"outras empresas nao financeiras",'Input Hue'!$E:$E,">=0",'Input Hue'!$E:$E,"<=5") + SUMIFS('Input Hue'!$J:$J,'Input Hue'!$I:$I,"1",'Input Hue'!$C:$C,'5.CC Physical risk'!$D$24,'Input Hue'!$F:$F,'5.CC Physical risk'!$A17&"*",'Input Hue'!$B:$B,"outras empresas nao financeiras",'Input Hue'!$E:$E,"-4") + SUMIFS('Input Hue'!$J:$J,'Input Hue'!$I:$I,"1",'Input Hue'!$C:$C,'5.CC Physical risk'!$D$24,'Input Hue'!$F:$F,'5.CC Physical risk'!$A17&"*",'Input Hue'!$B:$B,"outras empresas nao financeiras",'Input Hue'!$E:$E,"-1"))/1000000 -> 15.361595 | F17: =(SUMIFS('Input Hue'!$J:$J,'Input Hue'!$I:$I,"1",'Input Hue'!$C:$C,'5.CC Physical risk'!$D$24,'Input Hue'!$F:$F,'5.CC Physical risk'!$A17&"*",'Input Hue'!$B:$B,"outras empresas nao financeiras",'Input Hue'!$E:$E,">5",'Input Hue'!$E:$E,"<=10"))/1000000 -> 2.146628 | G17: =(SUMIFS('Input Hue'!$J:$J,'Input Hue'!$I:$I,"1",'Input Hue'!$C:$C,'5.CC Physical risk'!$D$24,'Input Hue'!$F:$F,'5.CC Physical risk'!$A17&"*",'Input Hue'!$B:$B,"outras empresas nao financeiras",'Input Hue'!$E:$E,">10",'Input Hue'!$E:$E,"<=20"))/1000000 -> 0.143384 | H17: =(SUMIFS('Input Hue'!$J:$J,'Input Hue'!$I:$I,"1",'Input Hue'!$C:$C,'5.CC Physical risk'!$D$24,'Input Hue'!$F:$F,'5.CC Physical risk'!$A17&"*",'Input Hue'!$B:$B,"outras empresas nao financeiras",'Input Hue'!$E:$E,">20") + SUMIFS('Input Hue'!$J:$J,'Input Hue'!$I:$I,"1",'Input Hue'!$C:$C,'5.CC Physical risk'!$D$24,'Input Hue'!$F:$F,'5.CC Physical risk'!$A17&"*",'Input Hue'!$B:$B,"outras empresas nao financeiras",'Input Hue'!$E:$E,"-2") + SUMIFS('Input Hue'!$J:$J,'Input Hue'!$I:$I,"1",'Input Hue'!$C:$C,'5.CC Physical risk'!$D$24,'Input Hue'!$F:$F,'5.CC Physical risk'!$A17&"*",'Input Hue'!$B:$B,"outras empresas nao financeiras",'Input Hue'!$E:$E,"-3") + SUMIFS('Input Hue'!$J:$J,'Input Hue'!$I:$I,"1",'Input Hue'!$C:$C,'5.CC Physical risk'!$D$24,'Input Hue'!$F:$F,'5.CC Physical risk'!$A17&"*",'Input Hue'!$B:$B,"outras empresas nao financeiras",'Input Hue'!$E:$E,"-5"))/1000000 -> 0 | I17: =IFERROR(ROUND(SUMIFS('Input Hue'!$K:$K,'Input Hue'!$I:$I,"1",'Input Hue'!$C:$C,'5.CC Physical risk'!$D$24,'Input Hue'!$F:$F,'5.CC Physical risk'!$A17&"*",'Input Hue'!$B:$B,"outras empresas nao financeiras",'Input Hue'!$E:$E,">0") / SUMIFS('Input Hue'!$J:$J,'Input Hue'!$I:$I,"1",'Input Hue'!$C:$C,'5.CC Physical risk'!$D$24,'Input Hue'!$F:$F,'5.CC Physical risk'!$A17&"*",'Input Hue'!$B:$B,"outras empresas nao financeiras",'Input Hue'!$E:$E,">0"),0),0) -> 5 | J17: =(SUMIFS('Input Hue'!$J:$J,'Input Hue'!$I:$I,"1",'Input Hue'!$C:$C,'5.CC Physical risk'!$D$24,'Input Hue'!$F:$F,'5.CC Physical risk'!$A17&"*",'Input Hue'!$B:$B,"outras empresas nao financeiras",'Input Hue'!$G:$G,"<>"&$K$24,'Input Hue'!$H:$H,'5.CC Physical risk'!$J$24))/1000000 -> 0 | K17: =(SUMIFS('Input Hue'!$J:$J,'Input Hue'!$I:$I,"1",'Input Hue'!$C:$C,'5.CC Physical risk'!$D$24,'Input Hue'!$F:$F,'5.CC Physical risk'!$A17&"*",'Input Hue'!$B:$B,"outras empresas nao financeiras",'Input Hue'!$H:$H,"<>"&$J$24,'Input Hue'!$G:$G,'5.CC Physical risk'!$K$24))/1000000 -> 17.651607 | L17: =(SUMIFS('Input Hue'!$J:$J, 'Input Hue'!$I:$I,"1", 'Input Hue'!$C:$C,'5.CC Physical risk'!$D$24, 'Input Hue'!$F:$F,'5.CC Physical risk'!$A17&"*", 'Input Hue'!$B:$B,"outras empresas nao financeiras", 'Input Hue'!$H:$H,'5.CC Physical risk'!$J$24, 'Input Hue'!$G:$G,'5.CC Physical risk'!$K$24))/1000000 -> 0 | M17: =(SUMIFS('Input Hue'!$J:$J, 'Input Hue'!$I:$I,"1", 'Input Hue'!$C:$C,'5.CC Physical risk'!$D$24, 'Input Hue'!$B:$B,"outras empresas nao financeiras", 'Input Hue'!$F:$F,'5.CC Physical risk'!$A17&"*", 'Input Hue'!$A:$A,'5.CC Physical risk'!$M$24))/1000000 -> 0.067063 | N17: =(SUMIFS('Input Hue'!$J:$J, 'Input Hue'!$I:$I,"1", 'Input Hue'!$C:$C,'5.CC Physical risk'!$D$24, 'Input Hue'!$B:$B,"outras empresas nao financeiras", 'Input Hue'!$F:$F,'5.CC Physical risk'!$A17&"*", 'Input Hue'!$A:$A,'5.CC Physical risk'!$N$24))/1000000 -> 12.449708 | O17: =(SUMIFS('Input Hue'!$J:$J, 'Input Hue'!$I:$I,"1", 'Input Hue'!$C:$C,'5.CC Physical risk'!$O$24, 'Input Hue'!$B:$B,"outras empresas nao financeiras", 'Input Hue'!$F:$F,'5.CC Physical risk'!$A17&"*"))/1000000 -> -12.416869 | P17: =(SUMIFS('Input Hue'!$J:$J, 'Input Hue'!$I:$I,"1", 'Input Hue'!$C:$C,'5.CC Physical risk'!$O$24, 'Input Hue'!$B:$B,"outras empresas nao financeiras", 'Input Hue'!$F:$F,'5.CC Physical risk'!$A17&"*", 'Input Hue'!$A:$A,'5.CC Physical risk'!$M$24))/1000000 -> -0.008592 | Q17: =(SUMIFS('Input Hue'!$J:$J, 'Input Hue'!$I:$I,"1", 'Input Hue'!$C:$C,'5.CC Physical risk'!$O$24, 'Input Hue'!$B:$B,"outras empresas nao financeiras", 'Input Hue'!$F:$F,'5.CC Physical risk'!$A17&"*", 'Input Hue'!$A:$A,'5.CC Physical risk'!$N$24))/1000000 -> -12.400323
A18: Garantia Residencial | B18: 10 | C18: Loans collateralised by residential immovable property | D18: =(SUMIFS('Input Hue'!$J:$J, 'Input Hue'!$C:$C,'5.CC Physical risk'!$D$24, 'Input Hue'!$D:$D,'5.CC Physical risk'!$A18&"*"))/1000000 -> 23291.747 | E18: =(SUMIFS('Input Hue'!$J:$J,'Input Hue'!$I:$I,"1",'Input Hue'!$C:$C,'5.CC Physical risk'!$D$24,'Input Hue'!$D:$D,'5.CC Physical risk'!$A18,'Input Hue'!$E:$E,">=0",'Input Hue'!$E:$E,"<=5") + SUMIFS('Input Hue'!$J:$J,'Input Hue'!$I:$I,"1",'Input Hue'!$C:$C,'5.CC Physical risk'!$D$24,'Input Hue'!$D:$D,'5.CC Physical risk'!$A18,'Input Hue'!$E:$E,"-4") + SUMIFS('Input Hue'!$J:$J,'Input Hue'!$I:$I,"1",'Input Hue'!$C:$C,'5.CC Physical risk'!$D$24,'Input Hue'!$D:$D,'5.CC Physical risk'!$A18,'Input Hue'!$E:$E,"-1"))/1000000 -> 6.052976 | F18: =(SUMIFS('Input Hue'!$J:$J,'Input Hue'!$I:$I,"1",'Input Hue'!$C:$C,'5.CC Physical risk'!$D$24,'Input Hue'!$D:$D,'5.CC Physical risk'!$A18,'Input Hue'!$E:$E,">5",'Input Hue'!$E:$E,"<=10"))/1000000 -> 18.426415 | G18: =(SUMIFS('Input Hue'!$J:$J,'Input Hue'!$I:$I,"1",'Input Hue'!$C:$C,'5.CC Physical risk'!$D$24,'Input Hue'!$D:$D,'5.CC Physical risk'!$A18,'Input Hue'!$E:$E,">10",'Input Hue'!$E:$E,"<=20"))/1000000 -> 61.651435 | H18: =(SUMIFS('Input Hue'!$J:$J,'Input Hue'!$I:$I,"1",'Input Hue'!$C:$C,'5.CC Physical risk'!$D$24,'Input Hue'!$D:$D,'5.CC Physical risk'!$A18,'Input Hue'!$E:$E,">20") + SUMIFS('Input Hue'!$J:$J,'Input Hue'!$I:$I,"1",'Input Hue'!$C:$C,'5.CC Physical risk'!$D$24,'Input Hue'!$D:$D,'5.CC Physical risk'!$A18,'Input Hue'!$E:$E,"-2") + SUMIFS('Input Hue'!$J:$J,'Input Hue'!$I:$I,"1",'Input Hue'!$C:$C,'5.CC Physical risk'!$D$24,'Input Hue'!$D:$D,'5.CC Physical risk'!$A18,'Input Hue'!$E:$E,"-3") + SUMIFS('Input Hue'!$J:$J,'Input Hue'!$I:$I,"1",'Input Hue'!$C:$C,'5.CC Physical risk'!$D$24,'Input Hue'!$D:$D,'5.CC Physical risk'!$A18,'Input Hue'!$E:$E,"-5"))/1000000 -> 324.73496 | I18: =IFERROR(ROUND(SUMIFS('Input Hue'!$K:$K,'Input Hue'!$I:$I,"1",'Input Hue'!$C:$C,'5.CC Physical risk'!$D$24,'Input Hue'!$D:$D,'5.CC Physical risk'!$A18,'Input Hue'!$E:$E,">0") / SUMIFS('Input Hue'!$J:$J,'Input Hue'!$I:$I,"1",'Input Hue'!$C:$C,'5.CC Physical risk'!$D$24,'Input Hue'!$D:$D,'5.CC Physical risk'!$A18,'Input Hue'!$E:$E,">0"),0),0) -> 27 | J18: =(SUMIFS('Input Hue'!$J:$J,'Input Hue'!$I:$I,"1",'Input Hue'!$C:$C,'5.CC Physical risk'!$D$24,'Input Hue'!$D:$D,'5.CC Physical risk'!$A18&"*",'Input Hue'!$H:$H,"CHRO1",'Input Hue'!$G:$G,"ACUT2"))/1000000 -> 65.2391 | K18: =(SUMIFS('Input Hue'!$J:$J,'Input Hue'!$I:$I,"1",'Input Hue'!$C:$C,'5.CC Physical risk'!$D$24,'Input Hue'!$D:$D,'5.CC Physical risk'!$A18&"*",'Input Hue'!$H:$H,"CHRO2",'Input Hue'!$G:$G,"ACUT1"))/1000000 -> 337.67818 | L18: =(SUMIFS('Input Hue'!$J:$J,'Input Hue'!$I:$I,"1",'Input Hue'!$C:$C,'5.CC Physical risk'!$D$24,'Input Hue'!$D:$D,'5.CC Physical risk'!$A18&"*",'Input Hue'!$H:$H,"CHRO1",'Input Hue'!$G:$G,"ACUT1"))/1000000 -> 7.948499 | M18: =SUM(SUMIFS('Input Hue'!$J:$J, 'Input Hue'!$I:$I,"1", 'Input Hue'!$C:$C,'5.CC Physical risk'!$D$24, 'Input Hue'!$D:$D,'5.CC Physical risk'!$A18&"*", 'Input Hue'!$A:$A,'5.CC Physical risk'!$M$24))/1000000 -> 36.087415 | N18: =SUM(SUMIFS('Input Hue'!$J:$J, 'Input Hue'!$I:$I,"1", 'Input Hue'!$C:$C,'5.CC Physical risk'!$D$24, 'Input Hue'!$D:$D,'5.CC Physical risk'!$A18&"*", 'Input Hue'!$A:$A,'5.CC Physical risk'!$N$24))/1000000 -> 6.368013 | O18: =SUM(SUMIFS('Input Hue'!$J:$J, 'Input Hue'!$I:$I,"1", 'Input Hue'!$C:$C,'5.CC Physical risk'!$O$24, 'Input Hue'!$D:$D,'5.CC Physical risk'!$A18))/1000000 -> -3.305494 | P18: =SUM(SUMIFS('Input Hue'!$J:$J, 'Input Hue'!$I:$I,"1", 'Input Hue'!$C:$C,'5.CC Physical risk'!$O$24, 'Input Hue'!$D:$D,'5.CC Physical risk'!$A18&"*", 'Input Hue'!$A:$A,'5.CC Physical risk'!$M$24))/1000000 -> -1.076484 | Q18: =SUM(SUMIFS('Input Hue'!$J:$J, 'Input Hue'!$I:$I,"1", 'Input Hue'!$C:$C,'5.CC Physical risk'!$O$24, 'Input Hue'!$D:$D,'5.CC Physical risk'!$A18&"*", 'Input Hue'!$A:$A,'5.CC Physical risk'!$N$24))/1000000 -> -2.021061
A19: Garantia Comercial | B19: 11 | C19: Loans collateralised by commercial immovable property | D19: =(SUMIFS('Input Hue'!$J:$J,'Input Hue'!$C:$C,'5.CC Physical risk'!$D$24,'Input Hue'!$D:$D,'5.CC Physical risk'!$A19&"*"))/1000000 -> 3579.2886 | E19: =(SUMIFS('Input Hue'!$J:$J,'Input Hue'!$I:$I,"1",'Input Hue'!$C:$C,'5.CC Physical risk'!$D$24,'Input Hue'!$D:$D,'5.CC Physical risk'!$A19,'Input Hue'!$E:$E,">=0",'Input Hue'!$E:$E,"<=5") + SUMIFS('Input Hue'!$J:$J,'Input Hue'!$I:$I,"1",'Input Hue'!$C:$C,'5.CC Physical risk'!$D$24,'Input Hue'!$D:$D,'5.CC Physical risk'!$A19,'Input Hue'!$E:$E,"-4") + SUMIFS('Input Hue'!$J:$J,'Input Hue'!$I:$I,"1",'Input Hue'!$C:$C,'5.CC Physical risk'!$D$24,'Input Hue'!$D:$D,'5.CC Physical risk'!$A19,'Input Hue'!$E:$E,"-1"))/1000000 -> 67.448936 | F19: =(SUMIFS('Input Hue'!$J:$J,'Input Hue'!$I:$I,"1",'Input Hue'!$C:$C,'5.CC Physical risk'!$D$24,'Input Hue'!$D:$D,'5.CC Physical risk'!$A19,'Input Hue'!$E:$E,">5",'Input Hue'!$E:$E,"<=10"))/1000000 -> 89.380075 | G19: =(SUMIFS('Input Hue'!$J:$J,'Input Hue'!$I:$I,"1",'Input Hue'!$C:$C,'5.CC Physical risk'!$D$24,'Input Hue'!$D:$D,'5.CC Physical risk'!$A19,'Input Hue'!$E:$E,">10",'Input Hue'!$E:$E,"<=20"))/1000000 -> 81.47398 | H19: =(SUMIFS('Input Hue'!$J:$J,'Input Hue'!$I:$I,"1",'Input Hue'!$C:$C,'5.CC Physical risk'!$D$24,'Input Hue'!$D:$D,'5.CC Physical risk'!$A19,'Input Hue'!$E:$E,">20") +SUMIFS('Input Hue'!$J:$J,'Input Hue'!$I:$I,"1",'Input Hue'!$C:$C,'5.CC Physical risk'!$D$24,'Input Hue'!$D:$D,'5.CC Physical risk'!$A19,'Input Hue'!$E:$E,"-2") +SUMIFS('Input Hue'!$J:$J,'Input Hue'!$I:$I,"1",'Input Hue'!$C:$C,'5.CC Physical risk'!$D$24,'Input Hue'!$D:$D,'5.CC Physical risk'!$A19,'Input Hue'!$E:$E,"-3") +SUMIFS('Input Hue'!$J:$J,'Input Hue'!$I:$I,"1",'Input Hue'!$C:$C,'5.CC Physical risk'!$D$24,'Input Hue'!$D:$D,'5.CC Physical risk'!$A19,'Input Hue'!$E:$E,"-5"))/1000000 -> 0.082302 | I19: =IFERROR(ROUND(SUMIFS('Input Hue'!$K:$K,'Input Hue'!$I:$I,"1",'Input Hue'!$C:$C,'5.CC Physical risk'!$D$24,'Input Hue'!$D:$D,'5.CC Physical risk'!$A19,'Input Hue'!$E:$E,">0") / SUMIFS('Input Hue'!$J:$J,'Input Hue'!$I:$I,"1",'Input Hue'!$C:$C,'5.CC Physical risk'!$D$24,'Input Hue'!$D:$D,'5.CC Physical risk'!$A19,'Input Hue'!$E:$E,">0"),0),0) -> 9 | J19: =(SUMIFS('Input Hue'!$J:$J,'Input Hue'!$I:$I,"1",'Input Hue'!$C:$C,'5.CC Physical risk'!$D$24,'Input Hue'!$D:$D,'5.CC Physical risk'!$A19&"*",'Input Hue'!$H:$H,"CHRO1",'Input Hue'!$G:$G,"ACUT2"))/1000000 -> 195.25128 | K19: =(SUMIFS('Input Hue'!$J:$J,'Input Hue'!$I:$I,"1",'Input Hue'!$C:$C,'5.CC Physical risk'!$D$24,'Input Hue'!$D:$D,'5.CC Physical risk'!$A19&"*",'Input Hue'!$H:$H,"CHRO2",'Input Hue'!$G:$G,"ACUT1"))/1000000 -> 38.848985 | L19: =(SUMIFS('Input Hue'!$J:$J,'Input Hue'!$I:$I,"1",'Input Hue'!$C:$C,'5.CC Physical risk'!$D$24,'Input Hue'!$D:$D,'5.CC Physical risk'!$A19&"*",'Input Hue'!$H:$H,"CHRO1",'Input Hue'!$G:$G,"ACUT1"))/1000000 -> 4.285023 | M19: =(SUMIFS('Input Hue'!$J:$J,'Input Hue'!$I:$I,"1",'Input Hue'!$C:$C,'5.CC Physical risk'!$D$24,'Input Hue'!$D:$D,'5.CC Physical risk'!$A19&"*",'Input Hue'!$A:$A,'5.CC Physical risk'!$M$24))/1000000 -> 22.77949 | N19: =(SUMIFS('Input Hue'!$J:$J,'Input Hue'!$I:$I,"1",'Input Hue'!$C:$C,'5.CC Physical risk'!$D$24,'Input Hue'!$D:$D,'5.CC Physical risk'!$A19&"*",'Input Hue'!$A:$A,'5.CC Physical risk'!$N$24))/1000000 -> 22.656877 | O19: =(SUMIFS('Input Hue'!$J:$J,'Input Hue'!$I:$I,"1",'Input Hue'!$C:$C,'5.CC Physical risk'!$O$24,'Input Hue'!$D:$D,'5.CC Physical risk'!$A19))/1000000 -> -20.160018 | P19: =(SUMIFS('Input Hue'!$J:$J,'Input Hue'!$I:$I,"1",'Input Hue'!$C:$C,'5.CC Physical risk'!$O$24,'Input Hue'!$D:$D,'5.CC Physical risk'!$A19&"*",'Input Hue'!$A:$A,'5.CC Physical risk'!$M$24))/1000000 -> -1.123027 | Q19: =(SUMIFS('Input Hue'!$J:$J,'Input Hue'!$I:$I,"1",'Input Hue'!$C:$C,'5.CC Physical risk'!$O$24,'Input Hue'!$D:$D,'5.CC Physical risk'!$A19&"*",'Input Hue'!$A:$A,'5.CC Physical risk'!$N$24))/1000000 -> -18.672039
A20: Stock | B20: 12 | C20: Repossessed colalterals | D20: =(SUMIFS('Input Hue'!$J:$J,'Input Hue'!$C:$C,'5.CC Physical risk'!$D$24,'Input Hue'!$D:$D,'5.CC Physical risk'!$A20&"*"))/1000000 -> 0 | E20: =(SUMIFS('Input Hue'!$J:$J,'Input Hue'!$I:$I,"1",'Input Hue'!$C:$C,'5.CC Physical risk'!$D$24,'Input Hue'!$D:$D,'5.CC Physical risk'!$A20&"*",'Input Hue'!$E:$E,">=0",'Input Hue'!$E:$E,"<=5"))/1000000 -> 0 | F20: =(SUMIFS('Input Hue'!$J:$J,'Input Hue'!$I:$I,"1",'Input Hue'!$C:$C,'5.CC Physical risk'!$D$24,'Input Hue'!$D:$D,'5.CC Physical risk'!$A20&"*",'Input Hue'!$E:$E,">5",'Input Hue'!$E:$E,"<=10"))/1000000 -> 0 | G20: =(SUMIFS('Input Hue'!$J:$J,'Input Hue'!$I:$I,"1",'Input Hue'!$C:$C,'5.CC Physical risk'!$D$24,'Input Hue'!$D:$D,'5.CC Physical risk'!$A20&"*",'Input Hue'!$E:$E,">10",'Input Hue'!$E:$E,"<=20"))/1000000 -> 0 | H20: =(SUMIFS('Input Hue'!$J:$J,'Input Hue'!$I:$I,"1",'Input Hue'!$C:$C,'5.CC Physical risk'!$D$24,'Input Hue'!$D:$D,'5.CC Physical risk'!$A20,'Input Hue'!$E:$E,">20") +SUMIFS('Input Hue'!$J:$J,'Input Hue'!$I:$I,"1",'Input Hue'!$C:$C,'5.CC Physical risk'!$D$24,'Input Hue'!$D:$D,'5.CC Physical risk'!$A20,'Input Hue'!$E:$E,"-2") +SUMIFS('Input Hue'!$J:$J,'Input Hue'!$I:$I,"1",'Input Hue'!$C:$C,'5.CC Physical risk'!$D$24,'Input Hue'!$D:$D,'5.CC Physical risk'!$A20,'Input Hue'!$E:$E,"-3") +SUMIFS('Input Hue'!$J:$J,'Input Hue'!$I:$I,"1",'Input Hue'!$C:$C,'5.CC Physical risk'!$D$24,'Input Hue'!$D:$D,'5.CC Physical risk'!$A20,'Input Hue'!$E:$E,"-5"))/1000000 -> 0 | I20: =IFERROR(ROUND(SUMIFS('Input Hue'!$K:$K,'Input Hue'!$I:$I,"1",'Input Hue'!$C:$C,'5.CC Physical risk'!$D$24,'Input Hue'!$D:$D,'5.CC Physical risk'!$A20,'Input Hue'!$E:$E,">0") / SUMIFS('Input Hue'!$J:$J,'Input Hue'!$I:$I,"1",'Input Hue'!$C:$C,'5.CC Physical risk'!$D$24,'Input Hue'!$D:$D,'5.CC Physical risk'!$A20,'Input Hue'!$E:$E,">0"),0),0) -> 0 | J20: =(SUMIFS('Input Hue'!$J:$J,'Input Hue'!$I:$I,"1",'Input Hue'!$C:$C,'5.CC Physical risk'!$D$24,'Input Hue'!$D:$D,'5.CC Physical risk'!$A20&"*",'Input Hue'!$H:$H,"CHRO1",'Input Hue'!$G:$G,"ACUT2"))/1000000 -> 0 | K20: =(SUMIFS('Input Hue'!$J:$J,'Input Hue'!$I:$I,"1",'Input Hue'!$C:$C,'5.CC Physical risk'!$D$24,'Input Hue'!$D:$D,'5.CC Physical risk'!$A20&"*",'Input Hue'!$H:$H,"CHRO2",'Input Hue'!$G:$G,"ACUT1"))/1000000 -> 0 | L20: =(SUMIFS('Input Hue'!$J:$J,'Input Hue'!$I:$I,"1",'Input Hue'!$C:$C,'5.CC Physical risk'!$D$24,'Input Hue'!$D:$D,'5.CC Physical risk'!$A20&"*",'Input Hue'!$H:$H,"CHRO1",'Input Hue'!$G:$G,"ACUT1"))/1000000 -> 0 | M20: =(SUMIFS('Input Hue'!$J:$J,'Input Hue'!$C:$C,'5.CC Physical risk'!$D$24,'Input Hue'!$I:$I,"1",'Input Hue'!$D:$D,'5.CC Physical risk'!$A20,'Input Hue'!$A:$A,'5.CC Physical risk'!$M$24))/1000000 -> 0 | N20: =(SUMIFS('Input Hue'!$J:$J,'Input Hue'!$C:$C,'5.CC Physical risk'!$D$24,'Input Hue'!$I:$I,"1",'Input Hue'!$I:$I,'5.CC Physical risk'!$A20,'Input Hue'!$A:$A,'5.CC Physical risk'!$N$24))/1000000 -> 0 | O20: =(SUMIFS('Input Hue'!$J:$J,'Input Hue'!$I:$I,"1",'Input Hue'!$C:$C,'5.CC Physical risk'!$O$24,'Input Hue'!$D:$D,'5.CC Physical risk'!$A20))/1000000 -> 0 | P20: =(SUMIFS('Input Hue'!$J:$J,'Input Hue'!$C:$C,'5.CC Physical risk'!$O$24,'Input Hue'!$I:$I,"1",'Input Hue'!$D:$D,'5.CC Physical risk'!$A20,'Input Hue'!$A:$A,'5.CC Physical risk'!$M$24))/1000000 -> 0 | Q20: =(SUMIFS('Input Hue'!$J:$J,'Input Hue'!$C:$C,'5.CC Physical risk'!$O$24,'Input Hue'!$I:$I,"1",'Input Hue'!$D:$D,'5.CC Physical risk'!$A20,'Input Hue'!$A:$A,'5.CC Physical risk'!$N$24))/1000000 -> 0
A21: I | B21: 13 | C21: I - Accommodation and food service activities | D21: =(SUMIFS('Input Hue'!$J:$J,'Input Hue'!$C:$C,'5.CC Physical risk'!$D$24,'Input Hue'!$F:$F,'5.CC Physical risk'!$A21&"*",'Input Hue'!$B:$B,"outras empresas nao financeiras"))/1000000 -> 1110.4605 | E21: =(SUMIFS('Input Hue'!$J:$J,'Input Hue'!$I:$I,"1",'Input Hue'!$C:$C,'5.CC Physical risk'!$D$24,'Input Hue'!$F:$F,'5.CC Physical risk'!$A21&"*",'Input Hue'!$B:$B,"outras empresas nao financeiras",'Input Hue'!$E:$E,">=0",'Input Hue'!$E:$E,"<=5") + SUMIFS('Input Hue'!$J:$J,'Input Hue'!$I:$I,"1",'Input Hue'!$C:$C,'5.CC Physical risk'!$D$24,'Input Hue'!$F:$F,'5.CC Physical risk'!$A21&"*",'Input Hue'!$B:$B,"outras empresas nao financeiras",'Input Hue'!$E:$E,"-4") + SUMIFS('Input Hue'!$J:$J,'Input Hue'!$I:$I,"1",'Input Hue'!$C:$C,'5.CC Physical risk'!$D$24,'Input Hue'!$F:$F,'5.CC Physical risk'!$A21&"*",'Input Hue'!$B:$B,"outras empresas nao financeiras",'Input Hue'!$E:$E,"-1"))/1000000 -> 0.222117 | F21: =(SUMIFS('Input Hue'!$J:$J,'Input Hue'!$I:$I,"1",'Input Hue'!$C:$C,'5.CC Physical risk'!$D$24,'Input Hue'!$F:$F,'5.CC Physical risk'!$A21&"*",'Input Hue'!$B:$B,"outras empresas nao financeiras",'Input Hue'!$E:$E,">5",'Input Hue'!$E:$E,"<=10"))/1000000 -> 6.512618 | G21: =(SUMIFS('Input Hue'!$J:$J,'Input Hue'!$I:$I,"1",'Input Hue'!$C:$C,'5.CC Physical risk'!$D$24,'Input Hue'!$F:$F,'5.CC Physical risk'!$A21&"*",'Input Hue'!$B:$B,"outras empresas nao financeiras",'Input Hue'!$E:$E,">10",'Input Hue'!$E:$E,"<=20"))/1000000 -> 0.704799 | H21: =(SUMIFS('Input Hue'!$J:$J,'Input Hue'!$I:$I,"1",'Input Hue'!$C:$C,'5.CC Physical risk'!$D$24,'Input Hue'!$F:$F,'5.CC Physical risk'!$A21&"*",'Input Hue'!$B:$B,"outras empresas nao financeiras",'Input Hue'!$E:$E,">20") + SUMIFS('Input Hue'!$J:$J,'Input Hue'!$I:$I,"1",'Input Hue'!$C:$C,'5.CC Physical risk'!$D$24,'Input Hue'!$F:$F,'5.CC Physical risk'!$A21&"*",'Input Hue'!$B:$B,"outras empresas nao financeiras",'Input Hue'!$E:$E,"-2") + SUMIFS('Input Hue'!$J:$J,'Input Hue'!$I:$I,"1",'Input Hue'!$C:$C,'5.CC Physical risk'!$D$24,'Input Hue'!$F:$F,'5.CC Physical risk'!$A21&"*",'Input Hue'!$B:$B,"outras empresas nao financeiras",'Input Hue'!$E:$E,"-3") + SUMIFS('Input Hue'!$J:$J,'Input Hue'!$I:$I,"1",'Input Hue'!$C:$C,'5.CC Physical risk'!$D$24,'Input Hue'!$F:$F,'5.CC Physical risk'!$A21&"*",'Input Hue'!$B:$B,"outras empresas nao financeiras",'Input Hue'!$E:$E,"-5"))/1000000 -> 0 | I21: =IFERROR(ROUND(SUMIFS('Input Hue'!$K:$K,'Input Hue'!$I:$I,"1",'Input Hue'!$C:$C,'5.CC Physical risk'!$D$24,'Input Hue'!$F:$F,'5.CC Physical risk'!$A21&"*",'Input Hue'!$B:$B,"outras empresas nao financeiras",'Input Hue'!$E:$E,">0") / SUMIFS('Input Hue'!$J:$J,'Input Hue'!$I:$I,"1",'Input Hue'!$C:$C,'5.CC Physical risk'!$D$24,'Input Hue'!$F:$F,'5.CC Physical risk'!$A21&"*",'Input Hue'!$B:$B,"outras empresas nao financeiras",'Input Hue'!$E:$E,">0"),0),0) -> 10 | J21: =(SUMIFS('Input Hue'!$J:$J,'Input Hue'!$I:$I,"1",'Input Hue'!$C:$C,'5.CC Physical risk'!$D$24,'Input Hue'!$F:$F,'5.CC Physical risk'!$A21&"*",'Input Hue'!$B:$B,"outras empresas nao financeiras",'Input Hue'!$G:$G,"<>"&$K$24,'Input Hue'!$H:$H,'5.CC Physical risk'!$J$24))/1000000 -> 0 | K21: =(SUMIFS('Input Hue'!$J:$J,'Input Hue'!$I:$I,"1",'Input Hue'!$C:$C,'5.CC Physical risk'!$D$24,'Input Hue'!$F:$F,'5.CC Physical risk'!$A21&"*",'Input Hue'!$B:$B,"outras empresas nao financeiras",'Input Hue'!$H:$H,"<>"&$J$24,'Input Hue'!$G:$G,'5.CC Physical risk'!$K$24))/1000000 -> 7.439534 | L21: =(SUMIFS('Input Hue'!$J:$J,'Input Hue'!$I:$I,"1",'Input Hue'!$C:$C,'5.CC Physical risk'!$D$24,'Input Hue'!$F:$F,'5.CC Physical risk'!$A21&"*",'Input Hue'!$B:$B,"outras empresas nao financeiras",'Input Hue'!$H:$H,'5.CC Physical risk'!$J$24,'Input Hue'!$G:$G,'5.CC Physical risk'!$K$24))/1000000 -> 0 | M21: =(SUMIFS('Input Hue'!$J:$J, 'Input Hue'!$I:$I,"1", 'Input Hue'!$C:$C,'5.CC Physical risk'!$D$24, 'Input Hue'!$B:$B,"outras empresas nao financeiras", 'Input Hue'!$F:$F,'5.CC Physical risk'!$A21&"*", 'Input Hue'!$A:$A,'5.CC Physical risk'!$M$24))/1000000 -> 0 | N21: =(SUMIFS('Input Hue'!$J:$J, 'Input Hue'!$I:$I,"1", 'Input Hue'!$C:$C,'5.CC Physical risk'!$D$24, 'Input Hue'!$B:$B,"outras empresas nao financeiras", 'Input Hue'!$F:$F,'5.CC Physical risk'!$A21&"*", 'Input Hue'!$A:$A,'5.CC Physical risk'!$N$24))/1000000 -> 0.030584 | O21: =(SUMIFS('Input Hue'!$J:$J, 'Input Hue'!$I:$I,"1", 'Input Hue'!$C:$C,'5.CC Physical risk'!$O$24, 'Input Hue'!$B:$B,"outras empresas nao financeiras", 'Input Hue'!$F:$F,'5.CC Physical risk'!$A21&"*"))/1000000 -> -0.027449 | P21: =(SUMIFS('Input Hue'!$J:$J, 'Input Hue'!$I:$I,"1", 'Input Hue'!$C:$C,'5.CC Physical risk'!$O$24, 'Input Hue'!$B:$B,"outras empresas nao financeiras", 'Input Hue'!$F:$F,'5.CC Physical risk'!$A21&"*", 'Input Hue'!$A:$A,'5.CC Physical risk'!$M$24))/1000000 -> 0 | Q21: =(SUMIFS('Input Hue'!$J:$J, 'Input Hue'!$I:$I,"1", 'Input Hue'!$C:$C,'5.CC Physical risk'!$O$24, 'Input Hue'!$B:$B,"outras empresas nao financeiras", 'Input Hue'!$F:$F,'5.CC Physical risk'!$A21&"*", 'Input Hue'!$A:$A,'5.CC Physical risk'!$N$24))/1000000 -> -0.013414
A22: K | B22: 13 | C22: K - Financial and insurance activities | D22: =(SUMIFS('Input Hue'!$J:$J,'Input Hue'!$C:$C,'5.CC Physical risk'!$D$24,'Input Hue'!$F:$F,'5.CC Physical risk'!$A22&"*",'Input Hue'!$B:$B,"outras empresas nao financeiras"))/1000000 -> 8.718658 | E22: =(SUMIFS('Input Hue'!$J:$J,'Input Hue'!$I:$I,"1",'Input Hue'!$C:$C,'5.CC Physical risk'!$D$24,'Input Hue'!$F:$F,'5.CC Physical risk'!$A22&"*",'Input Hue'!$B:$B,"outras empresas nao financeiras",'Input Hue'!$E:$E,">=0",'Input Hue'!$E:$E,"<=5") + SUMIFS('Input Hue'!$J:$J,'Input Hue'!$I:$I,"1",'Input Hue'!$C:$C,'5.CC Physical risk'!$D$24,'Input Hue'!$F:$F,'5.CC Physical risk'!$A22&"*",'Input Hue'!$B:$B,"outras empresas nao financeiras",'Input Hue'!$E:$E,"-4") + SUMIFS('Input Hue'!$J:$J,'Input Hue'!$I:$I,"1",'Input Hue'!$C:$C,'5.CC Physical risk'!$D$24,'Input Hue'!$F:$F,'5.CC Physical risk'!$A22&"*",'Input Hue'!$B:$B,"outras empresas nao financeiras",'Input Hue'!$E:$E,"-1"))/1000000 -> 0 | F22: =(SUMIFS('Input Hue'!$J:$J,'Input Hue'!$I:$I,"1",'Input Hue'!$C:$C,'5.CC Physical risk'!$D$24,'Input Hue'!$F:$F,'5.CC Physical risk'!$A22&"*",'Input Hue'!$B:$B,"outras empresas nao financeiras",'Input Hue'!$E:$E,">5",'Input Hue'!$E:$E,"<=10"))/1000000 -> 0 | G22: =(SUMIFS('Input Hue'!$J:$J,'Input Hue'!$I:$I,"1",'Input Hue'!$C:$C,'5.CC Physical risk'!$D$24,'Input Hue'!$F:$F,'5.CC Physical risk'!$A22&"*",'Input Hue'!$B:$B,"outras empresas nao financeiras",'Input Hue'!$E:$E,">10",'Input Hue'!$E:$E,"<=20"))/1000000 -> 0 | H22: =(SUMIFS('Input Hue'!$J:$J,'Input Hue'!$I:$I,"1",'Input Hue'!$C:$C,'5.CC Physical risk'!$D$24,'Input Hue'!$F:$F,'5.CC Physical risk'!$A22&"*",'Input Hue'!$B:$B,"outras empresas nao financeiras",'Input Hue'!$E:$E,">20") + SUMIFS('Input Hue'!$J:$J,'Input Hue'!$I:$I,"1",'Input Hue'!$C:$C,'5.CC Physical risk'!$D$24,'Input Hue'!$F:$F,'5.CC Physical risk'!$A22&"*",'Input Hue'!$B:$B,"outras empresas nao financeiras",'Input Hue'!$E:$E,"-2") + SUMIFS('Input Hue'!$J:$J,'Input Hue'!$I:$I,"1",'Input Hue'!$C:$C,'5.CC Physical risk'!$D$24,'Input Hue'!$F:$F,'5.CC Physical risk'!$A22&"*",'Input Hue'!$B:$B,"outras empresas nao financeiras",'Input Hue'!$E:$E,"-3") + SUMIFS('Input Hue'!$J:$J,'Input Hue'!$I:$I,"1",'Input Hue'!$C:$C,'5.CC Physical risk'!$D$24,'Input Hue'!$F:$F,'5.CC Physical risk'!$A22&"*",'Input Hue'!$B:$B,"outras empresas nao financeiras",'Input Hue'!$E:$E,"-5"))/1000000 -> 0 | I22: =IFERROR(ROUND(SUMIFS('Input Hue'!$K:$K,'Input Hue'!$I:$I,"1",'Input Hue'!$C:$C,'5.CC Physical risk'!$D$24,'Input Hue'!$F:$F,'5.CC Physical risk'!$A22&"*",'Input Hue'!$B:$B,"outras empresas nao financeiras",'Input Hue'!$E:$E,">0") / SUMIFS('Input Hue'!$J:$J,'Input Hue'!$I:$I,"1",'Input Hue'!$C:$C,'5.CC Physical risk'!$D$24,'Input Hue'!$F:$F,'5.CC Physical risk'!$A22&"*",'Input Hue'!$B:$B,"outras empresas nao financeiras",'Input Hue'!$E:$E,">0"),0),0) -> 0 | J22: =(SUMIFS('Input Hue'!$J:$J,'Input Hue'!$I:$I,"1",'Input Hue'!$C:$C,'5.CC Physical risk'!$D$24,'Input Hue'!$F:$F,'5.CC Physical risk'!$A22&"*",'Input Hue'!$B:$B,"outras empresas nao financeiras",'Input Hue'!$G:$G,"<>"&$K$24,'Input Hue'!$H:$H,'5.CC Physical risk'!$J$24))/1000000 -> 0 | K22: =(SUMIFS('Input Hue'!$J:$J,'Input Hue'!$I:$I,"1",'Input Hue'!$C:$C,'5.CC Physical risk'!$D$24,'Input Hue'!$F:$F,'5.CC Physical risk'!$A22&"*",'Input Hue'!$B:$B,"outras empresas nao financeiras",'Input Hue'!$H:$H,"<>"&$J$24,'Input Hue'!$G:$G,'5.CC Physical risk'!$K$24))/1000000 -> 0 | L22: =(SUMIFS('Input Hue'!$J:$J,'Input Hue'!$I:$I,"1",'Input Hue'!$C:$C,'5.CC Physical risk'!$D$24,'Input Hue'!$F:$F,'5.CC Physical risk'!$A22&"*",'Input Hue'!$B:$B,"outras empresas nao financeiras",'Input Hue'!$H:$H,'5.CC Physical risk'!$J$24,'Input Hue'!$G:$G,'5.CC Physical risk'!$K$24))/1000000 -> 0 | M22: =(SUMIFS('Input Hue'!$J:$J, 'Input Hue'!$I:$I,"1", 'Input Hue'!$C:$C,'5.CC Physical risk'!$D$24, 'Input Hue'!$B:$B,"outras empresas nao financeiras", 'Input Hue'!$F:$F,'5.CC Physical risk'!$A22&"*", 'Input Hue'!$A:$A,'5.CC Physical risk'!$M$24))/1000000 -> 0 | N22: =(SUMIFS('Input Hue'!$J:$J, 'Input Hue'!$I:$I,"1", 'Input Hue'!$C:$C,'5.CC Physical risk'!$D$24, 'Input Hue'!$B:$B,"outras empresas nao financeiras", 'Input Hue'!$F:$F,'5.CC Physical risk'!$A22&"*", 'Input Hue'!$A:$A,'5.CC Physical risk'!$N$24))/1000000 -> 0 | O22: =(SUMIFS('Input Hue'!$J:$J, 'Input Hue'!$I:$I,"1", 'Input Hue'!$C:$C,'5.CC Physical risk'!$O$24, 'Input Hue'!$B:$B,"outras empresas nao financeiras", 'Input Hue'!$F:$F,'5.CC Physical risk'!$A22&"*"))/1000000 -> 0 | P22: =(SUMIFS('Input Hue'!$J:$J, 'Input Hue'!$I:$I,"1", 'Input Hue'!$C:$C,'5.CC Physical risk'!$O$24, 'Input Hue'!$B:$B,"outras empresas nao financeiras", 'Input Hue'!$F:$F,'5.CC Physical risk'!$A22&"*", 'Input Hue'!$A:$A,'5.CC Physical risk'!$M$24))/1000000 -> 0 | Q22: =(SUMIFS('Input Hue'!$J:$J, 'Input Hue'!$I:$I,"1", 'Input Hue'!$C:$C,'5.CC Physical risk'!$O$24, 'Input Hue'!$B:$B,"outras empresas nao financeiras", 'Input Hue'!$F:$F,'5.CC Physical risk'!$A22&"*", 'Input Hue'!$A:$A,'5.CC Physical risk'!$N$24))/1000000 -> 0
A23: J, M-U | B23: 13 | C23: Exposures to other sectors (NACE codes J, M - U) | D23: =(SUMIFS('Input Hue'!$J:$J,'Input Hue'!$C:$C,'5.CC Physical risk'!$D$24,'Input Hue'!$F:$F,"J*",'Input Hue'!$B:$B,"outras empresas nao financeiras") +SUMIFS('Input Hue'!$J:$J,'Input Hue'!$C:$C,'5.CC Physical risk'!$D$24,'Input Hue'!$F:$F,"M*",'Input Hue'!$B:$B,"outras empresas nao financeiras")+ SUMIFS('Input Hue'!$J:$J,'Input Hue'!$C:$C,'5.CC Physical risk'!$D$24,'Input Hue'!$F:$F,"N*",'Input Hue'!$B:$B,"outras empresas nao financeiras")+ SUMIFS('Input Hue'!$J:$J,'Input Hue'!$C:$C,'5.CC Physical risk'!$D$24,'Input Hue'!$F:$F,"O*",'Input Hue'!$B:$B,"outras empresas nao financeiras")+ SUMIFS('Input Hue'!$J:$J,'Input Hue'!$C:$C,'5.CC Physical risk'!$D$24,'Input Hue'!$F:$F,"P*",'Input Hue'!$B:$B,"outras empresas nao financeiras")+ SUMIFS('Input Hue'!$J:$J,'Input Hue'!$C:$C,'5.CC Physical risk'!$D$24,'Input Hue'!$F:$F,"Q*",'Input Hue'!$B:$B,"outras empresas nao financeiras")+ SUMIFS('Input Hue'!$J:$J,'Input Hue'!$C:$C,'5.CC Physical risk'!$D$24,'Input Hue'!$F:$F,"R*",'Input Hue'!$B:$B,"outras empresas nao financeiras")+ SUMIFS('Input Hue'!$J:$J,'Input Hue'!$C:$C,'5.CC Physical risk'!$D$24,'Input Hue'!$F:$F,"S*",'Input Hue'!$B:$B,"outras empresas nao financeiras")+ SUMIFS('Input Hue'!$J:$J,'Input Hue'!$C:$C,'5.CC Physical risk'!$D$24,'Input Hue'!$F:$F,"T*",'Input Hue'!$B:$B,"outras empresas nao financeiras")+ SUMIFS('Input Hue'!$J:$J,'Input Hue'!$C:$C,'5.CC Physical risk'!$D$24,'Input Hue'!$F:$F,"U*",'Input Hue'!$B:$B,"outras empresas nao financeiras"))/1000000 -> 2873.6469 | E23: =(SUMIFS('Input Hue'!$J:$J,'Input Hue'!$B:$B,"outras empresas nao financeiras",'Input Hue'!$I:$I,"1",'Input Hue'!$C:$C,'5.CC Physical risk'!$D$24,'Input Hue'!$F:$F,"J*",'Input Hue'!$E:$E,">=0",'Input Hue'!$E:$E,"<=5") + SUMIFS('Input Hue'!$J:$J,'Input Hue'!$B:$B,"outras empresas nao financeiras",'Input Hue'!$I:$I,"1",'Input Hue'!$C:$C,'5.CC Physical risk'!$D$24,'Input Hue'!$F:$F,"J*",'Input Hue'!$E:$E,"-4") + SUMIFS('Input Hue'!$J:$J,'Input Hue'!$B:$B,"outras empresas nao financeiras",'Input Hue'!$I:$I,"1",'Input Hue'!$C:$C,'5.CC Physical risk'!$D$24,'Input Hue'!$F:$F,"J*",'Input Hue'!$E:$E,"-1") +SUMIFS('Input Hue'!$J:$J,'Input Hue'!$B:$B,"outras empresas nao financeiras",'Input Hue'!$I:$I,"1",'Input Hue'!$C:$C,'5.CC Physical risk'!$D$24,'Input Hue'!$F:$F,"M*",'Input Hue'!$E:$E,">=0",'Input Hue'!$E:$E,"<=5") + SUMIFS('Input Hue'!$J:$J,'Input Hue'!$B:$B,"outras empresas nao financeiras",'Input Hue'!$I:$I,"1",'Input Hue'!$C:$C,'5.CC Physical risk'!$D$24,'Input Hue'!$F:$F,"M*",'Input Hue'!$E:$E,"-4") + SUMIFS('Input Hue'!$J:$J,'Input Hue'!$B:$B,"outras empresas nao financeiras",'Input Hue'!$I:$I,"1",'Input Hue'!$C:$C,'5.CC Physical risk'!$D$24,'Input Hue'!$F:$F,"M*",'Input Hue'!$E:$E,"-1") +SUMIFS('Input Hue'!$J:$J,'Input Hue'!$B:$B,"outras empresas nao financeiras",'Input Hue'!$I:$I,"1",'Input Hue'!$C:$C,'5.CC Physical risk'!$D$24,'Input Hue'!$F:$F,"N*",'Input Hue'!$E:$E,">=0",'Input Hue'!$E:$E,"<=5") + SUMIFS('Input Hue'!$J:$J,'Input Hue'!$B:$B,"outras empresas nao financeiras",'Input Hue'!$I:$I,"1",'Input Hue'!$C:$C,'5.CC Physical risk'!$D$24,'Input Hue'!$F:$F,"N*",'Input Hue'!$E:$E,"-4") + SUMIFS('Input Hue'!$J:$J,'Input Hue'!$B:$B,"outras empresas nao financeiras",'Input Hue'!$I:$I,"1",'Input Hue'!$C:$C,'5.CC Physical risk'!$D$24,'Input Hue'!$F:$F,"N*",'Input Hue'!$E:$E,"-1") +SUMIFS('Input Hue'!$J:$J,'Input Hue'!$B:$B,"outras empresas nao financeiras",'Input Hue'!$I:$I,"1",'Input Hue'!$C:$C,'5.CC Physical risk'!$D$24,'Input Hue'!$F:$F,"O*",'Input Hue'!$E:$E,">=0",'Input Hue'!$E:$E,"<=5") + SUMIFS('Input Hue'!$J:$J,'Input Hue'!$B:$B,"outras empresas nao financeiras",'Input Hue'!$I:$I,"1",'Input Hue'!$C:$C,'5.CC Physical risk'!$D$24,'Input Hue'!$F:$F,"O*",'Input Hue'!$E:$E,"-4") + SUMIFS('Input Hue'!$J:$J,'Input Hue'!$B:$B,"outras empresas nao financeiras",'Input Hue'!$I:$I,"1",'Input Hue'!$C:$C,'5.CC Physical risk'!$D$24,'Input Hue'!$F:$F,"O*",'Input Hue'!$E:$E,"-1") +SUMIFS('Input Hue'!$J:$J,'Input Hue'!$B:$B,"outras empresas nao financeiras",'Input Hue'!$I:$I,"1",'Input Hue'!$C:$C,'5.CC Physical risk'!$D$24,'Input Hue'!$F:$F,"P*",'Input Hue'!$E:$E,">=0",'Input Hue'!$E:$E,"<=5") + SUMIFS('Input Hue'!$J:$J,'Input Hue'!$B:$B,"outras empresas nao financeiras",'Input Hue'!$I:$I,"1",'Input Hue'!$C:$C,'5.CC Physical risk'!$D$24,'Input Hue'!$F:$F,"P*",'Input Hue'!$E:$E,"-4") + SUMIFS('Input Hue'!$J:$J,'Input Hue'!$B:$B,"outras empresas nao financeiras",'Input Hue'!$I:$I,"1",'Input Hue'!$C:$C,'5.CC Physical risk'!$D$24,'Input Hue'!$F:$F,"P*",'Input Hue'!$E:$E,"-1") +SUMIFS('Input Hue'!$J:$J,'Input Hue'!$B:$B,"outras empresas nao financeiras",'Input Hue'!$I:$I,"1",'Input Hue'!$C:$C,'5.CC Physical risk'!$D$24,'Input Hue'!$F:$F,"Q*",'Input Hue'!$E:$E,">=0",'Input Hue'!$E:$E,"<=5") + SUMIFS('Input Hue'!$J:$J,'Input Hue'!$B:$B,"outras empresas nao financeiras",'Input Hue'!$I:$I,"1",'Input Hue'!$C:$C,'5.CC Physical risk'!$D$24,'Input Hue'!$F:$F,"Q*",'Input Hue'!$E:$E,"-4") + SUMIFS('Input Hue'!$J:$J,'Input Hue'!$B:$B,"outras empresas nao financeiras",'Input Hue'!$I:$I,"1",'Input Hue'!$C:$C,'5.CC Physical risk'!$D$24,'Input Hue'!$F:$F,"Q*",'Input Hue'!$E:$E,"-1") +SUMIFS('Input Hue'!$J:$J,'Input Hue'!$B:$B,"outras empresas nao financeiras",'Input Hue'!$I:$I,"1",'Input Hue'!$C:$C,'5.CC Physical risk'!$D$24,'Input Hue'!$F:$F,"R*",'Input Hue'!$E:$E,">=0",'Input Hue'!$E:$E,"<=5") + SUMIFS('Input Hue'!$J:$J,'Input Hue'!$B:$B,"outras empresas nao financeiras",'Input Hue'!$I:$I,"1",'Input Hue'!$C:$C,'5.CC Physical risk'!$D$24,'Input Hue'!$F:$F,"R*",'Input Hue'!$E:$E,"-4") + SUMIFS('Input Hue'!$J:$J,'Input Hue'!$B:$B,"outras empresas nao financeiras",'Input Hue'!$I:$I,"1",'Input Hue'!$C:$C,'5.CC Physical risk'!$D$24,'Input Hue'!$F:$F,"R*",'Input Hue'!$E:$E,"-1") +SUMIFS('Input Hue'!$J:$J,'Input Hue'!$B:$B,"outras empresas nao financeiras",'Input Hue'!$I:$I,"1",'Input Hue'!$C:$C,'5.CC Physical risk'!$D$24,'Input Hue'!$F:$F,"S*",'Input Hue'!$E:$E,">=0",'Input Hue'!$E:$E,"<=5") + SUMIFS('Input Hue'!$J:$J,'Input Hue'!$B:$B,"outras empresas nao financeiras",'Input Hue'!$I:$I,"1",'Input Hue'!$C:$C,'5.CC Physical risk'!$D$24,'Input Hue'!$F:$F,"S*",'Input Hue'!$E:$E,"-4") + SUMIFS('Input Hue'!$J:$J,'Input Hue'!$B:$B,"outras empresas nao financeiras",'Input Hue'!$I:$I,"1",'Input Hue'!$C:$C,'5.CC Physical risk'!$D$24,'Input Hue'!$F:$F,"S*",'Input Hue'!$E:$E,"-1") +SUMIFS('Input Hue'!$J:$J,'Input Hue'!$B:$B,"outras empresas nao financeiras",'Input Hue'!$I:$I,"1",'Input Hue'!$C:$C,'5.CC Physical risk'!$D$24,'Input Hue'!$F:$F,"T*",'Input Hue'!$E:$E,">=0",'Input Hue'!$E:$E,"<=5") + SUMIFS('Input Hue'!$J:$J,'Input Hue'!$B:$B,"outras empresas nao financeiras",'Input Hue'!$I:$I,"1",'Input Hue'!$C:$C,'5.CC Physical risk'!$D$24,'Input Hue'!$F:$F,"T*",'Input Hue'!$E:$E,"-4") + SUMIFS('Input Hue'!$J:$J,'Input Hue'!$B:$B,"outras empresas nao financeiras",'Input Hue'!$I:$I,"1",'Input Hue'!$C:$C,'5.CC Physical risk'!$D$24,'Input Hue'!$F:$F,"T*",'Input Hue'!$E:$E,"-1") +SUMIFS('Input Hue'!$J:$J,'Input Hue'!$B:$B,"outras empresas nao financeiras",'Input Hue'!$I:$I,"1",'Input Hue'!$C:$C,'5.CC Physical risk'!$D$24,'Input Hue'!$F:$F,"U*",'Input Hue'!$E:$E,">=0",'Input Hue'!$E:$E,"<=5") + SUMIFS('Input Hue'!$J:$J,'Input Hue'!$B:$B,"outras empresas nao financeiras",'Input Hue'!$I:$I,"1",'Input Hue'!$C:$C,'5.CC Physical risk'!$D$24,'Input Hue'!$F:$F,"U*",'Input Hue'!$E:$E,"-4") + SUMIFS('Input Hue'!$J:$J,'Input Hue'!$B:$B,"outras empresas nao financeiras",'Input Hue'!$I:$I,"1",'Input Hue'!$C:$C,'5.CC Physical risk'!$D$24,'Input Hue'!$F:$F,"U*",'Input Hue'!$E:$E,"-1"))/1000000 -> 0.081797 | F23: =(SUMIFS('Input Hue'!$J:$J,'Input Hue'!$I:$I,"1",'Input Hue'!$C:$C,'5.CC Physical risk'!$D$24,'Input Hue'!$F:$F,"J*",'Input Hue'!$B:$B,"outras empresas nao financeiras",'Input Hue'!$E:$E,">5",'Input Hue'!$E:$E,"<=10") +SUMIFS('Input Hue'!$J:$J,'Input Hue'!$I:$I,"1",'Input Hue'!$C:$C,'5.CC Physical risk'!$D$24,'Input Hue'!$F:$F,"M*",'Input Hue'!$B:$B,"outras empresas nao financeiras",'Input Hue'!$E:$E,">5",'Input Hue'!$E:$E,"<=10") +SUMIFS('Input Hue'!$J:$J,'Input Hue'!$I:$I,"1",'Input Hue'!$C:$C,'5.CC Physical risk'!$D$24,'Input Hue'!$F:$F,"N*",'Input Hue'!$B:$B,"outras empresas nao financeiras",'Input Hue'!$E:$E,">5",'Input Hue'!$E:$E,"<=10") +SUMIFS('Input Hue'!$J:$J,'Input Hue'!$I:$I,"1",'Input Hue'!$C:$C,'5.CC Physical risk'!$D$24,'Input Hue'!$F:$F,"O*",'Input Hue'!$B:$B,"outras empresas nao financeiras",'Input Hue'!$E:$E,">5",'Input Hue'!$E:$E,"<=10") +SUMIFS('Input Hue'!$J:$J,'Input Hue'!$I:$I,"1",'Input Hue'!$C:$C,'5.CC Physical risk'!$D$24,'Input Hue'!$F:$F,"P*",'Input Hue'!$B:$B,"outras empresas nao financeiras",'Input Hue'!$E:$E,">5",'Input Hue'!$E:$E,"<=10") +SUMIFS('Input Hue'!$J:$J,'Input Hue'!$I:$I,"1",'Input Hue'!$C:$C,'5.CC Physical risk'!$D$24,'Input Hue'!$F:$F,"Q*",'Input Hue'!$B:$B,"outras empresas nao financeiras",'Input Hue'!$E:$E,">5",'Input Hue'!$E:$E,"<=10") +SUMIFS('Input Hue'!$J:$J,'Input Hue'!$I:$I,"1",'Input Hue'!$C:$C,'5.CC Physical risk'!$D$24,'Input Hue'!$F:$F,"R*",'Input Hue'!$B:$B,"outras empresas nao financeiras",'Input Hue'!$E:$E,">5",'Input Hue'!$E:$E,"<=10") +SUMIFS('Input Hue'!$J:$J,'Input Hue'!$I:$I,"1",'Input Hue'!$C:$C,'5.CC Physical risk'!$D$24,'Input Hue'!$F:$F,"S*",'Input Hue'!$B:$B,"outras empresas nao financeiras",'Input Hue'!$E:$E,">5",'Input Hue'!$E:$E,"<=10") +SUMIFS('Input Hue'!$J:$J,'Input Hue'!$I:$I,"1",'Input Hue'!$C:$C,'5.CC Physical risk'!$D$24,'Input Hue'!$F:$F,"T*",'Input Hue'!$B:$B,"outras empresas nao financeiras",'Input Hue'!$E:$E,">5",'Input Hue'!$E:$E,"<=10") +SUMIFS('Input Hue'!$J:$J,'Input Hue'!$I:$I,"1",'Input Hue'!$C:$C,'5.CC Physical risk'!$D$24,'Input Hue'!$F:$F,"U*",'Input Hue'!$B:$B,"outras empresas nao financeiras",'Input Hue'!$E:$E,">5",'Input Hue'!$E:$E,"<=10"))/1000000 -> 0.268021 | G23: =(SUMIFS('Input Hue'!$J:$J,'Input Hue'!$I:$I,"1",'Input Hue'!$C:$C,'5.CC Physical risk'!$D$24,'Input Hue'!$F:$F,"J*",'Input Hue'!$B:$B,"outras empresas nao financeiras",'Input Hue'!$E:$E,">10",'Input Hue'!$E:$E,"<=20") +SUMIFS('Input Hue'!$J:$J,'Input Hue'!$I:$I,"1",'Input Hue'!$C:$C,'5.CC Physical risk'!$D$24,'Input Hue'!$F:$F,"M*",'Input Hue'!$B:$B,"outras empresas nao financeiras",'Input Hue'!$E:$E,">10",'Input Hue'!$E:$E,"<=20") +SUMIFS('Input Hue'!$J:$J,'Input Hue'!$I:$I,"1",'Input Hue'!$C:$C,'5.CC Physical risk'!$D$24,'Input Hue'!$F:$F,"N*",'Input Hue'!$B:$B,"outras empresas nao financeiras",'Input Hue'!$E:$E,">10",'Input Hue'!$E:$E,"<=20") +SUMIFS('Input Hue'!$J:$J,'Input Hue'!$I:$I,"1",'Input Hue'!$C:$C,'5.CC Physical risk'!$D$24,'Input Hue'!$F:$F,"O*",'Input Hue'!$B:$B,"outras empresas nao financeiras",'Input Hue'!$E:$E,">10",'Input Hue'!$E:$E,"<=20") +SUMIFS('Input Hue'!$J:$J,'Input Hue'!$I:$I,"1",'Input Hue'!$C:$C,'5.CC Physical risk'!$D$24,'Input Hue'!$F:$F,"P*",'Input Hue'!$B:$B,"outras empresas nao financeiras",'Input Hue'!$E:$E,">10",'Input Hue'!$E:$E,"<=20") +SUMIFS('Input Hue'!$J:$J,'Input Hue'!$I:$I,"1",'Input Hue'!$C:$C,'5.CC Physical risk'!$D$24,'Input Hue'!$F:$F,"Q*",'Input Hue'!$B:$B,"outras empresas nao financeiras",'Input Hue'!$E:$E,">10",'Input Hue'!$E:$E,"<=20") +SUMIFS('Input Hue'!$J:$J,'Input Hue'!$I:$I,"1",'Input Hue'!$C:$C,'5.CC Physical risk'!$D$24,'Input Hue'!$F:$F,"R*",'Input Hue'!$B:$B,"outras empresas nao financeiras",'Input Hue'!$E:$E,">10",'Input Hue'!$E:$E,"<=20") +SUMIFS('Input Hue'!$J:$J,'Input Hue'!$I:$I,"1",'Input Hue'!$C:$C,'5.CC Physical risk'!$D$24,'Input Hue'!$F:$F,"S*",'Input Hue'!$B:$B,"outras empresas nao financeiras",'Input Hue'!$E:$E,">10",'Input Hue'!$E:$E,"<=20") +SUMIFS('Input Hue'!$J:$J,'Input Hue'!$I:$I,"1",'Input Hue'!$C:$C,'5.CC Physical risk'!$D$24,'Input Hue'!$F:$F,"T*",'Input Hue'!$B:$B,"outras empresas nao financeiras",'Input Hue'!$E:$E,">10",'Input Hue'!$E:$E,"<=20") +SUMIFS('Input Hue'!$J:$J,'Input Hue'!$I:$I,"1",'Input Hue'!$C:$C,'5.CC Physical risk'!$D$24,'Input Hue'!$F:$F,"U*",'Input Hue'!$B:$B,"outras empresas nao financeiras",'Input Hue'!$E:$E,">10",'Input Hue'!$E:$E,"<=20"))/1000000 -> 0.267898 | H23: =SUM(B26:B35) -> 0 | I23: =IFERROR((SUMIFS('Input Hue'!$K:$K,'Input Hue'!$I:$I,"1",'Input Hue'!$C:$C,'5.CC Physical risk'!$D$24,'Input Hue'!$B:$B,"outras empresas nao financeiras",'Input Hue'!$F:$F,"J*",'Input Hue'!$E:$E,">0") +SUMIFS('Input Hue'!$K:$K,'Input Hue'!$I:$I,"1",'Input Hue'!$C:$C,'5.CC Physical risk'!$D$24,'Input Hue'!$B:$B,"outras empresas nao financeiras",'Input Hue'!$F:$F,"M*",'Input Hue'!$E:$E,">0") +SUMIFS('Input Hue'!$K:$K,'Input Hue'!$I:$I,"1",'Input Hue'!$C:$C,'5.CC Physical risk'!$D$24,'Input Hue'!$B:$B,"outras empresas nao financeiras",'Input Hue'!$F:$F,"N*",'Input Hue'!$E:$E,">0") +SUMIFS('Input Hue'!$K:$K,'Input Hue'!$I:$I,"1",'Input Hue'!$C:$C,'5.CC Physical risk'!$D$24,'Input Hue'!$B:$B,"outras empresas nao financeiras",'Input Hue'!$F:$F,"O*",'Input Hue'!$E:$E,">0") +SUMIFS('Input Hue'!$K:$K,'Input Hue'!$I:$I,"1",'Input Hue'!$C:$C,'5.CC Physical risk'!$D$24,'Input Hue'!$B:$B,"outras empresas nao financeiras",'Input Hue'!$F:$F,"P*",'Input Hue'!$E:$E,">0") +SUMIFS('Input Hue'!$K:$K,'Input Hue'!$I:$I,"1",'Input Hue'!$C:$C,'5.CC Physical risk'!$D$24,'Input Hue'!$B:$B,"outras empresas nao financeiras",'Input Hue'!$F:$F,"Q*",'Input Hue'!$E:$E,">0") +SUMIFS('Input Hue'!$K:$K,'Input Hue'!$I:$I,"1",'Input Hue'!$C:$C,'5.CC Physical risk'!$D$24,'Input Hue'!$B:$B,"outras empresas nao financeiras",'Input Hue'!$F:$F,"R*",'Input Hue'!$E:$E,">0") +SUMIFS('Input Hue'!$K:$K,'Input Hue'!$I:$I,"1",'Input Hue'!$C:$C,'5.CC Physical risk'!$D$24,'Input Hue'!$B:$B,"outras empresas nao financeiras",'Input Hue'!$F:$F,"S*",'Input Hue'!$E:$E,">0") +SUMIFS('Input Hue'!$K:$K,'Input Hue'!$I:$I,"1",'Input Hue'!$C:$C,'5.CC Physical risk'!$D$24,'Input Hue'!$B:$B,"outras empresas nao financeiras",'Input Hue'!$F:$F,"T*",'Input Hue'!$E:$E,">0") +SUMIFS('Input Hue'!$K:$K,'Input Hue'!$I:$I,"1",'Input Hue'!$C:$C,'5.CC Physical risk'!$D$24,'Input Hue'!$B:$B,"outras empresas nao financeiras",'Input Hue'!$F:$F,"U*",'Input Hue'!$E:$E,">0")) / (SUMIFS('Input Hue'!$J:$J,'Input Hue'!$I:$I,"1",'Input Hue'!$C:$C,'5.CC Physical risk'!$D$24,'Input Hue'!$B:$B,"outras empresas nao financeiras",'Input Hue'!$F:$F,"J*",'Input Hue'!$E:$E,">0") +SUMIFS('Input Hue'!$J:$J,'Input Hue'!$I:$I,"1",'Input Hue'!$C:$C,'5.CC Physical risk'!$D$24,'Input Hue'!$B:$B,"outras empresas nao financeiras",'Input Hue'!$F:$F,"M*",'Input Hue'!$E:$E,">0") +SUMIFS('Input Hue'!$J:$J,'Input Hue'!$I:$I,"1",'Input Hue'!$C:$C,'5.CC Physical risk'!$D$24,'Input Hue'!$B:$B,"outras empresas nao financeiras",'Input Hue'!$F:$F,"N*",'Input Hue'!$E:$E,">0") +SUMIFS('Input Hue'!$J:$J,'Input Hue'!$I:$I,"1",'Input Hue'!$C:$C,'5.CC Physical risk'!$D$24,'Input Hue'!$B:$B,"outras empresas nao financeiras",'Input Hue'!$F:$F,"O*",'Input Hue'!$E:$E,">0") +SUMIFS('Input Hue'!$J:$J,'Input Hue'!$I:$I,"1",'Input Hue'!$C:$C,'5.CC Physical risk'!$D$24,'Input Hue'!$B:$B,"outras empresas nao financeiras",'Input Hue'!$F:$F,"P*",'Input Hue'!$E:$E,">0") +SUMIFS('Input Hue'!$J:$J,'Input Hue'!$I:$I,"1",'Input Hue'!$C:$C,'5.CC Physical risk'!$D$24,'Input Hue'!$B:$B,"outras empresas nao financeiras",'Input Hue'!$F:$F,"Q*",'Input Hue'!$E:$E,">0") +SUMIFS('Input Hue'!$J:$J,'Input Hue'!$I:$I,"1",'Input Hue'!$C:$C,'5.CC Physical risk'!$D$24,'Input Hue'!$B:$B,"outras empresas nao financeiras",'Input Hue'!$F:$F,"R*",'Input Hue'!$E:$E,">0") +SUMIFS('Input Hue'!$J:$J,'Input Hue'!$I:$I,"1",'Input Hue'!$C:$C,'5.CC Physical risk'!$D$24,'Input Hue'!$B:$B,"outras empresas nao financeiras",'Input Hue'!$F:$F,"S*",'Input Hue'!$E:$E,">0") +SUMIFS('Input Hue'!$J:$J,'Input Hue'!$I:$I,"1",'Input Hue'!$C:$C,'5.CC Physical risk'!$D$24,'Input Hue'!$B:$B,"outras empresas nao financeiras",'Input Hue'!$F:$F,"T*",'Input Hue'!$E:$E,">0") +SUMIFS('Input Hue'!$J:$J,'Input Hue'!$I:$I,"1",'Input Hue'!$C:$C,'5.CC Physical risk'!$D$24,'Input Hue'!$B:$B,"outras empresas nao financeiras",'Input Hue'!$F:$F,"U*",'Input Hue'!$E:$E,">0")),0) -> 9.2468708 | J23: =(SUMIFS('Input Hue'!$J:$J,'Input Hue'!$I:$I,"1",'Input Hue'!$C:$C,'5.CC Physical risk'!$D$24,'Input Hue'!$F:$F,"J*",'Input Hue'!$B:$B,"outras empresas nao financeiras",'Input Hue'!$G:$G,"<>"&$K$24,'Input Hue'!$H:$H,'5.CC Physical risk'!$J$24)+ SUMIFS('Input Hue'!$J:$J,'Input Hue'!$I:$I,"1",'Input Hue'!$C:$C,'5.CC Physical risk'!$D$24,'Input Hue'!$F:$F,"M*",'Input Hue'!$B:$B,"outras empresas nao financeiras",'Input Hue'!$G:$G,"<>"&$K$24,'Input Hue'!$H:$H,'5.CC Physical risk'!$J$24)+ SUMIFS('Input Hue'!$J:$J,'Input Hue'!$I:$I,"1",'Input Hue'!$C:$C,'5.CC Physical risk'!$D$24,'Input Hue'!$F:$F,"N*",'Input Hue'!$B:$B,"outras empresas nao financeiras",'Input Hue'!$G:$G,"<>"&$K$24,'Input Hue'!$H:$H,'5.CC Physical risk'!$J$24)+ SUMIFS('Input Hue'!$J:$J,'Input Hue'!$I:$I,"1",'Input Hue'!$C:$C,'5.CC Physical risk'!$D$24,'Input Hue'!$F:$F,"O*",'Input Hue'!$B:$B,"outras empresas nao financeiras",'Input Hue'!$G:$G,"<>"&$K$24,'Input Hue'!$H:$H,'5.CC Physical risk'!$J$24)+ SUMIFS('Input Hue'!$J:$J,'Input Hue'!$I:$I,"1",'Input Hue'!$C:$C,'5.CC Physical risk'!$D$24,'Input Hue'!$F:$F,"P*",'Input Hue'!$B:$B,"outras empresas nao financeiras",'Input Hue'!$G:$G,"<>"&$K$24,'Input Hue'!$H:$H,'5.CC Physical risk'!$J$24)+ SUMIFS('Input Hue'!$J:$J,'Input Hue'!$I:$I,"1",'Input Hue'!$C:$C,'5.CC Physical risk'!$D$24,'Input Hue'!$F:$F,"Q*",'Input Hue'!$B:$B,"outras empresas nao financeiras",'Input Hue'!$G:$G,"<>"&$K$24,'Input Hue'!$H:$H,'5.CC Physical risk'!$J$24)+ SUMIFS('Input Hue'!$J:$J,'Input Hue'!$I:$I,"1",'Input Hue'!$C:$C,'5.CC Physical risk'!$D$24,'Input Hue'!$F:$F,"R*",'Input Hue'!$B:$B,"outras empresas nao financeiras",'Input Hue'!$G:$G,"<>"&$K$24,'Input Hue'!$H:$H,'5.CC Physical risk'!$J$24)+ SUMIFS('Input Hue'!$J:$J,'Input Hue'!$I:$I,"1",'Input Hue'!$C:$C,'5.CC Physical risk'!$D$24,'Input Hue'!$F:$F,"S*",'Input Hue'!$B:$B,"outras empresas nao financeiras",'Input Hue'!$G:$G,"<>"&$K$24,'Input Hue'!$H:$H,'5.CC Physical risk'!$J$24)+ SUMIFS('Input Hue'!$J:$J,'Input Hue'!$I:$I,"1",'Input Hue'!$C:$C,'5.CC Physical risk'!$D$24,'Input Hue'!$F:$F,"T*",'Input Hue'!$B:$B,"outras empresas nao financeiras",'Input Hue'!$G:$G,"<>"&$K$24,'Input Hue'!$H:$H,'5.CC Physical risk'!$J$24)+ SUMIFS('Input Hue'!$J:$J,'Input Hue'!$I:$I,"1",'Input Hue'!$C:$C,'5.CC Physical risk'!$D$24,'Input Hue'!$F:$F,"U*",'Input Hue'!$B:$B,"outras empresas nao financeiras",'Input Hue'!$G:$G,"<>"&$K$24,'Input Hue'!$H:$H,'5.CC Physical risk'!$J$24))/1000000 -> 0 | K23: =(SUMIFS('Input Hue'!$J:$J,'Input Hue'!$I:$I,"1",'Input Hue'!$C:$C,'5.CC Physical risk'!$D$24,'Input Hue'!$F:$F,"J*",'Input Hue'!$B:$B,"outras empresas nao financeiras",'Input Hue'!$H:$H,"<>"&$J$24,'Input Hue'!$G:$G,'5.CC Physical risk'!$K$24)+ SUMIFS('Input Hue'!$J:$J,'Input Hue'!$I:$I,"1",'Input Hue'!$C:$C,'5.CC Physical risk'!$D$24,'Input Hue'!$F:$F,"M*",'Input Hue'!$B:$B,"outras empresas nao financeiras",'Input Hue'!$H:$H,"<>"&$J$24,'Input Hue'!$G:$G,'5.CC Physical risk'!$K$24)+ SUMIFS('Input Hue'!$J:$J,'Input Hue'!$I:$I,"1",'Input Hue'!$C:$C,'5.CC Physical risk'!$D$24,'Input Hue'!$F:$F,"N*",'Input Hue'!$B:$B,"outras empresas nao financeiras",'Input Hue'!$H:$H,"<>"&$J$24,'Input Hue'!$G:$G,'5.CC Physical risk'!$K$24)+ SUMIFS('Input Hue'!$J:$J,'Input Hue'!$I:$I,"1",'Input Hue'!$C:$C,'5.CC Physical risk'!$D$24,'Input Hue'!$F:$F,"O*",'Input Hue'!$B:$B,"outras empresas nao financeiras",'Input Hue'!$H:$H,"<>"&$J$24,'Input Hue'!$G:$G,'5.CC Physical risk'!$K$24)+ SUMIFS('Input Hue'!$J:$J,'Input Hue'!$I:$I,"1",'Input Hue'!$C:$C,'5.CC Physical risk'!$D$24,'Input Hue'!$F:$F,"P*",'Input Hue'!$B:$B,"outras empresas nao financeiras",'Input Hue'!$H:$H,"<>"&$J$24,'Input Hue'!$G:$G,'5.CC Physical risk'!$K$24)+ SUMIFS('Input Hue'!$J:$J,'Input Hue'!$I:$I,"1",'Input Hue'!$C:$C,'5.CC Physical risk'!$D$24,'Input Hue'!$F:$F,"Q*",'Input Hue'!$B:$B,"outras empresas nao financeiras",'Input Hue'!$H:$H,"<>"&$J$24,'Input Hue'!$G:$G,'5.CC Physical risk'!$K$24)+ SUMIFS('Input Hue'!$J:$J,'Input Hue'!$I:$I,"1",'Input Hue'!$C:$C,'5.CC Physical risk'!$D$24,'Input Hue'!$F:$F,"R*",'Input Hue'!$B:$B,"outras empresas nao financeiras",'Input Hue'!$H:$H,"<>"&$J$24,'Input Hue'!$G:$G,'5.CC Physical risk'!$K$24)+ SUMIFS('Input Hue'!$J:$J,'Input Hue'!$I:$I,"1",'Input Hue'!$C:$C,'5.CC Physical risk'!$D$24,'Input Hue'!$F:$F,"S*",'Input Hue'!$B:$B,"outras empresas nao financeiras",'Input Hue'!$H:$H,"<>"&$J$24,'Input Hue'!$G:$G,'5.CC Physical risk'!$K$24)+ SUMIFS('Input Hue'!$J:$J,'Input Hue'!$I:$I,"1",'Input Hue'!$C:$C,'5.CC Physical risk'!$D$24,'Input Hue'!$F:$F,"T*",'Input Hue'!$B:$B,"outras empresas nao financeiras",'Input Hue'!$H:$H,"<>"&$J$24,'Input Hue'!$G:$G,'5.CC Physical risk'!$K$24)+ SUMIFS('Input Hue'!$J:$J,'Input Hue'!$I:$I,"1",'Input Hue'!$C:$C,'5.CC Physical risk'!$D$24,'Input Hue'!$F:$F,"U*",'Input Hue'!$B:$B,"outras empresas nao financeiras",'Input Hue'!$H:$H,"<>"&$J$24,'Input Hue'!$G:$G,'5.CC Physical risk'!$K$24))/1000000 -> 0.617716 | L23: =(SUMIFS('Input Hue'!$J:$J,'Input Hue'!$I:$I,"1",'Input Hue'!$C:$C,'5.CC Physical risk'!$D$24,'Input Hue'!$F:$F,"J*",'Input Hue'!$H:$H,'5.CC Physical risk'!$J$24,'Input Hue'!$B:$B,"outras empresas nao financeiras",'Input Hue'!$G:$G,'5.CC Physical risk'!$K$24) +SUMIFS('Input Hue'!$J:$J,'Input Hue'!$I:$I,"1",'Input Hue'!$C:$C,'5.CC Physical risk'!$D$24,'Input Hue'!$F:$F,"M*",'Input Hue'!$H:$H,'5.CC Physical risk'!$J$24,'Input Hue'!$B:$B,"outras empresas nao financeiras",'Input Hue'!$G:$G,'5.CC Physical risk'!$K$24) +SUMIFS('Input Hue'!$J:$J,'Input Hue'!$I:$I,"1",'Input Hue'!$C:$C,'5.CC Physical risk'!$D$24,'Input Hue'!$F:$F,"N*",'Input Hue'!$H:$H,'5.CC Physical risk'!$J$24,'Input Hue'!$B:$B,"outras empresas nao financeiras",'Input Hue'!$G:$G,'5.CC Physical risk'!$K$24) +SUMIFS('Input Hue'!$J:$J,'Input Hue'!$I:$I,"1",'Input Hue'!$C:$C,'5.CC Physical risk'!$D$24,'Input Hue'!$F:$F,"O*",'Input Hue'!$H:$H,'5.CC Physical risk'!$J$24,'Input Hue'!$B:$B,"outras empresas nao financeiras",'Input Hue'!$G:$G,'5.CC Physical risk'!$K$24) +SUMIFS('Input Hue'!$J:$J,'Input Hue'!$I:$I,"1",'Input Hue'!$C:$C,'5.CC Physical risk'!$D$24,'Input Hue'!$F:$F,"P*",'Input Hue'!$H:$H,'5.CC Physical risk'!$J$24,'Input Hue'!$B:$B,"outras empresas nao financeiras",'Input Hue'!$G:$G,'5.CC Physical risk'!$K$24) +SUMIFS('Input Hue'!$J:$J,'Input Hue'!$I:$I,"1",'Input Hue'!$C:$C,'5.CC Physical risk'!$D$24,'Input Hue'!$F:$F,"Q*",'Input Hue'!$H:$H,'5.CC Physical risk'!$J$24,'Input Hue'!$B:$B,"outras empresas nao financeiras",'Input Hue'!$G:$G,'5.CC Physical risk'!$K$24) +SUMIFS('Input Hue'!$J:$J,'Input Hue'!$I:$I,"1",'Input Hue'!$C:$C,'5.CC Physical risk'!$D$24,'Input Hue'!$F:$F,"R*",'Input Hue'!$H:$H,'5.CC Physical risk'!$J$24,'Input Hue'!$B:$B,"outras empresas nao financeiras",'Input Hue'!$G:$G,'5.CC Physical risk'!$K$24) +SUMIFS('Input Hue'!$J:$J,'Input Hue'!$I:$I,"1",'Input Hue'!$C:$C,'5.CC Physical risk'!$D$24,'Input Hue'!$F:$F,"S*",'Input Hue'!$H:$H,'5.CC Physical risk'!$J$24,'Input Hue'!$B:$B,"outras empresas nao financeiras",'Input Hue'!$G:$G,'5.CC Physical risk'!$K$24) +SUMIFS('Input Hue'!$J:$J,'Input Hue'!$I:$I,"1",'Input Hue'!$C:$C,'5.CC Physical risk'!$D$24,'Input Hue'!$F:$F,"T*",'Input Hue'!$H:$H,'5.CC Physical risk'!$J$24,'Input Hue'!$B:$B,"outras empresas nao financeiras",'Input Hue'!$G:$G,'5.CC Physical risk'!$K$24) +SUMIFS('Input Hue'!$J:$J,'Input Hue'!$I:$I,"1",'Input Hue'!$C:$C,'5.CC Physical risk'!$D$24,'Input Hue'!$F:$F,"U*",'Input Hue'!$H:$H,'5.CC Physical risk'!$J$24,'Input Hue'!$B:$B,"outras empresas nao financeiras",'Input Hue'!$G:$G,'5.CC Physical risk'!$K$24))/1000000 -> 0 | M23: =(SUMIFS('Input Hue'!$J:$J,'Input Hue'!$I:$I,"1",'Input Hue'!$C:$C,'5.CC Physical risk'!$D$24,'Input Hue'!$F:$F,"J*",'Input Hue'!$B:$B,"outras empresas nao financeiras",'Input Hue'!$A:$A,'5.CC Physical risk'!$M$24) +SUMIFS('Input Hue'!$J:$J,'Input Hue'!$I:$I,"1",'Input Hue'!$C:$C,'5.CC Physical risk'!$D$24,'Input Hue'!$F:$F,"M*",'Input Hue'!$B:$B,"outras empresas nao financeiras",'Input Hue'!$A:$A,'5.CC Physical risk'!$M$24) +SUMIFS('Input Hue'!$J:$J,'Input Hue'!$I:$I,"1",'Input Hue'!$C:$C,'5.CC Physical risk'!$D$24,'Input Hue'!$F:$F,"N*",'Input Hue'!$B:$B,"outras empresas nao financeiras",'Input Hue'!$A:$A,'5.CC Physical risk'!$M$24) +SUMIFS('Input Hue'!$J:$J,'Input Hue'!$I:$I,"1",'Input Hue'!$C:$C,'5.CC Physical risk'!$D$24,'Input Hue'!$F:$F,"O*",'Input Hue'!$B:$B,"outras empresas nao financeiras",'Input Hue'!$A:$A,'5.CC Physical risk'!$M$24) +SUMIFS('Input Hue'!$J:$J,'Input Hue'!$I:$I,"1",'Input Hue'!$C:$C,'5.CC Physical risk'!$D$24,'Input Hue'!$F:$F,"P*",'Input Hue'!$B:$B,"outras empresas nao financeiras",'Input Hue'!$A:$A,'5.CC Physical risk'!$M$24) +SUMIFS('Input Hue'!$J:$J,'Input Hue'!$I:$I,"1",'Input Hue'!$C:$C,'5.CC Physical risk'!$D$24,'Input Hue'!$F:$F,"Q*",'Input Hue'!$B:$B,"outras empresas nao financeiras",'Input Hue'!$A:$A,'5.CC Physical risk'!$M$24) +SUMIFS('Input Hue'!$J:$J,'Input Hue'!$I:$I,"1",'Input Hue'!$C:$C,'5.CC Physical risk'!$D$24,'Input Hue'!$F:$F,"R*",'Input Hue'!$B:$B,"outras empresas nao financeiras",'Input Hue'!$A:$A,'5.CC Physical risk'!$M$24) +SUMIFS('Input Hue'!$J:$J,'Input Hue'!$I:$I,"1",'Input Hue'!$C:$C,'5.CC Physical risk'!$D$24,'Input Hue'!$F:$F,"S*",'Input Hue'!$B:$B,"outras empresas nao financeiras",'Input Hue'!$A:$A,'5.CC Physical risk'!$M$24) +SUMIFS('Input Hue'!$J:$J,'Input Hue'!$I:$I,"1",'Input Hue'!$C:$C,'5.CC Physical risk'!$D$24,'Input Hue'!$F:$F,"T*",'Input Hue'!$B:$B,"outras empresas nao financeiras",'Input Hue'!$A:$A,'5.CC Physical risk'!$M$24) +SUMIFS('Input Hue'!$J:$J,'Input Hue'!$I:$I,"1",'Input Hue'!$C:$C,'5.CC Physical risk'!$D$24,'Input Hue'!$F:$F,"U*",'Input Hue'!$B:$B,"outras empresas nao financeiras",'Input Hue'!$A:$A,'5.CC Physical risk'!$M$24))/1000000 -> 0.068651 | N23: =(SUMIFS('Input Hue'!$J:$J,'Input Hue'!$I:$I,"1",'Input Hue'!$C:$C,'5.CC Physical risk'!$D$24,'Input Hue'!$B:$B,"outras empresas nao financeiras",'Input Hue'!$F:$F,"J*",'Input Hue'!$A:$A,'5.CC Physical risk'!$N$24) +SUMIFS('Input Hue'!$J:$J,'Input Hue'!$I:$I,"1",'Input Hue'!$C:$C,'5.CC Physical risk'!$D$24,'Input Hue'!$B:$B,"outras empresas nao financeiras",'Input Hue'!$F:$F,"M*",'Input Hue'!$A:$A,'5.CC Physical risk'!$N$24) +SUMIFS('Input Hue'!$J:$J,'Input Hue'!$I:$I,"1",'Input Hue'!$C:$C,'5.CC Physical risk'!$D$24,'Input Hue'!$B:$B,"outras empresas nao financeiras",'Input Hue'!$F:$F,"N*",'Input Hue'!$A:$A,'5.CC Physical risk'!$N$24) +SUMIFS('Input Hue'!$J:$J,'Input Hue'!$I:$I,"1",'Input Hue'!$C:$C,'5.CC Physical risk'!$D$24,'Input Hue'!$B:$B,"outras empresas nao financeiras",'Input Hue'!$F:$F,"O*",'Input Hue'!$A:$A,'5.CC Physical risk'!$N$24) +SUMIFS('Input Hue'!$J:$J,'Input Hue'!$I:$I,"1",'Input Hue'!$C:$C,'5.CC Physical risk'!$D$24,'Input Hue'!$B:$B,"outras empresas nao financeiras",'Input Hue'!$F:$F,"P*",'Input Hue'!$A:$A,'5.CC Physical risk'!$N$24) +SUMIFS('Input Hue'!$J:$J,'Input Hue'!$I:$I,"1",'Input Hue'!$C:$C,'5.CC Physical risk'!$D$24,'Input Hue'!$B:$B,"outras empresas nao financeiras",'Input Hue'!$F:$F,"Q*",'Input Hue'!$A:$A,'5.CC Physical risk'!$N$24) +SUMIFS('Input Hue'!$J:$J,'Input Hue'!$I:$I,"1",'Input Hue'!$C:$C,'5.CC Physical risk'!$D$24,'Input Hue'!$B:$B,"outras empresas nao financeiras",'Input Hue'!$F:$F,"R*",'Input Hue'!$A:$A,'5.CC Physical risk'!$N$24) +SUMIFS('Input Hue'!$J:$J,'Input Hue'!$I:$I,"1",'Input Hue'!$C:$C,'5.CC Physical risk'!$D$24,'Input Hue'!$B:$B,"outras empresas nao financeiras",'Input Hue'!$F:$F,"S*",'Input Hue'!$A:$A,'5.CC Physical risk'!$N$24) +SUMIFS('Input Hue'!$J:$J,'Input Hue'!$I:$I,"1",'Input Hue'!$C:$C,'5.CC Physical risk'!$D$24,'Input Hue'!$B:$B,"outras empresas nao financeiras",'Input Hue'!$F:$F,"T*",'Input Hue'!$A:$A,'5.CC Physical risk'!$N$24) +SUMIFS('Input Hue'!$J:$J,'Input Hue'!$I:$I,"1",'Input Hue'!$C:$C,'5.CC Physical risk'!$D$24,'Input Hue'!$B:$B,"outras empresas nao financeiras",'Input Hue'!$F:$F,"U*",'Input Hue'!$A:$A,'5.CC Physical risk'!$N$24))/1000000 -> 0 | O23: =(SUMIFS('Input Hue'!$J:$J,'Input Hue'!$I:$I,"1",'Input Hue'!$C:$C,'5.CC Physical risk'!$O$24,'Input Hue'!$B:$B,"outras empresas nao financeiras",'Input Hue'!$F:$F,"J*") +SUMIFS('Input Hue'!$J:$J,'Input Hue'!$I:$I,"1",'Input Hue'!$C:$C,'5.CC Physical risk'!$O$24,'Input Hue'!$B:$B,"outras empresas nao financeiras",'Input Hue'!$F:$F,"M*") +SUMIFS('Input Hue'!$J:$J,'Input Hue'!$I:$I,"1",'Input Hue'!$C:$C,'5.CC Physical risk'!$O$24,'Input Hue'!$B:$B,"outras empresas nao financeiras",'Input Hue'!$F:$F,"N*") +SUMIFS('Input Hue'!$J:$J,'Input Hue'!$I:$I,"1",'Input Hue'!$C:$C,'5.CC Physical risk'!$O$24,'Input Hue'!$B:$B,"outras empresas nao financeiras",'Input Hue'!$F:$F,"O*") +SUMIFS('Input Hue'!$J:$J,'Input Hue'!$I:$I,"1",'Input Hue'!$C:$C,'5.CC Physical risk'!$O$24,'Input Hue'!$B:$B,"outras empresas nao financeiras",'Input Hue'!$F:$F,"P*") +SUMIFS('Input Hue'!$J:$J,'Input Hue'!$I:$I,"1",'Input Hue'!$C:$C,'5.CC Physical risk'!$O$24,'Input Hue'!$B:$B,"outras empresas nao financeiras",'Input Hue'!$F:$F,"Q*") +SUMIFS('Input Hue'!$J:$J,'Input Hue'!$I:$I,"1",'Input Hue'!$C:$C,'5.CC Physical risk'!$O$24,'Input Hue'!$B:$B,"outras empresas nao financeiras",'Input Hue'!$F:$F,"R*") +SUMIFS('Input Hue'!$J:$J,'Input Hue'!$I:$I,"1",'Input Hue'!$C:$C,'5.CC Physical risk'!$O$24,'Input Hue'!$B:$B,"outras empresas nao financeiras",'Input Hue'!$F:$F,"S*") +SUMIFS('Input Hue'!$J:$J,'Input Hue'!$I:$I,"1",'Input Hue'!$C:$C,'5.CC Physical risk'!$O$24,'Input Hue'!$B:$B,"outras empresas nao financeiras",'Input Hue'!$F:$F,"T*") +SUMIFS('Input Hue'!$J:$J,'Input Hue'!$I:$I,"1",'Input Hue'!$C:$C,'5.CC Physical risk'!$O$24,'Input Hue'!$B:$B,"outras empresas nao financeiras",'Input Hue'!$F:$F,"U*"))/1000000 -> -0.002884 | P23: =(SUMIFS('Input Hue'!$J:$J,'Input Hue'!$I:$I,"1",'Input Hue'!$C:$C,'5.CC Physical risk'!$O$24,'Input Hue'!$B:$B,"outras empresas nao financeiras",'Input Hue'!$F:$F,"J*",'Input Hue'!$A:$A,'5.CC Physical risk'!$M$24) +SUMIFS('Input Hue'!$J:$J,'Input Hue'!$I:$I,"1",'Input Hue'!$C:$C,'5.CC Physical risk'!$O$24,'Input Hue'!$B:$B,"outras empresas nao financeiras",'Input Hue'!$F:$F,"M*",'Input Hue'!$A:$A,'5.CC Physical risk'!$M$24) +SUMIFS('Input Hue'!$J:$J,'Input Hue'!$I:$I,"1",'Input Hue'!$C:$C,'5.CC Physical risk'!$O$24,'Input Hue'!$B:$B,"outras empresas nao financeiras",'Input Hue'!$F:$F,"N*",'Input Hue'!$A:$A,'5.CC Physical risk'!$M$24) +SUMIFS('Input Hue'!$J:$J,'Input Hue'!$I:$I,"1",'Input Hue'!$C:$C,'5.CC Physical risk'!$O$24,'Input Hue'!$B:$B,"outras empresas nao financeiras",'Input Hue'!$F:$F,"O*",'Input Hue'!$A:$A,'5.CC Physical risk'!$M$24) +SUMIFS('Input Hue'!$J:$J,'Input Hue'!$I:$I,"1",'Input Hue'!$C:$C,'5.CC Physical risk'!$O$24,'Input Hue'!$B:$B,"outras empresas nao financeiras",'Input Hue'!$F:$F,"P*",'Input Hue'!$A:$A,'5.CC Physical risk'!$M$24) +SUMIFS('Input Hue'!$J:$J,'Input Hue'!$I:$I,"1",'Input Hue'!$C:$C,'5.CC Physical risk'!$O$24,'Input Hue'!$B:$B,"outras empresas nao financeiras",'Input Hue'!$F:$F,"Q*",'Input Hue'!$A:$A,'5.CC Physical risk'!$M$24) +SUMIFS('Input Hue'!$J:$J,'Input Hue'!$I:$I,"1",'Input Hue'!$C:$C,'5.CC Physical risk'!$O$24,'Input Hue'!$B:$B,"outras empresas nao financeiras",'Input Hue'!$F:$F,"R*",'Input Hue'!$A:$A,'5.CC Physical risk'!$M$24) +SUMIFS('Input Hue'!$J:$J,'Input Hue'!$I:$I,"1",'Input Hue'!$C:$C,'5.CC Physical risk'!$O$24,'Input Hue'!$B:$B,"outras empresas nao financeiras",'Input Hue'!$F:$F,"S*",'Input Hue'!$A:$A,'5.CC Physical risk'!$M$24) +SUMIFS('Input Hue'!$J:$J,'Input Hue'!$I:$I,"1",'Input Hue'!$C:$C,'5.CC Physical risk'!$O$24,'Input Hue'!$B:$B,"outras empresas nao financeiras",'Input Hue'!$F:$F,"T*",'Input Hue'!$A:$A,'5.CC Physical risk'!$M$24) +SUMIFS('Input Hue'!$J:$J,'Input Hue'!$I:$I,"1",'Input Hue'!$C:$C,'5.CC Physical risk'!$O$24,'Input Hue'!$B:$B,"outras empresas nao financeiras",'Input Hue'!$F:$F,"U*",'Input Hue'!$A:$A,'5.CC Physical risk'!$M$24))/1000000 -> -0.002291 | Q23: =(SUMIFS('Input Hue'!$J:$J,'Input Hue'!$I:$I,"1",'Input Hue'!$C:$C,'5.CC Physical risk'!$O$24,'Input Hue'!$B:$B,"outras empresas nao financeiras",'Input Hue'!$F:$F,"J*",'Input Hue'!$A:$A,'5.CC Physical risk'!$N$24) +SUMIFS('Input Hue'!$J:$J,'Input Hue'!$I:$I,"1",'Input Hue'!$C:$C,'5.CC Physical risk'!$O$24,'Input Hue'!$B:$B,"outras empresas nao financeiras",'Input Hue'!$F:$F,"M*",'Input Hue'!$A:$A,'5.CC Physical risk'!$N$24) +SUMIFS('Input Hue'!$J:$J,'Input Hue'!$I:$I,"1",'Input Hue'!$C:$C,'5.CC Physical risk'!$O$24,'Input Hue'!$B:$B,"outras empresas nao financeiras",'Input Hue'!$F:$F,"N*",'Input Hue'!$A:$A,'5.CC Physical risk'!$N$24) +SUMIFS('Input Hue'!$J:$J,'Input Hue'!$I:$I,"1",'Input Hue'!$C:$C,'5.CC Physical risk'!$O$24,'Input Hue'!$B:$B,"outras empresas nao financeiras",'Input Hue'!$F:$F,"O*",'Input Hue'!$A:$A,'5.CC Physical risk'!$N$24) +SUMIFS('Input Hue'!$J:$J,'Input Hue'!$I:$I,"1",'Input Hue'!$C:$C,'5.CC Physical risk'!$O$24,'Input Hue'!$B:$B,"outras empresas nao financeiras",'Input Hue'!$F:$F,"P*",'Input Hue'!$A:$A,'5.CC Physical risk'!$N$24) +SUMIFS('Input Hue'!$J:$J,'Input Hue'!$I:$I,"1",'Input Hue'!$C:$C,'5.CC Physical risk'!$O$24,'Input Hue'!$B:$B,"outras empresas nao financeiras",'Input Hue'!$F:$F,"Q*",'Input Hue'!$A:$A,'5.CC Physical risk'!$N$24) +SUMIFS('Input Hue'!$J:$J,'Input Hue'!$I:$I,"1",'Input Hue'!$C:$C,'5.CC Physical risk'!$O$24,'Input Hue'!$B:$B,"outras empresas nao financeiras",'Input Hue'!$F:$F,"R*",'Input Hue'!$A:$A,'5.CC Physical risk'!$N$24) +SUMIFS('Input Hue'!$J:$J,'Input Hue'!$I:$I,"1",'Input Hue'!$C:$C,'5.CC Physical risk'!$O$24,'Input Hue'!$B:$B,"outras empresas nao financeiras",'Input Hue'!$F:$F,"S*",'Input Hue'!$A:$A,'5.CC Physical risk'!$N$24) +SUMIFS('Input Hue'!$J:$J,'Input Hue'!$I:$I,"1",'Input Hue'!$C:$C,'5.CC Physical risk'!$O$24,'Input Hue'!$B:$B,"outras empresas nao financeiras",'Input Hue'!$F:$F,"T*",'Input Hue'!$A:$A,'5.CC Physical risk'!$N$24) +SUMIFS('Input Hue'!$J:$J,'Input Hue'!$I:$I,"1",'Input Hue'!$C:$C,'5.CC Physical risk'!$O$24,'Input Hue'!$B:$B,"outras empresas nao financeiras",'Input Hue'!$F:$F,"U*",'Input Hue'!$A:$A,'5.CC Physical risk'!$N$24))/1000000 -> 0
D24: valor bruto | E24: 1 | J24: CHRO1 | K24: ACUT1 | M24: stage 2 | N24: stage 3 | O24: imparidade
E25: -4
A26: J | B26: =SUMIFS('Input Hue'!$J:$J,'Input Hue'!$I:$I,"1",'Input Hue'!$C:$C,'5.CC Physical risk'!$D$24,'Input Hue'!$F:$F,"J*",'Input Hue'!$B:$B,"outras empresas nao financeiras",'Input Hue'!$E:$E,">20") +SUMIFS('Input Hue'!$J:$J,'Input Hue'!$I:$I,"1",'Input Hue'!$C:$C,'5.CC Physical risk'!$D$24,'Input Hue'!$F:$F,"J*",'Input Hue'!$B:$B,"outras empresas nao financeiras",'Input Hue'!$E:$E,"-2") +SUMIFS('Input Hue'!$J:$J,'Input Hue'!$I:$I,"1",'Input Hue'!$C:$C,'5.CC Physical risk'!$D$24,'Input Hue'!$F:$F,"J*",'Input Hue'!$B:$B,"outras empresas nao financeiras",'Input Hue'!$E:$E,"-3") +SUMIFS('Input Hue'!$J:$J,'Input Hue'!$I:$I,"1",'Input Hue'!$C:$C,'5.CC Physical risk'!$D$24,'Input Hue'!$F:$F,"J*",'Input Hue'!$B:$B,"outras empresas nao financeiras",'Input Hue'!$E:$E,"-5") -> 0
A27: N | B27: =SUMIFS('Input Hue'!$J:$J,'Input Hue'!$I:$I,"1",'Input Hue'!$C:$C,'5.CC Physical risk'!$D$24,'Input Hue'!$F:$F,"N*",'Input Hue'!$B:$B,"outras empresas nao financeiras",'Input Hue'!$E:$E,">20") +SUMIFS('Input Hue'!$J:$J,'Input Hue'!$I:$I,"1",'Input Hue'!$C:$C,'5.CC Physical risk'!$D$24,'Input Hue'!$F:$F,"N*",'Input Hue'!$B:$B,"outras empresas nao financeiras",'Input Hue'!$E:$E,"-2") +SUMIFS('Input Hue'!$J:$J,'Input Hue'!$I:$I,"1",'Input Hue'!$C:$C,'5.CC Physical risk'!$D$24,'Input Hue'!$F:$F,"N*",'Input Hue'!$B:$B,"outras empresas nao financeiras",'Input Hue'!$E:$E,"-3") +SUMIFS('Input Hue'!$J:$J,'Input Hue'!$I:$I,"1",'Input Hue'!$C:$C,'5.CC Physical risk'!$D$24,'Input Hue'!$F:$F,"N*",'Input Hue'!$B:$B,"outras empresas nao financeiras",'Input Hue'!$E:$E,"-5") -> 0
A28: O | B28: =SUMIFS('Input Hue'!$J:$J,'Input Hue'!$I:$I,"1",'Input Hue'!$C:$C,'5.CC Physical risk'!$D$24,'Input Hue'!$F:$F,"O*",'Input Hue'!$B:$B,"outras empresas nao financeiras",'Input Hue'!$E:$E,">20") +SUMIFS('Input Hue'!$J:$J,'Input Hue'!$I:$I,"1",'Input Hue'!$C:$C,'5.CC Physical risk'!$D$24,'Input Hue'!$F:$F,"O*",'Input Hue'!$B:$B,"outras empresas nao financeiras",'Input Hue'!$E:$E,"-2") +SUMIFS('Input Hue'!$J:$J,'Input Hue'!$I:$I,"1",'Input Hue'!$C:$C,'5.CC Physical risk'!$D$24,'Input Hue'!$F:$F,"O*",'Input Hue'!$B:$B,"outras empresas nao financeiras",'Input Hue'!$E:$E,"-3") +SUMIFS('Input Hue'!$J:$J,'Input Hue'!$I:$I,"1",'Input Hue'!$C:$C,'5.CC Physical risk'!$D$24,'Input Hue'!$F:$F,"O*",'Input Hue'!$B:$B,"outras empresas nao financeiras",'Input Hue'!$E:$E,"-5") -> 0
A29: P | B29: =SUMIFS('Input Hue'!$J:$J,'Input Hue'!$I:$I,"1",'Input Hue'!$C:$C,'5.CC Physical risk'!$D$24,'Input Hue'!$F:$F,"P*",'Input Hue'!$B:$B,"outras empresas nao financeiras",'Input Hue'!$E:$E,">20") +SUMIFS('Input Hue'!$J:$J,'Input Hue'!$I:$I,"1",'Input Hue'!$C:$C,'5.CC Physical risk'!$D$24,'Input Hue'!$F:$F,"P*",'Input Hue'!$B:$B,"outras empresas nao financeiras",'Input Hue'!$E:$E,"-2") +SUMIFS('Input Hue'!$J:$J,'Input Hue'!$I:$I,"1",'Input Hue'!$C:$C,'5.CC Physical risk'!$D$24,'Input Hue'!$F:$F,"P*",'Input Hue'!$B:$B,"outras empresas nao financeiras",'Input Hue'!$E:$E,"-3") +SUMIFS('Input Hue'!$J:$J,'Input Hue'!$I:$I,"1",'Input Hue'!$C:$C,'5.CC Physical risk'!$D$24,'Input Hue'!$F:$F,"P*",'Input Hue'!$B:$B,"outras empresas nao financeiras",'Input Hue'!$E:$E,"-5") -> 0
A30: Q | B30: =SUMIFS('Input Hue'!$J:$J,'Input Hue'!$I:$I,"1",'Input Hue'!$C:$C,'5.CC Physical risk'!$D$24,'Input Hue'!$F:$F,"Q*",'Input Hue'!$B:$B,"outras empresas nao financeiras",'Input Hue'!$E:$E,">20") +SUMIFS('Input Hue'!$J:$J,'Input Hue'!$I:$I,"1",'Input Hue'!$C:$C,'5.CC Physical risk'!$D$24,'Input Hue'!$F:$F,"Q*",'Input Hue'!$B:$B,"outras empresas nao financeiras",'Input Hue'!$E:$E,"-2") +SUMIFS('Input Hue'!$J:$J,'Input Hue'!$I:$I,"1",'Input Hue'!$C:$C,'5.CC Physical risk'!$D$24,'Input Hue'!$F:$F,"Q*",'Input Hue'!$B:$B,"outras empresas nao financeiras",'Input Hue'!$E:$E,"-3") +SUMIFS('Input Hue'!$J:$J,'Input Hue'!$I:$I,"1",'Input Hue'!$C:$C,'5.CC Physical risk'!$D$24,'Input Hue'!$F:$F,"Q*",'Input Hue'!$B:$B,"outras empresas nao financeiras",'Input Hue'!$E:$E,"-5") -> 0
A31: R | B31: =SUMIFS('Input Hue'!$J:$J,'Input Hue'!$I:$I,"1",'Input Hue'!$C:$C,'5.CC Physical risk'!$D$24,'Input Hue'!$F:$F,"R*",'Input Hue'!$B:$B,"outras empresas nao financeiras",'Input Hue'!$E:$E,">20") +SUMIFS('Input Hue'!$J:$J,'Input Hue'!$I:$I,"1",'Input Hue'!$C:$C,'5.CC Physical risk'!$D$24,'Input Hue'!$F:$F,"R*",'Input Hue'!$B:$B,"outras empresas nao financeiras",'Input Hue'!$E:$E,"-2") +SUMIFS('Input Hue'!$J:$J,'Input Hue'!$I:$I,"1",'Input Hue'!$C:$C,'5.CC Physical risk'!$D$24,'Input Hue'!$F:$F,"R*",'Input Hue'!$B:$B,"outras empresas nao financeiras",'Input Hue'!$E:$E,"-3") +SUMIFS('Input Hue'!$J:$J,'Input Hue'!$I:$I,"1",'Input Hue'!$C:$C,'5.CC Physical risk'!$D$24,'Input Hue'!$F:$F,"R*",'Input Hue'!$B:$B,"outras empresas nao financeiras",'Input Hue'!$E:$E,"-5") -> 0
A32: S | B32: =SUMIFS('Input Hue'!$J:$J,'Input Hue'!$I:$I,"1",'Input Hue'!$C:$C,'5.CC Physical risk'!$D$24,'Input Hue'!$F:$F,"S*",'Input Hue'!$B:$B,"outras empresas nao financeiras",'Input Hue'!$E:$E,">20") +SUMIFS('Input Hue'!$J:$J,'Input Hue'!$I:$I,"1",'Input Hue'!$C:$C,'5.CC Physical risk'!$D$24,'Input Hue'!$F:$F,"S*",'Input Hue'!$B:$B,"outras empresas nao financeiras",'Input Hue'!$E:$E,"-2") +SUMIFS('Input Hue'!$J:$J,'Input Hue'!$I:$I,"1",'Input Hue'!$C:$C,'5.CC Physical risk'!$D$24,'Input Hue'!$F:$F,"S*",'Input Hue'!$B:$B,"outras empresas nao financeiras",'Input Hue'!$E:$E,"-3") +SUMIFS('Input Hue'!$J:$J,'Input Hue'!$I:$I,"1",'Input Hue'!$C:$C,'5.CC Physical risk'!$D$24,'Input Hue'!$F:$F,"S*",'Input Hue'!$B:$B,"outras empresas nao financeiras",'Input Hue'!$E:$E,"-5") -> 0
A33: T | B33: =SUMIFS('Input Hue'!$J:$J,'Input Hue'!$I:$I,"1",'Input Hue'!$C:$C,'5.CC Physical risk'!$D$24,'Input Hue'!$F:$F,"T*",'Input Hue'!$B:$B,"outras empresas nao financeiras",'Input Hue'!$E:$E,">20") +SUMIFS('Input Hue'!$J:$J,'Input Hue'!$I:$I,"1",'Input Hue'!$C:$C,'5.CC Physical risk'!$D$24,'Input Hue'!$F:$F,"T*",'Input Hue'!$B:$B,"outras empresas nao financeiras",'Input Hue'!$E:$E,"-2") +SUMIFS('Input Hue'!$J:$J,'Input Hue'!$I:$I,"1",'Input Hue'!$C:$C,'5.CC Physical risk'!$D$24,'Input Hue'!$F:$F,"T*",'Input Hue'!$B:$B,"outras empresas nao financeiras",'Input Hue'!$E:$E,"-3") +SUMIFS('Input Hue'!$J:$J,'Input Hue'!$I:$I,"1",'Input Hue'!$C:$C,'5.CC Physical risk'!$D$24,'Input Hue'!$F:$F,"T*",'Input Hue'!$B:$B,"outras empresas nao financeiras",'Input Hue'!$E:$E,"-5") -> 0
A34: U | B34: =SUMIFS('Input Hue'!$J:$J,'Input Hue'!$I:$I,"1",'Input Hue'!$C:$C,'5.CC Physical risk'!$D$24,'Input Hue'!$F:$F,"U*",'Input Hue'!$B:$B,"outras empresas nao financeiras",'Input Hue'!$E:$E,">20") +SUMIFS('Input Hue'!$J:$J,'Input Hue'!$I:$I,"1",'Input Hue'!$C:$C,'5.CC Physical risk'!$D$24,'Input Hue'!$F:$F,"U*",'Input Hue'!$B:$B,"outras empresas nao financeiras",'Input Hue'!$E:$E,"-2") +SUMIFS('Input Hue'!$J:$J,'Input Hue'!$I:$I,"1",'Input Hue'!$C:$C,'5.CC Physical risk'!$D$24,'Input Hue'!$F:$F,"U*",'Input Hue'!$B:$B,"outras empresas nao financeiras",'Input Hue'!$E:$E,"-3") +SUMIFS('Input Hue'!$J:$J,'Input Hue'!$I:$I,"1",'Input Hue'!$C:$C,'5.CC Physical risk'!$D$24,'Input Hue'!$F:$F,"U*",'Input Hue'!$B:$B,"outras empresas nao financeiras",'Input Hue'!$E:$E,"-5") -> 0
A35: M | B35: =SUMIFS('Input Hue'!$J:$J,'Input Hue'!$I:$I,"1",'Input Hue'!$C:$C,'5.CC Physical risk'!$D$24,'Input Hue'!$F:$F,"M*",'Input Hue'!$B:$B,"outras empresas nao financeiras",'Input Hue'!$E:$E,">20") +SUMIFS('Input Hue'!$J:$J,'Input Hue'!$I:$I,"1",'Input Hue'!$C:$C,'5.CC Physical risk'!$D$24,'Input Hue'!$F:$F,"M*",'Input Hue'!$B:$B,"outras empresas nao financeiras",'Input Hue'!$E:$E,"-2") +SUMIFS('Input Hue'!$J:$J,'Input Hue'!$I:$I,"1",'Input Hue'!$C:$C,'5.CC Physical risk'!$D$24,'Input Hue'!$F:$F,"M*",'Input Hue'!$B:$B,"outras empresas nao financeiras",'Input Hue'!$E:$E,"-3") +SUMIFS('Input Hue'!$J:$J,'Input Hue'!$I:$I,"1",'Input Hue'!$C:$C,'5.CC Physical risk'!$D$24,'Input Hue'!$F:$F,"M*",'Input Hue'!$B:$B,"outras empresas nao financeiras",'Input Hue'!$E:$E,"-5") -> 0
