Workbook
Name BM: #REF!
Name BM: #REF!
Name IQ_CH: 110000
Name IQ_CQ: 5000
Name IQ_CY: 10000
Name IQ_DAILY: 500000
Name IQ_FH: 100000
Name IQ_FQ: 500
Name IQ_FY: 1000
Name IQ_LTM: 2000
Name IQ_MONTH: 15000
Name IQ_NTM: 6000
Name IQ_WEEK: 50000
Name IQ_YTD: 3000

Sheet Comparativos granulares
B8: Métrica | C8: Casuística | D8: Δ Montante vs Tático Dez24
B9: Cod_nace_esg | C9: Alteração da reclassificação do código NACE | D9: 2.2943464e+08
B10: D | C10: Antes era M agora é D | D10: 1.3492054e+08
C11: Antes era M agora é D | D11: 6085178.1
C12: Antes era vazio agora é D | D12: 326826.85
C13: Antes era F agora é D | D13: 3108294.7
B14: F | C14: Antes era I agora é F | D14: 31925302
B15: H | C15: Antes era M agora é H | D15: 7497741.7
C16: Antes era C agora é H | D16: 57375158
B17: K | C17: Antes era F agora é K | D17: 4589654.7
B18: L | C18: Antes era I agora é L | D18: 50091162
B19: M | C19: Antes era vazio agora é M | D19: 609.57
B20: S | C20: Antes era vazio agora é S | D20: 87303.24
B21: NULL | C21: Antes era G agora é NULL | D21: 11792.57
C22: Antes era S agora é NULL | D22: 10446.21
C23: Antes era H agora é NULL | D23: 8087.27
C24: Antes era C agora é NULL | D24: 700
C25: Antes era L agora é NULL | D25: 165709.52
C26: Antes era # agora é NULL | D26: 3565.4
C27: Antes era N agora é NULL | D27: 0
C28: Antes era S agora é NULL | D28: -31800733
C29: Antes era F agora é NULL | D29: 0
C30: Antes era I agora é NULL | D30: -34996420
C31: Antes era O agora é NULL | D31: -1889.06
C32: Antes era M agora é NULL | D32: 2983.63
C33: Antes era J agora é NULL | D33: 22629.16

Sheet Variação Absoluta
C8: Exposição | F8: Excluídas Acordo Paris | I8: CCM | L8: Stage 2 | O8: Non-Performing | R8: Accumulated impairment | U8: Stage 2 | X8: Non-Performing | AA8: <= 5 anos | AD8: > 5 anos & <= 10 anos | AG8: > 10 anos & <= 20 anos | AJ8: > 20 anos | AM8: Average weighted maturity
B9: NACEs | C9: Dez24 Estrutural | D9: Dez24 Tático | E9: ∆ | F9: Dez24 Estrutural | G9: Dez24 Tático | H9: ∆ | I9: Dez24 Estrutural | J9: Dez24 Tático | K9: ∆ | L9: Dez24 Estrutural | M9: Dez24 Tático | N9: ∆ | O9: Dez24 Estrutural | P9: Dez24 Tático | Q9: ∆ | R9: Dez24 Estrutural | S9: Dez24 Tático | T9: ∆ | U9: Dez24 Estrutural | V9: Dez24 Tático | W9: ∆ | X9: Dez24 Estrutural | Y9: Dez24 Tático | Z9: ∆ | AA9: Dez24 Estrutural | AB9: Dez24 Tático | AC9: ∆ | AD9: Dez24 Estrutural | AE9: Dez24 Tático | AF9: ∆ | AG9: Dez24 Estrutural | AH9: Dez24 Tático | AI9: ∆ | AJ9: Dez24 Estrutural | AK9: Dez24 Tático | AL9: ∆ | AM9: Dez24 Estrutural | AN9: Dez24 Tático | AO9: ∆
B10: A - Agriculture, forestry and fishing | C10: =Paralelo!D13 -> 331.59962 | D10: ='Dez24'!D13 -> 331.5996 | E10: =C10-D10 -> 1.9e-05 | F10: =Paralelo!E13 -> 0 | G10: ='Dez24'!E13 -> 0 | H10: =F10-G10 -> 0 | I10: =Paralelo!F13 -> 0.042486 | J10: ='Dez24'!F13 -> 0.042486 | K10: =I10-J10 -> 0 | L10: =Paralelo!G13 -> 40.456466 | M10: ='Dez24'!G13 -> 40.456467 | N10: =L10-M10 -> -1e-06 | O10: =Paralelo!H13 -> 24.969028 | P10: ='Dez24'!H13 -> 24.969026 | Q10: =O10-P10 -> 2e-06 | R10: =Paralelo!I13 -> -7.224882 | S10: ='Dez24'!I13 -> -7.224887 | T10: =R10-S10 -> 5e-06 | U10: =Paralelo!J13 -> -2.078722 | V10: ='Dez24'!J13 -> -2.078724 | W10: =U10-V10 -> 2e-06 | X10: =Paralelo!K13 -> -4.261071 | Y10: ='Dez24'!K13 -> -4.261073 | Z10: =X10-Y10 -> 2e-06 | AA10: =Paralelo!O13 -> 216.42934 | AB10: ='Dez24'!O13 -> 216.42934 | AC10: =AA10-AB10 -> 0 | AD10: =Paralelo!P13 -> 58.723522 | AE10: ='Dez24'!P13 -> 58.723518 | AF10: =AD10-AE10 -> 4e-06 | AG10: =Paralelo!Q13 -> 56.446759 | AH10: ='Dez24'!Q13 -> 56.446743 | AI10: =AG10-AH10 -> 1.6e-05 | AJ10: =Paralelo!R13 -> 0 | AK10: ='Dez24'!R13 -> 0 | AL10: =AJ10-AK10 -> 0 | AM10: =Paralelo!S13 -> 5 | AN10: ='Dez24'!S13 -> 5 | AO10: =AM10-AN10 -> 0
B11: B - Mining and quarrying | C11: =Paralelo!D14 -> 14.172404 | D11: ='Dez24'!D14 -> 14.172372 | E11: =C11-D11 -> 3.2e-05 | F11: =Paralelo!E14 -> 0 | G11: ='Dez24'!E14 -> 0 | H11: =F11-G11 -> 0 | I11: =Paralelo!F14 -> 0 | J11: ='Dez24'!F14 -> 0 | K11: =I11-J11 -> 0 | L11: =Paralelo!G14 -> 1.936567 | M11: ='Dez24'!G14 -> 1.936569 | N11: =L11-M11 -> -2e-06 | O11: =Paralelo!H14 -> 2.36266 | P11: ='Dez24'!H14 -> 2.362628 | Q11: =O11-P11 -> 3.2e-05 | R11: =Paralelo!I14 -> -1.400921 | S11: ='Dez24'!I14 -> -1.400913 | T11: =R11-S11 -> -8e-06 | U11: =Paralelo!J14 -> -0.10181 | V11: ='Dez24'!J14 -> -0.101809 | W11: =U11-V11 -> -1e-06 | X11: =Paralelo!K14 -> -1.266405 | Y11: ='Dez24'!K14 -> -1.266398 | Z11: =X11-Y11 -> -7e-06 | AA11: =Paralelo!O14 -> 13.072704 | AB11: ='Dez24'!O14 -> 13.072672 | AC11: =AA11-AB11 -> 3.2e-05 | AD11: =Paralelo!P14 -> 1.0997 | AE11: ='Dez24'!P14 -> 1.0997 | AF11: =AD11-AE11 -> 0 | AG11: =Paralelo!Q14 -> 0 | AH11: ='Dez24'!Q14 -> 0 | AI11: =AG11-AH11 -> 0 | AJ11: =Paralelo!R14 -> 0 | AK11: ='Dez24'!R14 -> 0 | AL11: =AJ11-AK11 -> 0 | AM11: =Paralelo!S14 -> 2 | AN11: ='Dez24'!S14 -> 2 | AO11: =AM11-AN11 -> 0
B12: B.05 - Mining of coal and lignite | C12: =Paralelo!D15 -> 0 | D12: ='Dez24'!D15 -> 0 | E12: =C12-D12 -> 0 | F12: =Paralelo!E15 -> 0 | G12: ='Dez24'!E15 -> 0 | H12: =F12-G12 -> 0 | I12: =Paralelo!F15 -> 0 | J12: ='Dez24'!F15 -> 0 | K12: =I12-J12 -> 0 | L12: =Paralelo!G15 -> 0 | M12: ='Dez24'!G15 -> 0 | N12: =L12-M12 -> 0 | O12: =Paralelo!H15 -> 0 | P12: ='Dez24'!H15 -> 0 | Q12: =O12-P12 -> 0 | R12: =Paralelo!I15 -> 0 | S12: ='Dez24'!I15 -> 0 | T12: =R12-S12 -> 0 | U12: =Paralelo!J15 -> 0 | V12: ='Dez24'!J15 -> 0 | W12: =U12-V12 -> 0 | X12: =Paralelo!K15 -> 0 | Y12: ='Dez24'!K15 -> 0 | Z12: =X12-Y12 -> 0 | AA12: =Paralelo!O15 -> 0 | AB12: ='Dez24'!O15 -> 0 | AC12: =AA12-AB12 -> 0 | AD12: =Paralelo!P15 -> 0 | AE12: ='Dez24'!P15 -> 0 | AF12: =AD12-AE12 -> 0 | AG12: =Paralelo!Q15 -> 0 | AH12: ='Dez24'!Q15 -> 0 | AI12: =AG12-AH12 -> 0 | AJ12: =Paralelo!R15 -> 0 | AK12: ='Dez24'!R15 -> 0 | AL12: =AJ12-AK12 -> 0 | AM12: =Paralelo!S15 -> 0 | AN12: ='Dez24'!S15 -> 0 | AO12: =AM12-AN12 -> 0
B13: B.06 - Extraction of crude petroleum and natural gas | C13: =Paralelo!D16 -> 0 | D13: ='Dez24'!D16 -> 0 | E13: =C13-D13 -> 0 | F13: =Paralelo!E16 -> 0 | G13: ='Dez24'!E16 -> 0 | H13: =F13-G13 -> 0 | I13: =Paralelo!F16 -> 0 | J13: ='Dez24'!F16 -> 0 | K13: =I13-J13 -> 0 | L13: =Paralelo!G16 -> 0 | M13: ='Dez24'!G16 -> 0 | N13: =L13-M13 -> 0 | O13: =Paralelo!H16 -> 0 | P13: ='Dez24'!H16 -> 0 | Q13: =O13-P13 -> 0 | R13: =Paralelo!I16 -> 0 | S13: ='Dez24'!I16 -> 0 | T13: =R13-S13 -> 0 | U13: =Paralelo!J16 -> 0 | V13: ='Dez24'!J16 -> 0 | W13: =U13-V13 -> 0 | X13: =Paralelo!K16 -> 0 | Y13: ='Dez24'!K16 -> 0 | Z13: =X13-Y13 -> 0 | AA13: =Paralelo!O16 -> 0 | AB13: ='Dez24'!O16 -> 0 | AC13: =AA13-AB13 -> 0 | AD13: =Paralelo!P16 -> 0 | AE13: ='Dez24'!P16 -> 0 | AF13: =AD13-AE13 -> 0 | AG13: =Paralelo!Q16 -> 0 | AH13: ='Dez24'!Q16 -> 0 | AI13: =AG13-AH13 -> 0 | AJ13: =Paralelo!R16 -> 0 | AK13: ='Dez24'!R16 -> 0 | AL13: =AJ13-AK13 -> 0 | AM13: =Paralelo!S16 -> 0 | AN13: ='Dez24'!S16 -> 0 | AO13: =AM13-AN13 -> 0
B14: B.07 - Mining of metal ores | C14: =Paralelo!D17 -> 0.141472 | D14: ='Dez24'!D17 -> 0.141471 | E14: =C14-D14 -> 1e-06 | F14: =Paralelo!E17 -> 0 | G14: ='Dez24'!E17 -> 0 | H14: =F14-G14 -> 0 | I14: =Paralelo!F17 -> 0 | J14: ='Dez24'!F17 -> 0 | K14: =I14-J14 -> 0 | L14: =Paralelo!G17 -> 0 | M14: ='Dez24'!G17 -> 0 | N14: =L14-M14 -> 0 | O14: =Paralelo!H17 -> 0 | P14: ='Dez24'!H17 -> 0 | Q14: =O14-P14 -> 0 | R14: =Paralelo!I17 -> -0.000135 | S14: ='Dez24'!I17 -> -0.000135 | T14: =R14-S14 -> 0 | U14: =Paralelo!J17 -> 0 | V14: ='Dez24'!J17 -> 0 | W14: =U14-V14 -> 0 | X14: =Paralelo!K17 -> 0 | Y14: ='Dez24'!K17 -> 0 | Z14: =X14-Y14 -> 0 | AA14: =Paralelo!O17 -> 0.141472 | AB14: ='Dez24'!O17 -> 0.141471 | AC14: =AA14-AB14 -> 1e-06 | AD14: =Paralelo!P17 -> 0 | AE14: ='Dez24'!P17 -> 0 | AF14: =AD14-AE14 -> 0 | AG14: =Paralelo!Q17 -> 0 | AH14: ='Dez24'!Q17 -> 0 | AI14: =AG14-AH14 -> 0 | AJ14: =Paralelo!R17 -> 0 | AK14: ='Dez24'!R17 -> 0 | AL14: =AJ14-AK14 -> 0 | AM14: =Paralelo!S17 -> 0 | AN14: ='Dez24'!S17 -> 0 | AO14: =AM14-AN14 -> 0
B15: B.08 - Other mining and quarrying | C15: =Paralelo!D18 -> 13.954368 | D15: ='Dez24'!D18 -> 13.954338 | E15: =C15-D15 -> 3e-05 | F15: =Paralelo!E18 -> 0 | G15: ='Dez24'!E18 -> 0 | H15: =F15-G15 -> 0 | I15: =Paralelo!F18 -> 0 | J15: ='Dez24'!F18 -> 0 | K15: =I15-J15 -> 0 | L15: =Paralelo!G18 -> 1.860491 | M15: ='Dez24'!G18 -> 1.860494 | N15: =L15-M15 -> -3e-06 | O15: =Paralelo!H18 -> 2.36218 | P15: ='Dez24'!H18 -> 2.362148 | Q15: =O15-P15 -> 3.2e-05 | R15: =Paralelo!I18 -> -1.399364 | S15: ='Dez24'!I18 -> -1.399356 | T15: =R15-S15 -> -8e-06 | U15: =Paralelo!J18 -> -0.100796 | V15: ='Dez24'!J18 -> -0.100795 | W15: =U15-V15 -> -1e-06 | X15: =Paralelo!K18 -> -1.265998 | Y15: ='Dez24'!K18 -> -1.26599 | Z15: =X15-Y15 -> -8e-06 | AA15: =Paralelo!O18 -> 12.854668 | AB15: ='Dez24'!O18 -> 12.854638 | AC15: =AA15-AB15 -> 3e-05 | AD15: =Paralelo!P18 -> 1.0997 | AE15: ='Dez24'!P18 -> 1.0997 | AF15: =AD15-AE15 -> 0 | AG15: =Paralelo!Q18 -> 0 | AH15: ='Dez24'!Q18 -> 0 | AI15: =AG15-AH15 -> 0 | AJ15: =Paralelo!R18 -> 0 | AK15: ='Dez24'!R18 -> 0 | AL15: =AJ15-AK15 -> 0 | AM15: =Paralelo!S18 -> 2 | AN15: ='Dez24'!S18 -> 2 | AO15: =AM15-AN15 -> 0
B16: B.09 - Mining support service activities | C16: =Paralelo!D19 -> 0.076564 | D16: ='Dez24'!D19 -> 0.076563 | E16: =C16-D16 -> 1e-06 | F16: =Paralelo!E19 -> 0 | G16: ='Dez24'!E19 -> 0 | H16: =F16-G16 -> 0 | I16: =Paralelo!F19 -> 0 | J16: ='Dez24'!F19 -> 0 | K16: =I16-J16 -> 0 | L16: =Paralelo!G19 -> 0.076076 | M16: ='Dez24'!G19 -> 0.076075 | N16: =L16-M16 -> 1e-06 | O16: =Paralelo!H19 -> 0.00048 | P16: ='Dez24'!H19 -> 0.00048 | Q16: =O16-P16 -> 0 | R16: =Paralelo!I19 -> -0.001422 | S16: ='Dez24'!I19 -> -0.001422 | T16: =R16-S16 -> 0 | U16: =Paralelo!J19 -> -0.001014 | V16: ='Dez24'!J19 -> -0.001014 | W16: =U16-V16 -> 0 | X16: =Paralelo!K19 -> -0.000408 | Y16: ='Dez24'!K19 -> -0.000408 | Z16: =X16-Y16 -> 0 | AA16: =Paralelo!O19 -> 0.076564 | AB16: ='Dez24'!O19 -> 0.076563 | AC16: =AA16-AB16 -> 1e-06 | AD16: =Paralelo!P19 -> 0 | AE16: ='Dez24'!P19 -> 0 | AF16: =AD16-AE16 -> 0 | AG16: =Paralelo!Q19 -> 0 | AH16: ='Dez24'!Q19 -> 0 | AI16: =AG16-AH16 -> 0 | AJ16: =Paralelo!R19 -> 0 | AK16: ='Dez24'!R19 -> 0 | AL16: =AJ16-AK16 -> 0 | AM16: =Paralelo!S19 -> 2 | AN16: ='Dez24'!S19 -> 2 | AO16: =AM16-AN16 -> 0
B17: C - Manufacturing | C17: =Paralelo!D20 -> 2168.5504 | D17: ='Dez24'!D20 -> 2226.1043 | E17: =C17-D17 -> -57.553829 | F17: =Paralelo!E20 -> 0.068395 | G17: ='Dez24'!E20 -> 0.068395 | H17: =F17-G17 -> 0 | I17: =Paralelo!F20 -> 9.033805 | J17: ='Dez24'!F20 -> 9.036923 | K17: =I17-J17 -> -0.003118 | L17: =Paralelo!G20 -> 234.77593 | M17: ='Dez24'!G20 -> 234.77593 | N17: =L17-M17 -> 4e-06 | O17: =Paralelo!H20 -> 77.604364 | P17: ='Dez24'!H20 -> 77.605407 | Q17: =O17-P17 -> -0.001043 | R17: =Paralelo!I20 -> -72.098161 | S17: ='Dez24'!I20 -> -72.276143 | T17: =R17-S17 -> 0.177982 | U17: =Paralelo!J20 -> -12.014859 | V17: ='Dez24'!J20 -> -12.014849 | W17: =U17-V17 -> -1e-05 | X17: =Paralelo!K20 -> -54.583787 | Y17: ='Dez24'!K20 -> -54.584122 | Z17: =X17-Y17 -> 0.000335 | AA17: =Paralelo!O20 -> 1927.3023 | AB17: ='Dez24'!O20 -> 1927.3033 | AC17: =AA17-AB17 -> -0.001038 | AD17: =Paralelo!P20 -> 194.17964 | AE17: ='Dez24'!P20 -> 238.98096 | AF17: =AD17-AE17 -> -44.801314 | AG17: =Paralelo!Q20 -> 47.032904 | AH17: ='Dez24'!Q20 -> 59.784381 | AI17: =AG17-AH17 -> -12.751477 | AJ17: =Paralelo!R20 -> 0.035578 | AK17: ='Dez24'!R20 -> 0.035578 | AL17: =AJ17-AK17 -> 0 | AM17: =Paralelo!S20 -> 2 | AN17: ='Dez24'!S20 -> 2 | AO17: =AM17-AN17 -> 0
B18: C.10 - Manufacture of food products | C18: =Paralelo!D21 -> 338.99325 | D18: ='Dez24'!D21 -> 338.99325 | E18: =C18-D18 -> 3e-06 | F18: =Paralelo!E21 -> 0 | G18: ='Dez24'!E21 -> 0 | H18: =F18-G18 -> 0 | I18: =Paralelo!F21 -> 0 | J18: ='Dez24'!F21 -> 0 | K18: =I18-J18 -> 0 | L18: =Paralelo!G21 -> 36.946739 | M18: ='Dez24'!G21 -> 36.946735 | N18: =L18-M18 -> 4e-06 | O18: =Paralelo!H21 -> 9.628996 | P18: ='Dez24'!H21 -> 9.628998 | Q18: =O18-P18 -> -2e-06 | R18: =Paralelo!I21 -> -8.340009 | S18: ='Dez24'!I21 -> -8.340011 | T18: =R18-S18 -> 2e-06 | U18: =Paralelo!J21 -> -2.077334 | V18: ='Dez24'!J21 -> -2.077335 | W18: =U18-V18 -> 1e-06 | X18: =Paralelo!K21 -> -5.277566 | Y18: ='Dez24'!K21 -> -5.27757 | Z18: =X18-Y18 -> 4e-06 | AA18: =Paralelo!O21 -> 301.20062 | AB18: ='Dez24'!O21 -> 301.20062 | AC18: =AA18-AB18 -> 1e-06 | AD18: =Paralelo!P21 -> 18.618869 | AE18: ='Dez24'!P21 -> 18.618868 | AF18: =AD18-AE18 -> 1e-06 | AG18: =Paralelo!Q21 -> 19.173766 | AH18: ='Dez24'!Q21 -> 19.173765 | AI18: =AG18-AH18 -> 1e-06 | AJ18: =Paralelo!R21 -> 0 | AK18: ='Dez24'!R21 -> 0 | AL18: =AJ18-AK18 -> 0 | AM18: =Paralelo!S21 -> 2 | AN18: ='Dez24'!S21 -> 2 | AO18: =AM18-AN18 -> 0
B19: C.11 - Manufacture of beverages | C19: =Paralelo!D22 -> 217.52209 | D19: ='Dez24'!D22 -> 217.52209 | E19: =C19-D19 -> 5e-06 | F19: =Paralelo!E22 -> 0 | G19: ='Dez24'!E22 -> 0 | H19: =F19-G19 -> 0 | I19: =Paralelo!F22 -> 0 | J19: ='Dez24'!F22 -> 0 | K19: =I19-J19 -> 0 | L19: =Paralelo!G22 -> 7.569094 | M19: ='Dez24'!G22 -> 7.569094 | N19: =L19-M19 -> 0 | O19: =Paralelo!H22 -> 0.396421 | P19: ='Dez24'!H22 -> 0.396421 | Q19: =O19-P19 -> 0 | R19: =Paralelo!I22 -> -1.107363 | S19: ='Dez24'!I22 -> -1.107366 | T19: =R19-S19 -> 3e-06 | U19: =Paralelo!J22 -> -0.450906 | V19: ='Dez24'!J22 -> -0.450908 | W19: =U19-V19 -> 2e-06 | X19: =Paralelo!K22 -> -0.302535 | Y19: ='Dez24'!K22 -> -0.302536 | Z19: =X19-Y19 -> 1e-06 | AA19: =Paralelo!O22 -> 148.09782 | AB19: ='Dez24'!O22 -> 148.09782 | AC19: =AA19-AB19 -> 1e-06 | AD19: =Paralelo!P22 -> 68.582633 | AE19: ='Dez24'!P22 -> 68.582628 | AF19: =AD19-AE19 -> 5e-06 | AG19: =Paralelo!Q22 -> 0.841641 | AH19: ='Dez24'!Q22 -> 0.841641 | AI19: =AG19-AH19 -> 0 | AJ19: =Paralelo!R22 -> 0 | AK19: ='Dez24'!R22 -> 0 | AL19: =AJ19-AK19 -> 0 | AM19: =Paralelo!S22 -> 3 | AN19: ='Dez24'!S22 -> 3 | AO19: =AM19-AN19 -> 0
B20: C.12 - Manufacture of tobacco products | C20: =Paralelo!D23 -> 2.924771 | D20: ='Dez24'!D23 -> 2.924771 | E20: =C20-D20 -> 0 | F20: =Paralelo!E23 -> 0 | G20: ='Dez24'!E23 -> 0 | H20: =F20-G20 -> 0 | I20: =Paralelo!F23 -> 0 | J20: ='Dez24'!F23 -> 0 | K20: =I20-J20 -> 0 | L20: =Paralelo!G23 -> 0 | M20: ='Dez24'!G23 -> 0 | N20: =L20-M20 -> 0 | O20: =Paralelo!H23 -> 0 | P20: ='Dez24'!H23 -> 0 | Q20: =O20-P20 -> 0 | R20: =Paralelo!I23 -> -0.010149 | S20: ='Dez24'!I23 -> -0.010149 | T20: =R20-S20 -> 0 | U20: =Paralelo!J23 -> 0 | V20: ='Dez24'!J23 -> 0 | W20: =U20-V20 -> 0 | X20: =Paralelo!K23 -> 0 | Y20: ='Dez24'!K23 -> 0 | Z20: =X20-Y20 -> 0 | AA20: =Paralelo!O23 -> 2.924771 | AB20: ='Dez24'!O23 -> 2.924771 | AC20: =AA20-AB20 -> 0 | AD20: =Paralelo!P23 -> 0 | AE20: ='Dez24'!P23 -> 0 | AF20: =AD20-AE20 -> 0 | AG20: =Paralelo!Q23 -> 0 | AH20: ='Dez24'!Q23 -> 0 | AI20: =AG20-AH20 -> 0 | AJ20: =Paralelo!R23 -> 0 | AK20: ='Dez24'!R23 -> 0 | AL20: =AJ20-AK20 -> 0 | AM20: =Paralelo!S23 -> 0 | AN20: ='Dez24'!S23 -> 0 | AO20: =AM20-AN20 -> 0
B21: C.13 - Manufacture of textiles | C21: =Paralelo!D24 -> 112.28897 | D21: ='Dez24'!D24 -> 112.28897 | E21: =C21-D21 -> 3e-06 | F21: =Paralelo!E24 -> 0 | G21: ='Dez24'!E24 -> 0 | H21: =F21-G21 -> 0 | I21: =Paralelo!F24 -> 0 | J21: ='Dez24'!F24 -> 0 | K21: =I21-J21 -> 0 | L21: =Paralelo!G24 -> 17.483434 | M21: ='Dez24'!G24 -> 17.483433 | N21: =L21-M21 -> 1e-06 | O21: =Paralelo!H24 -> 3.057178 | P21: ='Dez24'!H24 -> 3.057179 | Q21: =O21-P21 -> -1e-06 | R21: =Paralelo!I24 -> -4.058046 | S21: ='Dez24'!I24 -> -4.058045 | T21: =R21-S21 -> -1e-06 | U21: =Paralelo!J24 -> -1.171639 | V21: ='Dez24'!J24 -> -1.171636 | W21: =U21-V21 -> -3e-06 | X21: =Paralelo!K24 -> -2.402417 | Y21: ='Dez24'!K24 -> -2.402416 | Z21: =X21-Y21 -> -1e-06 | AA21: =Paralelo!O24 -> 105.94178 | AB21: ='Dez24'!O24 -> 105.94177 | AC21: =AA21-AB21 -> 1e-06 | AD21: =Paralelo!P24 -> 4.210278 | AE21: ='Dez24'!P24 -> 4.210278 | AF21: =AD21-AE21 -> 0 | AG21: =Paralelo!Q24 -> 2.136921 | AH21: ='Dez24'!Q24 -> 2.136919 | AI21: =AG21-AH21 -> 2e-06 | AJ21: =Paralelo!R24 -> 0 | AK21: ='Dez24'!R24 -> 0 | AL21: =AJ21-AK21 -> 0 | AM21: =Paralelo!S24 -> 2 | AN21: ='Dez24'!S24 -> 2 | AO21: =AM21-AN21 -> 0
... B60: L - Real estate activities | C60: =Paralelo!D63 -> 1166.2974 | D60: ='Dez24'!D63 -> 1116.2909 | E60: =C60-D60 -> 50.006477 | F60: =Paralelo!E63 -> 0 | G60: ='Dez24'!E63 -> 0 | H60: =F60-G60 -> 0 | I60: =Paralelo!F63 -> 0 | J60: ='Dez24'!F63 -> 0 | K60: =I60-J60 -> 0 | L60: =Paralelo!G63 -> 124.14765 | M60: ='Dez24'!G63 -> 124.1476 | N60: =L60-M60 -> 4.9e-05 | O60: =Paralelo!H63 -> 47.288507 | P60: ='Dez24'!H63 -> 47.495787 | Q60: =O60-P60 -> -0.20728 | R60: =Paralelo!I63 -> -40.452142 | S60: ='Dez24'!I63 -> -40.371695 | T60: =R60-S60 -> -0.080447 | U60: =Paralelo!J63 -> -5.059481 | V60: ='Dez24'!J63 -> -5.059476 | W60: =U60-V60 -> -5e-06 | X60: =Paralelo!K63 -> -33.569154 | Y60: ='Dez24'!K63 -> -33.610795 | Z60: =X60-Y60 -> 0.041641 | AA60: =Paralelo!O63 -> 632.81924 | AB60: ='Dez24'!O63 -> 582.8131 | AC60: =AA60-AB60 -> 50.006139 | AD60: =Paralelo!P63 -> 326.17756 | AE60: ='Dez24'!P63 -> 326.17734 | AF60: =AD60-AE60 -> 0.000226 | AG60: =Paralelo!Q63 -> 207.1694 | AH60: ='Dez24'!Q63 -> 207.16929 | AI60: =AG60-AH60 -> 0.000112 | AJ60: =Paralelo!R63 -> 0.131176 | AK60: ='Dez24'!R63 -> 0.131176 | AL60: =AJ60-AK60 -> 0 | AM60: =Paralelo!S63 -> 6 | AN60: ='Dez24'!S63 -> 6 | AO60: =AM60-AN60 -> 0
B61: K - Financial and insurance activities | C61: =Paralelo!D65 -> 8.718659 | D61: ='Dez24'!D65 -> 4.11659 | E61: =C61-D61 -> 4.602069 | F61: =Paralelo!E65 -> 0 | G61: ='Dez24'!E65 -> 0 | H61: =F61-G61 -> 0 | I61: =Paralelo!F65 -> 9.7e-05 | J61: ='Dez24'!F65 -> 0.032171 | K61: =I61-J61 -> -0.032074 | L61: =Paralelo!G65 -> 0.745232 | M61: ='Dez24'!G65 -> 0.745234 | N61: =L61-M61 -> -2e-06 | O61: =Paralelo!H65 -> 0.049537 | P61: ='Dez24'!H65 -> 0.049536 | Q61: =O61-P61 -> 1e-06 | R61: =Paralelo!I65 -> -0.448278 | S61: ='Dez24'!I65 -> -0.435864 | T61: =R61-S61 -> -0.012414 | U61: =Paralelo!J65 -> -0.05966 | V61: ='Dez24'!J65 -> -0.05966 | W61: =U61-V61 -> 0 | X61: =Paralelo!K65 -> -0.03295 | Y61: ='Dez24'!K65 -> -0.03295 | Z61: =X61-Y61 -> 0 | AA61: =Paralelo!O65 -> 8.063469 | AB61: ='Dez24'!O65 -> 1.789283 | AC61: =AA61-AB61 -> 6.274186 | AD61: =Paralelo!P65 -> 0.336785 | AE61: ='Dez24'!P65 -> 0.336785 | AF61: =AD61-AE61 -> 0 | AG61: =Paralelo!Q65 -> 0.318405 | AH61: ='Dez24'!Q65 -> 0.318405 | AI61: =AG61-AH61 -> 0 | AJ61: =Paralelo!R65 -> 0 | AK61: ='Dez24'!R65 -> 1.672117 | AL61: =AJ61-AK61 -> -1.672117 | AM61: =Paralelo!S65 -> 4 | AN61: ='Dez24'!S65 -> 3 | AO61: =AM61-AN61 -> 1
B62: Exposures to other sectors (NACE codes J, M - U) | C62: =Paralelo!D66 -> 2859.0787 | D62: ='Dez24'!D66 -> 3007.3323 | E62: =C62-D62 -> -148.25355 | F62: =Paralelo!E66 -> 348.99051 | G62: ='Dez24'!E66 -> 355.08484 | H62: =F62-G62 -> -6.094334 | I62: =Paralelo!F66 -> 167.36522 | J62: ='Dez24'!F66 -> 167.36876 | K62: =I62-J62 -> -0.003543 | L62: =Paralelo!G66 -> 192.06057 | M62: ='Dez24'!G66 -> 192.06058 | N62: =L62-M62 -> -7e-06 | O62: =Paralelo!H66 -> 51.627655 | P62: ='Dez24'!H66 -> 51.235286 | Q62: =O62-P62 -> 0.392369 | R62: =Paralelo!I66 -> -96.122108 | S62: ='Dez24'!I66 -> -61.093089 | T62: =R62-S62 -> -35.029019 | U62: =Paralelo!J66 -> -20.352345 | V62: ='Dez24'!J66 -> -20.352352 | W62: =U62-V62 -> 7e-06 | X62: =Paralelo!K66 -> -68.567654 | Y62: ='Dez24'!K66 -> -33.368729 | Z62: =X62-Y62 -> -35.198925 | AA62: =Paralelo!O66 -> 2277.2266 | AB62: ='Dez24'!O66 -> 2320.7192 | AC62: =AA62-AB62 -> -43.492592 | AD62: =Paralelo!P66 -> 370.3195 | AE62: ='Dez24'!P66 -> 370.3194 | AF62: =AD62-AE62 -> 0.000107 | AG62: =Paralelo!Q66 -> 206.384 | AH62: ='Dez24'!Q66 -> 341.44421 | AI62: =AG62-AH62 -> -135.06021 | AJ62: =Paralelo!R66 -> 5.148668 | AK62: ='Dez24'!R66 -> -25.150469 | AL62: =AJ62-AK62 -> 30.299137 | AM62: =Paralelo!S66 -> 3 | AN62: ='Dez24'!S66 -> 3 | AO62: =AM62-AN62 -> 0
B63: TOTAL | C63: =Paralelo!D67 -> 12289.771 | D63: ='Dez24'!D67 -> 12289.41 | E63: =C63-D63 -> 0.361401 | F63: =Paralelo!E67 -> 424.49717 | G63: ='Dez24'!E67 -> 424.49717 | H63: =F63-G63 -> -1e-06 | I63: =Paralelo!F67 -> 248.52828 | J63: ='Dez24'!F67 -> 202.04889 | K63: =I63-J63 -> 46.479383 | L63: =Paralelo!G67 -> 1100.6799 | M63: ='Dez24'!G67 -> 1100.6798 | N63: =L63-M63 -> 5.4e-05 | O63: =Paralelo!H67 -> 476.88842 | P63: ='Dez24'!H67 -> 476.88428 | Q63: =O63-P63 -> 0.004141 | R63: =Paralelo!I67 -> -404.58183 | S63: ='Dez24'!I67 -> -404.57941 | T63: =R63-S63 -> -0.002419 | U63: =Paralelo!J67 -> -68.470969 | V63: ='Dez24'!J67 -> -68.470967 | W63: =U63-V63 -> -2e-06 | X63: =Paralelo!K67 -> -307.78355 | Y63: ='Dez24'!K67 -> -307.78318 | Z63: =X63-Y63 -> -0.000361 | AA63: =Paralelo!O67 -> 9299.8323 | AB63: ='Dez24'!O67 -> 9328.0989 | AC63: =AA63-AB63 -> -28.26652 | AD63: =Paralelo!P67 -> 1701.1069 | AE63: ='Dez24'!P67 -> 1701.1065 | AF63: =AD63-AE63 -> 0.00045 | AG63: =Paralelo!Q67 -> 1219.2972 | AH63: ='Dez24'!Q67 -> 1219.2969 | AI63: =AG63-AH63 -> 0.000257 | AJ63: =Paralelo!R67 -> 69.534619 | AK63: ='Dez24'!R67 -> 40.907404 | AL63: =AJ63-AK63 -> 28.627215 | AM63: =Paralelo!S67 -> 4 | AN63: ='Dez24'!S67 -> 4 | AO63: =AM63-AN63 -> 0

Sheet Variação Percentual (pp)
C8: Exposição | H8: Excluídas Acordo Paris | M8: CCM | R8: Stage 2 | W8: Non-Performing | AB8: Accumulated impairment | AG8: Stage 2 | AL8: Non-Performing
B9: NACEs | C9: Dez24 Estrutural | D9: peso dez/24 estrutural | E9: Dez24 Tático | F9: peso dez/24 tático | G9: ∆ (pp) | H9: Dez24 Estrutural | I9: peso dez/24 estrutural | J9: Dez24 Tático | K9: peso dez/24 tático | L9: ∆ (pp) | M9: Dez24 Estrutural | N9: peso dez/24 estrutural | O9: Dez24 Tático | P9: peso dez/24 tático | Q9: ∆ (pp) | R9: Dez24 Estrutural | S9: peso dez/24 estrutural | T9: Dez24 Tático | U9: peso dez/24 tático | V9: ∆ (pp) | W9: Dez24 Estrutural | X9: peso dez/24 estrutural | Y9: Dez24 Tático | Z9: peso dez/24 tático | AA9: ∆ (pp) | AB9: Dez24 Estrutural | AC9: peso dez/24 estrutural | AD9: Dez24 Tático | AE9: peso dez/24 tático | AF9: ∆ (pp) | AG9: Dez24 Estrutural | AH9: peso dez/24 estrutural | AI9: Dez24 Tático | AJ9: peso dez/24 tático | AK9: ∆ (pp) | AL9: Dez24 Estrutural | AM9: peso dez/24 estrutural | AN9: Dez24 Tático | AO9: peso dez/24 tático | AP9: ∆ (pp)
B10: A - Agriculture, forestry and fishing | C10: =Paralelo!D13 -> 331.59962 | D10: =C10/$C$63 -> 0.026981758 | E10: ='Dez24'!D13 -> 331.5996 | F10: =E10/$E$63 -> 0.026982549 | G10: =D10-F10 -> -7.919204e-07 | H10: =Paralelo!E13 -> 0 | I10: =H10/$H$63 -> 0 | J10: ='Dez24'!E13 -> 0 | K10: =J10/$J$63 -> 0 | L10: =I10-K10 -> 0 | M10: 0.059356 | N10: =M10/$M$63 -> 0.00031133791 | O10: 0 | P10: =O10/$O$63 -> 0 | Q10: =N10-P10 -> 0.00031133791 | R10: =Paralelo!G13 -> 40.456466 | S10: =R10/$R$63 -> 0.036755887 | T10: ='Dez24'!G13 -> 40.456467 | U10: =T10/$T$63 -> 0.03675589 | V10: =S10-U10 -> -2.7117948e-09 | W10: =Paralelo!H13 -> 24.969028 | X10: =W10/$W$63 -> 0.052358218 | Y10: ='Dez24'!H13 -> 24.969026 | Z10: =Y10/$Y$63 -> 0.052358669 | AA10: =X10-Z10 -> -4.5045599e-07 | AB10: =Paralelo!I13 -> -7.224882 | AC10: =AB10/$AB$63 -> 0.017857653 | AD10: ='Dez24'!I13 -> -7.224887 | AE10: =AD10/$AD$63 -> 0.017857772 | AF10: =AC10-AE10 -> -1.1913029e-07 | AG10: =Paralelo!J13 -> -2.078722 | AH10: =AG10/$AG$63 -> 0.030359173 | AI10: ='Dez24'!J13 -> -2.078724 | AJ10: =AI10/$AI$63 -> 0.030359203 | AK10: =AH10-AJ10 -> -3.0096235e-08 | AL10: =Paralelo!K13 -> -4.261071 | AM10: =AL10/$AL$63 -> 0.013844376 | AN10: ='Dez24'!K13 -> -4.261073 | AO10: =AN10/$AN$63 -> 0.013844398 | AP10: =AM10-AO10 -> -2.2736199e-08
B11: B - Mining and quarrying | C11: =Paralelo!D14 -> 14.172404 | D11: =C11/$C$63 -> 0.001153187 | E11: ='Dez24'!D14 -> 14.172372 | F11: =E11/$E$63 -> 0.0011532183 | G11: =D11-F11 -> -3.1308496e-08 | H11: =Paralelo!E14 -> 0 | I11: =H11/$H$63 -> 0 | J11: ='Dez24'!E14 -> 0 | K11: =J11/$J$63 -> 0 | L11: =I11-K11 -> 0 | M11: 0 | N11: =M11/$M$63 -> 0 | O11: 0 | P11: =O11/$O$63 -> 0 | Q11: =N11-P11 -> 0 | R11: =Paralelo!G14 -> 1.936567 | S11: =R11/$R$63 -> 0.001759428 | T11: ='Dez24'!G14 -> 1.936569 | U11: =T11/$T$63 -> 0.0017594299 | V11: =S11-U11 -> -1.9033774e-09 | W11: =Paralelo!H14 -> 2.36266 | X11: =W11/$W$63 -> 0.0049543245 | Y11: ='Dez24'!H14 -> 2.362628 | Z11: =Y11/$Y$63 -> 0.0049543004 | AA11: =X11-Z11 -> 2.4081612e-08 | AB11: =Paralelo!I14 -> -1.400921 | AC11: =AB11/$AB$63 -> 0.0034626394 | AD11: ='Dez24'!I14 -> -1.400913 | AE11: =AD11/$AD$63 -> 0.0034626403 | AF11: =AC11-AE11 -> -9.2966855e-10 | AG11: =Paralelo!J14 -> -0.10181 | AH11: =AG11/$AG$63 -> 0.0014869075 | AI11: ='Dez24'!J14 -> -0.101809 | AJ11: =AI11/$AI$63 -> 0.001486893 | AK11: =AH11-AJ11 -> 1.4561298e-08 | AL11: =Paralelo!K14 -> -1.266405 | AM11: =AL11/$AL$63 -> 0.0041145962 | AN11: ='Dez24'!K14 -> -1.266398 | AO11: =AN11/$AN$63 -> 0.0041145783 | AP11: =AM11-AO11 -> 1.7917258e-08
B12: B.05 - Mining of coal and lignite | C12: =Paralelo!D15 -> 0 | D12: =C12/$C$63 -> 0 | E12: ='Dez24'!D15 -> 0 | F12: =E12/$E$63 -> 0 | G12: =D12-F12 -> 0 | H12: =Paralelo!E15 -> 0 | I12: =H12/$H$63 -> 0 | J12: ='Dez24'!E15 -> 0 | K12: =J12/$J$63 -> 0 | L12: =I12-K12 -> 0 | M12: 0 | N12: =M12/$M$63 -> 0 | O12: 0 | P12: =O12/$O$63 -> 0 | Q12: =N12-P12 -> 0 | R12: =Paralelo!G15 -> 0 | S12: =R12/$R$63 -> 0 | T12: ='Dez24'!G15 -> 0 | U12: =T12/$T$63 -> 0 | V12: =S12-U12 -> 0 | W12: =Paralelo!H15 -> 0 | X12: =W12/$W$63 -> 0 | Y12: ='Dez24'!H15 -> 0 | Z12: =Y12/$Y$63 -> 0 | AA12: =X12-Z12 -> 0 | AB12: =Paralelo!I15 -> 0 | AC12: =AB12/$AB$63 -> 0 | AD12: ='Dez24'!I15 -> 0 | AE12: =AD12/$AD$63 -> 0 | AF12: =AC12-AE12 -> 0 | AG12: =Paralelo!J15 -> 0 | AH12: =AG12/$AG$63 -> 0 | AI12: ='Dez24'!J15 -> 0 | AJ12: =AI12/$AI$63 -> 0 | AK12: =AH12-AJ12 -> 0 | AL12: =Paralelo!K15 -> 0 | AM12: =AL12/$AL$63 -> 0 | AN12: ='Dez24'!K15 -> 0 | AO12: =AN12/$AN$63 -> 0 | AP12: =AM12-AO12 -> 0
B13: B.06 - Extraction of crude petroleum and natural gas | C13: =Paralelo!D16 -> 0 | D13: =C13/$C$63 -> 0 | E13: ='Dez24'!D16 -> 0 | F13: =E13/$E$63 -> 0 | G13: =D13-F13 -> 0 | H13: =Paralelo!E16 -> 0 | I13: =H13/$H$63 -> 0 | J13: ='Dez24'!E16 -> 0 | K13: =J13/$J$63 -> 0 | L13: =I13-K13 -> 0 | M13: 0 | N13: =M13/$M$63 -> 0 | O13: 0 | P13: =O13/$O$63 -> 0 | Q13: =N13-P13 -> 0 | R13: =Paralelo!G16 -> 0 | S13: =R13/$R$63 -> 0 | T13: ='Dez24'!G16 -> 0 | U13: =T13/$T$63 -> 0 | V13: =S13-U13 -> 0 | W13: =Paralelo!H16 -> 0 | X13: =W13/$W$63 -> 0 | Y13: ='Dez24'!H16 -> 0 | Z13: =Y13/$Y$63 -> 0 | AA13: =X13-Z13 -> 0 | AB13: =Paralelo!I16 -> 0 | AC13: =AB13/$AB$63 -> 0 | AD13: ='Dez24'!I16 -> 0 | AE13: =AD13/$AD$63 -> 0 | AF13: =AC13-AE13 -> 0 | AG13: =Paralelo!J16 -> 0 | AH13: =AG13/$AG$63 -> 0 | AI13: ='Dez24'!J16 -> 0 | AJ13: =AI13/$AI$63 -> 0 | AK13: =AH13-AJ13 -> 0 | AL13: =Paralelo!K16 -> 0 | AM13: =AL13/$AL$63 -> 0 | AN13: ='Dez24'!K16 -> 0 | AO13: =AN13/$AN$63 -> 0 | AP13: =AM13-AO13 -> 0
B14: B.07 - Mining of metal ores | C14: =Paralelo!D17 -> 0.141472 | D14: =C14/$C$63 -> 1.1511362e-05 | E14: ='Dez24'!D17 -> 0.141471 | F14: =E14/$E$63 -> 1.1511619e-05 | G14: =D14-F14 -> -2.5714967e-10 | H14: =Paralelo!E17 -> 0 | I14: =H14/$H$63 -> 0 | J14: ='Dez24'!E17 -> 0 | K14: =J14/$J$63 -> 0 | L14: =I14-K14 -> 0 | M14: 0 | N14: =M14/$M$63 -> 0 | O14: 0 | P14: =O14/$O$63 -> 0 | Q14: =N14-P14 -> 0 | R14: =Paralelo!G17 -> 0 | S14: =R14/$R$63 -> 0 | T14: ='Dez24'!G17 -> 0 | U14: =T14/$T$63 -> 0 | V14: =S14-U14 -> 0 | W14: =Paralelo!H17 -> 0 | X14: =W14/$W$63 -> 0 | Y14: ='Dez24'!H17 -> 0 | Z14: =Y14/$Y$63 -> 0 | AA14: =X14-Z14 -> 0 | AB14: =Paralelo!I17 -> -0.000135 | AC14: =AB14/$AB$63 -> 3.3367786e-07 | AD14: ='Dez24'!I17 -> -0.000135 | AE14: =AD14/$AD$63 -> 3.3367986e-07 | AF14: =AC14-AE14 -> -1.9950762e-12 | AG14: =Paralelo!J17 -> 0 | AH14: =AG14/$AG$63 -> 0 | AI14: ='Dez24'!J17 -> 0 | AJ14: =AI14/$AI$63 -> 0 | AK14: =AH14-AJ14 -> 0 | AL14: =Paralelo!K17 -> 0 | AM14: =AL14/$AL$63 -> 0 | AN14: ='Dez24'!K17 -> 0 | AO14: =AN14/$AN$63 -> 0 | AP14: =AM14-AO14 -> 0
B15: B.08 - Other mining and quarrying | C15: =Paralelo!D18 -> 13.954368 | D15: =C15/$C$63 -> 0.0011354457 | E15: ='Dez24'!D18 -> 13.954338 | F15: =E15/$E$63 -> 0.0011354767 | G15: =D15-F15 -> -3.0949511e-08 | H15: =Paralelo!E18 -> 0 | I15: =H15/$H$63 -> 0 | J15: ='Dez24'!E18 -> 0 | K15: =J15/$J$63 -> 0 | L15: =I15-K15 -> 0 | M15: 0 | N15: =M15/$M$63 -> 0 | O15: 0 | P15: =O15/$O$63 -> 0 | Q15: =N15-P15 -> 0 | R15: =Paralelo!G18 -> 1.860491 | S15: =R15/$R$63 -> 0.0016903107 | T15: ='Dez24'!G18 -> 1.860494 | U15: =T15/$T$63 -> 0.0016903135 | V15: =S15-U15 -> -2.8085158e-09 | W15: =Paralelo!H18 -> 2.36218 | X15: =W15/$W$63 -> 0.004953318 | Y15: ='Dez24'!H18 -> 2.362148 | Z15: =Y15/$Y$63 -> 0.0049532939 | AA15: =X15-Z15 -> 2.4090352e-08 | AB15: =Paralelo!I18 -> -1.399364 | AC15: =AB15/$AB$63 -> 0.003458791 | AD15: ='Dez24'!I18 -> -1.399356 | AE15: =AD15/$AD$63 -> 0.0034587919 | AF15: =AC15-AE15 -> -9.0665867e-10 | AG15: =Paralelo!J18 -> -0.100796 | AH15: =AG15/$AG$63 -> 0.0014720983 | AI15: ='Dez24'!J18 -> -0.100795 | AJ15: =AI15/$AI$63 -> 0.0014720838 | AK15: =AH15-AJ15 -> 1.4561731e-08 | AL15: =Paralelo!K18 -> -1.265998 | AM15: =AL15/$AL$63 -> 0.0041132738 | AN15: ='Dez24'!K18 -> -1.26599 | AO15: =AN15/$AN$63 -> 0.0041132527 | AP15: =AM15-AO15 -> 2.116785e-08
B16: B.09 - Mining support service activities | C16: =Paralelo!D19 -> 0.076564 | D16: =C16/$C$63 -> 6.2298964e-06 | E16: ='Dez24'!D19 -> 0.076563 | F16: =E16/$E$63 -> 6.2299982e-06 | G16: =D16-F16 -> -1.018349e-10 | H16: =Paralelo!E19 -> 0 | I16: =H16/$H$63 -> 0 | J16: ='Dez24'!E19 -> 0 | K16: =J16/$J$63 -> 0 | L16: =I16-K16 -> 0 | M16: 0 | N16: =M16/$M$63 -> 0 | O16: 0 | P16: =O16/$O$63 -> 0 | Q16: =N16-P16 -> 0 | R16: =Paralelo!G19 -> 0.076076 | S16: =R16/$R$63 -> 6.9117279e-05 | T16: ='Dez24'!G19 -> 0.076075 | U16: =T16/$T$63 -> 6.9116374e-05 | V16: =S16-U16 -> 9.0513846e-10 | W16: =Paralelo!H19 -> 0.00048 | X16: =W16/$W$63 -> 1.0065248e-06 | Y16: ='Dez24'!H19 -> 0.00048 | Z16: =Y16/$Y$63 -> 1.0065335e-06 | AA16: =X16-Z16 -> -8.7401057e-12 | AB16: =Paralelo!I19 -> -0.001422 | AC16: =AB16/$AB$63 -> 3.5147401e-06 | AD16: ='Dez24'!I19 -> -0.001422 | AE16: =AD16/$AD$63 -> 3.5147611e-06 | AF16: =AC16-AE16 -> -2.1014802e-11 | AG16: =Paralelo!J19 -> -0.001014 | AH16: =AG16/$AG$63 -> 1.4809196e-05 | AI16: ='Dez24'!J19 -> -0.001014 | AJ16: =AI16/$AI$63 -> 1.4809196e-05 | AK16: =AH16-AJ16 -> -4.3256862e-13 | AL16: =Paralelo!K19 -> -0.000408 | AM16: =AL16/$AL$63 -> 1.3256069e-06 | AN16: ='Dez24'!K19 -> -0.000408 | AO16: =AN16/$AN$63 -> 1.3256085e-06 | AP16: =AM16-AO16 -> -1.5548091e-12
B17: C - Manufacturing | C17: =Paralelo!D20 -> 2168.5504 | D17: =C17/$C$63 -> 0.17645165 | E17: ='Dez24'!D20 -> 2226.1043 | F17: =E17/$E$63 -> 0.18114005 | G17: =D17-F17 -> -0.0046883944 | H17: =Paralelo!E20 -> 0.068395 | I17: =H17/$H$63 -> 0.00016112004 | J17: ='Dez24'!E20 -> 0.068395 | K17: =J17/$J$63 -> 0.00016112004 | L17: =I17-K17 -> 3.7955503e-13 | M17: 19.393818 | N17: =M17/$M$63 -> 0.1017257 | O17: 5.301705 | P17: =O17/$O$63 -> 0.028975255 | Q17: =N17-P17 -> 0.072750448 | R17: =Paralelo!G20 -> 234.77593 | S17: =R17/$R$63 -> 0.21330083 | T17: ='Dez24'!G20 -> 234.77593 | U17: =T17/$T$63 -> 0.21330083 | V17: =S17-U17 -> -6.8305462e-09 | W17: =Paralelo!H20 -> 77.604364 | X17: =W17/$W$63 -> 0.16273065 | Y17: ='Dez24'!H20 -> 77.605407 | Z17: =Y17/$Y$63 -> 0.16273425 | AA17: =X17-Z17 -> -3.6001766e-06 | AB17: =Paralelo!I20 -> -72.098161 | AC17: =AB17/$AB$63 -> 0.17820415 | AD17: ='Dez24'!I20 -> -72.276143 | AE17: =AD17/$AD$63 -> 0.17864513 | AF17: =AC17-AE17 -> -0.00044098407 | AG17: =Paralelo!J20 -> -12.014859 | AH17: =AG17/$AG$63 -> 0.17547377 | AI17: ='Dez24'!J20 -> -12.014849 | AJ17: =AI17/$AI$63 -> 0.17547363 | AK17: =AH17-AJ17 -> 1.4092181e-07 | AL17: =Paralelo!K20 -> -54.583787 | AM17: =AL17/$AL$63 -> 0.17734472 | AN17: ='Dez24'!K20 -> -54.584122 | AO17: =AN17/$AN$63 -> 0.17734602 | AP17: =AM17-AO17 -> -1.2964368e-06
B18: C.10 - Manufacture of food products | C18: =Paralelo!D21 -> 338.99325 | D18: =C18/$C$63 -> 0.027583366 | E18: ='Dez24'!D21 -> 338.99325 | F18: =E18/$E$63 -> 0.027584177 | G18: =D18-F18 -> -8.1091414e-07 | H18: =Paralelo!E21 -> 0 | I18: =H18/$H$63 -> 0 | J18: ='Dez24'!E21 -> 0 | K18: =J18/$J$63 -> 0 | L18: =I18-K18 -> 0 | M18: 0 | N18: =M18/$M$63 -> 0 | O18: 0 | P18: =O18/$O$63 -> 0 | Q18: =N18-P18 -> 0 | R18: =Paralelo!G21 -> 36.946739 | S18: =R18/$R$63 -> 0.033567197 | T18: ='Dez24'!G21 -> 36.946735 | U18: =T18/$T$63 -> 0.033567195 | V18: =S18-U18 -> 1.9872912e-09 | W18: =Paralelo!H21 -> 9.628996 | X18: =W18/$W$63 -> 0.020191298 | Y18: ='Dez24'!H21 -> 9.628998 | Z18: =Y18/$Y$63 -> 0.020191477 | AA18: =X18-Z18 -> -1.7952398e-07 | AB18: =Paralelo!I21 -> -8.340009 | AC18: =AB18/$AB$63 -> 0.020613899 | AD18: ='Dez24'!I21 -> -8.340011 | AE18: =AD18/$AD$63 -> 0.020614027 | AF18: =AC18-AE18 -> -1.2819491e-07 | AG18: =Paralelo!J21 -> -2.077334 | AH18: =AG18/$AG$63 -> 0.030338902 | AI18: ='Dez24'!J21 -> -2.077335 | AJ18: =AI18/$AI$63 -> 0.030338917 | AK18: =AH18-AJ18 -> -1.5490913e-08 | AL18: =Paralelo!K21 -> -5.277566 | AM18: =AL18/$AL$63 -> 0.017147005 | AN18: ='Dez24'!K21 -> -5.27757 | AO18: =AN18/$AN$63 -> 0.017147038 | AP18: =AM18-AO18 -> -3.3107945e-08
B19: C.11 - Manufacture of beverages | C19: =Paralelo!D22 -> 217.52209 | D19: =C19/$C$63 -> 0.017699442 | E19: ='Dez24'!D22 -> 217.52209 | F19: =E19/$E$63 -> 0.017699962 | G19: =D19-F19 -> -5.2008976e-07 | H19: =Paralelo!E22 -> 0 | I19: =H19/$H$63 -> 0 | J19: ='Dez24'!E22 -> 0 | K19: =J19/$J$63 -> 0 | L19: =I19-K19 -> 0 | M19: 0 | N19: =M19/$M$63 -> 0 | O19: 0 | P19: =O19/$O$63 -> 0 | Q19: =N19-P19 -> 0 | R19: =Paralelo!G22 -> 7.569094 | S19: =R19/$R$63 -> 0.0068767441 | T19: ='Dez24'!G22 -> 7.569094 | U19: =T19/$T$63 -> 0.0068767444 | V19: =S19-U19 -> -3.373771e-10 | W19: =Paralelo!H22 -> 0.396421 | X19: =W19/$W$63 -> 0.00083126573 | Y19: ='Dez24'!H22 -> 0.396421 | Z19: =Y19/$Y$63 -> 0.00083127295 | AA19: =X19-Z19 -> -7.218253e-09 | AB19: =Paralelo!I22 -> -1.107363 | AC19: =AB19/$AB$63 -> 0.0027370557 | AD19: ='Dez24'!I22 -> -1.107366 | AE19: =AD19/$AD$63 -> 0.0027370795 | AF19: =AC19-AE19 -> -2.3780097e-08 | AG19: =Paralelo!J22 -> -0.450906 | AH19: =AG19/$AG$63 -> 0.0065853603 | AI19: ='Dez24'!J22 -> -0.450908 | AJ19: =AI19/$AI$63 -> 0.0065853897 | AK19: =AH19-AJ19 -> -2.9401815e-08 | AL19: =Paralelo!K22 -> -0.302535 | AM19: =AL19/$AL$63 -> 0.00098294729 | AN19: ='Dez24'!K22 -> -0.302536 | AO19: =AN19/$AN$63 -> 0.00098295169 | AP19: =AM19-AO19 -> -4.4019428e-09
B20: C.12 - Manufacture of tobacco products | C20: =Paralelo!D23 -> 2.924771 | D20: =C20/$C$63 -> 0.00023798417 | E20: ='Dez24'!D23 -> 2.924771 | F20: =E20/$E$63 -> 0.00023799117 | G20: =D20-F20 -> -6.9985232e-09 | H20: =Paralelo!E23 -> 0 | I20: =H20/$H$63 -> 0 | J20: ='Dez24'!E23 -> 0 | K20: =J20/$J$63 -> 0 | L20: =I20-K20 -> 0 | M20: 0 | N20: =M20/$M$63 -> 0 | O20: 0 | P20: =O20/$O$63 -> 0 | Q20: =N20-P20 -> 0 | R20: =Paralelo!G23 -> 0 | S20: =R20/$R$63 -> 0 | T20: ='Dez24'!G23 -> 0 | U20: =T20/$T$63 -> 0 | V20: =S20-U20 -> 0 | W20: =Paralelo!H23 -> 0 | X20: =W20/$W$63 -> 0 | Y20: ='Dez24'!H23 -> 0 | Z20: =Y20/$Y$63 -> 0 | AA20: =X20-Z20 -> 0 | AB20: =Paralelo!I23 -> -0.010149 | AC20: =AB20/$AB$63 -> 2.508516e-05 | AD20: ='Dez24'!I23 -> -0.010149 | AE20: =AD20/$AD$63 -> 2.508531e-05 | AF20: =AC20-AE20 -> -1.4998539e-10 | AG20: =Paralelo!J23 -> 0 | AH20: =AG20/$AG$63 -> 0 | AI20: ='Dez24'!J23 -> 0 | AJ20: =AI20/$AI$63 -> 0 | AK20: =AH20-AJ20 -> 0 | AL20: =Paralelo!K23 -> 0 | AM20: =AL20/$AL$63 -> 0 | AN20: ='Dez24'!K23 -> 0 | AO20: =AN20/$AN$63 -> 0 | AP20: =AM20-AO20 -> 0
B21: C.13 - Manufacture of textiles | C21: =Paralelo!D24 -> 112.28897 | D21: =C21/$C$63 -> 0.0091367832 | E21: ='Dez24'!D24 -> 112.28897 | F21: =E21/$E$63 -> 0.0091370517 | G21: =D21-F21 -> -2.6844598e-07 | H21: =Paralelo!E24 -> 0 | I21: =H21/$H$63 -> 0 | J21: ='Dez24'!E24 -> 0 | K21: =J21/$J$63 -> 0 | L21: =I21-K21 -> 0 | M21: 0 | N21: =M21/$M$63 -> 0 | O21: 0 | P21: =O21/$O$63 -> 0 | Q21: =N21-P21 -> 0 | R21: =Paralelo!G24 -> 17.483434 | S21: =R21/$R$63 -> 0.015884213 | T21: ='Dez24'!G24 -> 17.483433 | U21: =T21/$T$63 -> 0.015884213 | V21: =S21-U21 -> 1.2924057e-10 | W21: =Paralelo!H24 -> 3.057178 | X21: =W21/$W$63 -> 0.0064106778 | Y21: ='Dez24'!H24 -> 3.057179 | Z21: =Y21/$Y$63 -> 0.0064107355 | AA21: =X21-Z21 -> -5.7763734e-08 | AB21: =Paralelo!I24 -> -4.058046 | AC21: =AB21/$AB$63 -> 0.010030223 | AD21: ='Dez24'!I24 -> -4.058045 | AE21: =AD21/$AD$63 -> 0.010030281 | AF21: =AC21-AE21 -> -5.7499489e-08 | AG21: =Paralelo!J24 -> -1.171639 | AH21: =AG21/$AG$63 -> 0.017111471 | AI21: ='Dez24'!J24 -> -1.171636 | AJ21: =AI21/$AI$63 -> 0.017111428 | AK21: =AH21-AJ21 -> 4.3314374e-08 | AL21: =Paralelo!K24 -> -2.402417 | AM21: =AL21/$AL$63 -> 0.0078055407 | AN21: ='Dez24'!K24 -> -2.402416 | AO21: =AN21/$AN$63 -> 0.0078055466 | AP21: =AM21-AO21 -> -5.9061063e-09
... B60: L - Real estate activities | C60: =Paralelo!D63 -> 1166.2974 | D60: =C60/$C$63 -> 0.094899846 | E60: ='Dez24'!D63 -> 1116.2909 | F60: =E60/$E$63 -> 0.090833566 | G60: =D60-F60 -> 0.00406628 | H60: =Paralelo!E63 -> 0 | I60: =H60/$H$63 -> 0 | J60: ='Dez24'!E63 -> 0 | K60: =J60/$J$63 -> 0 | L60: =I60-K60 -> 0 | M60: 2.1e-05 | N60: =M60/$M$63 -> 1.1015055e-07 | O60: 5.2e-05 | P60: =O60/$O$63 -> 2.841941e-07 | Q60: =N60-P60 -> -1.7404355e-07 | R60: =Paralelo!G63 -> 124.14765 | S60: =R60/$R$63 -> 0.11279179 | T60: ='Dez24'!G63 -> 124.1476 | U60: =T60/$T$63 -> 0.11279175 | V60: =S60-U60 -> 3.8984309e-08 | W60: =Paralelo!H63 -> 47.288507 | X60: =W60/$W$63 -> 0.099160527 | Y60: ='Dez24'!H63 -> 47.495787 | Z60: =Y60/$Y$63 -> 0.099596042 | AA60: =X60-Z60 -> -0.00043551577 | AB60: =Paralelo!I63 -> -40.452142 | AC60: =AB60/$AB$63 -> 0.099985068 | AD60: ='Dez24'!I63 -> -40.371695 | AE60: =AD60/$AD$63 -> 0.099786825 | AF60: =AC60-AE60 -> 0.00019824325 | AG60: =Paralelo!J63 -> -5.059481 | AH60: =AG60/$AG$63 -> 0.073892353 | AI60: ='Dez24'!J63 -> -5.059476 | AJ60: =AI60/$AI$63 -> 0.073892282 | AK60: =AH60-AJ60 -> 7.0865295e-08 | AL60: =Paralelo!K63 -> -33.569154 | AM60: =AL60/$AL$63 -> 0.10906741 | AN60: ='Dez24'!K63 -> -33.610795 | AO60: =AN60/$AN$63 -> 0.10920283 | AP60: =AM60-AO60 -> -0.00013542122
B61: K - Financial and insurance activities | C61: =Paralelo!D65 -> 8.718659 | D61: =C61/$C$63 -> 0.00070942404 | E61: ='Dez24'!D65 -> 4.11659 | F61: =E61/$E$63 -> 0.00033497053 | G61: =D61-F61 -> 0.00037445351 | H61: =Paralelo!E65 -> 0 | I61: =H61/$H$63 -> 0 | J61: ='Dez24'!E65 -> 0 | K61: =J61/$J$63 -> 0 | L61: =I61-K61 -> 0 | M61: 0.000141 | N61: =M61/$M$63 -> 7.3958228e-07 | O61: 0 | P61: =O61/$O$63 -> 0 | Q61: =N61-P61 -> 7.3958228e-07 | R61: =Paralelo!G65 -> 0.745232 | S61: =R61/$R$63 -> 0.00067706515 | T61: ='Dez24'!G65 -> 0.745234 | U61: =T61/$T$63 -> 0.000677067 | V61: =S61-U61 -> -1.850276e-09 | W61: =Paralelo!H65 -> 0.049537 | X61: =W61/$W$63 -> 0.00010387545 | Y61: ='Dez24'!H65 -> 0.049536 | Z61: =Y61/$Y$63 -> 0.00010387426 | AA61: =X61-Z61 -> 1.1949477e-09 | AB61: =Paralelo!I65 -> -0.448278 | AC61: =AB61/$AB$63 -> 0.0011080033 | AD61: ='Dez24'!I65 -> -0.435864 | AE61: =AD61/$AD$63 -> 0.0010773262 | AF61: =AC61-AE61 -> 3.0677092e-05 | AG61: =Paralelo!J65 -> -0.05966 | AH61: =AG61/$AG$63 -> 0.00087131818 | AI61: ='Dez24'!J65 -> -0.05966 | AJ61: =AI61/$AI$63 -> 0.0008713182 | AK61: =AH61-AJ61 -> -2.5450734e-11 | AL61: =Paralelo!K65 -> -0.03295 | AM61: =AL61/$AL$63 -> 0.00010705576 | AN61: ='Dez24'!K65 -> -0.03295 | AO61: =AN61/$AN$63 -> 0.00010705588 | AP61: =AM61-AO61 -> -1.2556608e-10
B62: Exposures to other sectors (NACE codes J, M - U) | C62: =Paralelo!D66 -> 2859.0787 | D62: =C62/$C$63 -> 0.23263889 | E62: ='Dez24'!D66 -> 3007.3323 | F62: =E62/$E$63 -> 0.24470926 | G62: =D62-F62 -> -0.012070363 | H62: =Paralelo!E66 -> 348.99051 | I62: =H62/$H$63 -> 0.82212682 | J62: ='Dez24'!E66 -> 355.08484 | K62: =J62/$J$63 -> 0.83648342 | L62: =I62-K62 -> -0.014356593 | M62: 159.13139 | N62: =M62/$M$63 -> 0.83468624 | O62: 159.81166 | P62: =O62/$O$63 -> 0.87341404 | Q62: =N62-P62 -> -0.038727795 | R62: =Paralelo!G66 -> 192.06057 | S62: =R62/$R$63 -> 0.17449266 | T62: ='Dez24'!G66 -> 192.06058 | U62: =T62/$T$63 -> 0.17449268 | V62: =S62-U62 -> -1.4920418e-08 | W62: =Paralelo!H66 -> 51.627655 | X62: =W62/$W$63 -> 0.1082594 | Y62: ='Dez24'!H66 -> 51.235286 | Z62: =Y62/$Y$63 -> 0.10743757 | AA62: =X62-Z62 -> 0.00082183606 | AB62: =Paralelo!I66 -> -96.122108 | AC62: =AB62/$AB$63 -> 0.23758385 | AD62: ='Dez24'!I66 -> -61.093089 | AE62: =AD62/$AD$63 -> 0.15100395 | AF62: =AC62-AE62 -> 0.086579898 | AG62: =Paralelo!J66 -> -20.352345 | AH62: =AG62/$AG$63 -> 0.2972405 | AI62: ='Dez24'!J66 -> -20.352352 | AJ62: =AI62/$AI$63 -> 0.29724061 | AK62: =AH62-AJ62 -> -1.1091535e-07 | AL62: =Paralelo!K66 -> -68.567654 | AM62: =AL62/$AL$63 -> 0.22277882 | AN62: ='Dez24'!K66 -> -33.368729 | AO62: =AN62/$AN$63 -> 0.10841635 | AP62: =AM62-AO62 -> 0.11436247
B63: TOTAL | C63: =Paralelo!D67 -> 12289.771 | D63: =C63/$C$63 -> 1 | E63: ='Dez24'!D67 -> 12289.41 | F63: =E63/$E$63 -> 1 | H63: =Paralelo!E67 -> 424.49717 | I63: =H63/$H$63 -> 1 | J63: ='Dez24'!E67 -> 424.49717 | K63: =J63/$J$63 -> 1 | M63: 190.64816 | N63: =M63/$M$63 -> 1 | O63: 182.97354 | P63: =O63/$O$63 -> 1 | R63: =Paralelo!G67 -> 1100.6799 | S63: =R63/$R$63 -> 1 | T63: ='Dez24'!G67 -> 1100.6798 | U63: =T63/$T$63 -> 1 | W63: =Paralelo!H67 -> 476.88842 | X63: =W63/$W$63 -> 1 | Y63: ='Dez24'!H67 -> 476.88428 | Z63: =Y63/$Y$63 -> 1 | AB63: =Paralelo!I67 -> -404.58183 | AC63: =AB63/$AB$63 -> 1 | AD63: ='Dez24'!I67 -> -404.57941 | AE63: =AD63/$AD$63 -> 1 | AG63: =Paralelo!J67 -> -68.470969 | AH63: =AG63/$AG$63 -> 1 | AI63: ='Dez24'!J67 -> -68.470967 | AJ63: =AI63/$AI$63 -> 1 | AL63: =Paralelo!K67 -> -307.78355 | AM63: =AL63/$AL$63 -> 1 | AN63: ='Dez24'!K67 -> -307.78318 | AO63: =AN63/$AN$63 -> 1

Sheet Input >>

Sheet Paralelo
C8: Template 1: Banking book- Climate Change transition risk: Credit quality of exposures by sector, emissions and residual maturity
C9: Sector/subsector | D9: a | E9: b | F9: c | G9: d | H9: e | I9: f | J9: g | K9: h | L9: i | M9: j | N9: k | O9: l | P9: m | Q9: n | R9: o | S9: p
D10: Gross carrying amount (Mln EUR) | I10: Accumulated impairment, accumulated negative changes in fair value due to credit risk and provisions (Mln EUR) | L10: GHG financed emissions (scope 1, scope 2 and scope 3 emissions of the counterparty) (in tons of CO2 equivalent) | N10: GHG emissions (column i): gross carrying amount percentage of the portfolio derived from company-specific reporting | O10: <= 5 years | P10: > 5 year <= 10 years | Q10: > 10 year <= 20 years | R10: > 20 years | S10: Average weighted maturity
E11: Of which exposures towards companies excluded from EU Paris-aligned Benchmarks in accordance with points (d) to (g) of Article 12.1 and in accordance with Article 12.2 of Climate Benchmark Standards Regulation | F11: Of which environmentally sustainable (CCM) | G11: Of which stage 2 exposures | H11: Of which non-performing exposures | J11: Of which Stage 2 exposures | K11: Of which non-performing exposures | M11: Of which Scope 3 financed emissions
B12: 1 | C12: Exposures towards sectors that highly contribute to climate change* | D12: 9421.9736 | E12: 75.50666 | F12: 81.16296 | G12: 907.8741 | H12: 425.21123 | I12: -308.01145 | J12: -48.058964 | K12: -239.18294 | L12: 84.579199 | M12: 20.412818 | N12: 0.050707247 | O12: 7014.5423 | P12: 1330.4506 | Q12: 1012.5947 | R12: 64.385951 | S12: 4
B13: 2 | C13: A - Agriculture, forestry and fishing | D13: 331.59962 | E13: 0 | F13: 0.042486 | G13: 40.456466 | H13: 24.969028 | I13: -7.224882 | J13: -2.078722 | K13: -4.261071 | L13: 2.659813 | M13: 0.299778 | N13: 0.0021569582 | O13: 216.42934 | P13: 58.723522 | Q13: 56.446759 | R13: 0 | S13: 5
B14: 3 | C14: B - Mining and quarrying | D14: 14.172404 | E14: 0 | F14: 0 | G14: 1.936567 | H14: 2.36266 | I14: -1.400921 | J14: -0.10181 | K14: -1.266405 | L14: 0.441276 | M14: 0.006451 | N14: 0 | O14: 13.072704 | P14: 1.0997 | Q14: 0 | R14: 0 | S14: 2
B15: 4 | C15: B.05 - Mining of coal and lignite | D15: 0 | E15: 0 | F15: 0 | G15: 0 | H15: 0 | I15: 0 | J15: 0 | K15: 0 | L15: 0 | M15: 0 | N15: 0 | O15: 0 | P15: 0 | Q15: 0 | R15: 0 | S15: 0
B16: 5 | C16: B.06 - Extraction of crude petroleum and natural gas | D16: 0 | E16: 0 | F16: 0 | G16: 0 | H16: 0 | I16: 0 | J16: 0 | K16: 0 | L16: 0 | M16: 0 | N16: 0 | O16: 0 | P16: 0 | Q16: 0 | R16: 0 | S16: 0
B17: 6 | C17: B.07 - Mining of metal ores | D17: 0.141472 | E17: 0 | F17: 0 | G17: 0 | H17: 0 | I17: -0.000135 | J17: 0 | K17: 0 | L17: 8.7e-05 | M17: 3.2e-05 | N17: 0 | O17: 0.141472 | P17: 0 | Q17: 0 | R17: 0 | S17: 0
B18: 7 | C18: B.08 - Other mining and quarrying | D18: 13.954368 | E18: 0 | F18: 0 | G18: 1.860491 | H18: 2.36218 | I18: -1.399364 | J18: -0.100796 | K18: -1.265998 | L18: 0.441139 | M18: 0.006401 | N18: 0 | O18: 12.854668 | P18: 1.0997 | Q18: 0 | R18: 0 | S18: 2
B19: 8 | C19: B.09 - Mining support service activities | D19: 0.076564 | E19: 0 | F19: 0 | G19: 0.076076 | H19: 0.00048 | I19: -0.001422 | J19: -0.001014 | K19: -0.000408 | L19: 5e-05 | M19: 1.8e-05 | N19: 0 | O19: 0.076564 | P19: 0 | Q19: 0 | R19: 0 | S19: 2
B20: 9 | C20: C - Manufacturing | D20: 2168.5504 | E20: 0.068395 | F20: 9.033805 | G20: 234.77593 | H20: 77.604364 | I20: -72.098161 | J20: -12.014859 | K20: -54.583787 | L20: 7.426932 | M20: 3.190272 | N20: 0.039885582 | O20: 1927.3023 | P20: 194.17964 | Q20: 47.032904 | R20: 0.035578 | S20: 2
B21: 10 | C21: C.10 - Manufacture of food products | D21: 338.99325 | E21: 0 | F21: 0 | G21: 36.946739 | H21: 9.628996 | I21: -8.340009 | J21: -2.077334 | K21: -5.277566 | L21: 2.596049 | M21: 1.825828 | N21: 0.046945554 | O21: 301.20062 | P21: 18.618869 | Q21: 19.173766 | R21: 0 | S21: 2
B22: 11 | C22: C.11 - Manufacture of beverages | D22: 217.52209 | E22: 0 | F22: 0 | G22: 7.569094 | H22: 0.396421 | I22: -1.107363 | J22: -0.450906 | K22: -0.302535 | L22: 0.099889 | M22: 0.055965 | N22: 0.0016481707 | O22: 148.09782 | P22: 68.582633 | Q22: 0.841641 | R22: 0 | S22: 3
B23: 12 | C23: C.12 - Manufacture of tobacco products | D23: 2.924771 | E23: 0 | F23: 0 | G23: 0 | H23: 0 | I23: -0.010149 | J23: 0 | K23: 0 | L23: 0.082692 | M23: 0.072674 | N23: 0 | O23: 2.924771 | P23: 0 | Q23: 0 | R23: 0 | S23: 0
... B67: 56 | C67: TOTAL | D67: 12289.771 | E67: 424.49717 | F67: 248.52828 | G67: 1100.6799 | H67: 476.88842 | I67: -404.58183 | J67: -68.470969 | K67: -307.78355 | L67: 102.67861 | M67: 23.369264 | N67: 0.11459056 | O67: 9299.8323 | P67: 1701.1069 | Q67: 1219.2972 | R67: 69.534619 | S67: 4
C68: * In accordance with the Commission delegated regulation EU) 2020/1818 supplementing regulation (EU) 2016/1011 as regards minimum standards for EU Climate Transition Benchmarks and EU Paris-aligned Benchmarks -Climate Benchmark Standards Regulation - Recital 6: Sectors listed in Sections A to H and Section L of Annex I to Regulation (EC) No 1893/2006

Sheet Dez24
C8: Template 1: Banking book- Climate Change transition risk: Credit quality of exposures by sector, emissions and residual maturity
C9: Sector/subsector | D9: a | E9: b | F9: c | G9: d | H9: e | I9: f | J9: g | K9: h | L9: i | M9: j | N9: k | O9: l | P9: m | Q9: n | R9: o | S9: p
D10: Gross carrying amount (Mln EUR) | I10: Accumulated impairment, accumulated negative changes in fair value due to credit risk and provisions (Mln EUR) | L10: GHG financed emissions (scope 1, scope 2 and scope 3 emissions of the counterparty) (in tons of CO2 equivalent) | N10: GHG emissions (column i): gross carrying amount percentage of the portfolio derived from company-specific reporting | O10: <= 5 years | P10: > 5 year <= 10 years | Q10: > 10 year <= 20 years | R10: > 20 years | S10: Average weighted maturity
E11: Of which exposures towards companies excluded from EU Paris-aligned Benchmarks in accordance with points (d) to (g) of Article 12.1 and in accordance with Article 12.2 of Climate Benchmark Standards Regulation | F11: Of which environmentally sustainable (CCM) | G11: Of which stage 2 exposures | H11: Of which non-performing exposures | J11: Of which Stage 2 exposures | K11: Of which non-performing exposures | M11: Of which Scope 3 financed emissions
B12: 1 | C12: Exposures towards sectors that highly contribute to climate change* | D12: 9277.9607 | E12: 69.412327 | F12: 34.64796 | G12: 907.87404 | H12: 425.59946 | I12: -343.05046 | J12: -48.058955 | K12: -274.38151 | L12: 6511242.9 | M12: 3787495 | N12: 0.75789345 | O12: 7005.5904 | P12: 1330.4503 | Q12: 877.53428 | R12: 64.385756 | S12: 4
B13: 2 | C13: A - Agriculture, forestry and fishing | D13: 331.5996 | E13: 0 | F13: 0.042486 | G13: 40.456467 | H13: 24.969026 | I13: -7.224887 | J13: -2.078724 | K13: -4.261073 | L13: 378876.61 | M13: 99537.05 | N13: 0.026690837 | O13: 216.42934 | P13: 58.723518 | Q13: 56.446743 | R13: 0 | S13: 5
B14: 3 | C14: B - Mining and quarrying | D14: 14.172372 | E14: 0 | F14: 0 | G14: 1.936569 | H14: 2.362628 | I14: -1.400913 | J14: -0.101809 | K14: -1.266398 | L14: 273035.17 | M14: 5657.59 | N14: 0.0012267834 | O14: 13.072672 | P14: 1.0997 | Q14: 0 | R14: 0 | S14: 2
B15: 4 | C15: B.05 - Mining of coal and lignite | D15: 0 | E15: 0 | F15: 0 | G15: 0 | H15: 0 | I15: 0 | J15: 0 | K15: 0 | L15: 0 | M15: 0 | N15: 0 | O15: 0 | P15: 0 | Q15: 0 | R15: 0 | S15: 0
B16: 5 | C16: B.06 - Extraction of crude petroleum and natural gas | D16: 0 | E16: 0 | F16: 0 | G16: 0 | H16: 0 | I16: 0 | J16: 0 | K16: 0 | L16: 0 | M16: 0 | N16: 0 | O16: 0 | P16: 0 | Q16: 0 | R16: 0 | S16: 0
B17: 6 | C17: B.07 - Mining of metal ores | D17: 0.141471 | E17: 0 | F17: 0 | G17: 0 | H17: 0 | I17: -0.000135 | J17: 0 | K17: 0 | L17: 87.08 | M17: 31.76 | N17: 1.1155044e-05 | O17: 0.141471 | P17: 0 | Q17: 0 | R17: 0 | S17: 0
B18: 7 | C18: B.08 - Other mining and quarrying | D18: 13.954338 | E18: 0 | F18: 0 | G18: 1.860494 | H18: 2.362148 | I18: -1.399356 | J18: -0.100795 | K18: -1.26599 | L18: 272898.29 | M18: 5607.67 | N18: 0.001209485 | O18: 12.854638 | P18: 1.0997 | Q18: 0 | R18: 0 | S18: 2
B19: 8 | C19: B.09 - Mining support service activities | D19: 0.076563 | E19: 0 | F19: 0 | G19: 0.076075 | H19: 0.00048 | I19: -0.001422 | J19: -0.001014 | K19: -0.000408 | L19: 49.8 | M19: 18.16 | N19: 6.1433582e-06 | O19: 0.076563 | P19: 0 | Q19: 0 | R19: 0 | S19: 2
B20: 9 | C20: C - Manufacturing | D20: 2226.1043 | E20: 0.068395 | F20: 9.036923 | G20: 234.77593 | H20: 77.605407 | I20: -72.276143 | J20: -12.014849 | K20: -54.584122 | L20: 1919151.8 | M20: 1331620.6 | N20: 0.1810545 | O20: 1927.3033 | P20: 238.98096 | Q20: 59.784381 | R20: 0.035578 | S20: 2
B21: 10 | C21: C.10 - Manufacture of food products | D21: 338.99325 | E21: 0 | F21: 0 | G21: 36.946735 | H21: 9.628998 | I21: -8.340011 | J21: -2.077335 | K21: -5.27757 | L21: 425368.51 | M21: 366797.8 | N21: 0.027361115 | O21: 301.20062 | P21: 18.618868 | Q21: 19.173765 | R21: 0 | S21: 2
B22: 11 | C22: C.11 - Manufacture of beverages | D22: 217.52209 | E22: 0 | F22: 0 | G22: 7.569094 | H22: 0.396421 | I22: -1.107366 | J22: -0.450908 | K22: -0.302536 | L22: 105276.42 | M22: 91850.07 | N22: 0.017222495 | O22: 148.09782 | P22: 68.582628 | Q22: 0.841641 | R22: 0 | S22: 3
B23: 12 | C23: C.12 - Manufacture of tobacco products | D23: 2.924771 | E23: 0 | F23: 0 | G23: 0 | H23: 0 | I23: -0.010149 | J23: 0 | K23: 0 | L23: 7897.48 | M23: 6940.71 | N23: 0.00023119782 | O23: 2.924771 | P23: 0 | Q23: 0 | R23: 0 | S23: 0
... B67: 56 | C67: TOTAL | D67: 12289.41 | E67: 424.49717 | F67: 202.04889 | G67: 1100.6798 | H67: 476.88428 | I67: -404.57941 | J67: -68.470967 | K67: -307.78318 | L67: 9197199.1 | M67: 5929606.3 | N67: 0.99996673 | O67: 9328.0989 | P67: 1701.1065 | Q67: 1219.2969 | R67: 40.907404 | S67: 4
C68: * In accordance with the Commission delegated regulation EU) 2020/1818 supplementing regulation (EU) 2016/1011 as regards minimum standards for EU Climate Transition Benchmarks and EU Paris-aligned Benchmarks -Climate Benchmark Standards Regulation - Recital 6: Sectors listed in Sections A to H and Section L of Annex I to Regulation (EC) No 1893/2006
