Workbook

Sheet Input
G1: =+SUBTOTAL(9,G3:G95) -> 149.14122 | H1: =+SUBTOTAL(9,H3:H95) -> 46259640 | J1: WITH PAIS AS ( SELECT UNIV.*,EPC.cfinbem,epc.cgarant_bem, CASE WHEN UNIV.CEMPBEM IS NOT NULL AND UNIV.CKBALBEM IS NOT NULL AND UNIV.CKCTABEM IS NOT NULL AND UNIV.CKREFBEM IS NOT NULL THEN 'Montante Colaterizado' ELSE 'Montante Não Colaterizado' END AS TIPOLOGIA_MONTANTE FROM -- OBTER OS DADOS DA TABELA DE EMISSÕES FINANCIADAS POR IMÓVEL (REAL ESTATE) ( SELECT * FROM BU_CAPTOOLS_WORK.PA_OUT_EMSS_FNCD_RE WHERE REF_DATE = '${REF_DATE}' ) UNIV LEFT JOIN -- LIGAÇÃO COM A TABELA PROPERTY_ENERGY_CERTIFICATE PARA OBTENÇÃO DO CAMPO EPC DO BEM IMÓVEL ( SELECT CEMPBEM ,CKBALBEM ,CKCTABEM ,CKREFBEM ,cgarant_bem ,cfinbem FROM cd_garantias.gt009_bens_imov WHERE REF_DATE = '${REF_DATE}' ) EPC ON UNIV.CEMPBEM = EPC.CEMPBEM AND UNIV.CKBALBEM = EPC.CKBALBEM AND UNIV.CKCTABEM = EPC.CKCTABEM AND UNIV.CKREFBEM = EPC.CKREFBEM ) SELECT CRE_RRE, TIPOLOGIA_MONTANTE, -- origem_scp1_emss, cgarant_bem, cfinbem, SUM(SCP1_EMSS_FNCD+SCP2_EMSS_FNCD) AS EMISSAO, SUM(-AMOUNT) AS AMOUNT FROM PAIS GROUP BY 1,2,3,4 ; select distinct cgarant_bem,descritivo from cd_garantias.gt803_cgarant_bem where ref_date='2024-12-31'
A2: cre_rre | B2: tipologia_montante | C2: cgarant_bem | D2: descritivo_cgarant | E2: cfinbem | F2: descritivo_cfin | G2: emissao | H2: amount
A3: CRE_FC | B3: Montante Colaterizado | C3: 5000 | D3: =+VLOOKUP(C3,cgarant_bem!A:B,2,FALSE) -> Imóveis com finalidade indefinida | E3: 08 | F3: =+VLOOKUP(E3,cfin_bem!A:B,2,FALSE) -> Outras | G3: 504.97555 | H3: 25507805
A4: CRE_OUTRO - Nao Aplicavel | B4: Montante Colaterizado | C4: 5102 | D4: =+VLOOKUP(C4,cgarant_bem!A:B,2,FALSE) -> Imóvel ou Fração p/ Habitação - em construção | E4: 01 | F4: =+VLOOKUP(E4,cfin_bem!A:B,2,FALSE) -> Habitação | G4: 4.6162314 | H4: 1178563.6
A5: Habitacao | B5: Montante Não Colaterizado | C5: NULL | D5: =+VLOOKUP(C5,cgarant_bem!A:B,2,FALSE) -> #N/A | E5: NULL | F5: =+VLOOKUP(E5,cfin_bem!A:B,2,FALSE) -> #N/A | G5: NULL | H5: 36314207
A6: CRE_OUTRO - Nao Aplicavel | B6: Montante Colaterizado | C6: 5000 | D6: =+VLOOKUP(C6,cgarant_bem!A:B,2,FALSE) -> Imóveis com finalidade indefinida | E6: 06 | F6: =+VLOOKUP(E6,cfin_bem!A:B,2,FALSE) -> Estacionamento | G6: NULL | H6: 567.31364
A7: CRE_OUTRO - Nao Aplicavel | B7: Montante Colaterizado | C7: 5204 | D7: =+VLOOKUP(C7,cgarant_bem!A:B,2,FALSE) -> Imóvel p/ Escritório - em construção | E7: 03 | F7: =+VLOOKUP(E7,cfin_bem!A:B,2,FALSE) -> Escritório | G7: 31.39951 | H7: 4672059.2
A8: Habitacao | B8: Montante Colaterizado | C8: 5201 | D8: =+VLOOKUP(C8,cgarant_bem!A:B,2,FALSE) -> Imóvel p/ Comércio | E8: 08 | F8: =+VLOOKUP(E8,cfin_bem!A:B,2,FALSE) -> Outras | G8: 13172.202 | H8: 4663532.5
A9: CRE_FC | B9: Montante Colaterizado | C9: 5212 | D9: =+VLOOKUP(C9,cgarant_bem!A:B,2,FALSE) -> Imóvel p/ Hotel - em construção | E9: 09 | F9: =+VLOOKUP(E9,cfin_bem!A:B,2,FALSE) -> Hotel | G9: 55.623895 | H9: 5758032
A10: CRE_OUTRO - Nao Aplicavel | B10: Montante Colaterizado | C10: 5000 | D10: =+VLOOKUP(C10,cgarant_bem!A:B,2,FALSE) -> Imóveis com finalidade indefinida | E10: 08 | F10: =+VLOOKUP(E10,cfin_bem!A:B,2,FALSE) -> Outras | G10: 754.02181 | H10: 1174119.6
A11: Habitacao | B11: Montante Colaterizado | C11: 5101 | D11: =+VLOOKUP(C11,cgarant_bem!A:B,2,FALSE) -> Imóvel ou Fração p/ Habitação | E11: 01 | F11: =+VLOOKUP(E11,cfin_bem!A:B,2,FALSE) -> Habitação | G11: 355929.45 | H11: 2.2483765e+10
A12: CRE_OUTRO | B12: Montante Colaterizado | C12: 5101 | D12: =+VLOOKUP(C12,cgarant_bem!A:B,2,FALSE) -> Imóvel ou Fração p/ Habitação | E12: 08 | F12: =+VLOOKUP(E12,cfin_bem!A:B,2,FALSE) -> Outras | G12: 862.85985 | H12: 80573799
A13: CRE_OUTRO - Nao Aplicavel | B13: Montante Colaterizado | C13: 5300 | D13: =+VLOOKUP(C13,cgarant_bem!A:B,2,FALSE) -> Terreno com finalidade indefinida | E13: 08 | F13: =+VLOOKUP(E13,cfin_bem!A:B,2,FALSE) -> Outras | G13: 73044.868 | H13: 12939470
A14: CRE_OUTRO - Nao Aplicavel | B14: Montante Colaterizado | C14: 5202 | D14: =+VLOOKUP(C14,cgarant_bem!A:B,2,FALSE) -> Imóvel p/ Comercio - em construção | E14: 02 | F14: =+VLOOKUP(E14,cfin_bem!A:B,2,FALSE) -> Comércio | G14: 342.22572 | H14: 3743679.8
A15: Habitacao | B15: Montante Colaterizado | C15: 5203 | D15: =+VLOOKUP(C15,cgarant_bem!A:B,2,FALSE) -> Imóvel p/ Escritório | E15: 03 | F15: =+VLOOKUP(E15,cfin_bem!A:B,2,FALSE) -> Escritório | G15: 986.00507 | H15: 4097961
A16: CRE_OUTRO - Nao Aplicavel | B16: Montante Colaterizado | C16: 5201 | D16: =+VLOOKUP(C16,cgarant_bem!A:B,2,FALSE) -> Imóvel p/ Comércio | E16: 08 | F16: =+VLOOKUP(E16,cfin_bem!A:B,2,FALSE) -> Outras | G16: 547615.47 | H16: 2.2539056e+08
A17: Habitacao | B17: Montante Colaterizado | C17: 5000 | D17: =+VLOOKUP(C17,cgarant_bem!A:B,2,FALSE) -> Imóveis com finalidade indefinida | E17: 01 | F17: =+VLOOKUP(E17,cfin_bem!A:B,2,FALSE) -> Habitação | G17: 44.086746 | H17: 139036.33
A18: CRE_OUTRO - Nao Aplicavel | B18: Montante Colaterizado | C18: 5207 | D18: =+VLOOKUP(C18,cgarant_bem!A:B,2,FALSE) -> Imóvel p/ Indústria | E18: 05 | F18: =+VLOOKUP(E18,cfin_bem!A:B,2,FALSE) -> Indústria | G18: 16159.768 | H18: 60983691
... A24: CRE_FC | B24: Montante Colaterizado | C24: 5102 | D24: =+VLOOKUP(C24,cgarant_bem!A:B,2,FALSE) -> Imóvel ou Fração p/ Habitação - em construção | E24: 08 | F24: =+VLOOKUP(E24,cfin_bem!A:B,2,FALSE) -> Outras | G24: 31.627215 | H24: 4121575.7
A25: CRE_OUTRO | B25: Montante Colaterizado | C25: 5209 | D25: =+VLOOKUP(C25,cgarant_bem!A:B,2,FALSE) -> Imóvel ou Fração p/ Estacionamento ligados à exploração | E25: 07 | F25: =+VLOOKUP(E25,cfin_bem!A:B,2,FALSE) -> Garagem | G25: NULL | H25: 713371.15
A26: CRE_OUTRO - Nao Aplicavel | B26: Montante Colaterizado | C26: 5209 | D26: =+VLOOKUP(C26,cgarant_bem!A:B,2,FALSE) -> Imóvel ou Fração p/ Estacionamento ligados à exploração | E26: 06 | F26: =+VLOOKUP(E26,cfin_bem!A:B,2,FALSE) -> Estacionamento | G26: NULL | H26: 1117942.5
A27: Habitacao | B27: Montante Colaterizado | C27: 5209 | D27: =+VLOOKUP(C27,cgarant_bem!A:B,2,FALSE) -> Imóvel ou Fração p/ Estacionamento ligados à exploração | E27: 07 | F27: =+VLOOKUP(E27,cfin_bem!A:B,2,FALSE) -> Garagem | G27: NULL | H27: 72297.091
A28: CRE_FC | B28: Montante Colaterizado | C28: 5206 | D28: =+VLOOKUP(C28,cgarant_bem!A:B,2,FALSE) -> Imóvel p/ Armazém - em construção | E28: 04 | F28: =+VLOOKUP(E28,cfin_bem!A:B,2,FALSE) -> Armazém | G28: 95.299966 | H28: 2243162.7
A29: CRE_OUTRO | B29: Montante Colaterizado | C29: 5102 | D29: =+VLOOKUP(C29,cgarant_bem!A:B,2,FALSE) -> Imóvel ou Fração p/ Habitação - em construção | E29: 01 | F29: =+VLOOKUP(E29,cfin_bem!A:B,2,FALSE) -> Habitação | G29: 16.795227 | H29: 4867974.3
A30: CRE_OUTRO - Nao Aplicavel | B30: Montante Colaterizado | C30: 82 | D30: =+VLOOKUP(C30,cgarant_bem!A:B,2,FALSE) -> #N/A | E30: 13 | F30: =+VLOOKUP(E30,cfin_bem!A:B,2,FALSE) -> Agricultura | G30: 2.0459993 | H30: 200118.02
A31: CRE_OUTRO - Nao Aplicavel | B31: Montante Colaterizado | C31: 5000 | D31: =+VLOOKUP(C31,cgarant_bem!A:B,2,FALSE) -> Imóveis com finalidade indefinida | F31: =+VLOOKUP(E31,cfin_bem!A:B,2,FALSE) -> #N/A | G31: 0.62446803 | H31: 0
A32: CRE_OUTRO | B32: Montante Colaterizado | C32: 5212 | D32: =+VLOOKUP(C32,cgarant_bem!A:B,2,FALSE) -> Imóvel p/ Hotel - em construção | E32: 09 | F32: =+VLOOKUP(E32,cfin_bem!A:B,2,FALSE) -> Hotel | G32: 80.384408 | H32: 8387009.3
A33: CRE_OUTRO | B33: Montante Colaterizado | C33: 5201 | D33: =+VLOOKUP(C33,cgarant_bem!A:B,2,FALSE) -> Imóvel p/ Comércio | E33: 02 | F33: =+VLOOKUP(E33,cfin_bem!A:B,2,FALSE) -> Comércio | G33: 9008.2416 | H33: 3.4297694e+08
A34: CRE_FC | B34: Montante Colaterizado | C34: 5201 | D34: =+VLOOKUP(C34,cgarant_bem!A:B,2,FALSE) -> Imóvel p/ Comércio | E34: 02 | F34: =+VLOOKUP(E34,cfin_bem!A:B,2,FALSE) -> Comércio | G34: 640.7085 | H34: 36321032
A35: CRE_OUTRO - Nao Aplicavel | B35: Montante Colaterizado | C35: 5201 | D35: =+VLOOKUP(C35,cgarant_bem!A:B,2,FALSE) -> Imóvel p/ Comércio | F35: =+VLOOKUP(E35,cfin_bem!A:B,2,FALSE) -> #N/A | G35: 553.98941 | H35: 220014.93
A36: CRE_OUTRO - Nao Aplicavel | B36: Montante Colaterizado | C36: 5215 | D36: =+VLOOKUP(C36,cgarant_bem!A:B,2,FALSE) -> Imóvel p/ Saúde | E36: 11 | F36: =+VLOOKUP(E36,cfin_bem!A:B,2,FALSE) -> Saúde | G36: 160.8898 | H36: 26713147
A37: CRE_FC | B37: Montante Colaterizado | C37: 5207 | D37: =+VLOOKUP(C37,cgarant_bem!A:B,2,FALSE) -> Imóvel p/ Indústria | E37: 05 | F37: =+VLOOKUP(E37,cfin_bem!A:B,2,FALSE) -> Indústria | G37: 14.611575 | H37: 73847.51
A38: Habitacao | B38: Montante Colaterizado | C38: 5300 | D38: =+VLOOKUP(C38,cgarant_bem!A:B,2,FALSE) -> Terreno com finalidade indefinida | E38: 08 | F38: =+VLOOKUP(E38,cfin_bem!A:B,2,FALSE) -> Outras | G38: 4001.159 | H38: 1038375.3
A39: CRE_OUTRO - Nao Aplicavel | B39: Montante Colaterizado | C39: 5101 | D39: =+VLOOKUP(C39,cgarant_bem!A:B,2,FALSE) -> Imóvel ou Fração p/ Habitação | E39: 01 | F39: =+VLOOKUP(E39,cfin_bem!A:B,2,FALSE) -> Habitação | G39: 1097.132 | H39: 1.7078205e+08
A40: CRE_OUTRO - Nao Aplicavel | B40: Montante Colaterizado | C40: 5211 | D40: =+VLOOKUP(C40,cgarant_bem!A:B,2,FALSE) -> Imóvel p/ Hotel | E40: 09 | F40: =+VLOOKUP(E40,cfin_bem!A:B,2,FALSE) -> Hotel | G40: 74.588332 | H40: 2424027
A41: CRE_OUTRO | B41: Montante Colaterizado | C41: 5000 | D41: =+VLOOKUP(C41,cgarant_bem!A:B,2,FALSE) -> Imóveis com finalidade indefinida | E41: 08 | F41: =+VLOOKUP(E41,cfin_bem!A:B,2,FALSE) -> Outras | G41: 31.12342 | H41: 2225838.8
A42: CRE_OUTRO | B42: Montante Colaterizado | C42: 5203 | D42: =+VLOOKUP(C42,cgarant_bem!A:B,2,FALSE) -> Imóvel p/ Escritório | E42: 03 | F42: =+VLOOKUP(E42,cfin_bem!A:B,2,FALSE) -> Escritório | G42: 1840.0407 | H42: 49910200
A43: CRE_FC | B43: Montante Não Colaterizado | C43: NULL | D43: =+VLOOKUP(C43,cgarant_bem!A:B,2,FALSE) -> #N/A | E43: NULL | F43: =+VLOOKUP(E43,cfin_bem!A:B,2,FALSE) -> #N/A | G43: NULL | H43: 5556041.2
A44: CRE_OUTRO | B44: Montante Colaterizado | C44: 5213 | D44: =+VLOOKUP(C44,cgarant_bem!A:B,2,FALSE) -> Imóvel p/ Educação | E44: 08 | F44: =+VLOOKUP(E44,cfin_bem!A:B,2,FALSE) -> Outras | G44: 0.012009535 | H44: 194.52
A45: Habitacao | B45: Montante Colaterizado | C45: 5101 | D45: =+VLOOKUP(C45,cgarant_bem!A:B,2,FALSE) -> Imóvel ou Fração p/ Habitação | F45: =+VLOOKUP(E45,cfin_bem!A:B,2,FALSE) -> #N/A | G45: 48.839499 | H45: 33082.685
A46: CRE_OUTRO | B46: Montante Colaterizado | C46: 5201 | D46: =+VLOOKUP(C46,cgarant_bem!A:B,2,FALSE) -> Imóvel p/ Comércio | F46: =+VLOOKUP(E46,cfin_bem!A:B,2,FALSE) -> #N/A | G46: 108.74945 | H46: 18148278
A47: CRE_FC | B47: Montante Colaterizado | C47: 5101 | D47: =+VLOOKUP(C47,cgarant_bem!A:B,2,FALSE) -> Imóvel ou Fração p/ Habitação | E47: 01 | F47: =+VLOOKUP(E47,cfin_bem!A:B,2,FALSE) -> Habitação | G47: 2129.8748 | H47: 4.2260823e+08
A48: CRE_OUTRO | B48: Montante Colaterizado | C48: 5205 | D48: =+VLOOKUP(C48,cgarant_bem!A:B,2,FALSE) -> Imóvel p/ Armazém | E48: 04 | F48: =+VLOOKUP(E48,cfin_bem!A:B,2,FALSE) -> Armazém | G48: 5025.0629 | H48: 71573013
A49: Habitacao | B49: Montante Colaterizado | C49: 5207 | D49: =+VLOOKUP(C49,cgarant_bem!A:B,2,FALSE) -> Imóvel p/ Indústria | E49: 05 | F49: =+VLOOKUP(E49,cfin_bem!A:B,2,FALSE) -> Indústria | G49: 43.465183 | H49: 168410.06
A50: CRE_OUTRO | B50: Montante Colaterizado | C50: 5300 | D50: =+VLOOKUP(C50,cgarant_bem!A:B,2,FALSE) -> Terreno com finalidade indefinida | E50: 08 | F50: =+VLOOKUP(E50,cfin_bem!A:B,2,FALSE) -> Outras | G50: 15682.645 | H50: 2427864.1
A51: CRE_FC | B51: Montante Colaterizado | C51: 5201 | D51: =+VLOOKUP(C51,cgarant_bem!A:B,2,FALSE) -> Imóvel p/ Comércio | E51: 08 | F51: =+VLOOKUP(E51,cfin_bem!A:B,2,FALSE) -> Outras | G51: 6390.423 | H51: 2.3551864e+08
A52: CRE_OUTRO - Nao Aplicavel | B52: Montante Colaterizado | C52: 5203 | D52: =+VLOOKUP(C52,cgarant_bem!A:B,2,FALSE) -> Imóvel p/ Escritório | E52: 03 | F52: =+VLOOKUP(E52,cfin_bem!A:B,2,FALSE) -> Escritório | G52: 2992.2373 | H52: 55933413
A53: CRE_OUTRO - Nao Aplicavel | B53: Montante Colaterizado | C53: 5300 | D53: =+VLOOKUP(C53,cgarant_bem!A:B,2,FALSE) -> Terreno com finalidade indefinida | F53: =+VLOOKUP(E53,cfin_bem!A:B,2,FALSE) -> #N/A | G53: 143.18438 | H53: 15.12
A54: Habitacao | B54: Montante Colaterizado | C54: 5300 | D54: =+VLOOKUP(C54,cgarant_bem!A:B,2,FALSE) -> Terreno com finalidade indefinida | F54: =+VLOOKUP(E54,cfin_bem!A:B,2,FALSE) -> #N/A | G54: 27.79985 | H54: 0
A55: Habitacao | B55: Montante Colaterizado | C55: 5201 | D55: =+VLOOKUP(C55,cgarant_bem!A:B,2,FALSE) -> Imóvel p/ Comércio | E55: 02 | F55: =+VLOOKUP(E55,cfin_bem!A:B,2,FALSE) -> Comércio | G55: 5893.7419 | H55: 25863096
A56: CRE_FC | B56: Montante Colaterizado | C56: 5202 | D56: =+VLOOKUP(C56,cgarant_bem!A:B,2,FALSE) -> Imóvel p/ Comercio - em construção | E56: 02 | F56: =+VLOOKUP(E56,cfin_bem!A:B,2,FALSE) -> Comércio | G56: 27.094005 | H56: 3496604.8
A57: Habitacao | B57: Montante Colaterizado | C57: 5202 | D57: =+VLOOKUP(C57,cgarant_bem!A:B,2,FALSE) -> Imóvel p/ Comercio - em construção | E57: 02 | F57: =+VLOOKUP(E57,cfin_bem!A:B,2,FALSE) -> Comércio | G57: 0.85197432 | H57: 64929.65
A58: CRE_OUTRO - Nao Aplicavel | B58: Montante Colaterizado | C58: 5215 | D58: =+VLOOKUP(C58,cgarant_bem!A:B,2,FALSE) -> Imóvel p/ Saúde | E58: 08 | F58: =+VLOOKUP(E58,cfin_bem!A:B,2,FALSE) -> Outras | G58: 0.012843531 | H58: 46.12
A59: CRE_OUTRO - Nao Aplicavel | B59: Montante Não Colaterizado | C59: NULL | D59: =+VLOOKUP(C59,cgarant_bem!A:B,2,FALSE) -> #N/A | E59: NULL | F59: =+VLOOKUP(E59,cfin_bem!A:B,2,FALSE) -> #N/A | G59: NULL | H59: 24675974
A60: CRE_OUTRO | B60: Montante Colaterizado | C60: 5207 | D60: =+VLOOKUP(C60,cgarant_bem!A:B,2,FALSE) -> Imóvel p/ Indústria | E60: 05 | F60: =+VLOOKUP(E60,cfin_bem!A:B,2,FALSE) -> Indústria | G60: 2000.4611 | H60: 11356426
A61: CRE_OUTRO | B61: Montante Colaterizado | C61: 5204 | D61: =+VLOOKUP(C61,cgarant_bem!A:B,2,FALSE) -> Imóvel p/ Escritório - em construção | E61: 03 | F61: =+VLOOKUP(E61,cfin_bem!A:B,2,FALSE) -> Escritório | G61: 32.27826 | H61: 1348820.9
A62: CRE_FC | B62: Montante Colaterizado | C62: 5205 | D62: =+VLOOKUP(C62,cgarant_bem!A:B,2,FALSE) -> Imóvel p/ Armazém | E62: 04 | F62: =+VLOOKUP(E62,cfin_bem!A:B,2,FALSE) -> Armazém | G62: 739.17504 | H62: 15563274
A63: CRE_OUTRO | B63: Montante Colaterizado | C63: 5211 | D63: =+VLOOKUP(C63,cgarant_bem!A:B,2,FALSE) -> Imóvel p/ Hotel | E63: 09 | F63: =+VLOOKUP(E63,cfin_bem!A:B,2,FALSE) -> Hotel | G63: 310.85221 | H63: 25187387
A64: Habitacao | B64: Montante Colaterizado | C64: 5215 | D64: =+VLOOKUP(C64,cgarant_bem!A:B,2,FALSE) -> Imóvel p/ Saúde | E64: 11 | F64: =+VLOOKUP(E64,cfin_bem!A:B,2,FALSE) -> Saúde | G64: 2.8573798 | H64: 3640.1
A65: CRE_FC | B65: Montante Colaterizado | C65: 5102 | D65: =+VLOOKUP(C65,cgarant_bem!A:B,2,FALSE) -> Imóvel ou Fração p/ Habitação - em construção | E65: 01 | F65: =+VLOOKUP(E65,cfin_bem!A:B,2,FALSE) -> Habitação | G65: 63.833257 | H65: 16947617
A66: Habitacao | B66: Montante Colaterizado | C66: 5205 | D66: =+VLOOKUP(C66,cgarant_bem!A:B,2,FALSE) -> Imóvel p/ Armazém | E66: 04 | F66: =+VLOOKUP(E66,cfin_bem!A:B,2,FALSE) -> Armazém | G66: 1284.1378 | H66: 6162600.3
A67: CRE_OUTRO | B67: Montante Colaterizado | C67: 5101 | D67: =+VLOOKUP(C67,cgarant_bem!A:B,2,FALSE) -> Imóvel ou Fração p/ Habitação | F67: =+VLOOKUP(E67,cfin_bem!A:B,2,FALSE) -> #N/A | G67: 40.391764 | H67: 0
A68: CRE_OUTRO - Nao Aplicavel | B68: Montante Colaterizado | C68: 5209 | D68: =+VLOOKUP(C68,cgarant_bem!A:B,2,FALSE) -> Imóvel ou Fração p/ Estacionamento ligados à exploração | E68: 07 | F68: =+VLOOKUP(E68,cfin_bem!A:B,2,FALSE) -> Garagem | G68: NULL | H68: 852574.54
A69: CRE_OUTRO | B69: Montante Colaterizado | C69: 5209 | D69: =+VLOOKUP(C69,cgarant_bem!A:B,2,FALSE) -> Imóvel ou Fração p/ Estacionamento ligados à exploração | E69: 06 | F69: =+VLOOKUP(E69,cfin_bem!A:B,2,FALSE) -> Estacionamento | G69: NULL | H69: 449394.54
A70: Habitacao | B70: Montante Colaterizado | C70: 5209 | D70: =+VLOOKUP(C70,cgarant_bem!A:B,2,FALSE) -> Imóvel ou Fração p/ Estacionamento ligados à exploração | E70: 06 | F70: =+VLOOKUP(E70,cfin_bem!A:B,2,FALSE) -> Estacionamento | G70: NULL | H70: 23359.166
A71: CRE_OUTRO - Nao Aplicavel | B71: Montante Colaterizado | C71: 5201 | D71: =+VLOOKUP(C71,cgarant_bem!A:B,2,FALSE) -> Imóvel p/ Comércio | E71: 02 | F71: =+VLOOKUP(E71,cfin_bem!A:B,2,FALSE) -> Comércio | G71: 18093.275 | H71: 2.3345192e+08
A72: CRE_OUTRO - Nao Aplicavel | B72: Montante Colaterizado | C72: 5101 | D72: =+VLOOKUP(C72,cgarant_bem!A:B,2,FALSE) -> Imóvel ou Fração p/ Habitação | F72: =+VLOOKUP(E72,cfin_bem!A:B,2,FALSE) -> #N/A | G72: 132.14778 | H72: 75319.89
A73: CRE_OUTRO | B73: Montante Não Colaterizado | C73: NULL | D73: =+VLOOKUP(C73,cgarant_bem!A:B,2,FALSE) -> #N/A | E73: NULL | F73: =+VLOOKUP(E73,cfin_bem!A:B,2,FALSE) -> #N/A | G73: NULL | H73: 28111362
A74: Habitacao | B74: Montante Colaterizado | C74: 5103 | D74: =+VLOOKUP(C74,cgarant_bem!A:B,2,FALSE) -> Imóvel ou Fração p/ Estacionamento em Imo. Residencial | E74: 07 | F74: =+VLOOKUP(E74,cfin_bem!A:B,2,FALSE) -> Garagem | G74: NULL | H74: 1202592.6
A75: CRE_OUTRO | B75: Montante Colaterizado | C75: 5215 | D75: =+VLOOKUP(C75,cgarant_bem!A:B,2,FALSE) -> Imóvel p/ Saúde | E75: 11 | F75: =+VLOOKUP(E75,cfin_bem!A:B,2,FALSE) -> Saúde | G75: 260.5746 | H75: 9810905.6
A76: Habitacao | B76: Montante Colaterizado | C76: 5102 | D76: =+VLOOKUP(C76,cgarant_bem!A:B,2,FALSE) -> Imóvel ou Fração p/ Habitação - em construção | E76: 01 | F76: =+VLOOKUP(E76,cfin_bem!A:B,2,FALSE) -> Habitação | G76: 13717.192 | H76: 7.0908512e+08
A77: CRE_OUTRO | B77: Montante Colaterizado | C77: 5201 | D77: =+VLOOKUP(C77,cgarant_bem!A:B,2,FALSE) -> Imóvel p/ Comércio | E77: 08 | F77: =+VLOOKUP(E77,cfin_bem!A:B,2,FALSE) -> Outras | G77: 65055.736 | H77: 4.2362503e+08
A78: CRE_FC | B78: Montante Colaterizado | C78: 5101 | D78: =+VLOOKUP(C78,cgarant_bem!A:B,2,FALSE) -> Imóvel ou Fração p/ Habitação | E78: 08 | F78: =+VLOOKUP(E78,cfin_bem!A:B,2,FALSE) -> Outras | G78: 483.36919 | H78: 66182735
A79: Habitacao | B79: Montante Colaterizado | C79: 5102 | D79: =+VLOOKUP(C79,cgarant_bem!A:B,2,FALSE) -> Imóvel ou Fração p/ Habitação - em construção | E79: 08 | F79: =+VLOOKUP(E79,cfin_bem!A:B,2,FALSE) -> Outras | G79: 19.931031 | H79: 361042.22
A80: CRE_OUTRO - Nao Aplicavel | B80: Montante Colaterizado | C80: 5102 | D80: =+VLOOKUP(C80,cgarant_bem!A:B,2,FALSE) -> Imóvel ou Fração p/ Habitação - em construção | E80: 08 | F80: =+VLOOKUP(E80,cfin_bem!A:B,2,FALSE) -> Outras | G80: 1.6688637 | H80: 323430.45
A81: Habitacao | B81: Montante Colaterizado | C81: 5000 | D81: =+VLOOKUP(C81,cgarant_bem!A:B,2,FALSE) -> Imóveis com finalidade indefinida | E81: 07 | F81: =+VLOOKUP(E81,cfin_bem!A:B,2,FALSE) -> Garagem | G81: NULL | H81: 4169.0201
A82: Habitacao | B82: Montante Colaterizado | C82: 5201 | D82: =+VLOOKUP(C82,cgarant_bem!A:B,2,FALSE) -> Imóvel p/ Comércio | F82: =+VLOOKUP(E82,cfin_bem!A:B,2,FALSE) -> #N/A | G82: 152.16434 | H82: 2554.78
A83: Habitacao | B83: Montante Colaterizado | C83: 5103 | D83: =+VLOOKUP(C83,cgarant_bem!A:B,2,FALSE) -> Imóvel ou Fração p/ Estacionamento em Imo. Residencial | E83: 06 | F83: =+VLOOKUP(E83,cfin_bem!A:B,2,FALSE) -> Estacionamento | G83: NULL | H83: 866370.58
A84: CRE_FC | B84: Montante Colaterizado | C84: 5209 | D84: =+VLOOKUP(C84,cgarant_bem!A:B,2,FALSE) -> Imóvel ou Fração p/ Estacionamento ligados à exploração | E84: 06 | F84: =+VLOOKUP(E84,cfin_bem!A:B,2,FALSE) -> Estacionamento | G84: NULL | H84: 152374.06
A85: CRE_OUTRO - Nao Aplicavel | B85: Montante Colaterizado | C85: 5202 | D85: =+VLOOKUP(C85,cgarant_bem!A:B,2,FALSE) -> Imóvel p/ Comercio - em construção | E85: 08 | F85: =+VLOOKUP(E85,cfin_bem!A:B,2,FALSE) -> Outras | G85: 945.60585 | H85: 20060860
A86: CRE_OUTRO - Nao Aplicavel | B86: Montante Colaterizado | C86: 5206 | D86: =+VLOOKUP(C86,cgarant_bem!A:B,2,FALSE) -> Imóvel p/ Armazém - em construção | E86: 04 | F86: =+VLOOKUP(E86,cfin_bem!A:B,2,FALSE) -> Armazém | G86: 116.964 | H86: 3223941.5
A87: Habitacao | B87: Montante Colaterizado | C87: 5213 | D87: =+VLOOKUP(C87,cgarant_bem!A:B,2,FALSE) -> Imóvel p/ Educação | E87: 10 | F87: =+VLOOKUP(E87,cfin_bem!A:B,2,FALSE) -> Educação | G87: 9.931413 | H87: 93777.47
A88: Habitacao - MISS | B88: Montante Colaterizado | C88: 5201 | D88: =+VLOOKUP(C88,cgarant_bem!A:B,2,FALSE) -> Imóvel p/ Comércio | E88: 02 | F88: =+VLOOKUP(E88,cfin_bem!A:B,2,FALSE) -> Comércio | G88: NULL | H88: 44313.97
A89: CRE_OUTRO | B89: Montante Colaterizado | C89: 5101 | D89: =+VLOOKUP(C89,cgarant_bem!A:B,2,FALSE) -> Imóvel ou Fração p/ Habitação | E89: 01 | F89: =+VLOOKUP(E89,cfin_bem!A:B,2,FALSE) -> Habitação | G89: 1093.812 | H89: 1.85078e+08
A90: CRE_OUTRO | B90: Montante Colaterizado | C90: 5202 | D90: =+VLOOKUP(C90,cgarant_bem!A:B,2,FALSE) -> Imóvel p/ Comercio - em construção | E90: 08 | F90: =+VLOOKUP(E90,cfin_bem!A:B,2,FALSE) -> Outras | G90: 22.194281 | H90: 1817685.2
A91: CRE_FC | B91: Montante Colaterizado | C91: 5202 | D91: =+VLOOKUP(C91,cgarant_bem!A:B,2,FALSE) -> Imóvel p/ Comercio - em construção | E91: 08 | F91: =+VLOOKUP(E91,cfin_bem!A:B,2,FALSE) -> Outras | G91: 450.34461 | H91: 7745088.3
A92: CRE_OUTRO | B92: Montante Colaterizado | C92: 89 | D92: =+VLOOKUP(C92,cgarant_bem!A:B,2,FALSE) -> #N/A | E92: 13 | F92: =+VLOOKUP(E92,cfin_bem!A:B,2,FALSE) -> Agricultura | G92: 0.010087207 | H92: 408890.19
A93: CRE_OUTRO | B93: Montante Colaterizado | C93: 5206 | D93: =+VLOOKUP(C93,cgarant_bem!A:B,2,FALSE) -> Imóvel p/ Armazém - em construção | E93: 04 | F93: =+VLOOKUP(E93,cfin_bem!A:B,2,FALSE) -> Armazém | G93: 21.479078 | H93: 597578.97
A94: CRE_OUTRO - MISS | B94: Montante Colaterizado | C94: 5205 | D94: =+VLOOKUP(C94,cgarant_bem!A:B,2,FALSE) -> Imóvel p/ Armazém | E94: 04 | F94: =+VLOOKUP(E94,cfin_bem!A:B,2,FALSE) -> Armazém | G94: NULL | H94: 557086.54
A95: CRE_OUTRO - Nao Aplicavel | B95: Montante Colaterizado | C95: 5205 | D95: =+VLOOKUP(C95,cgarant_bem!A:B,2,FALSE) -> Imóvel p/ Armazém | E95: 04 | F95: =+VLOOKUP(E95,cfin_bem!A:B,2,FALSE) -> Armazém | G95: 57402.083 | H95: 2.2654091e+08

Sheet cgarant_bem
A1: cgarant_bem | B1: descritivo
A2: 5000 | B2: Imóveis com finalidade indefinida
A3: 5101 | B3: Imóvel ou Fração p/ Habitação
A4: 5102 | B4: Imóvel ou Fração p/ Habitação - em construção
A5: 5103 | B5: Imóvel ou Fração p/ Estacionamento em Imo. Residencial
A6: 5104 | B6: Imóvel ou Fração p/ Estacionamento em Imo. Residencial - em construção
A7: 5201 | B7: Imóvel p/ Comércio
A8: 5202 | B8: Imóvel p/ Comercio - em construção
A9: 5203 | B9: Imóvel p/ Escritório
A10: 5204 | B10: Imóvel p/ Escritório - em construção
A11: 5205 | B11: Imóvel p/ Armazém
A12: 5206 | B12: Imóvel p/ Armazém - em construção
A13: 5207 | B13: Imóvel p/ Indústria
... A73: 7515 | B73: Leasing mobiliário - Equipamento - Outras E. Renováveis

Sheet cfin_bem
A1: 01 | B1: Habitação
A2: 02 | B2: Comércio
A3: 03 | B3: Escritório
A4: 04 | B4: Armazém
A5: 05 | B5: Indústria
A6: 06 | B6: Estacionamento
A7: 07 | B7: Garagem
A8: 08 | B8: Outras
A9: 09 | B9: Hotel
A10: 10 | B10: Educação
A11: 11 | B11: Saúde
A12: 12 | B12: Lazer
A13: 13 | B13: Agricultura
A14: 14 | B14: Centro Comercial

Sheet CRE_OUTRO
A1: cre_rre | B1: CRE_OUTRO
A2: tipologia_montante | B2: Montante Colaterizado
A4: Sum of amount | B4: Column Labels
A5: Row Labels | B5: Agricultura | C5: Armazém | D5: Comércio | E5: Escritório | F5: Estacionamento | G5: Garagem | H5: Habitação | I5: Hotel | J5: Indústria | K5: Outras | L5: #N/A | M5: Saúde | N5: Grand Total
A6: Imóveis com finalidade indefinida | K6: 2225838.8 | N6: 2225838.8
A7: Imóvel ou Fração p/ Estacionamento ligados à exploração | F7: 449394.54 | G7: 713371.15 | N7: 1162765.7
A8: Imóvel ou Fração p/ Habitação | H8: 1.85078e+08 | K8: 80573799 | L8: 0 | N8: 2.656518e+08
A9: Imóvel ou Fração p/ Habitação - em construção | H9: 4867974.3 | N9: 4867974.3
A10: Imóvel p/ Armazém | C10: 71573013 | N10: 71573013
A11: Imóvel p/ Armazém - em construção | C11: 597578.97 | N11: 597578.97
A12: Imóvel p/ Comércio | D12: 3.4297694e+08 | K12: 4.2362503e+08 | L12: 18148278 | N12: 7.8475025e+08
A13: Imóvel p/ Comercio - em construção | K13: 1817685.2 | N13: 1817685.2
A14: Imóvel p/ Educação | K14: 194.52 | N14: 194.52
A15: Imóvel p/ Escritório | E15: 49910200 | N15: 49910200
A16: Imóvel p/ Escritório - em construção | E16: 1348820.9 | N16: 1348820.9
A17: Imóvel p/ Hotel | I17: 25187387 | N17: 25187387
A18: Imóvel p/ Hotel - em construção | I18: 8387009.3 | N18: 8387009.3
A19: Imóvel p/ Indústria | J19: 11356426 | N19: 11356426
A20: Imóvel p/ Saúde | M20: 9810905.6 | N20: 9810905.6
A21: Terreno com finalidade indefinida | K21: 2427864.1 | N21: 2427864.1
A22: #N/A | B22: 408890.19 | N22: 408890.19
A23: Grand Total | B23: 408890.19 | C23: 72170592 | D23: 3.4297694e+08 | E23: 51259021 | F23: 449394.54 | G23: 713371.15 | H23: 1.8994598e+08 | I23: 33574396 | J23: 11356426 | K23: 5.1067041e+08 | L23: 18148278 | M23: 9810905.6 | N23: 1.2414846e+09

Sheet MORTGAGE
A1: cre_rre | B1: Habitacao
A2: tipologia_montante | B2: Montante Colaterizado
A4: Sum of amount | B4: Column Labels
A5: Row Labels | B5: Armazém | C5: Comércio | D5: Educação | E5: Escritório | F5: Estacionamento | G5: Garagem | H5: Habitação | I5: Indústria | J5: Outras | K5: #N/A | L5: Saúde | M5: Grand Total
A6: Imóveis com finalidade indefinida | G6: 4169.0201 | H6: 139036.33 | M6: 143205.35
A7: Imóvel ou Fração p/ Estacionamento em Imo. Residencial | F7: 866370.58 | G7: 1202592.6 | M7: 2068963.2
A8: Imóvel ou Fração p/ Estacionamento ligados à exploração | F8: 23359.166 | G8: 72297.091 | M8: 95656.257
A9: Imóvel ou Fração p/ Habitação | H9: 2.2483765e+10 | J9: 31961416 | K9: 33082.685 | M9: 2.251576e+10
A10: Imóvel ou Fração p/ Habitação - em construção | H10: 7.0908512e+08 | J10: 361042.22 | M10: 7.0944616e+08
A11: Imóvel p/ Armazém | B11: 6162600.3 | M11: 6162600.3
A12: Imóvel p/ Comércio | C12: 25863096 | J12: 4663532.5 | K12: 2554.78 | M12: 30529183
A13: Imóvel p/ Comercio - em construção | C13: 64929.65 | M13: 64929.65
A14: Imóvel p/ Educação | D14: 93777.47 | M14: 93777.47
A15: Imóvel p/ Escritório | E15: 4097961 | M15: 4097961
A16: Imóvel p/ Indústria | I16: 168410.06 | M16: 168410.06
A17: Imóvel p/ Saúde | L17: 3640.1 | M17: 3640.1
A18: Terreno com finalidade indefinida | J18: 1038375.3 | K18: 0 | M18: 1038375.3
A19: Grand Total | B19: 6162600.3 | C19: 25928025 | D19: 93777.47 | E19: 4097961 | F19: 889729.74 | G19: 1279058.7 | H19: 2.3192989e+10 | I19: 168410.06 | J19: 38024366 | K19: 35637.465 | L19: 3640.1 | M19: 2.3269672e+10

Sheet Universo
A1: cre_rre | B1: (All)
A2: tipologia_montante | B2: Montante Colaterizado
A4: Sum of amount | B4: Column Labels
A5: Row Labels | B5: Agricultura | C5: Armazém | D5: Comércio | E5: Educação | F5: Escritório | G5: Estacionamento | H5: Garagem | I5: Habitação | J5: Hotel | K5: Indústria | L5: Outras | M5: #N/A | N5: Saúde | O5: Grand Total
A6: Imóveis com finalidade indefinida | G6: 567.31364 | H6: 4169.0201 | I6: 139036.33 | L6: 28907763 | M6: 0 | O6: 29051536
A7: Imóvel ou Fração p/ Estacionamento em Imo. Residencial | G7: 866370.58 | H7: 1202592.6 | O7: 2068963.2
A8: Imóvel ou Fração p/ Estacionamento ligados à exploração | G8: 1743070.2 | H8: 1638242.8 | O8: 3381313
A9: Imóvel ou Fração p/ Habitação | I9: 2.3262233e+10 | L9: 2.0090507e+08 | M9: 108402.57 | O9: 2.3463247e+10
A10: Imóvel ou Fração p/ Habitação - em construção | I10: 7.3207928e+08 | L10: 4806048.4 | O10: 7.3688532e+08
A11: Imóvel p/ Armazém | C11: 3.2039688e+08 | O11: 3.2039688e+08
A12: Imóvel p/ Armazém - em construção | C12: 6064683.2 | O12: 6064683.2
A13: Imóvel p/ Comércio | D13: 6.386573e+08 | L13: 8.8919777e+08 | M13: 18370847 | O13: 1.5462259e+09
A14: Imóvel p/ Comercio - em construção | D14: 7305214.2 | L14: 29623633 | O14: 36928847
A15: Imóvel p/ Educação | E15: 2246612.7 | L15: 194.52 | O15: 2246807.2
A16: Imóvel p/ Escritório | F16: 1.3855224e+08 | O16: 1.3855224e+08
A17: Imóvel p/ Escritório - em construção | F17: 6020880.1 | O17: 6020880.1
A18: Imóvel p/ Hotel | J18: 27611414 | O18: 27611414
A19: Imóvel p/ Hotel - em construção | J19: 14145041 | O19: 14145041
A20: Imóvel p/ Indústria | K20: 72582375 | O20: 72582375
A21: Imóvel p/ Indústria - em construção | K21: 1585102.4 | O21: 1585102.4
A22: Imóvel p/ Saúde | L22: 46.12 | N22: 36527692 | O22: 36527739
A23: Terreno com finalidade indefinida | L23: 16405709 | M23: 15.12 | O23: 16405724
A24: #N/A | B24: 609008.21 | O24: 609008.21
A25: Grand Total | B25: 609008.21 | C25: 3.2646157e+08 | D25: 6.4596252e+08 | E25: 2246612.7 | F25: 1.4457312e+08 | G25: 2610008.1 | H25: 2845004.4 | I25: 2.3994452e+10 | J25: 41756455 | K25: 74167477 | L25: 1.1698462e+09 | M25: 18479265 | N25: 36527692 | O25: 2.6460537e+10

Sheet CRE_OUTRO - Emissões
A1: cre_rre | B1: CRE_OUTRO
A2: tipologia_montante | B2: Montante Colaterizado
A4: Sum of emissao | B4: Column Labels
A5: Row Labels | B5: Agricultura | C5: Armazém | D5: Comércio | E5: Escritório | F5: Estacionamento | G5: Garagem | H5: Habitação | I5: Hotel | J5: Indústria | K5: Outras | L5: #N/A | M5: Saúde | N5: Grand Total
A6: Imóveis com finalidade indefinida | K6: 31.12342 | N6: 31.12342
A7: Imóvel ou Fração p/ Estacionamento ligados à exploração | F7: 0 | G7: 0 | N7: 0
A8: Imóvel ou Fração p/ Habitação | H8: 1093.812 | K8: 862.85985 | L8: 40.391764 | N8: 1997.0636
A9: Imóvel ou Fração p/ Habitação - em construção | H9: 16.795227 | N9: 16.795227
A10: Imóvel p/ Armazém | C10: 5025.0629 | N10: 5025.0629
A11: Imóvel p/ Armazém - em construção | C11: 21.479078 | N11: 21.479078
A12: Imóvel p/ Comércio | D12: 9008.2416 | K12: 65055.736 | L12: 108.74945 | N12: 74172.727
A13: Imóvel p/ Comercio - em construção | K13: 22.194281 | N13: 22.194281
A14: Imóvel p/ Educação | K14: 0.012009535 | N14: 0.012009535
A15: Imóvel p/ Escritório | E15: 1840.0407 | N15: 1840.0407
A16: Imóvel p/ Escritório - em construção | E16: 32.27826 | N16: 32.27826
A17: Imóvel p/ Hotel | I17: 310.85221 | N17: 310.85221
A18: Imóvel p/ Hotel - em construção | I18: 80.384408 | N18: 80.384408
A19: Imóvel p/ Indústria | J19: 2000.4611 | N19: 2000.4611
A20: Imóvel p/ Saúde | M20: 260.5746 | N20: 260.5746
A21: Terreno com finalidade indefinida | K21: 15682.645 | N21: 15682.645
A22: #N/A | B22: 0.010087207 | N22: 0.010087207
A23: Grand Total | B23: 0.010087207 | C23: 5046.542 | D23: 9008.2416 | E23: 1872.3189 | F23: 0 | G23: 0 | H23: 1110.6072 | I23: 391.23662 | J23: 2000.4611 | K23: 81654.57 | L23: 149.14122 | M23: 260.5746 | N23: 101493.7
H24: =+K8 -> 862.85985
H25: =+SUM(H23:H24) -> 1973.467

Sheet MORTGAGE - Emissões
A1: cre_rre | B1: Habitacao
A2: tipologia_montante | B2: Montante Colaterizado
A4: Sum of emissao | B4: Column Labels
A5: Row Labels | B5: Armazém | C5: Comércio | D5: Educação | E5: Escritório | F5: Estacionamento | G5: Garagem | H5: Habitação | I5: Indústria | J5: Outras | K5: #N/A | L5: Saúde | M5: Grand Total
A6: Imóveis com finalidade indefinida | G6: 0 | H6: 44.086746 | M6: 44.086746
A7: Imóvel ou Fração p/ Estacionamento em Imo. Residencial | F7: 0 | G7: 0 | M7: 0
A8: Imóvel ou Fração p/ Estacionamento ligados à exploração | F8: 0 | G8: 0 | M8: 0
A9: Imóvel ou Fração p/ Habitação | H9: 355929.45 | J9: 27055.333 | K9: 48.839499 | M9: 383033.63
A10: Imóvel ou Fração p/ Habitação - em construção | H10: 13717.192 | J10: 19.931031 | M10: 13737.123
A11: Imóvel p/ Armazém | B11: 1284.1378 | M11: 1284.1378
A12: Imóvel p/ Comércio | C12: 5893.7419 | J12: 13172.202 | K12: 152.16434 | M12: 19218.109
A13: Imóvel p/ Comercio - em construção | C13: 0.85197432 | M13: 0.85197432
A14: Imóvel p/ Educação | D14: 9.931413 | M14: 9.931413
A15: Imóvel p/ Escritório | E15: 986.00507 | M15: 986.00507
A16: Imóvel p/ Indústria | I16: 43.465183 | M16: 43.465183
A17: Imóvel p/ Saúde | L17: 2.8573798 | M17: 2.8573798
A18: Terreno com finalidade indefinida | J18: 4001.159 | K18: 27.79985 | M18: 4028.9588
A19: Grand Total | B19: 1284.1378 | C19: 5894.5939 | D19: 9.931413 | E19: 986.00507 | F19: 0 | G19: 0 | H19: 369690.73 | I19: 43.465183 | J19: 44248.626 | K19: 228.80369 | L19: 2.8573798 | M19: 422389.15
