Workbook

Sheet 0. Mapeamento Atual
A1: dimensao | B1: valor_original | C1: valor_mv | D1: descritivo_mv | E1: ckutulmo | F1: htimest | G1: ref_date | H1: cod_visao | R1: SEM EPC | S1: COM EPC
A2: tipo_finalidade_bem | B2: 0_ | C2: Non-residential buildings | D2: Não Residencial | E2: SERVDLAKEP | F2: 2025-12-31 17:36:08.641 | G2: 46022 | H2: 1 | I2: =+C2=C17 -> FALSE | R2: Non-residential buildings | S2: Non-residential total
A3: tipo_finalidade_bem | B3: 0_01 | C3: Residential Total | D3: Residencial | E3: SERVDLAKEP | F3: 2025-12-31 17:36:08.641 | G3: 46022 | H3: 1 | I3: =+C3=C18 -> TRUE | R3: Residential Total | S3: Residential Total
A4: tipo_finalidade_bem | B4: 0_02 | C4: Retail High-street | D4: Comércio | E4: SERVDLAKEP | F4: 2025-12-31 17:36:08.641 | G4: 46022 | H4: 1 | I4: =+C4=C19 -> FALSE | R4: Not applicable | S4: Not applicable
A5: tipo_finalidade_bem | B5: 0_03 | C5: Office | D5: Escritório | E5: SERVDLAKEP | F5: 2025-12-31 17:36:08.641 | G5: 46022 | H5: 1 | I5: =+C5=C20 -> TRUE | R5: Retail High-street | S5: Retail - high street
A6: tipo_finalidade_bem | B6: 0_04 | C6: Retail Warehouse | D6: Armazém | E6: SERVDLAKEP | F6: 2025-12-31 17:36:08.641 | G6: 46022 | H6: 1 | I6: =+C6=C21 -> FALSE | R6: Office | S6: Office
A7: tipo_finalidade_bem | B7: 0_05 | C7: Non-residential buildings | D7: Não Residencial | E7: SERVDLAKEP | F7: 2025-12-31 17:36:08.641 | G7: 46022 | H7: 1 | I7: =+C7=C22 -> FALSE | R7: Retail Warehouse | S7: Retail - warehouse
A8: tipo_finalidade_bem | B8: 0_06 | C8: Not applicable | D8: Não Aplicável | E8: SERVDLAKEP | F8: 2025-12-31 17:36:08.641 | G8: 46022 | H8: 1 | I8: =+C8=C23 -> TRUE | R8: Hotel | S8: Hotel
A9: tipo_finalidade_bem | B9: 0_07 | C9: Not applicable | D9: Não Aplicável | E9: SERVDLAKEP | F9: 2025-12-31 17:36:08.641 | G9: 46022 | H9: 1 | I9: =+C9=C24 -> TRUE | R9: Healthcare | S9: Healthcare
A10: tipo_finalidade_bem | B10: 0_08 | C10: Non-residential buildings | D10: Não Residencial | E10: SERVDLAKEP | F10: 2025-12-31 17:36:08.641 | G10: 46022 | H10: 1 | I10: =+C10=C25 -> FALSE | R10: Lodge/Leisure | S10: Leisure/Lodging
A11: tipo_finalidade_bem | B11: 0_09 | C11: Hotel | D11: Hotel | E11: SERVDLAKEP | F11: 2025-12-31 17:36:08.641 | G11: 46022 | H11: 1 | I11: =+C11=C26 -> TRUE
A12: tipo_finalidade_bem | B12: 0_10 | C12: Non-residential buildings | D12: Não Residencial | E12: SERVDLAKEP | F12: 2025-12-31 17:36:08.641 | G12: 46022 | H12: 1 | I12: =+C12=C27 -> FALSE
A13: tipo_finalidade_bem | B13: 0_11 | C13: Healthcare | D13: Saúde | E13: SERVDLAKEP | F13: 2025-12-31 17:36:08.641 | G13: 46022 | H13: 1 | I13: =+C13=C28 -> TRUE
A14: tipo_finalidade_bem | B14: 0_12 | C14: Lodge/Leisure | D14: Lazer | E14: SERVDLAKEP | F14: 2025-12-31 17:36:08.641 | G14: 46022 | H14: 1 | I14: =+C14=C29 -> FALSE
A15: tipo_finalidade_bem | B15: 0_13 | C15: Non-residential buildings | D15: Não Residencial | E15: SERVDLAKEP | F15: 2025-12-31 17:36:08.641 | G15: 46022 | H15: 1 | I15: =+C15=C30 -> FALSE
A16: tipo_finalidade_bem | B16: 0_14 | C16: Shopping Center | D16: Centro Comercial | E16: SERVDLAKEP | F16: 2025-12-31 17:36:08.641 | G16: 46022 | H16: 1 | I16: =+C16=C31 -> FALSE
A17: tipo_finalidade_bem | B17: 1_ | C17: Non-residential total | D17: Não Residencial | E17: SERVDLAKEP | F17: 2025-12-31 17:36:08.641 | G17: 46022 | H17: 1
A18: tipo_finalidade_bem | B18: 1_01 | C18: Residential Total | D18: Residencial | E18: SERVDLAKEP | F18: 2025-12-31 17:36:08.641 | G18: 46022 | H18: 1
A19: tipo_finalidade_bem | B19: 1_02 | C19: Retail - high street | D19: Comércio | E19: SERVDLAKEP | F19: 2025-12-31 17:36:08.641 | G19: 46022 | H19: 1
A20: tipo_finalidade_bem | B20: 1_03 | C20: Office | D20: Escritório | E20: SERVDLAKEP | F20: 2025-12-31 17:36:08.641 | G20: 46022 | H20: 1
A21: tipo_finalidade_bem | B21: 1_04 | C21: Retail - warehouse | D21: Armazém | E21: SERVDLAKEP | F21: 2025-12-31 17:36:08.641 | G21: 46022 | H21: 1
A22: tipo_finalidade_bem | B22: 1_05 | C22: Non-residential total | D22: Não Residencial | E22: SERVDLAKEP | F22: 2025-12-31 17:36:08.641 | G22: 46022 | H22: 1
A23: tipo_finalidade_bem | B23: 1_06 | C23: Not applicable | D23: Não Aplicável | E23: SERVDLAKEP | F23: 2025-12-31 17:36:08.641 | G23: 46022 | H23: 1
A24: tipo_finalidade_bem | B24: 1_07 | C24: Not applicable | D24: Não Aplicável | E24: SERVDLAKEP | F24: 2025-12-31 17:36:08.641 | G24: 46022 | H24: 1
A25: tipo_finalidade_bem | B25: 1_08 | C25: Non-residential total | D25: Não Residencial | E25: SERVDLAKEP | F25: 2025-12-31 17:36:08.641 | G25: 46022 | H25: 1
A26: tipo_finalidade_bem | B26: 1_09 | C26: Hotel | D26: Hotel | E26: SERVDLAKEP | F26: 2025-12-31 17:36:08.641 | G26: 46022 | H26: 1
A27: tipo_finalidade_bem | B27: 1_10 | C27: Non-residential total | D27: Não Residencial | E27: SERVDLAKEP | F27: 2025-12-31 17:36:08.641 | G27: 46022 | H27: 1
A28: tipo_finalidade_bem | B28: 1_11 | C28: Healthcare | D28: Saúde | E28: SERVDLAKEP | F28: 2025-12-31 17:36:08.641 | G28: 46022 | H28: 1
... A31: tipo_finalidade_bem | B31: 1_14 | C31: Retail - shopping center | D31: Centro Comercial | E31: SERVDLAKEP | F31: 2025-12-31 17:36:08.641 | G31: 46022 | H31: 1

Sheet 1. cgarant_bem
A1: cgarant_bem | B1: descritivo | E1: SEM EPC | F1: SEM EPC | G1: COM EPC | H1: COM EPC
A2: 5000 | B2: Imóveis com finalidade indefinida | C2: Non-residential buildings | E2: =+"0_"&A2 -> 0_5000 | F2: =+C2 -> Non-residential buildings | G2: =+"1_"&A2 -> 1_5000 | H2: =+VLOOKUP(F2,'0. Mapeamento Atual'!R:S,2,FALSE) -> Non-residential total
A3: 5101 | B3: Imóvel ou Fração p/ Habitação | C3: Residential Total | E3: =+"0_"&A3 -> 0_5101 | F3: =+C3 -> Residential Total | G3: =+"1_"&A3 -> 1_5101 | H3: =+VLOOKUP(F3,'0. Mapeamento Atual'!R:S,2,FALSE) -> Residential Total
A4: 5102 | B4: Imóvel ou Fração p/ Habitação - em construção | C4: Residential Total | E4: =+"0_"&A4 -> 0_5102 | F4: =+C4 -> Residential Total | G4: =+"1_"&A4 -> 1_5102 | H4: =+VLOOKUP(F4,'0. Mapeamento Atual'!R:S,2,FALSE) -> Residential Total
A5: 5103 | B5: Imóvel ou Fração p/ Estacionamento em Imo. Residencial | C5: Not applicable | E5: =+"0_"&A5 -> 0_5103 | F5: =+C5 -> Not applicable | G5: =+"1_"&A5 -> 1_5103 | H5: =+VLOOKUP(F5,'0. Mapeamento Atual'!R:S,2,FALSE) -> Not applicable
A6: 5104 | B6: Imóvel ou Fração p/ Estacionamento em Imo. Residencial - em construção | C6: Not applicable | E6: =+"0_"&A6 -> 0_5104 | F6: =+C6 -> Not applicable | G6: =+"1_"&A6 -> 1_5104 | H6: =+VLOOKUP(F6,'0. Mapeamento Atual'!R:S,2,FALSE) -> Not applicable
A7: 5201 | B7: Imóvel p/ Comércio | C7: Retail High-street | E7: =+"0_"&A7 -> 0_5201 | F7: =+C7 -> Retail High-street | G7: =+"1_"&A7 -> 1_5201 | H7: =+VLOOKUP(F7,'0. Mapeamento Atual'!R:S,2,FALSE) -> Retail - high street
A8: 5202 | B8: Imóvel p/ Comercio - em construção | C8: Retail High-street | E8: =+"0_"&A8 -> 0_5202 | F8: =+C8 -> Retail High-street | G8: =+"1_"&A8 -> 1_5202 | H8: =+VLOOKUP(F8,'0. Mapeamento Atual'!R:S,2,FALSE) -> Retail - high street
A9: 5203 | B9: Imóvel p/ Escritório | C9: Office | E9: =+"0_"&A9 -> 0_5203 | F9: =+C9 -> Office | G9: =+"1_"&A9 -> 1_5203 | H9: =+VLOOKUP(F9,'0. Mapeamento Atual'!R:S,2,FALSE) -> Office
A10: 5204 | B10: Imóvel p/ Escritório - em construção | C10: Office | E10: =+"0_"&A10 -> 0_5204 | F10: =+C10 -> Office | G10: =+"1_"&A10 -> 1_5204 | H10: =+VLOOKUP(F10,'0. Mapeamento Atual'!R:S,2,FALSE) -> Office
A11: 5205 | B11: Imóvel p/ Armazém | C11: Retail Warehouse | E11: =+"0_"&A11 -> 0_5205 | F11: =+C11 -> Retail Warehouse | G11: =+"1_"&A11 -> 1_5205 | H11: =+VLOOKUP(F11,'0. Mapeamento Atual'!R:S,2,FALSE) -> Retail - warehouse
A12: 5206 | B12: Imóvel p/ Armazém - em construção | C12: Retail Warehouse | E12: =+"0_"&A12 -> 0_5206 | F12: =+C12 -> Retail Warehouse | G12: =+"1_"&A12 -> 1_5206 | H12: =+VLOOKUP(F12,'0. Mapeamento Atual'!R:S,2,FALSE) -> Retail - warehouse
A13: 5207 | B13: Imóvel p/ Indústria | C13: Non-residential buildings | E13: =+"0_"&A13 -> 0_5207 | F13: =+C13 -> Non-residential buildings | G13: =+"1_"&A13 -> 1_5207 | H13: =+VLOOKUP(F13,'0. Mapeamento Atual'!R:S,2,FALSE) -> Non-residential total
... A28: 5303 | B28: Terreno p/ Agricultura | C28: Not applicable | E28: =+"0_"&A28 -> 0_5303 | F28: =+C28 -> Not applicable | G28: =+"1_"&A28 -> 1_5303 | H28: =+VLOOKUP(F28,'0. Mapeamento Atual'!R:S,2,FALSE) -> Not applicable
A29: 6101 | B29: Seguros financeiros - Totta Seguros
A30: 6102 | B30: Seguros financeiros - Totta Seguros - sobre Fundos de Investimento
A31: 6201 | B31: Depósitos à Ordem no Banco
A32: 6202 | B32: Depósitos a Prazo no Banco
A33: 6300 | B33: Fundos de Investimento
A34: 6401 | B34: Título de Dívida Emitido pelo Grupo Santander (FC) - Cotado
A35: 6402 | B35: Título de Dívida Emitido pelo Grupo Santander (NFC) - Cotado
A36: 6403 | B36: Título de Dívida Emitido pelo Grupo Santander (FC) - Não Cotado
A37: 6404 | B37: Título de Dívida Emitido pelo Grupo Santander (NFC) - Não Cotado
A38: 6405 | B38: Título de Dívida Emitido por Terceiros (FC) - Cotado
A39: 6406 | B39: Título de Dívida Emitido por Terceiros (NFC) - Cotado
A40: 6407 | B40: Título de Dívida Emitido por Terceiros (FC) - Não Cotado
... A73: 7515 | B73: Leasing mobiliário - Equipamento - Outras E. Renováveis

Sheet Relações Dez25
A1: property_purpose_code | B1: cgarant_bem | C1: count(*)
A2: 01 | B2: 5000 | C2: 2
A3: 01 | B3: 5102 | C3: 12418
A4: 01 | B4: 5101 | C4: 252860
A5: 01 | B5: NULL | C5: 662
A6: 01 | B6: NULL | C6: 1038
A7: 02 | B7: 5201 | C7: 2513
A8: 02 | B8: 5202 | C8: 17
A9: 02 | B9: NULL | C9: 47
A10: 02 | B10: NULL | C10: 45
A11: 03 | B11: NULL | C11: 8
A12: 03 | B12: 5203 | C12: 499
... A52: 14 | B52: 5201 | C52: 9
B53: 5201 | C53: 64
B54: 5300 | C54: 17
B55: 5205 | C55: 24
B56: 5101 | C56: 19
B57: 5209 | C57: 5
B58: 5000 | C58: 3
B59: NULL | C59: 432
B60: 5203 | C60: 12
