Workbook

Sheet Sheet
A1: dimensao | B1: valor_original | C1: valor_mv | D1: descritivo_mv
A2: regiao | B2: 702 | C2: Advanced economies | D2: Economias Avançadas
A3: regiao | B3: 756 | C3: Advanced economies | D3: Economias Avançadas
A4: regiao | B4: 158 | C4: Advanced economies | D4: Economias Avançadas
A5: regiao | B5: 840 | C5: Advanced economies | D5: Economias Avançadas
A6: regiao | B6: 040 | C6: EU member states | D6: Membros da União Europeia
A7: regiao | B7: 056 | C7: EU member states | D7: Membros da União Europeia
A8: regiao | B8: 100 | C8: EU member states | D8: Membros da União Europeia
A9: regiao | B9: 191 | C9: EU member states | D9: Membros da União Europeia
A10: regiao | B10: 196 | C10: EU member states | D10: Membros da União Europeia
A11: regiao | B11: 344 | C11: Advanced economies | D11: Economias Avançadas
A12: regiao | B12: 352 | C12: Advanced economies | D12: Economias Avançadas
... A96: tipo_veiculo | B96: 7109 | C96: Not applicable | D96: Outros

Sheet Sheet1
A1: tayd91c0_ctabela | B1: tayd91c0_celemtab | C1: tayd91c0_gelemtab | D1: tayd91c0_gelem30 | G1: tayd91c0_htimest | H1: tayd91c0_ckutulmo | I1: tayd91c0_nelemc01 | J1: tayd91c0_nelemc02 | K1: tayd91c0_nelemc03 | L1: tayd91c0_nelemc04 | M1: tayd91c0_nelemc05 | N1: tayd91c0_nelemc06 | O1: tayd91c0_nelemc07 | P1: tayd91c0_nelemc08 | Q1: tayd91c0_nelemc09 | R1: tayd91c0_nelemc10 | S1: tayd91c0_nelemc11 | T1: tayd91c0_nelemc12 | U1: tayd91c0_nelemc13 | V1: tayd91c0_nelemc14 | W1: tayd91c0_nelemc15 | X1: tayd91c0_nelemc16 | Y1: tayd91c0_nelemc17 | Z1: tayd91c0_nelemc18 | AA1: tayd91c0_nelemc19 | AB1: tayd91c0_nelemc20 | AC1: tayd91c0_cempmarc | AD1: data_date_part | AE1: data_timestamp_part
A2: 015 | B2: 004 | C2: AFEGANISTAO | D2: AFGHANISTAN | E2: =+B2 -> 004 | G2: 2023-11-15-17.02.00.263031 | H2: ATHTAT91 | I2: AFG | J2: AFAFS | K2: S H 04 | M2: 5 | Q2: AF | S2: 00000 | U2: S045 | X2: S | Z2: 000 | AA2: 000 S | AB2: S | AD2: 2025-09-24 | AE2: 20250924232237
A3: 015 | B3: 008 | C3: ALBANIA | D3: ALBANIA | E3: =+B3 -> 008 | G3: 2023-11-15-17.02.00.271984 | H3: ATHTAT91 | I3: ALB | J3: ALALS | K3: S H 11 | M3: 4 | P3: S | Q3: AL | S3: 00000 | U3: S012 | W3: N | X3: N | Z3: 000 | AA3: 0280512 S | AB3: S | AD3: 2025-09-24 | AE3: 20250924232237
A4: 015 | B4: 010 | C4: ANTARTICA | D4: ANTARCTICA | E4: =+B4 -> 010 | G4: 2023-11-15-17.02.00.272109 | H4: ATHTAT91 | I4: ATA | J4: AQAQS | K4: H 11 | M4: 5 | Q4: AQ | S4: 00000 | U4: S000 | Z4: 000 | AA4: 000 S | AB4: S | AD4: 2025-09-24 | AE4: 20250924232237
A5: 015 | B5: 012 | C5: ARGELIA | D5: ALGERIA | E5: =+B5 -> 012 | G5: 2023-11-15-17.02.00.272172 | H5: ATHTAT91 | I5: DZA | J5: DZDZS | K5: S H 11 | M5: 5 | Q5: DZ | S5: 00000 | U5: S005 | Y5: SS06S06 | Z5: 000 | AA5: 000 S | AB5: S | AD5: 2025-09-24 | AE5: 20250924232237
A6: 015 | B6: 016 | C6: SAMOA AMERICANAS | D6: AMERICAN SAMOA | E6: =+B6 -> 016 | G6: 2025-09-23-15.54.11.589835 | H6: S612127 | I6: ASM | J6: ASUSS | K6: H 10 | M6: 5 | Q6: AS | S6: 00000 | U6: S045 | W6: N | X6: N SSSSS | Z6: 000 | AA6: 0000000 S | AB6: S | AD6: 2025-09-24 | AE6: 20250924232237
A7: 015 | B7: 020 | C7: ANDORRA | D7: ANDORRA | E7: =+B7 -> 020 | G7: 2023-11-15-17.02.00.276271 | H7: ATHTAT91 | I7: AND | J7: ADADS | K7: S H 10 | M7: 4 | N7: E2 | O7: S | P7: S | Q7: AD | S7: 00000 | T7: 97AD00AD | U7: S000 | W7: N | X7: N SSNS | Y7: SSS06S03 | Z7: 000 | AA7: 0240512 S | AB7: S | AD7: 2025-09-24 | AE7: 20250924232237
A8: 015 | B8: 024 | C8: ANGOLA | D8: ANGOLA | E8: =+B8 -> 024 | G8: 2023-11-15-17.02.00.276376 | H8: ATHTAT91 | I8: AGO | J8: AOAOS | K8: S H 11 | L8: S | M8: 5 | Q8: AO | S8: 00000 | T8: 97AO00AO | U8: S012 | W8: N | X8: N | Y8: SS06S03 | Z8: 000 | AA8: 0000000 S | AB8: NG S | AD8: 2025-09-24 | AE8: 20250924232237
A9: 015 | B9: 028 | C9: ANTIGUA | D9: ANTIGUA AND BARBUDA | E9: =+B9 -> 028 | G9: 2025-09-23-15.54.33.557477 | H9: S612127 | I9: ATG | J9: AGAGS | K9: S H 10 | M9: 5 | Q9: AG | S9: 00000 | U9: S045 | W9: N | X9: N SSSSS | Z9: 000 | AA9: 000 S | AB9: S | AD9: 2025-09-24 | AE9: 20250924232237
A10: 015 | B10: 031 | C10: AZERBEIJAO | D10: AZERBAIJAN | E10: =+B10 -> 031 | G10: 2025-09-23-15.54.54.079953 | H10: S612127 | I10: AZE | J10: AZAZS | K10: S H 11 | M10: 5 | Q10: AZ | S10: 00000 | T10: 97AZ00AZ | U10: S005 | Z10: 000 | AA10: 0280508 S | AB10: S | AD10: 2025-09-24 | AE10: 20250924232237
A11: 015 | B11: 032 | C11: ARGENTINA | D11: ARGENTINA | E11: =+B11 -> 032 | G11: 2023-11-15-17.02.00.276553 | H11: ATHTAT91 | I11: ARG | J11: ARARS | K11: M 14 | L11: S | M11: 5 | N11: A2 | Q11: AR | S11: 00000 | T11: 97AR00AR | U11: S012 | Z11: 000 | AA11: 000 S | AB11: S | AD11: 2025-09-24 | AE11: 20250924232237
A12: 015 | B12: 036 | C12: AUSTRALIA | D12: AUSTRALIA | E12: =+B12 -> 036 | G12: 2023-11-15-17.02.00.276609 | H12: ATHTAT91 | I12: AUS | J12: AUAU | K12: L 15 | M12: 5 | Q12: AU | R12: AU | S12: 00000 | T12: 97AU00AU | U12: 000 | Z12: 000 | AA12: 000 S | AB12: S | AD12: 2025-09-24 | AE12: 20250924232237
A13: 015 | B13: 040 | C13: AUSTRIA | D13: AUSTRIA | E13: =+B13 -> 040 | G13: 2023-11-15-17.02.00.276683 | H13: ATHTAT91 | I13: AUT | J13: ATAT | K13: L 15 | M13: 3 | N13: E1 | O13: CEESS | P13: SS | Q13: AT | R13: AT | S13: 00000 | T13: 97AT00AT | U13: 000 | W13: S | X13: SS | Y13: SSS06S03 | Z13: 000 | AA13: 0200509SS | AB13: S | AD13: 2025-09-24 | AE13: 20250924232237
A14: 015 | B14: 044 | C14: BAHAMAS | D14: BAHAMAS | E14: =+B14 -> 044 | G14: 2025-09-23-15.55.14.829874 | H14: S612127 | I14: BHS | J14: BSBSS | K14: S H 10 | M14: 5 | Q14: BS | S14: 00000 | T14: 97BS00BS | U14: S012 | W14: N | X14: N SSSSS | Z14: 000 | AA14: 000 S | AB14: S | AD14: 2025-09-24 | AE14: 20250924232237
A15: 015 | B15: 048 | C15: BAHREM | D15: BAHRAIN | E15: =+B15 -> 048 | G15: 2025-09-23-15.55.35.482130 | H15: S612127 | I15: BHR | J15: BHBHS | K15: S H 10 | M15: 5 | Q15: BH | S15: 00000 | T15: 97BH00BH | U15: S012 | W15: N | X15: N SSSSS | Y15: SS06S03 | Z15: 000 | AA15: 0220508 S | AB15: S | AD15: 2025-09-24 | AE15: 20250924232237
A16: 015 | B16: 050 | C16: BANGLADESH | D16: BANGLADESH | E16: =+B16 -> 050 | G16: 2023-11-15-17.02.00.276852 | H16: ATHTAT91 | I16: BGD | J16: BDBDS | K16: H 11 | M16: 5 | Q16: BD | S16: 00000 | U16: S012 | Z16: 000 | AA16: 000 S | AB16: S | AD16: 2025-09-24 | AE16: 20250924232237
A17: 015 | B17: 051 | C17: ARMENIA | D17: ARMENIA | E17: =+B17 -> 051 | G17: 2025-09-23-15.56.00.046536 | H17: S612127 | I17: ARM | J17: AMAMS | K17: S H 11 | M17: 5 | Q17: AM | S17: 00000 | U17: S005 | Z17: 000 | AA17: 000 S | AB17: S | AD17: 2025-09-24 | AE17: 20250924232237
A18: 015 | B18: 052 | C18: BARBADOS | D18: BARBADOS | E18: =+B18 -> 052 | G18: 2025-09-23-16.01.39.000464 | H18: S612127 | I18: BRB | J18: BBBBS | K18: S H 09 | M18: 5 | Q18: BB | S18: 00000 | U18: S012 | W18: N | X18: N SSSSS | Y18: SS06S03 | Z18: 000 | AA18: 000 S | AB18: S | AD18: 2025-09-24 | AE18: 20250924232237
A19: 015 | B19: 056 | C19: BELGICA | D19: BELGIUM | E19: =+B19 -> 056 | G19: 2023-11-15-17.02.00.277025 | H19: ATHTAT91 | I19: BEL | J19: BEBE | K19: SL 15 | M19: 3 | N19: E1 | O19: CEESS | P19: SS | Q19: BE | S19: 00000 | T19: 97BE00BE | U19: 000 | W19: S | X19: SS | Y19: SSS06S06 | Z19: 000 | AA19: 0160507SS | AB19: S | AD19: 2025-09-24 | AE19: 20250924232237
A20: 015 | B20: 060 | C20: BERMUDAS | D20: BERMUDA | E20: =+B20 -> 060 | G20: 2023-11-15-17.02.00.277080 | H20: ATHTAT91 | I20: BMU | J20: BMBMS | K20: S H 10 | M20: 5 | Q20: BM | S20: 00000 | T20: 97BM00BM | U20: S000 | W20: N | X20: N SSSSS | Z20: 000 | AA20: 000 S | AB20: S | AD20: 2025-09-24 | AE20: 20250924232237
A21: 015 | B21: 064 | C21: BUTAO | D21: BHUTAN | E21: =+B21 -> 064 | G21: 2023-11-15-17.02.00.277157 | H21: ATHTAT91 | I21: BTN | J21: BTBTS | K21: M 14 | M21: 5 | Q21: BT | S21: 00000 | U21: S012 | Z21: 000 | AA21: 000 S | AB21: S | AD21: 2025-09-24 | AE21: 20250924232237
A22: 015 | B22: 068 | C22: BOLIVIA | D22: BOLIVIA | E22: =+B22 -> 068 | G22: 2023-11-15-17.02.00.277219 | H22: ATHTAT91 | I22: BOL | J22: BOBOS | K22: S H 11 | L22: S | M22: 5 | N22: A2 | Q22: BO | S22: 00000 | T22: 97BO00BO | U22: S045 | W22: N | X22: N SSSSS | Z22: 000 | AA22: 000 S | AB22: S | AD22: 2025-09-24 | AE22: 20250924232237
A23: 015 | B23: 070 | C23: BOSNIA E HERZEGOVINA | D23: BOSNIA AND HERZEGOVINA | E23: =+B23 -> 070 | G23: 2025-09-23-16.02.00.314549 | H23: S612127 | I23: BIH | J23: BABAS | K23: S H 07 | M23: 4 | P23: S | Q23: BA | S23: 00000 | T23: 97BA00BA | U23: S012 | W23: N | X23: N S | Z23: 000 | AA23: 0200510 S | AB23: S | AD23: 2025-09-24 | AE23: 20250924232237
A24: 015 | B24: 072 | C24: BOTSWANA | D24: BOTSWANA | E24: =+B24 -> 072 | G24: 2023-11-15-17.02.00.277349 | H24: ATHTAT91 | I24: BWA | J24: BWBWS | K24: S M 14 | M24: 5 | Q24: BW | S24: 00000 | T24: 97BW00BW | U24: S000 | Z24: 000 | AA24: 000 S | AB24: S | AD24: 2025-09-24 | AE24: 20250924232237
A25: 015 | B25: 074 | C25: BOUVET,ILHA | D25: BOUVET ISLAND | E25: =+B25 -> 074 | G25: 2025-09-23-16.02.21.272426 | H25: S612127 | I25: BVT | J25: BVNOS | K25: H 11 | M25: 5 | P25: S | Q25: BV | S25: 00000 | U25: S045 | W25: N | X25: N | Z25: 000 | AA25: 0150000 S | AB25: S | AD25: 2025-09-24 | AE25: 20250924232237
A26: 015 | B26: 076 | C26: BRASIL | D26: BRAZIL | E26: =+B26 -> 076 | G26: 2025-09-23-16.02.41.182793 | H26: S612127 | I26: BRA | J26: BRBRS | K26: S M 14 | L26: S | M26: 5 | N26: A2 | P26: S | Q26: BR | S26: 00000 | T26: 97BR00BR | U26: S005 | W26: N | X26: N | Y26: SS06S06 | Z26: 000 | AA26: 0290512 S | AB26: NG S | AD26: 2025-09-24 | AE26: 20250924232237
A27: 015 | B27: 084 | C27: BELIZE | D27: BELIZE | E27: =+B27 -> 084 | G27: 2023-11-15-17.02.00.277511 | H27: ATHTAT91 | I27: BLZ | J27: BZBZS | K27: S H 10 | M27: 5 | Q27: BZ | S27: 00000 | T27: 97BZ00BZ | U27: S045 | W27: N | X27: N SSSSS | Z27: 000 | AA27: 000 S | AB27: S | AD27: 2025-09-24 | AE27: 20250924232237
A28: 015 | B28: 086 | C28: OCEANO INDICO,TER. BRIT.DO | D28: BRITISH INDIAN OCEAN TERRITORY | E28: =+B28 -> 086 | G28: 2023-11-15-17.02.00.277582 | H28: ATHTAT91 | I28: IOT | J28: IOIOS | K28: H 11 | M28: 5 | Q28: IO | S28: 00000 | U28: S000 | Z28: 000 | AA28: 000 S | AB28: S | AD28: 2025-09-24 | AE28: 20250924232237
A29: 015 | B29: 090 | C29: SALOMAN,ILHAS | D29: SALOMON ISLANDS | E29: =+B29 -> 090 | G29: 2023-11-15-17.02.00.277643 | H29: ATHTAT91 | I29: SLB | J29: SBSBS | K29: S H 10 | M29: 5 | Q29: SB | S29: 00000 | U29: S012 | W29: N | X29: N SSSSS | Z29: 000 | AA29: 000 S | AB29: S | AD29: 2025-09-24 | AE29: 20250924232237
A30: 015 | B30: 092 | C30: ILHAS VIRGENS (BRITANICAS) | D30: VIRGIN ISLANDS, BRITISH | E30: =+B30 -> 092 | G30: 2023-11-15-17.02.00.277727 | H30: ATHTAT91 | I30: VGB | J30: VG1ZS | K30: S H 10 | M30: 5 | Q30: VG | S30: 00000 | U30: S000 | W30: N | X30: N SSSSS | Y30: S | Z30: 000 | AA30: 0240508 S | AB30: S | AD30: 2025-09-24 | AE30: 20250924232237
A31: 015 | B31: 096 | C31: BRUNEI | D31: BRUNEI DARUSSALAM | E31: =+B31 -> 096 | G31: 2023-11-15-17.02.00.277950 | H31: ATHTAT91 | I31: BRN | J31: BNBNS | K31: S H 10 | M31: 5 | Q31: BN | S31: 00000 | U31: S000 | W31: N | X31: N SSSSS | Z31: 000 | AA31: 000 S | AB31: S | AD31: 2025-09-24 | AE31: 20250924232237
A32: 015 | B32: 100 | C32: BULGARIA | D32: BULGARIA | E32: =+B32 -> 100 | G32: 2023-11-15-17.02.00.278003 | H32: ATHTAT91 | I32: BGR | J32: BGBGS | K32: S M 14 | M32: 4 | N32: E1 | O32: SS | P32: SS | Q32: BG | S32: 00000 | T32: 97BG00BG | U32: S000 | W32: S | X32: N | Y32: SSS06S03 | Z32: 000 | AA32: 0220512SS | AB32: S | AD32: 2025-09-24 | AE32: 20250924232237
A33: 015 | B33: 104 | C33: MYANMAR | D33: MYANMAR | E33: =+B33 -> 104 | G33: 2025-09-23-16.03.00.785500 | H33: S612127 | I33: MMR | J33: MMMMS | K33: H 04 | M33: 5 | Q33: MM | S33: 00000 | U33: S045 | W33: N | X33: N SS SS | Z33: 000 | AA33: 000 S | AB33: S | AD33: 2025-09-24 | AE33: 20250924232237
A34: 015 | B34: 108 | C34: BURUNDI | D34: BURUNDI | E34: =+B34 -> 108 | G34: 2023-11-15-17.02.00.278124 | H34: ATHTAT91 | I34: BDI | J34: BIBIS | K34: H 07 | M34: 5 | Q34: BI | S34: 00000 | U34: S045 | X34: S | Z34: 000 | AA34: 000 S | AB34: S | AD34: 2025-09-24 | AE34: 20250924232237
A35: 015 | B35: 112 | C35: BELARUS | D35: BELARUS | E35: =+B35 -> 112 | G35: 2023-11-15-17.02.00.278182 | H35: ATHTAT91 | I35: BLR | J35: BYBYS | K35: S HR03 | M35: 5 | N35: E3 | P35: S | Q35: BY | S35: 00000 | U35: S045 | X35: S | Z35: 000 | AA35: 0280508 S | AB35: S | AD35: 2025-09-24 | AE35: 20250924232237
A36: 015 | B36: 116 | C36: CAMBODIA | D36: CAMBODIA | E36: =+B36 -> 116 | G36: 2023-11-15-17.02.00.278275 | H36: ATHTAT91 | I36: KHM | J36: KHKHS | K36: S H 09 | M36: 5 | Q36: KH | S36: 00000 | U36: S012 | Z36: 000 | AA36: 000 S | AB36: S | AD36: 2025-09-24 | AE36: 20250924232237
A37: 015 | B37: 120 | C37: CAMAROES | D37: CAMEROON | E37: =+B37 -> 120 | G37: 2025-09-23-16.04.09.334170 | H37: S612127 | I37: CMR | J37: CMCMS | K37: S H 11 | M37: 5 | Q37: CM | S37: 00000 | U37: S012 | Z37: 000 | AA37: 000 S | AB37: S | AD37: 2025-09-24 | AE37: 20250924232237
A38: 015 | B38: 124 | C38: CANADA | D38: CANADA | E38: =+B38 -> 124 | G38: 2023-11-15-17.02.00.278380 | H38: ATHTAT91 | I38: CAN | J38: CACA | K38: L 15 | M38: 5 | N38: A1 | Q38: CA | R38: CC | S38: 00000 | T38: 97CA00CA | U38: 000 | Y38: SS06S03 | Z38: 000 | AA38: 000 S | AB38: S | AD38: 2025-09-24 | AE38: 20250924232237
A39: 015 | B39: 132 | C39: CABO VERDE | D39: CABO VERDE | E39: =+B39 -> 132 | G39: 2023-11-15-17.02.00.278452 | H39: ATHTAT91 | I39: CPV | J39: CVCVS | K39: M 14 | L39: S | M39: 5 | Q39: CV | S39: 00000 | T39: 97CV00CV | U39: S012 | W39: N | X39: N SS S | Y39: SS03S03 | Z39: 000 | AA39: 000 S | AB39: S | AD39: 2025-09-24 | AE39: 20250924232237
A40: 015 | B40: 136 | C40: CAIMANS, ILHAS | D40: CAYMAN ISLANDS | E40: =+B40 -> 136 | G40: 2023-11-15-17.02.00.278506 | H40: ATHTAT91 | I40: CYM | J40: KYKYS | K40: S H 08 | M40: 5 | Q40: KY | S40: 00000 | T40: 97KY00KY | U40: S000 | W40: N | X40: N SSSSS | Y40: S | Z40: 000 | AA40: 000 S | AB40: S | AD40: 2025-09-24 | AE40: 20250924232237
A41: 015 | B41: 140 | C41: CENTRO-AFRICANA,REPUBLICA | D41: CENTRAL AFRICAN REPUBLIC | E41: =+B41 -> 140 | G41: 2023-11-15-17.02.00.278557 | H41: ATHTAT91 | I41: CAF | J41: CFCFS | K41: H 07 | M41: 5 | Q41: CF | S41: 00000 | U41: S045 | X41: S | Z41: 000 | AA41: 000 S | AB41: S | AD41: 2025-09-24 | AE41: 20250924232237
A42: 015 | B42: 144 | C42: SRI LANKA | D42: SRI LANKA | E42: =+B42 -> 144 | G42: 2025-09-23-16.04.29.998860 | H42: S612127 | I42: LKA | J42: LKLKS | K42: H 11 | M42: 5 | Q42: LK | S42: 00000 | T42: 97LK00LK | U42: S045 | Z42: 000 | AA42: 000 S | AB42: S | AD42: 2025-09-24 | AE42: 20250924232237
A43: 015 | B43: 148 | C43: CHADE | D43: CHAD | E43: =+B43 -> 148 | G43: 2023-11-15-17.02.00.278684 | H43: ATHTAT91 | I43: TCD | J43: TDTDS | K43: H 11 | M43: 5 | Q43: TD | S43: 00000 | U43: S045 | Z43: 000 | AA43: 000 S | AB43: S | AD43: 2025-09-24 | AE43: 20250924232237
A44: 015 | B44: 152 | C44: CHILE | D44: CHILE | E44: =+B44 -> 152 | G44: 2023-11-15-17.02.00.278935 | H44: ATHTAT91 | I44: CHL | J44: CLCLS | K44: S L 15 | L44: S | M44: 5 | N44: A2 | Q44: CL | S44: 00000 | T44: 97CL00CL | U44: S000 | Y44: SS06S06 | Z44: 000 | AA44: 000 S | AB44: S | AD44: 2025-09-24 | AE44: 20250924232237
A45: 015 | B45: 156 | C45: CHINA, REPUBLICA POPULAR DA | D45: CHINA | E45: =+B45 -> 156 | G45: 2023-11-15-17.02.00.279010 | H45: ATHTAT91 | I45: CHN | J45: CNCNS | K45: S H 07 | M45: 5 | Q45: CN | S45: 00000 | T45: 97CN00CN | U45: S000 | Y45: SS03S03 | Z45: 000 | AA45: 000 S | AB45: S | AD45: 2025-09-24 | AE45: 20250924232237
A46: 015 | B46: 158 | C46: TAIWAN (FORMOSA) | D46: TAIWAN | E46: =+B46 -> 158 | G46: 2023-11-15-17.02.00.279069 | H46: ATHTAT91 | I46: TWN | J46: TWTWS | K46: L 15 | M46: 5 | Q46: TW | S46: 00000 | T46: 97TW00TW | U46: S000 | Z46: 000 | AA46: 000 S | AB46: S | AD46: 2025-09-24 | AE46: 20250924232237
A47: 015 | B47: 162 | C47: CHRISTMAS,ILHA | D47: CHRISTMAS ISLAND | E47: =+B47 -> 162 | G47: 2025-09-23-16.05.53.770282 | H47: S612127 | I47: CXR | J47: CXAUS | K47: H 11 | M47: 5 | Q47: CX | S47: 00000 | U47: S045 | W47: N | X47: N SSSSS | Z47: 000 | AA47: 0000000 S | AB47: S | AD47: 2025-09-24 | AE47: 20250924232237
A48: 015 | B48: 166 | C48: COCOS (KEELING),ILHA DOS | D48: COCOS (KEELING) ISLANDS | E48: =+B48 -> 166 | G48: 2025-09-23-16.06.12.740358 | H48: S612127 | I48: CCK | J48: CCAUS | K48: H 11 | M48: 5 | Q48: CC | S48: 00000 | U48: S045 | W48: N | X48: N SSSSS | Z48: 000 | AA48: 0000000 S | AB48: S | AD48: 2025-09-24 | AE48: 20250924232237
A49: 015 | B49: 170 | C49: COLOMBIA | D49: COLOMBIA | E49: =+B49 -> 170 | G49: 2023-11-15-17.02.00.279262 | H49: ATHTAT91 | I49: COL | J49: COCOS | K49: S H 11 | L49: S | M49: 5 | N49: A2 | Q49: CO | S49: 00000 | T49: 97CO00CO | U49: S000 | Y49: SS03S03 | Z49: 000 | AA49: 000 S | AB49: S | AD49: 2025-09-24 | AE49: 20250924232237
A50: 015 | B50: 174 | C50: COMORES | D50: COMOROS | E50: =+B50 -> 174 | G50: 2023-11-15-17.02.00.279313 | H50: ATHTAT91 | I50: COM | J50: KMKMS | K50: S H 11 | M50: 5 | Q50: KM | S50: 00000 | U50: S045 | Z50: 000 | AA50: 000 S | AB50: S | AD50: 2025-09-24 | AE50: 20250924232237
A51: 015 | B51: 175 | C51: MAYOTTE | D51: MAYOTTE | E51: =+B51 -> 175 | G51: 2023-11-15-17.02.00.279411 | H51: ATHTAT91 | I51: MYT | J51: YTFRS | K51: H 11 | M51: 5 | Q51: YT | S51: 00000 | U51: S000 | W51: N | X51: N | Z51: 000 | AA51: 0270514SS | AB51: S | AD51: 2025-09-24 | AE51: 20250924232237
A52: 015 | B52: 178 | C52: CONGO | D52: CONGO | E52: =+B52 -> 178 | G52: 2023-11-15-17.02.00.279463 | H52: ATHTAT91 | I52: COG | J52: CGCGS | K52: S H 11 | M52: 5 | Q52: CG | S52: 00000 | U52: S045 | Z52: 000 | AA52: 000 S | AB52: S | AD52: 2025-09-24 | AE52: 20250924232237
A53: 015 | B53: 180 | C53: REPUBLICA DEMOCRATICA DO CONGO | D53: CONGO, DEMOCRATIC REPUBLIC OF | E53: =+B53 -> 180 | G53: 2023-11-15-17.02.00.279513 | H53: ATHTAT91 | I53: COD | J53: CDCDS | K53: S H 07 | L53: S | M53: 5 | Q53: CD | S53: 00000 | U53: S045 | X53: S | Z53: 000 | AA53: 000 S | AB53: S | AD53: 2025-09-24 | AE53: 20250924232237
A54: 015 | B54: 184 | C54: COOK, ILHAS | D54: COOK ISLANDS | E54: =+B54 -> 184 | G54: 2023-11-15-17.02.00.279568 | H54: ATHTAT91 | I54: COK | J54: CKNZS | K54: S H 10 | M54: 5 | Q54: CK | S54: 00000 | U54: S000 | W54: N | X54: N SSSSS | Z54: 000 | AA54: 0000000 S | AB54: S | AD54: 2025-09-24 | AE54: 20250924232237
A55: 015 | B55: 188 | C55: COSTA RICA | D55: COSTA RICA | E55: =+B55 -> 188 | G55: 2023-11-15-17.02.00.279620 | H55: ATHTAT91 | I55: CRI | J55: CRCRS | K55: S H 11 | L55: S | M55: 5 | N55: A3 | P55: S | Q55: CR | S55: 00000 | T55: 97CR00CR | U55: S005 | W55: N | X55: N SSSSS | Z55: 000 | AA55: 0220508 S | AB55: S | AD55: 2025-09-24 | AE55: 20250924232237
A56: 015 | B56: 191 | C56: CROACIA | D56: CROATIA | E56: =+B56 -> 191 | G56: 2023-11-15-17.02.00.279673 | H56: ATHTAT91 | I56: HRV | J56: HRHRS | K56: S L 15 | M56: 4 | N56: E1 | O56: CEESS | P56: SS | Q56: HR | S56: 00000 | U56: S000 | W56: S | X56: N | Y56: SS03S03 | Z56: 000 | AA56: 0210511SS | AB56: S | AD56: 2025-09-24 | AE56: 20250924232237
A57: 015 | B57: 192 | C57: CUBA | D57: CUBA | E57: =+B57 -> 192 | G57: 2025-09-23-16.06.32.339629 | H57: S612127 | I57: CUB | J57: CUCUS | K57: HR03 | M57: 5 | N57: A2 | Q57: CU | S57: 00000 | T57: 97CU00CU | U57: S045 | W57: N | X57: N | Y57: SS03S03 | Z57: 000 | AA57: 000 S | AB57: S | AD57: 2025-09-24 | AE57: 20250924232237
A58: 015 | B58: 196 | C58: CHIPRE | D58: CYPRUS | E58: =+B58 -> 196 | G58: 2023-11-15-17.02.00.281512 | H58: ATHTAT91 | I58: CYP | J58: CYCYS | K58: S M 13 | M58: 5 | N58: E1 | O58: CEESS | P58: SS | Q58: CY | S58: 00000 | T58: 97CY00CY | U58: S000 | W58: S | X58: N SS S | Y58: SSS03S03 | Z58: 000 | AA58: 0280512SS | AB58: S | AD58: 2025-09-24 | AE58: 20250924232237
A59: 015 | B59: 203 | C59: REPUBLICA CHECA | D59: CZECH REPUBLIC | E59: =+B59 -> 203 | G59: 2023-11-15-17.02.00.281779 | H59: ATHTAT91 | I59: CZE | J59: CZCZS | K59: S L 15 | M59: 4 | N59: E1 | O59: SS | P59: SS | Q59: CZ | S59: 00000 | T59: 97CZ00CZ | U59: S000 | W59: S | X59: N | Y59: SSS06S03 | Z59: 000 | AA59: 0240508SS | AB59: S | AD59: 2025-09-24 | AE59: 20250924232237
A60: 015 | B60: 204 | C60: BENIN | D60: BENIN | E60: =+B60 -> 204 | G60: 2025-09-23-16.06.52.085786 | H60: S612127 | I60: BEN | J60: BJBJS | K60: H 11 | M60: 5 | Q60: BJ | S60: 00000 | U60: S012 | Z60: 000 | AA60: 000 S | AB60: S | AD60: 2025-09-24 | AE60: 20250924232237
A61: 015 | B61: 208 | C61: DINAMARCA | D61: DENMARK | E61: =+B61 -> 208 | G61: 2023-11-15-17.02.00.283038 | H61: ATHTAT91 | I61: DNK | J61: DKDK | K61: L 15 | M61: 3 | N61: E1 | O61: SS | P61: SS | Q61: DK | S61: 00000 | T61: 97DK00DK | U61: 000 | W61: S | X61: S | Y61: SSS03S03 | Z61: 000 | AA61: 0180508SS | AB61: S | AD61: 2025-09-24 | AE61: 20250924232237
A62: 015 | B62: 212 | C62: DOMINICA | D62: DOMINICA | E62: =+B62 -> 212 | G62: 2023-11-15-17.02.00.283111 | H62: ATHTAT91 | I62: DMA | J62: DMDMS | K62: H 10 | M62: 5 | Q62: DM | S62: 00000 | T62: 97DM00DM | U62: S012 | W62: N | X62: N SSSSS | Z62: 000 | AA62: 000 S | AB62: S | AD62: 2025-09-24 | AE62: 20250924232237
A63: 015 | B63: 214 | C63: DOMINICANA,REPUBLICA | D63: DOMINICAN REPUBLIC | E63: =+B63 -> 214 | G63: 2025-09-23-16.07.11.893438 | H63: S612127 | I63: DOM | J63: DODOS | K63: S H 11 | L63: S | M63: 5 | N63: A2 | Q63: DO | S63: 00000 | U63: S005 | Z63: 000 | AA63: 0280508 S | AB63: S | AD63: 2025-09-24 | AE63: 20250924232237
A64: 015 | B64: 216 | C64: Z.FC.MADEIRA | D64: Z.FC.MADEIRA | E64: =+B64 -> 216 | G64: 2023-11-15-17.02.00.285001 | H64: ATHTAT91 | I64: QRA | J64: QRQRS | M64: 1 | Q64: QR | S64: 00000 | U64: S000 | W64: N | X64: N | Z64: 000 | AA64: 000 S | AD64: 2025-09-24 | AE64: 20250924232237
A65: 015 | B65: 218 | C65: EQUADOR | D65: ECUADOR | E65: =+B65 -> 218 | G65: 2023-11-15-17.02.00.285363 | H65: ATHTAT91 | I65: ECU | J65: ECECS | K65: S H 11 | L65: S | M65: 5 | N65: A3 | P65: 2 | Q65: EC | S65: 00000 | T65: 97EC00EC | U65: S045 | Z65: 000 | AA65: 000 S | AB65: S | AD65: 2025-09-24 | AE65: 20250924232237
A66: 015 | B66: 222 | C66: EL SALVADOR | D66: EL SALVADOR | E66: =+B66 -> 222 | G66: 2023-11-15-17.02.00.285939 | H66: ATHTAT91 | I66: SLV | J66: SVSVS | K66: H 11 | L66: S | M66: 5 | N66: A2 | P66: S | Q66: SV | S66: 00000 | T66: 97SV00SV | U66: S012 | Z66: 000 | AA66: 0280508 S | AB66: S | AD66: 2025-09-24 | AE66: 20250924232237
A67: 015 | B67: 226 | C67: GUINE EQUATORIAL | D67: EQUATORIAL GUINEA | E67: =+B67 -> 226 | G67: 2023-11-15-17.02.00.286318 | H67: ATHTAT91 | I67: GNQ | J67: GQGQS | K67: S H 11 | M67: 5 | Q67: GQ | S67: 00000 | U67: S045 | Z67: 000 | AA67: 000 S | AB67: S | AD67: 2025-09-24 | AE67: 20250924232237
A68: 015 | B68: 231 | C68: ETIOPIA | D68: ETHIOPIA | E68: =+B68 -> 231 | G68: 2023-11-15-17.02.00.287824 | H68: ATHTAT91 | I68: ETH | J68: ETETS | K68: H 07 | M68: 5 | Q68: ET | S68: 00000 | U68: S045 | Y68: SS03S03 | Z68: 000 | AA68: 000 S | AB68: S | AD68: 2025-09-24 | AE68: 20250924232237
A69: 015 | B69: 232 | C69: THE STATE OF ERITREA | D69: ERITREA | E69: =+B69 -> 232 | G69: 2023-11-15-17.02.00.288400 | H69: ATHTAT91 | I69: ERI | J69: ERERS | K69: H 11 | M69: 5 | Q69: ER | S69: 00000 | U69: S045 | X69: S | Z69: 000 | AA69: 000 S | AB69: S | AD69: 2025-09-24 | AE69: 20250924232237
A70: 015 | B70: 233 | C70: ESTONIA | D70: ESTONIA | E70: =+B70 -> 233 | G70: 2023-11-15-17.02.00.288573 | H70: ATHTAT91 | I70: EST | J70: EEEES | K70: S H 11 | M70: 4 | N70: E1 | O70: CEESS | P70: SS | Q70: EE | S70: 00000 | T70: 97ET00ET | U70: S000 | W70: S | X70: N | Y70: SSS03S03 | Z70: 000 | AA70: 0200506SS | AB70: S | AD70: 2025-09-24 | AE70: 20250924232237
A71: 015 | B71: 234 | C71: FEROE,ILHAS | D71: FAROE ISLANDS | E71: =+B71 -> 234 | G71: 2023-11-15-17.02.00.289467 | H71: ATHTAT91 | I71: FRO | J71: FOFOS | K71: H 11 | M71: 5 | Q71: FO | S71: 00000 | T71: S | U71: S000 | Z71: 000 | AA71: 0180508 S | AB71: S | AD71: 2025-09-24 | AE71: 20250924232237
A72: 015 | B72: 238 | C72: FALKLANDS,ILHAS (MALVINAS) | D72: FALKLAND ISLANDS (MALVINAS) | E72: =+B72 -> 238 | G72: 2023-11-15-17.02.00.292311 | H72: ATHTAT91 | I72: FLK | J72: FKFKS | K72: S H 10 | M72: 5 | Q72: FK | S72: 00000 | U72: S012 | W72: N | X72: N SSSSS | Z72: 000 | AA72: 000 S | AB72: S | AD72: 2025-09-24 | AE72: 20250924232237
A73: 015 | B73: 239 | C73: GEORGIA DO SUL E ILHAS SAND.SUL | D73: SOUTH GEORGIA & S.SANDWICH I. | E73: =+B73 -> 239 | G73: 2023-11-15-17.02.00.292385 | H73: ATHTAT91 | I73: SGS | J73: GSGSS | K73: H 11 | M73: 5 | Q73: GS | S73: 00000 | U73: S000 | W73: N | X73: N S S | Z73: 000 | AA73: 000 S | AB73: S | AD73: 2025-09-24 | AE73: 20250924232237
A74: 015 | B74: 242 | C74: FIDJI | D74: FIJI | E74: =+B74 -> 242 | G74: 2023-11-15-17.02.00.294115 | H74: ATHTAT91 | I74: FJI | J74: FJFJS | K74: S H 10 | M74: 5 | Q74: FJ | S74: 00000 | T74: 97FJ00FJ | U74: S045 | W74: N | X74: N SSSSS | Z74: 000 | AA74: 000 S | AB74: S | AD74: 2025-09-24 | AE74: 20250924232237
A75: 015 | B75: 246 | C75: FINLANDIA | D75: FINLAND | E75: =+B75 -> 246 | G75: 2023-11-15-17.02.00.294807 | H75: ATHTAT91 | I75: FIN | J75: FIFI | K75: L 15 | M75: 3 | N75: E1 | O75: CEESS | P75: SS | Q75: FI | S75: 00000 | T75: 97FI00FI | U75: 000 | W75: S | X75: S | Y75: S | Z75: 000 | AA75: 0180507SS | AB75: S | AD75: 2025-09-24 | AE75: 20250924232237
A76: 015 | B76: 248 | C76: ALAND ISLANDS | D76: ALAND ISLANDS | E76: =+B76 -> 248 | G76: 2023-11-15-17.02.00.294894 | H76: ATHTAT91 | I76: ALA | J76: AXAX | K76: H 11 | M76: 3 | N76: E1 | O76: N | P76: S | Q76: AX | S76: 00000 | U76: 000 | W76: N | X76: N | Z76: 000 | AA76: 0180510NS | AB76: S | AD76: 2025-09-24 | AE76: 20250924232237
A77: 015 | B77: 250 | C77: FRANCA | D77: FRANCE | E77: =+B77 -> 250 | G77: 2023-11-15-17.02.00.295221 | H77: ATHTAT91 | I77: FRA | J77: FRFR | K77: SL 15 | M77: 3 | N77: E1 | O77: CEESS | P77: SS | Q77: FR | S77: 00000 | T77: 97FR00FR | U77: 000 | W77: S | X77: SS | Y77: SSS06S04 | Z77: 000 | AA77: 0270514SS | AB77: S | AD77: 2025-09-24 | AE77: 20250924232237
A78: 015 | B78: 254 | C78: GUIANA FRANCESA | D78: FRENCH GUIANA | E78: =+B78 -> 254 | G78: 2023-11-15-17.02.00.295375 | H78: ATHTAT91 | I78: GUF | J78: GFFRS | K78: H 11 | M78: 5 | P78: S | Q78: GF | S78: 00000 | U78: S000 | W78: S | X78: N | Z78: 000 | AA78: 0270514SS | AB78: S | AD78: 2025-09-24 | AE78: 20250924232237
A79: 015 | B79: 258 | C79: POLINESIA FRANCESA | D79: FRENCH POLYNESIA | E79: =+B79 -> 258 | G79: 2023-11-15-17.02.00.295510 | H79: ATHTAT91 | I79: PYF | J79: PFPFS | K79: H 11 | M79: 5 | Q79: PF | S79: 00000 | T79: 97PF00PF | U79: S000 | W79: N | X79: N SSSSS | Z79: 000 | AA79: 0270514SS | AB79: S | AD79: 2025-09-24 | AE79: 20250924232237
A80: 015 | B80: 260 | C80: TERRITORIOS FRANCESES DO SUL | D80: FRENCH SOUTHERN TERRITORIES | E80: =+B80 -> 260 | G80: 2025-09-23-16.07.30.652818 | H80: S612127 | I80: ATF | J80: TFFRS | K80: H 11 | M80: 5 | P80: S | Q80: TF | S80: 00000 | U80: S045 | W80: N | X80: N | Z80: 000 | AA80: 0270514 S | AB80: S | AD80: 2025-09-24 | AE80: 20250924232237
A81: 015 | B81: 262 | C81: DJIBOUTI | D81: DJIBOUTI | E81: =+B81 -> 262 | G81: 2023-11-15-17.02.00.296790 | H81: ATHTAT91 | I81: DJI | J81: DJDJS | K81: H 11 | M81: 5 | Q81: DJ | S81: 00000 | U81: S012 | W81: N | X81: N SSSSS | Z81: 000 | AA81: 000 S | AB81: S | AD81: 2025-09-24 | AE81: 20250924232237
A82: 015 | B82: 266 | C82: GABAO | D82: GABON | E82: =+B82 -> 266 | G82: 2025-09-23-16.07.49.656259 | H82: S612127 | I82: GAB | J82: GAGAS | K82: S H 11 | M82: 5 | Q82: GA | S82: 00000 | T82: 97GA00GA | U82: S045 | Z82: 000 | AA82: 000 S | AB82: S | AD82: 2025-09-24 | AE82: 20250924232237
A83: 015 | B83: 268 | C83: GEORGIA | D83: GEORGIA | E83: =+B83 -> 268 | G83: 2025-09-23-16.08.08.688456 | H83: S612127 | I83: GEO | J83: GEGES | K83: S M 14 | M83: 5 | N83: E3 | Q83: GE | S83: 00000 | U83: S005 | Y83: SS03S03 | Z83: 000 | AA83: 0220506 S | AB83: S | AD83: 2025-09-24 | AE83: 20250924232237
A84: 015 | B84: 270 | C84: GAMBIA | D84: GAMBIA | E84: =+B84 -> 270 | G84: 2023-11-15-17.02.00.298605 | H84: ATHTAT91 | I84: GMB | J84: GMGMS | K84: S H 11 | M84: 5 | Q84: GM | S84: 00000 | U84: S045 | W84: N | X84: N SSSSS | Z84: 000 | AA84: 000 S | AB84: S | AD84: 2025-09-24 | AE84: 20250924232237
A85: 015 | B85: 275 | C85: PALESTINE STATE OFF | D85: PALESTINE, STATE OF | E85: =+B85 -> 275 | G85: 2023-11-15-17.02.00.299112 | H85: ATHTAT91 | I85: PSE | J85: PSPSS | K85: S H 11 | M85: 5 | Q85: PS | S85: 00000 | U85: S045 | Z85: 000 | AA85: 0290508 S | AB85: S | AD85: 2025-09-24 | AE85: 20250924232237
A86: 015 | B86: 276 | C86: ALEMANHA | D86: GERMANY | E86: =+B86 -> 276 | G86: 2023-11-15-17.02.00.299174 | H86: ATHTAT91 | I86: DEU | J86: DEDE | K86: SL 15 | M86: 3 | N86: E1 | O86: CEESS | P86: SS | Q86: DE | R86: BL | S86: 00000 | T86: 97DE00DE | U86: 000 | W86: S | X86: SS | Y86: SSS06S06 | Z86: 000 | AA86: 0220512SS | AB86: S | AD86: 2025-09-24 | AE86: 20250924232237
A87: 015 | B87: 288 | C87: GANA | D87: GHANA | E87: =+B87 -> 288 | G87: 2023-11-15-17.02.00.299364 | H87: ATHTAT91 | I87: GHA | J87: GHGHS | K87: S M 14 | M87: 5 | Q87: GH | S87: 00000 | T87: 97GH00GH | U87: S045 | Z87: 000 | AA87: 000 S | AB87: S | AD87: 2025-09-24 | AE87: 20250924232237
A88: 015 | B88: 292 | C88: GILBRALTAR | D88: GIBRALTAR | E88: =+B88 -> 292 | G88: 2023-11-15-17.02.00.299432 | H88: ATHTAT91 | I88: GIB | J88: GIGIS | K88: S H 10 | M88: 5 | N88: E2 | P88: S | Q88: GI | S88: 00000 | U88: S000 | W88: S | X88: N SSSSS | Z88: 000 | AA88: 0230508SS | AB88: S | AD88: 2025-09-24 | AE88: 20250924232237
A89: 015 | B89: 296 | C89: KIRIBATI | D89: KIRIBATI | E89: =+B89 -> 296 | G89: 2023-11-15-17.02.00.299613 | H89: ATHTAT91 | I89: KIR | J89: KIKIS | K89: H 11 | M89: 5 | Q89: KI | S89: 00000 | U89: S012 | W89: N | X89: N SSSSS | Z89: 000 | AA89: 000 S | AB89: S | AD89: 2025-09-24 | AE89: 20250924232237
A90: 015 | B90: 300 | C90: GRECIA | D90: GREECE | E90: =+B90 -> 300 | G90: 2023-11-15-17.02.00.299691 | H90: ATHTAT91 | I90: GRC | J90: GRGR | K90: L 15 | M90: 3 | N90: E1 | O90: CEESS | P90: SS | Q90: GR | S90: 00000 | T90: 97GR00GR | U90: 000 | W90: S | X90: S | Y90: SSS06S06 | Z90: 000 | AA90: 0270511SS | AB90: S | AD90: 2025-09-24 | AE90: 20250924232237
A91: 015 | B91: 302 | C91: DELAWARE (TERRITORIO US E CORRESPONDE A UM CODIGO DE AREA) | D91: DELAWARE | E91: =+B91 -> 302 | G91: 2023-11-17-14.58.10.216675 | H91: C605464 | I91: 302 | J91: ZDZD | K91: 00 | M91: 5 | Q91: ZD | S91: 00000 | U91: 000 | X91: S S | Z91: 000 | AA91: 000 | AD91: 2025-09-24 | AE91: 20250924232237
A92: 015 | B92: 304 | C92: GRONELANDIA | D92: GREENLAND | E92: =+B92 -> 304 | G92: 2023-11-15-17.02.00.299763 | H92: ATHTAT91 | I92: GRL | J92: GLGLS | K92: H 11 | M92: 5 | Q92: GL | S92: 00000 | U92: S000 | Z92: 000 | AA92: 0180508 S | AB92: S | AD92: 2025-09-24 | AE92: 20250924232237
A93: 015 | B93: 307 | C93: WYOMING (TERRITORIO US E CORRESPONDE A UM CODIGO DE AREA) | D93: WYOMING | E93: =+B93 -> 307 | G93: 2023-11-17-14.59.38.634023 | H93: C605464 | I93: 307 | J93: ZYZY | K93: 00 | M93: 5 | Q93: ZY | S93: 00000 | U93: 000 | X93: S S | Z93: 000 | AA93: 000 | AD93: 2025-09-24 | AE93: 20250924232237
A94: 015 | B94: 308 | C94: GRANADA | D94: GRENADA | E94: =+B94 -> 308 | G94: 2023-11-15-17.02.00.299818 | H94: ATHTAT91 | I94: GRD | J94: GDGDS | K94: S H 10 | M94: 5 | N94: A3 | Q94: GD | S94: 00000 | U94: S045 | W94: N | X94: N SSSSS | Z94: 000 | AA94: 000 S | AB94: S | AD94: 2025-09-24 | AE94: 20250924232237
A95: 015 | B95: 312 | C95: GUADALUPE | D95: GUADELOUPE | E95: =+B95 -> 312 | G95: 2023-11-15-17.02.00.299904 | H95: ATHTAT91 | I95: GLP | J95: GPFRS | K95: S H 11 | M95: 5 | P95: SS | Q95: GP | S95: 00000 | U95: S000 | W95: S | X95: N | Z95: 000 | AA95: 0270514SS | AB95: S | AD95: 2025-09-24 | AE95: 20250924232237
A96: 015 | B96: 316 | C96: GUAM | D96: GUAM | E96: =+B96 -> 316 | G96: 2025-09-23-16.08.27.649791 | H96: S612127 | I96: GUM | J96: GUGUS | K96: H 10 | M96: 5 | Q96: GU | S96: 00000 | U96: S045 | W96: N | X96: N SSSSS | Z96: 000 | AA96: 000 S | AB96: S | AD96: 2025-09-24 | AE96: 20250924232237
A97: 015 | B97: 320 | C97: GUATEMALA | D97: GUATEMALA | E97: =+B97 -> 320 | G97: 2025-09-23-16.08.46.763154 | H97: S612127 | I97: GTM | J97: GTGTS | K97: S H 11 | M97: 5 | N97: A2 | Q97: GT | S97: 00000 | T97: 97GU00GU | U97: S005 | W97: N | X97: N SS S | Z97: 000 | AA97: 0280508 S | AB97: S | AD97: 2025-09-24 | AE97: 20250924232237
A98: 015 | B98: 324 | C98: GUINE | D98: GUINEA | E98: =+B98 -> 324 | G98: 2023-11-15-17.02.00.300117 | H98: ATHTAT91 | I98: GIN | J98: GNGNS | K98: S H 07 | M98: 5 | Q98: GN | S98: 00000 | U98: S045 | X98: S | Z98: 000 | AA98: 000 S | AB98: S | AD98: 2025-09-24 | AE98: 20250924232237
A99: 015 | B99: 328 | C99: GUIANA | D99: GUYANA | E99: =+B99 -> 328 | G99: 2025-09-23-16.09.05.248849 | H99: S612127 | I99: GUY | J99: GYGYS | K99: M 14 | M99: 5 | Q99: GY | S99: 00000 | U99: S012 | W99: N | X99: N SSSSS | Z99: 000 | AA99: 000 S | AB99: S | AD99: 2025-09-24 | AE99: 20250924232237
A100: 015 | B100: 332 | C100: HAITI | D100: HAITI | E100: =+B100 -> 332 | G100: 2023-11-15-17.02.00.300223 | H100: ATHTAT91 | I100: HTI | J100: HTHTS | K100: H 09 | M100: 5 | Q100: HT | S100: 00000 | U100: S045 | W100: N | X100: N S | Z100: 000 | AA100: 000 S | AB100: S | AD100: 2025-09-24 | AE100: 20250924232237
...

Sheet Sheet2
A1: a | C1: s
A2: United States of America | B2: ESTADOS UNIDOS | C2: =+VLOOKUP(A2,Sheet1!D:E,2,FALSE) -> #N/A | D2: =+VLOOKUP(A2,Sheet1!C:E,3,FALSE) -> #N/A | E2: 840 | F2: =+VLOOKUP(E2,Sheet1!B:C,2,FALSE) -> ESTADOS UNIDOS | G2: =+LEFT(F2,1)&LOWER(RIGHT(F2,LEN(F2)-1)) -> Estados unidos
A3: Canada | C3: =+VLOOKUP(A3,Sheet1!D:E,2,FALSE) -> 124 | E3: 124 | F3: =+VLOOKUP(E3,Sheet1!B:C,2,FALSE) -> CANADA | G3: =+LEFT(F3,1)&LOWER(RIGHT(F3,LEN(F3)-1)) -> Canada
A4: Greece | C4: =+VLOOKUP(A4,Sheet1!D:E,2,FALSE) -> 300 | E4: 300 | F4: =+VLOOKUP(E4,Sheet1!B:C,2,FALSE) -> GRECIA | G4: =+LEFT(F4,1)&LOWER(RIGHT(F4,LEN(F4)-1)) -> Grecia
A5: Bulgaria | C5: =+VLOOKUP(A5,Sheet1!D:E,2,FALSE) -> 100 | E5: 100 | F5: =+VLOOKUP(E5,Sheet1!B:C,2,FALSE) -> BULGARIA | G5: =+LEFT(F5,1)&LOWER(RIGHT(F5,LEN(F5)-1)) -> Bulgaria
A6: Lithuania | C6: =+VLOOKUP(A6,Sheet1!D:E,2,FALSE) -> 440 | E6: 440 | F6: =+VLOOKUP(E6,Sheet1!B:C,2,FALSE) -> LITUANIA | G6: =+LEFT(F6,1)&LOWER(RIGHT(F6,LEN(F6)-1)) -> Lituania
A7: Spain | C7: =+VLOOKUP(A7,Sheet1!D:E,2,FALSE) -> 724 | E7: 724 | F7: =+VLOOKUP(E7,Sheet1!B:C,2,FALSE) -> ESPANHA | G7: =+LEFT(F7,1)&LOWER(RIGHT(F7,LEN(F7)-1)) -> Espanha
A8: Portugal | C8: =+VLOOKUP(A8,Sheet1!D:E,2,FALSE) -> 620 | E8: 620 | F8: =+VLOOKUP(E8,Sheet1!B:C,2,FALSE) -> PORTUGAL | G8: =+LEFT(F8,1)&LOWER(RIGHT(F8,LEN(F8)-1)) -> Portugal
A9: Hungary | C9: =+VLOOKUP(A9,Sheet1!D:E,2,FALSE) -> 348 | E9: 348 | F9: =+VLOOKUP(E9,Sheet1!B:C,2,FALSE) -> HUNGRIA | G9: =+LEFT(F9,1)&LOWER(RIGHT(F9,LEN(F9)-1)) -> Hungria
A10: Croatia | C10: =+VLOOKUP(A10,Sheet1!D:E,2,FALSE) -> 191 | E10: 191 | F10: =+VLOOKUP(E10,Sheet1!B:C,2,FALSE) -> CROACIA | G10: =+LEFT(F10,1)&LOWER(RIGHT(F10,LEN(F10)-1)) -> Croacia
A11: Luxembourg | C11: =+VLOOKUP(A11,Sheet1!D:E,2,FALSE) -> 442 | E11: 442 | F11: =+VLOOKUP(E11,Sheet1!B:C,2,FALSE) -> LUXEMBURGO | G11: =+LEFT(F11,1)&LOWER(RIGHT(F11,LEN(F11)-1)) -> Luxemburgo
A12: Finland | C12: =+VLOOKUP(A12,Sheet1!D:E,2,FALSE) -> 246 | E12: 246 | F12: =+VLOOKUP(E12,Sheet1!B:C,2,FALSE) -> FINLANDIA | G12: =+LEFT(F12,1)&LOWER(RIGHT(F12,LEN(F12)-1)) -> Finlandia
A13: Sweden | C13: =+VLOOKUP(A13,Sheet1!D:E,2,FALSE) -> 752 | E13: 752 | F13: =+VLOOKUP(E13,Sheet1!B:C,2,FALSE) -> SUECIA | G13: =+LEFT(F13,1)&LOWER(RIGHT(F13,LEN(F13)-1)) -> Suecia
A14: Romania | C14: =+VLOOKUP(A14,Sheet1!D:E,2,FALSE) -> 642 | E14: 642 | F14: =+VLOOKUP(E14,Sheet1!B:C,2,FALSE) -> ROMENIA | G14: =+LEFT(F14,1)&LOWER(RIGHT(F14,LEN(F14)-1)) -> Romenia
... A33: Brazil | C33: =+VLOOKUP(A33,Sheet1!D:E,2,FALSE) -> 076 | E33: 076 | F33: =+VLOOKUP(E33,Sheet1!B:C,2,FALSE) -> BRASIL | G33: =+LEFT(F33,1)&LOWER(RIGHT(F33,LEN(F33)-1)) -> Brasil
A34: Brunei | B34: BRUNEI | C34: =+VLOOKUP(A34,Sheet1!D:E,2,FALSE) -> #N/A | D34: =+VLOOKUP(A34,Sheet1!C:E,3,FALSE) -> 096 | E34: 096 | F34: =+VLOOKUP(E34,Sheet1!B:C,2,FALSE) -> BRUNEI | G34: =+LEFT(F34,1)&LOWER(RIGHT(F34,LEN(F34)-1)) -> Brunei
A35: Chile | C35: =+VLOOKUP(A35,Sheet1!D:E,2,FALSE) -> 152 | E35: 152 | F35: =+VLOOKUP(E35,Sheet1!B:C,2,FALSE) -> CHILE | G35: =+LEFT(F35,1)&LOWER(RIGHT(F35,LEN(F35)-1)) -> Chile
A36: China | C36: =+VLOOKUP(A36,Sheet1!D:E,2,FALSE) -> 156 | E36: 156 | F36: =+VLOOKUP(E36,Sheet1!B:C,2,FALSE) -> CHINA, REPUBLICA POPULAR DA | G36: =+LEFT(F36,1)&LOWER(RIGHT(F36,LEN(F36)-1)) -> China, republica popular da
A37: Colombia | C37: =+VLOOKUP(A37,Sheet1!D:E,2,FALSE) -> 170 | E37: 170 | F37: =+VLOOKUP(E37,Sheet1!B:C,2,FALSE) -> COLOMBIA | G37: =+LEFT(F37,1)&LOWER(RIGHT(F37,LEN(F37)-1)) -> Colombia
A38: Egypt | C38: =+VLOOKUP(A38,Sheet1!D:E,2,FALSE) -> 818 | E38: 818 | F38: =+VLOOKUP(E38,Sheet1!B:C,2,FALSE) -> EGIPTO | G38: =+LEFT(F38,1)&LOWER(RIGHT(F38,LEN(F38)-1)) -> Egipto
A39: Ghana | C39: =+VLOOKUP(A39,Sheet1!D:E,2,FALSE) -> 288 | E39: 288 | F39: =+VLOOKUP(E39,Sheet1!B:C,2,FALSE) -> GANA | G39: =+LEFT(F39,1)&LOWER(RIGHT(F39,LEN(F39)-1)) -> Gana
A40: Hong Kong | C40: =+VLOOKUP(A40,Sheet1!D:E,2,FALSE) -> 344 | E40: 344 | F40: =+VLOOKUP(E40,Sheet1!B:C,2,FALSE) -> HONG KONG | G40: =+LEFT(F40,1)&LOWER(RIGHT(F40,LEN(F40)-1)) -> Hong kong
A41: India | C41: =+VLOOKUP(A41,Sheet1!D:E,2,FALSE) -> 356 | E41: 356 | F41: =+VLOOKUP(E41,Sheet1!B:C,2,FALSE) -> INDIA | G41: =+LEFT(F41,1)&LOWER(RIGHT(F41,LEN(F41)-1)) -> India
A42: Indonesia | C42: =+VLOOKUP(A42,Sheet1!D:E,2,FALSE) -> 360 | E42: 360 | F42: =+VLOOKUP(E42,Sheet1!B:C,2,FALSE) -> INDONESIA | G42: =+LEFT(F42,1)&LOWER(RIGHT(F42,LEN(F42)-1)) -> Indonesia
A43: Iran | B43: IRAO | C43: =+VLOOKUP(A43,Sheet1!D:E,2,FALSE) -> #N/A | D43: 364 | E43: 364 | F43: =+VLOOKUP(E43,Sheet1!B:C,2,FALSE) -> IRAO | G43: =+LEFT(F43,1)&LOWER(RIGHT(F43,LEN(F43)-1)) -> Irao
A44: Iraq | C44: =+VLOOKUP(A44,Sheet1!D:E,2,FALSE) -> 368 | E44: 368 | F44: =+VLOOKUP(E44,Sheet1!B:C,2,FALSE) -> IRAQUE | G44: =+LEFT(F44,1)&LOWER(RIGHT(F44,LEN(F44)-1)) -> Iraque
A45: Israel | C45: =+VLOOKUP(A45,Sheet1!D:E,2,FALSE) -> 376 | E45: 376 | F45: =+VLOOKUP(E45,Sheet1!B:C,2,FALSE) -> ISRAEL | G45: =+LEFT(F45,1)&LOWER(RIGHT(F45,LEN(F45)-1)) -> Israel
A46: Japan | C46: =+VLOOKUP(A46,Sheet1!D:E,2,FALSE) -> 392 | E46: 392 | F46: =+VLOOKUP(E46,Sheet1!B:C,2,FALSE) -> JAPAO | G46: =+LEFT(F46,1)&LOWER(RIGHT(F46,LEN(F46)-1)) -> Japao
A47: Jordan | C47: =+VLOOKUP(A47,Sheet1!D:E,2,FALSE) -> 400 | E47: 400 | F47: =+VLOOKUP(E47,Sheet1!B:C,2,FALSE) -> JORDANIA | G47: =+LEFT(F47,1)&LOWER(RIGHT(F47,LEN(F47)-1)) -> Jordania
A48: Kazakhstan | C48: =+VLOOKUP(A48,Sheet1!D:E,2,FALSE) -> 398 | E48: 398 | F48: =+VLOOKUP(E48,Sheet1!B:C,2,FALSE) -> KAZAQUISTAO | G48: =+LEFT(F48,1)&LOWER(RIGHT(F48,LEN(F48)-1)) -> Kazaquistao
A49: Kuwait | C49: =+VLOOKUP(A49,Sheet1!D:E,2,FALSE) -> 414 | E49: 414 | F49: =+VLOOKUP(E49,Sheet1!B:C,2,FALSE) -> KOWEIT | G49: =+LEFT(F49,1)&LOWER(RIGHT(F49,LEN(F49)-1)) -> Koweit
A50: Kyrgyzstan | C50: =+VLOOKUP(A50,Sheet1!D:E,2,FALSE) -> 417 | E50: 417 | F50: =+VLOOKUP(E50,Sheet1!B:C,2,FALSE) -> KYRGYZSTAN | G50: =+LEFT(F50,1)&LOWER(RIGHT(F50,LEN(F50)-1)) -> Kyrgyzstan
A51: Lebanon | C51: =+VLOOKUP(A51,Sheet1!D:E,2,FALSE) -> 422 | E51: 422 | F51: =+VLOOKUP(E51,Sheet1!B:C,2,FALSE) -> LIBANO | G51: =+LEFT(F51,1)&LOWER(RIGHT(F51,LEN(F51)-1)) -> Libano
A52: Libya | C52: =+VLOOKUP(A52,Sheet1!D:E,2,FALSE) -> 434 | E52: 434 | F52: =+VLOOKUP(E52,Sheet1!B:C,2,FALSE) -> LIBIA | G52: =+LEFT(F52,1)&LOWER(RIGHT(F52,LEN(F52)-1)) -> Libia
A53: Malaysia | C53: =+VLOOKUP(A53,Sheet1!D:E,2,FALSE) -> 458 | E53: 458 | F53: =+VLOOKUP(E53,Sheet1!B:C,2,FALSE) -> MALASIA | G53: =+LEFT(F53,1)&LOWER(RIGHT(F53,LEN(F53)-1)) -> Malasia
A54: Mauritania | C54: =+VLOOKUP(A54,Sheet1!D:E,2,FALSE) -> 478 | E54: 478 | F54: =+VLOOKUP(E54,Sheet1!B:C,2,FALSE) -> MAURITANIA | G54: =+LEFT(F54,1)&LOWER(RIGHT(F54,LEN(F54)-1)) -> Mauritania
A55: Mexico | C55: =+VLOOKUP(A55,Sheet1!D:E,2,FALSE) -> 484 | E55: 484 | F55: =+VLOOKUP(E55,Sheet1!B:C,2,FALSE) -> MEXICO | G55: =+LEFT(F55,1)&LOWER(RIGHT(F55,LEN(F55)-1)) -> Mexico
... A61: Pakistan | C61: =+VLOOKUP(A61,Sheet1!D:E,2,FALSE) -> 586 | E61: 586 | F61: =+VLOOKUP(E61,Sheet1!B:C,2,FALSE) -> PAQUISTAO | G61: =+LEFT(F61,1)&LOWER(RIGHT(F61,LEN(F61)-1)) -> Paquistao
A62: Palestine | B62: PALESTINE STATE OFF | C62: =+VLOOKUP(A62,Sheet1!D:E,2,FALSE) -> #N/A | D62: =+VLOOKUP(A62,Sheet1!C:E,3,FALSE) -> #N/A | E62: 275 | F62: =+VLOOKUP(E62,Sheet1!B:C,2,FALSE) -> PALESTINE STATE OFF | G62: =+LEFT(F62,1)&LOWER(RIGHT(F62,LEN(F62)-1)) -> Palestine state off
A63: Philippines | C63: =+VLOOKUP(A63,Sheet1!D:E,2,FALSE) -> 608 | E63: 608 | F63: =+VLOOKUP(E63,Sheet1!B:C,2,FALSE) -> FILIPINAS | G63: =+LEFT(F63,1)&LOWER(RIGHT(F63,LEN(F63)-1)) -> Filipinas
A64: Qatar | C64: =+VLOOKUP(A64,Sheet1!D:E,2,FALSE) -> 634 | E64: 634 | F64: =+VLOOKUP(E64,Sheet1!B:C,2,FALSE) -> CATAR | G64: =+LEFT(F64,1)&LOWER(RIGHT(F64,LEN(F64)-1)) -> Catar
A65: Russia | B65: RUSSIAN FEDERATION | C65: =+VLOOKUP(A65,Sheet1!D:E,2,FALSE) -> #N/A | D65: =+VLOOKUP(A65,Sheet1!C:E,3,FALSE) -> #N/A | E65: 643 | F65: =+VLOOKUP(E65,Sheet1!B:C,2,FALSE) -> RUSSIAN FEDERATION | G65: =+LEFT(F65,1)&LOWER(RIGHT(F65,LEN(F65)-1)) -> Russian federation
A66: Saudi Arabia | C66: =+VLOOKUP(A66,Sheet1!D:E,2,FALSE) -> 682 | E66: 682 | F66: =+VLOOKUP(E66,Sheet1!B:C,2,FALSE) -> ARABIA SAUDITA | G66: =+LEFT(F66,1)&LOWER(RIGHT(F66,LEN(F66)-1)) -> Arabia saudita
A67: Singapore | C67: =+VLOOKUP(A67,Sheet1!D:E,2,FALSE) -> 702 | E67: 702 | F67: =+VLOOKUP(E67,Sheet1!B:C,2,FALSE) -> SINGAPURA | G67: =+LEFT(F67,1)&LOWER(RIGHT(F67,LEN(F67)-1)) -> Singapura
A68: South Africa | C68: =+VLOOKUP(A68,Sheet1!D:E,2,FALSE) -> 710 | E68: 710 | F68: =+VLOOKUP(E68,Sheet1!B:C,2,FALSE) -> AFRICA DO SUL | G68: =+LEFT(F68,1)&LOWER(RIGHT(F68,LEN(F68)-1)) -> Africa do sul
A69: Sri Lanka | C69: =+VLOOKUP(A69,Sheet1!D:E,2,FALSE) -> 144 | E69: 144 | F69: =+VLOOKUP(E69,Sheet1!B:C,2,FALSE) -> SRI LANKA | G69: =+LEFT(F69,1)&LOWER(RIGHT(F69,LEN(F69)-1)) -> Sri lanka
A70: Syria | B70: SIRIA | C70: =+VLOOKUP(A70,Sheet1!D:E,2,FALSE) -> #N/A | D70: =+VLOOKUP(A70,Sheet1!C:E,3,FALSE) -> #N/A | E70: 760 | F70: =+VLOOKUP(E70,Sheet1!B:C,2,FALSE) -> SIRIA | G70: =+LEFT(F70,1)&LOWER(RIGHT(F70,LEN(F70)-1)) -> Siria
A71: Taiwan, China | B71: CHINA, REPUBLICA POPULAR DA | C71: =+VLOOKUP(A71,Sheet1!D:E,2,FALSE) -> #N/A | D71: =+VLOOKUP(A71,Sheet1!C:E,3,FALSE) -> #N/A | E71: 158 | F71: =+VLOOKUP(E71,Sheet1!B:C,2,FALSE) -> #N/A | G71: =+LEFT(F71,1)&LOWER(RIGHT(F71,LEN(F71)-1)) -> #N/A
A72: Tajikistan | B72: TAJAQUISTAO | C72: =+VLOOKUP(A72,Sheet1!D:E,2,FALSE) -> 762 | E72: 762 | F72: =+VLOOKUP(E72,Sheet1!B:C,2,FALSE) -> TAJAQUISTAO | G72: =+LEFT(F72,1)&LOWER(RIGHT(F72,LEN(F72)-1)) -> Tajaquistao
A73: Tanzania | B73: TANZANIA | C73: =+VLOOKUP(A73,Sheet1!D:E,2,FALSE) -> #N/A | D73: =+VLOOKUP(A73,Sheet1!C:E,3,FALSE) -> 834 | E73: 834 | F73: =+VLOOKUP(E73,Sheet1!B:C,2,FALSE) -> TANZANIA | G73: =+LEFT(F73,1)&LOWER(RIGHT(F73,LEN(F73)-1)) -> Tanzania
A74: Thailand | C74: =+VLOOKUP(A74,Sheet1!D:E,2,FALSE) -> 764 | E74: 764 | F74: =+VLOOKUP(E74,Sheet1!B:C,2,FALSE) -> TAILANDIA | G74: =+LEFT(F74,1)&LOWER(RIGHT(F74,LEN(F74)-1)) -> Tailandia
A75: Tunisia | C75: =+VLOOKUP(A75,Sheet1!D:E,2,FALSE) -> 788 | E75: 788 | F75: =+VLOOKUP(E75,Sheet1!B:C,2,FALSE) -> TUNISIA | G75: =+LEFT(F75,1)&LOWER(RIGHT(F75,LEN(F75)-1)) -> Tunisia
A76: Turkey | C76: =+VLOOKUP(A76,Sheet1!D:E,2,FALSE) -> 792 | E76: 792 | F76: =+VLOOKUP(E76,Sheet1!B:C,2,FALSE) -> TURQUIA | G76: =+LEFT(F76,1)&LOWER(RIGHT(F76,LEN(F76)-1)) -> Turquia
A77: Turkmenistan | C77: =+VLOOKUP(A77,Sheet1!D:E,2,FALSE) -> 795 | E77: 795 | F77: =+VLOOKUP(E77,Sheet1!B:C,2,FALSE) -> TURKMENISTAN | G77: =+LEFT(F77,1)&LOWER(RIGHT(F77,LEN(F77)-1)) -> Turkmenistan
A78: Uganda | C78: =+VLOOKUP(A78,Sheet1!D:E,2,FALSE) -> 800 | E78: 800 | F78: =+VLOOKUP(E78,Sheet1!B:C,2,FALSE) -> UGANDA | G78: =+LEFT(F78,1)&LOWER(RIGHT(F78,LEN(F78)-1)) -> Uganda
A79: United Arab Emirates | C79: =+VLOOKUP(A79,Sheet1!D:E,2,FALSE) -> 784 | E79: 784 | F79: =+VLOOKUP(E79,Sheet1!B:C,2,FALSE) -> EMIRATOS ARABES UNIDOS | G79: =+LEFT(F79,1)&LOWER(RIGHT(F79,LEN(F79)-1)) -> Emiratos arabes unidos
A80: Vietnam | B80: VIETNAME | C80: =+VLOOKUP(A80,Sheet1!D:E,2,FALSE) -> #N/A | D80: =+VLOOKUP(A80,Sheet1!C:E,3,FALSE) -> #N/A | E80: 704 | F80: =+VLOOKUP(E80,Sheet1!B:C,2,FALSE) -> VIETNAME | G80: =+LEFT(F80,1)&LOWER(RIGHT(F80,LEN(F80)-1)) -> Vietname
A81: Yemen | C81: =+VLOOKUP(A81,Sheet1!D:E,2,FALSE) -> 887 | E81: 887 | F81: =+VLOOKUP(E81,Sheet1!B:C,2,FALSE) -> YEMEN | G81: =+LEFT(F81,1)&LOWER(RIGHT(F81,LEN(F81)-1)) -> Yemen
A82: Austria | C82: =+VLOOKUP(A82,Sheet1!D:E,2,FALSE) -> 040 | E82: 040 | F82: =+VLOOKUP(E82,Sheet1!B:C,2,FALSE) -> AUSTRIA | G82: =+LEFT(F82,1)&LOWER(RIGHT(F82,LEN(F82)-1)) -> Austria
A83: Cyprus | C83: =+VLOOKUP(A83,Sheet1!D:E,2,FALSE) -> 196 | E83: 196 | F83: =+VLOOKUP(E83,Sheet1!B:C,2,FALSE) -> CHIPRE | G83: =+LEFT(F83,1)&LOWER(RIGHT(F83,LEN(F83)-1)) -> Chipre
A84: Estonia | C84: =+VLOOKUP(A84,Sheet1!D:E,2,FALSE) -> 233 | E84: 233 | F84: =+VLOOKUP(E84,Sheet1!B:C,2,FALSE) -> ESTONIA | G84: =+LEFT(F84,1)&LOWER(RIGHT(F84,LEN(F84)-1)) -> Estonia
A85: Norway | C85: =+VLOOKUP(A85,Sheet1!D:E,2,FALSE) -> 578 | E85: 578 | F85: =+VLOOKUP(E85,Sheet1!B:C,2,FALSE) -> NORUEGA | G85: =+LEFT(F85,1)&LOWER(RIGHT(F85,LEN(F85)-1)) -> Noruega
A86: Switzerland | C86: =+VLOOKUP(A86,Sheet1!D:E,2,FALSE) -> 756 | E86: 756 | F86: =+VLOOKUP(E86,Sheet1!B:C,2,FALSE) -> SUICA | G86: =+LEFT(F86,1)&LOWER(RIGHT(F86,LEN(F86)-1)) -> Suica
A87: European Union
A88: South Korea | E88: 411
