Workbook

Sheet 0_ReadMe
B2: Concentration Risk
B4: GENERAL INSTRUCTIONS
B6: The major purpose of the sheets is to collect information about exposure concentration in the Loan and advances portfolio. For this objective, two kind of information will be collected with different granularity and scope. All exposures in the scope are PERFORMING exposures.
B7: The worksheet labelled "1_ConcRisk-HHI" is regarding thewhole requested portfolio, gathering information about gross exposures and Herfindahl Index with a breakdown similar to that used in the FINREP template F18.00.a., but with the treatment for the exposures and for the HHI index as described in section (i) of the detailed instructions. ITS instructions regarding F18.00.a scope should be used as starting point to build the portfolios, and should be complemented with the detailed instructions provided in this excel file.
B8: The worksheet labelled "2_DetailNFC-HHI_NACE" requests a different breakdown for the counterparties assigned to the Non Financial Corporates portfolio. This breakdown is aligned with the FINREP template F06.00 (Breakdown by NACE code) and the information requested in this worksheet must be aligned with the information provided in "1_ConcRisk-HHI" for the NFC portfolio.
B9: The information requested in the worksheet "3_ConcRisk-NFC" is the detailed information for the 100 largest obligors assigned to the NFC portfolio, and aligned with the information provided in the sheet "2_DetailNFC-HHI_NACE". The obligors in this sheet should be reported with the same criteria and aggregation at obligor level used to compile the "2_DetailNFC-HHI_NACE", and Name and Identification code (LEI if available, otherwise internal ID) for each reported obligor is required.
B11: In the last worksheet ('4_Comments'), banks should indicate what main assumptions have been used in order to complete the templates.
B12: Additionally, banks should provide answers to the following questions:
B13: 1) Which kind of quality assurance processes were performed on this information and which was the organizational unit in charge of them?
B14: 2) Which major findings from this validation process should be highlighted?
B16: Only fields marked with yellow background should be filled in.
B17: Please note that there is a general validation rule in place in CASPER that requires all expected data points to be reported. If any expected data points are missing, regardless of the specific cases, the validation rule will be triggered. In the event that you have not reported an expected data point due to it not applying or due to specific circumstances, you are required to provide a comment in the discussion tab in CASPER explaining the reason for not reporting that specific data point.
... B30: ** In the case of a non performing exposure, please only exclude the non-performing facility while still reporting the remaining facilities of the obligor.

Sheet 1_ConcRisk-HHI
B2: CONCENTRATION RISK
B4: Country: (two letter ISO code)
B6: Bank RIAD MFI code
B8: Bank LEI code
B10: Bank: (name)
B12: Reference date: T (dd/mm/yyyy format)
B14: Level of consolidation:
B17: (Exposure values to be reported in Thousand Euros)
B18: Portfolio | D18: Total gross nominal exposure value | F18: Herfindahl index (all obligors)
E19: % of Entire Portfolio
B20: Loans and Advances (Entire Portfolio) | D20: =SUM(D21:D26) -> 0 | F20: =IFERROR(SUMPRODUCT(D21:D26,D21:D26,F21:F26)/D20^2,"")
B21: Central Banks | E21: =IFERROR(D21/$D$20,"")
B22: General Governments | E22: =IFERROR(D22/$D$20,"")
B23: Credit institutions | E23: =IFERROR(D23/$D$20,"")
B24: Other Financial Corporations | E24: =IFERROR(D24/$D$20,"")
B25: Non Financial Corporations | D25: ='2_DetailNFC-HHI_NACE'!C18 -> 0 | E25: =IFERROR(D25/$D$20,"") | F25: ='2_DetailNFC-HHI_NACE'!D18
B26: Households | E26: =IFERROR(D26/$D$20,"")
B28: Comments (To be filled in case of variation greater than 45 bpp in comparison to previous quarter values of HHI indexes)

Sheet 2_DetailNFC-HHI_NACE
B2: CONCENTRATION RISK
B4: Country: (two letter ISO code) | C4: =IF(ISBLANK('1_ConcRisk-HHI'!$D4),"",'1_ConcRisk-HHI'!$D4)
B6: Bank RIAD MFI code | C6: =IF(ISBLANK('1_ConcRisk-HHI'!$D6),"",'1_ConcRisk-HHI'!$D6)
B8: Bank LEI code | C8: =IF(ISBLANK('1_ConcRisk-HHI'!$D8),"",'1_ConcRisk-HHI'!$D8)
B10: Bank: (name) | C10: =IF(ISBLANK('1_ConcRisk-HHI'!$D10),"",'1_ConcRisk-HHI'!$D10)
B12: Reference date: T (dd/mm/yyyy format) | C12: =IF(ISBLANK('1_ConcRisk-HHI'!$D12),"",'1_ConcRisk-HHI'!$D12)
B14: Level of consolidation: | C14: =IF(ISBLANK('1_ConcRisk-HHI'!$D14),"",'1_ConcRisk-HHI'!$D14)
B17: (Exposure values to be reported in Thousand Euros) | C17: Total gross nominal exposure value | D17: Herfindahl index (all obligors)
B18: Loans and Advances (Non Financial Corporations) | C18: =IF(COUNTIF(C19:C37,"<>.p")=0,".p", SUM(C19:C37)) -> 0 | D18: =IFERROR(IF(C18=".p",".p",SUMPRODUCT(C19:C37,C19:C37,D19:D37)/C18^2),"")
B19: A Agriculture, forestry and fishing
B20: B Mining and quarrying
B21: C Manufacturing
B22: D Electricity, gas, steam and air conditioning supply
B23: E Water supply
B24: F Construction
B25: G Wholesale and retail trade
B26: H Transport and storage
B27: I Accommodation and food service activities
B28: J Information and communication
B29: K Financial and insurance activities
B30: L Real estate activities
... B37: S Other services

Sheet 3_ConcRisk-NFC
B2: CONCENTRATION RISK
B4: Country: (two letter ISO code) | D4: =IF(ISBLANK('1_ConcRisk-HHI'!$D4),"",'1_ConcRisk-HHI'!$D4)
B6: Bank RIAD MFI code | D6: =IF(ISBLANK('1_ConcRisk-HHI'!$D6),"",'1_ConcRisk-HHI'!$D6)
B8: Bank LEI code | D8: =IF(ISBLANK('1_ConcRisk-HHI'!$D8),"",'1_ConcRisk-HHI'!$D8)
B10: Bank: (name) | D10: =IF(ISBLANK('1_ConcRisk-HHI'!$D10),"",'1_ConcRisk-HHI'!$D10)
B12: Reference date: T (dd/mm/yyyy format) | D12: =IF(ISBLANK('1_ConcRisk-HHI'!$D12),"",'1_ConcRisk-HHI'!$D12)
B14: Level of consolidation: | D14: =IF(ISBLANK('1_ConcRisk-HHI'!$D14),"",'1_ConcRisk-HHI'!$D14)
B16: (EUR thousands)
B18: Obligor Name | C18: Gross Nominal Exposure Value (EUR thousands, descending order) | D18: LEI Code of Counterparty (or other ID, if LEI not available)
A19: 1
A20: 2
A21: 3
A22: 4
A23: 5
A24: 6
A25: 7
A26: 8
A27: 9
A28: 10
A29: 11
A30: 12
... A118: 100
A119: .

Sheet 4_Comments
B2: COMMENTS
B4: Please provide here any comment of relevance to the data collected in this template.
B7: Please indicate what main assumptions have been used in order to complete the templates. Which kind of quality assurance processes were performed on this information, which was the organizational unit in charge of them and which major findings from this validation process should be highlighted?
