Workbook

Sheet 1. Análise
B7: 1A. Análise Ficheiros (# de registos)
B9: Steps do processo | C9: Dez 24 | D9: Jun 24 | E9: Dez 23 | F9: Jun 23 | G9: Dez 22 | H9: Jun 22 | J9: Ficheiros carregados no DL: - bu_esg_work.gloval_jun22 (292.710 registos) - bu_esg_work.gloval_recebido_jun22 (292.710 registos) - bu_esg_work.gloval_dez22 (12.990 registos) - bu_esg_work.gloval_jun23 (174.698 registos: Entrega 1 + Atualizações (entrega 3)) - bu_esg_work.gloval_envio_jun23 (9.818 registos) - bu_esg_work.gloval_dez23 (146.884 registos: Entrega 1 + Entrega 2 + Atualizações (entrega 3)) - bu_esg_work.dez23_atu_v2 (3.126 registos: Atualizações) - bu_esg_work.gloval_jun24 (153.818 registos: Entrega 1 + Entrega 2 + Atualizações (entrega 3)) - bu_esg_work.gloval_dez24 (151.674 registos: Entrega 1 + Entrega 2 + Atualizações (entrega 3)) Chaves Gloval Duplicadas Detalhe na sheet 1A_Aux1 (na sheet 1A_Aux2 encontra-se a análise dos dados duplicados enviados a Jun22) Chaves Duplicadas (entre envios) Detalhe na sheet 1A_Aux3 - 88 Chaves Gloval enviadas em Dezembro de 2022 e em Junho de 2023 - 19 Chaves Gloval enviadas em Junho de 2023 e em Dezembro de 2023 - 1 Chave Gloval enviada em Junho de 2022 e em Junho de 2024
B10: Dados enviados | C10: 16048 | D10: 20206 | E10: 11011 | F10: 9818
B11: Envio 1 | C11: 16029 | D11: 20172 | E11: 10956 | F11: 9818
B12: Envio 2 | C12: 19 | D12: 34 | E12: 55
B13: Dados recebidos | C13: 16048 | D13: 20206 | E13: 11011 | F13: 9818 | G13: 12990 | H13: 292710
B14: Entrega 1 | C14: 16029 | D14: 20172 | E14: 10956 | F14: 9818 | G14: 12990 | H14: 292710
B15: Entrega 2 | C15: 19 | D15: 34 | E15: 55
B16: Atualizações | C16: 135626 | D16: 133612 | E16: 138999 | F16: 164880
B17: Chaves Gloval Duplicadas | C17: 0 | D17: 115 | E17: 72 | F17: 128 | G17: 0 | H17: 152
B18: Entrega 1 | C18: 0 | D18: 0 | E18: 0 | F18: 0 | G18: 0 | H18: 152
B19: Entrega 2 | C19: 0 | D19: 0 | E19: 0
B20: Atualizações | C20: 0 | D20: 115 | E20: 72 | F20: 128
B21: Chaves Duplicadas (entre envios) | D21: 1 | E21: 19 | F21: 88
B23: 2A. Análise Tradutor Chaves - DL (# de registos)
B25: Steps do processo | C25: Dez 24 | D25: Jun 24 | E25: Dez 23 | F25: Jun 23 | G25: Dez 22 | H25: Jun 22 | J25: Tabela em análise bu_esg_work.kt_chave_gloval Análise Detalhe na sheet 2A_Aux1 - 1 Chave que no ficheiro aparece em Jun/22 e no tradutor em Jun/24: 3E9D07AE57E8272A1F390338ACFB0B5109270C31B43B499CC43E4FD1BFEC9D64 - 1.075 Chaves que aparecem no ficheiro mas nunca aparecem no tradutor.
B26: Dados recebidos | C26: 16048 | D26: 20206 | E26: 11011 | F26: 9818 | G26: 11915 | H26: 292557
B27: Chave Gloval enviada | C27: 16048 | D27: 20206 | E27: 11011 | F27: 9818 | G27: 11915 | H27: 292557
B28: Conciliação das chaves | C28: OK | D28: OK | E28: OK | F28: OK | G28: NOK | H28: NOK
B29: Verificação (com 1A) | C29: 0 | D29: 0 | E29: 0 | F29: 0 | G29: =+G13-G26 -> 1075 | H29: =+H13-H17-H26 -> 1
B31: 2B. Análise Tradutor Chaves - Duplicados
B33: Steps do processo | C33: Dez 24 | D33: Jun 24 | E33: Dez 23 | F33: Jun 23 | G33: Dez 22 | H33: Jun 22 | J33: Relação entre Chave Gloval e Chave Banco - 1 Chave NOK: 147B723F2C37A7F36304C30DF4EBFB7F55C513E191C88AB1B1DA0DDA7DCF7952 --> 000016530870000000000000000000 --> 000016530870000000000001005746 Chaves Gloval Duplicadas (entre envios) Detalhe na sheet 2B_Aux1
B34: Relação entre Chave Gloval e Chave Banco | C34: OK | D34: OK | E34: OK | F34: OK | G34: OK | H34: NOK
B35: # de Registos | C35: 0 | D35: 0 | E35: 0 | F35: 0 | G35: 0 | H35: 1
B36: Chaves Duplicadas (entre envios) | C36: OK | D36: OK | E36: NOK | F36: NOK | G36: OK | H36: OK
B37: # de Registos | C37: 0 | D37: 0 | E37: 19 | F37: 88 | G37: 0 | H37: 0
B39: 2C. Análise Tradutor Chaves - Obtenção do CEMPBEM
B41: Steps do processo | C41: Dez 24 | D41: Jun 24 | E41: Dez 23 | F41: Jun 23 | G41: Dez 22 | H41: Jun 22 | J41: Chaves Gloval Duplicadas (entre envios) Detalhe na sheet 2C_Aux1
B42: Relação entre Chave Banco e MUG (ou MBI) | C42: OK | D42: OK | E42: OK | F42: OK | G42: NOK | H42: NOK
B43: # de Registos | C43: 0 | D43: 0 | E43: 0 | F43: 0 | G43: 7 | H43: 6933
B45: 3. Dados a importar (após tratamentos)
B47: Steps do processo | C47: Dez 24 | D47: Jun 24 | E47: Dez 23 | F47: Jun 23 | G47: Dez 22 | H47: Jun 22 | J47: Tabelas criadas no DL
B48: Envios | C48: OK | D48: OK | E48: OK | F48: OK | G48: NOK | H48: NOK
B49: Atualizações | C49: 0 | D49: 0 | E49: 0 | F49: 0 | G49: 7 | H49: 6933

Sheet 2. Pressupostos 
B7: Em detrimento da análise aos ficheiros da Gloval (sheet "1. Análise") foram considerados os seguintes pressupostos em função dos temas identificados.
B9: ID | C9: Rácio | D9: Tabela importada no front-end | E9: # de Registos | F9: Issue detetado | G9: Medida de resolução
B10: #1 | C10: Aplicado a todos os rácios. | D10: Não aplicável | E10: Não aplicável | F10: Chaves internas do Banco (detalhe nas sheet 2C_Aux1). | G10: 1. Para a obtenção das chaves internas do Banco foram consideradas as relações (variávies chave_banco_atual e chave_gloval_enviada) presentes no tradutor de chaves (bu_esg_work.kt_chave_gloval) com os seguintes tratamentos: ▪ cempbem - Cruzamento do tradutor de chaves com o MUG e MBI para identificar o cempbem (não foi possivel cruzar 6.940 imóveis, como pressuposto foi considerado '31' / detalhe na sheet 2C_Aux1) ▪ ckbalbem - Se o tamanho da chave for 30 então foram considerados os primeiros 4 digitos da chave_banco_atual. ▪ ckctabem - Se o tamanho da chave for 30 então foram considerados os 11 digitos da chave_banco_atual após a posição 5. ▪ ckrefbem - Se o tamanho da chave for 30 então foram considerados os 15 digitos da chave_banco_atual após a posição 16. 2. Para as relações não presentes no tradutor de chaves foram consideras as relaçoes presentes na tabela bu_esg_work.envio_gloval_dez22_v2 (1.075 chaves / detalhe na sheet 2A_Aux1). Denote-se que nesta tabela estas chaves estão assinaladas com a flag de adjudicados. 3. Para todas as chaves com tamanho diferente de 30 (1.200 chaves / detalhe na sheet 3_Aux2) foram consideradas as variaveis cempbem, ckctabem e ckrefbem a null (carregado a vazio no font-end) e a variável ckbalbem com a chave. Denote-se que os adjudicados foram alvo deste tratamento e por este motivo (aquando a integração destas chaves nos sistemas do Banco) será necessário a revisão das mesmas nos ficheiros carregados no front-end. 4. Para a chave Gloval 147B723F2C37A7F36304C30DF4EBFB7F55C513E191C88AB1B1DA0DDA7DCF7952 foi considerada a chave banco 000016530870000000000000000000 em virtude de apenas esta constar no MUG (a chave 000016530870000000000001005746 foi desvinculada desta chave Gloval).
B11: #2 | C11: Junho de 2022 | D11: BU_ESG_WORK.GLOVAL_TRAT_JUN22 | E11: 292710 | F11: 152 Chaves Gloval duplicadas no envio (detalhe na sheet 1A_Aux2). | G11: Foram carregadas as 152 chaves no front-end. Destas 152 chaves apenas 1 chave tem impacto no processo de aprovisionamento da tabela de output de certificados, uma vez que, os valores recebidos pela Gloval são distintos (na tabela de output é realizado o tratamento destes casos de modo a escolher o pior registo (abordagem conservadora)).
B12: #3 | C12: Dezembro de 2022 | D12: BU_ESG_WORK.GLOVAL_TRAT_DEZ22 | E12: 12990 | F12: 1.075 Chaves sem cruzamento com o Tradutor de Chaves (detalhe na sheet 1A_Aux2). | G12: Foram consideradas as chaves internas do banco presentes na tabela bu_esg_work.envio_gloval_dez22_v2. Denote-se que estes imóveis incidiram no tratatamento descrito no ID #1.
B13: #4 | C13: Junho de 2023 | D13: BU_ESG_WORK.GLOVAL_TRAT_JUN23 | E13: 9818 | F13: 88 Chaves Gloval enviadas em 2 rácios distintos (consideradas no rácio de Dezembro de 2022 e no rácio de Dezembro de 2023 (detalhe na sheet 1A_Aux3)). | G13: Foram carregadas as 88 chaves no front-end. Para estas 88 chaves o processo de aprovisionamento da tabela de output de certificados ignora os dados recebidos da Gloval no rácio de Dezembro de 2022, exceto: ▪ 6 chaves (detalhe na sheet 3_Aux1) - Estas chaves foram enviadas em Dezembro de 2022 e em Junho de 2023. No entanto, em Junho de 2023 a Gloval enviou a atualização destas 6 chaves (considerado nos registos do ID #5), e por conseguinte, o processo de aprovisionamento da tabela de output de certificados irá considerar o valor desta atualização ao invés dos dados recebidos associados ao envio de Junho de 2023.
B14: #5 | C14: Junho de 2023 - Atualizações | D14: BU_ESG_WORK.GLOVAL_TRAT_JUN23_ATU | E14: 164753 | F14: 128 Chaves Gloval duplicadas (detalhe na sheet 1A_Aux1). | G14: Das 128 chaves Gloval (que corresponde a 256 linhas no ficheiro de origem) foram carregadas no front-end: ▪ 127 chaves Gloval apenas com 1 linha (uma vez que os dados recebidos pela Gloval foram iguais) ▪ 1 chave Gloval com 2 linhas (uma vez que os dados recebidos pela Gloval foram diferentes) - Para este caso o processo de aprovisionamento da tabela de output de certificados considera o pior registo (abordagem conservadora) - detalhe na sheet 3_Aux1. Denote-se que todas estas chaves correspondem as chaves que foram enviadas 2x no rácio de Junho de 2022.
B15: #6 | C15: Dezembro de 2023 | D15: BU_ESG_WORK.GLOVAL_TRAT_DEZ23 | E15: 11011 | F15: 19 Chaves Gloval enviadas em 2 rácios distintos (consideradas no rácio de Junho de 2023 e no rácio de Dezembro de 2023 (detalhe na sheet 1A_Aux3)). | G15: Foram carregadas as 19 chaves no front-end. Para estas 19 chaves o processo de aprovisionamento da tabela de output de certificados ignora os dados recebidos da Gloval no rácio de Junho de 2023.
B16: #7 | C16: Dezembro de 2023 - Atualizações | D16: BU_ESG_WORK.GLOVAL_TRAT_DEZ23_ATU | E16: 138928 | F16: 72 Chaves Gloval duplicadas (detalhe na sheet 1A_Aux1). | G16: Das 72 chaves Gloval (que corresponde a 144 linhas no ficheiro de origem) foram carregadas no front-end: ▪ 71 chaves Gloval apenas com 1 linha (uma vez que os dados recebidos pela Gloval foram iguais) ▪ 1 chave Gloval com 2 linhas (uma vez que os dados recebidos pela Gloval foram diferentes) - Para este caso o processo de aprovisionamento da tabela de output de certificados considera o pior registo (abordagem conservadora) - detalhe na sheet 3_Aux1. Denote-se que todas estas chaves correspondem as chaves que foram enviadas 2x no rácio de Junho de 2022. A chave Gloval com 2 valores distintos é a mesma chave identificada na atualização de Junho de 2023.
B17: #8 | C17: Junho de 2024 | D17: BU_ESG_WORK.GLOVAL_TRAT_JUN24 | E17: 20206 | F17: 1 Chave Gloval enviada em 2 rácios distintos (consideradas no rácio de Junho de 2022 e no rácio de Junho de 2024 (detalhe na sheet 1A_Aux3)). | G17: Foi carregado esta chave no front-end. Para esta chave o processo de aprovisionamento da tabela de output de certificados ignora os dados recebidos da Gloval no rácio de Junho de 2022.
B18: #9 | C18: Junho de 2024 - Atualizações | D18: BU_ESG_WORK.GLOVAL_TRAT_JUN24_ATU | E18: 133498 | F18: 115 Chaves Gloval duplicadas (detalhe na sheet 1A_Aux1). | G18: Das 115 chaves Gloval (que corresponde a 144 linhas no ficheiro de origem) foram carregadas no front-end: ▪ 114 chaves Gloval apenas com 1 linha (uma vez que os dados recebidos pela Gloval foram iguais) ▪ 1 chave Gloval com 2 linhas (uma vez que os dados recebidos pela Gloval foram diferentes) - Para este caso o processo de aprovisionamento da tabela de output de certificados considera o pior registo (abordagem conservadora) - detalhe na sheet 3_Aux1. Denote-se que todas estas chaves correspondem as chaves que foram enviadas 2x no rácio de Junho de 2022. A chave Gloval com 2 valores distintos é a mesma chave identificada na atualização de Junho de 2023.
B19: #10 | C19: Dezembro de 2024 | D19: BU_ESG_WORK.GLOVAL_TRAT_DEZ24 | E19: 16048 | F19: Não aplicável | G19: Não aplicável
B20: #11 | C20: Dezembro de 2024 - Atualizações | D20: BU_ESG_WORK.GLOVAL_TRAT_DEZ24_ATU | E20: 135626 | F20: Não aplicável | G20: Não aplicável

Sheet 3. Incidências >>
F48: Chave interna do Banco (detalhe nas sheet 2C_Aux1) | J48: Como ponto de partida para obtanção da chave interna do Banco foi considerado o tradutor de chaves presente no DL com os seguintes tratamentos: ▪ cempbem - Cruzamento do tradutor de chaves com o MUG e MBI para identificar o CEMBEM (não foi possivel cruzar 6.940 imóveis e para este foi considerado '31') ▪ ckbalbem - Se o tamanho da chave for 30 então foi considerado os primeiros 4 digitos da chave_banco_atual. ▪ ckctabem - Se o tamanho da chave for 30 então foram considerados os 11 digitos da chave_banco_atual após a posição 5. ▪ ckrefbem - Se o tamanho da chave for 30 então foram considerados os 15 digitos da chave_banco_atual após a posição 16. Todas as chaves com o tamnho diferente de 30 (adjudicados) foram consideradas as variaveis cempbem, ckctabem e ckrefbem a null e a variável ckbalbem com a chave.
B49: 2. Rácio Junho de 2022 | F49: 152 Chaves Gloval duplicadas no envio (detalhe na sheet 1A_Aux2)
B50: 3. Rácio Dezembro de 2022 | F50: 1.075 Chaves sem cruzamento com o Tradutor de Chaves (detalhe na sheet 1A_Aux2)

Sheet 1A_Aux1
B2: Chaves Gloval Duplicadas (# de registos) | C2: =+COUNTIF($C$4:$C$155,"Sim") -> 152 | D2: =+COUNTIF($D$4:$D$155,"Sim") -> 128 | E2: =+COUNTIF($E$4:$E$155,"Sim") -> 72 | F2: =+COUNTIF($F$4:$F$155,"Sim") -> 115
B3: CHAVE_GLOVAL | C3: JUNHO DE 2022 | D3: JUNHO DE 23 | E3: DEZEMBRO DE 23 | F3: JUNHO DE 24
B4: 38026D1FDF52EA1B39A13A4F0B2A015FCA67E873CD96D8D0FF49C00FEA193641 | C4: Sim | D4: Sim | E4: Sim | F4: Sim
B5: 147B723F2C37A7F36304C30DF4EBFB7F55C513E191C88AB1B1DA0DDA7DCF7952 | C5: Sim | D5: Sim | E5: Não | F5: Não
B6: 686BFDF1AAF0B98ADB7EC8B6D093BEA3936AD861FBCAF36643C9FD7E71C951AA | C6: Sim | D6: Sim | E6: Sim | F6: Sim
B7: 1C5E30DF11D101C67E5B0F79960497F7547501981D9EEFA39090B05AC5DFF576 | C7: Sim | D7: Sim | E7: Sim | F7: Sim
B8: 3126FE706251B1DDFC0A98B7A28E96AD6B58FCD37C1F114846EE0C27FA3DD3D9 | C8: Sim | D8: Sim | E8: Sim | F8: Sim
B9: 9A1E45754A598E1B41BF858488766399EAFD154CA68CA6F6B7A88C13C8423E3D | C9: Sim | D9: Sim | E9: Não | F9: Sim
B10: A357883D729C432D922CDB7572FA0622374430051614621355FC475CB018E905 | C10: Sim | D10: Sim | E10: Não | F10: Sim
B11: EACF9288096347477FEE5FEAAB586E63E5E1B44D4D228608B927445E63D40E40 | C11: Sim | D11: Sim | E11: Não | F11: Sim
B12: BF0EC9A069B55B0CBCAFD7A96377932A5DAC1FB9D5CC72AEDD85E0A5F3F2E2AE | C12: Sim | D12: Não | E12: Não | F12: Não
B13: EDA34BBE02FF77E84F4CBA005F712B76D852AB49692992F78AE452CD1978043C | C13: Sim | D13: Sim | E13: Não | F13: Não
B14: E1F1D80B32E4E30B072DCB107649D56AD0A7A75F4A613339712E85FAF9FFD9B0 | C14: Sim | D14: Sim | E14: Sim | F14: Sim
... B155: 30B8270FE7A5ADD99AA087FF0B13AC6E19C3355F4A133838A1C15F0C0176A1EF | C155: Sim | D155: Sim | E155: Sim | F155: Sim

Sheet 1A_Aux2
B2: 1. DADOS AUX=1 | AR2: 2. DADOS AUX=2 | CH2: 3. Validação
CH3: =+SUM(CH5:CH156) -> 0 | CI3: =+SUM(CI5:CI156) -> 0 | CJ3: =+SUM(CJ5:CJ156) -> 1 | CK3: =+SUM(CK5:CK156) -> 0 | CL3: =+SUM(CL5:CL156) -> 1 | CM3: =+SUM(CM5:CM156) -> 1 | CN3: =+SUM(CN5:CN156) -> 2 | CO3: =+SUM(CO5:CO156) -> 0 | ... DO3: =+SUM(DO5:DO156) -> 82 | DR3: =+SUM(DR5:DR156) -> 82 | DU3: =+SUM(DU5:DU156) -> 0 | DV3: =+SUM(DV5:DV156) -> 0 | DW3: =+SUM(DW5:DW156) -> 1 | DX3: =+SUM(DX5:DX156) -> 1
B4: chave_banco | C4: chave_gloval | D4: codigo_distrito | E4: nombre_distrito | F4: codigo_concejo | G4: nombre_concejo | H4: codigo_freguesia | I4: nombre_freguesia | J4: localidade | K4: tipo_via | L4: nombre_tipo_via | M4: nombre_via | N4: numero_via | O4: lote | P4: urbanizacion | Q4: caglurb | R4: resto_direccion | S4: latitud | T4: longitud | U4: codigo_postal | V4: subcodigo_postal | W4: assuperficie_util | X4: anio_construccion | Y4: tipo_inmueble_habitacao | Z4: piso_apartamento | AA4: casa_unifamiliar | AB4: tipo_inmueble_comercio_servicos | AC4: nome_conservatoria | AD4: cod_conservatoria | AE4: registro_conservatoria | AF4: art_matriciais | AG4: fraccao_autonoma | AH4: finalidade_bem | AI4: class_gpt31 | AJ4: class_stclim | AK4: conf_stclim | AL4: fiabilidad | AM4: clase_energetica | AN4: emisiones | AO4: consumos | AP4: AUX | AR4: chave_banco | AS4: chave_gloval | AT4: codigo_distrito | AU4: nombre_distrito | AV4: codigo_concejo | AW4: nombre_concejo | AX4: codigo_freguesia | AY4: nombre_freguesia | AZ4: localidade | BA4: tipo_via | BB4: nombre_tipo_via | BC4: nombre_via | BD4: numero_via | BE4: lote | BF4: urbanizacion | BG4: caglurb | BH4: resto_direccion | BI4: latitud | BJ4: longitud | BK4: codigo_postal | BL4: subcodigo_postal | BM4: assuperficie_util | BN4: anio_construccion | BO4: tipo_inmueble_habitacao | BP4: piso_apartamento | BQ4: casa_unifamiliar | BR4: tipo_inmueble_comercio_servicos | BS4: nome_conservatoria | BT4: cod_conservatoria | BU4: registro_conservatoria | BV4: art_matriciais | BW4: fraccao_autonoma | BX4: finalidade_bem | BY4: class_gpt31 | BZ4: class_stclim | CA4: conf_stclim | CB4: fiabilidad | CC4: clase_energetica | CD4: emisiones | CE4: consumos | CF4: AUX | CH4: chave_gloval | CI4: codigo_distrito | CJ4: nombre_distrito | CK4: codigo_concejo | CL4: nombre_concejo | CM4: codigo_freguesia | CN4: nombre_freguesia | CO4: localidade | CP4: tipo_via | CQ4: nombre_tipo_via | CR4: nombre_via | CS4: numero_via | CT4: lote | CU4: urbanizacion | CV4: caglurb | CW4: resto_direccion | CX4: latitud | CY4: longitud | CZ4: codigo_postal | DA4: subcodigo_postal | DB4: assuperficie_util | DC4: anio_construccion | DD4: tipo_inmueble_habitacao | DE4: piso_apartamento | DF4: casa_unifamiliar | DG4: tipo_inmueble_comercio_servicos | DH4: nome_conservatoria | DI4: cod_conservatoria | DJ4: registro_conservatoria | DK4: art_matriciais | DL4: fraccao_autonoma | DM4: finalidade_bem | DN4: class_gpt31 | DO4: class_stclim | DP4: aux_1 | DQ4: aux_2 | DR4: conf_stclim | DS4: aux_1 | DT4: aux_2 | DU4: fiabilidad | DV4: clase_energetica | DW4: emisiones | DX4: consumos | DY4: DIFERENÇAS | DZ4: BLANKS AUX1 | EA4: BLANKS AUX2 | EB4: AUX | EC4: COMENTÁRIO NYD
C5: 04F692D4253F3BA1E5009AD93B0012A2D4323296E57CA4B81FC3A72D9BC1F9F5 | D5: 110000 | E5: LISBOA | F5: 110600 | G5: LISBOA | H5: 110623 | I5: NOSSA SENHORA DE FÁTIMA | J5: LISBOA | K5: 02 | L5: AVENIDA | M5: REPÚBLICA | N5: 77 A | Q5: AVENIDA | R5: 2948 A | U5: 1050 | V5: 243 | W5: 4515 | X5: 2000 | Y5: 0 | Z5: 0 | AA5: 0 | AB5: 0 | AD5: 000 | AE5: 0000000 | AF5: 1491 CRP 2948 | AG5: 1491 2948 A | AH5: OUTRAS | AJ5: C | AK5: 4-MEDIA | AL5: 2-MUY ALTA | AM5: A | AN5: 6,02 | AO5: 21,4 | AP5: 1 | AS5: 04F692D4253F3BA1E5009AD93B0012A2D4323296E57CA4B81FC3A72D9BC1F9F5 | AT5: 110000 | AU5: LISBOA | AV5: 110600 | AW5: LISBOA | AX5: 110623 | AY5: NOSSA SENHORA DE FÁTIMA | AZ5: LISBOA | BA5: 02 | BB5: AVENIDA | BC5: REPÚBLICA | BD5: 77 A | BG5: AVENIDA | BH5: 2948 A | BK5: 1050 | BL5: 243 | BM5: 4515 | BN5: 2000 | BO5: 0 | BP5: 0 | BQ5: 0 | BR5: 0 | BU5: 0000000 | BV5: 1491 CRP 2948 | BW5: 1491 2948 A | BX5: OUTRAS | CB5: 2-MUY ALTA | CC5: A | CD5: 6,02 | CE5: 21,4 | CF5: 2 | CH5: =+IF(C5=AS5,0,1) -> 0 | CI5: =+IF(D5=AT5,0,1) -> 0 | CJ5: =+IF(E5=AU5,0,1) -> 0 | CK5: =+IF(F5=AV5,0,1) -> 0 | CL5: =+IF(G5=AW5,0,1) -> 0 | CM5: =+IF(H5=AX5,0,1) -> 0 | CN5: =+IF(I5=AY5,0,1) -> 0 | CO5: =+IF(J5=AZ5,0,1) -> 0 | ... DO5: =+IF(AJ5=BZ5,0,1) -> 1 | DP5: =+AJ5 -> C | DQ5: =+BZ5 -> 0 | DR5: =+IF(AK5=CA5,0,1) -> 1 | DS5: =+AK5 -> 4-MEDIA | DT5: =+CA5 -> 0 | DU5: =+IF(AL5=CB5,0,1) -> 0 | DV5: =+IF(AM5=CC5,0,1) -> 0 | DW5: =+IF(AN5=CD5,0,1) -> 0 | DX5: =+IF(AO5=CE5,0,1) -> 0 | DY5: =+SUM(CH5:DO5,DR5,DU5:DX5) -> 3 | DZ5: =+COUNTBLANK(C5:AO5) -> 6 | EA5: =+COUNTBLANK(AS5:CE5) -> 9 | EB5: =+IF(AND(DZ5=EA5,DY5=0),"IGUAL CAMPOS PREENCH",IF(DZ5<=EA5,"AUX 1 COM + CAMPOS PREENC OU IGUAL","AUX 2 COM + CAMPOS PREENC")) -> AUX 1 COM + CAMPOS PREENC OU IGUAL | EC5: Diferenças nos registos enviados & Sem diferenças nos dados recebidos
B6: 0032174229700000 | C6: 059ECC5BF64D0E9A5A38BC5FA9DD53509B1800CEC6D194496622D1395BF482DD | D6: 080000 | E6: FARO | F6: 080400 | G6: CASTRO MARIM | H6: 080402 | I6: CASTRO MARIM | J6: FERNAO GIL | K6: 16 | L6: LUGAR | M6: FERNAO GIL | N6: . | Q6: LUGAR | U6: 8950 | V6: 326 | W6: 143 | Y6: 1 | Z6: 0 | AA6: 0 | AB6: 0 | AF6: U2885 R156 SECCAO DZ | AH6: HABITACAO | AL6: 5-MEDIA BAJA | AM6: C | AN6: 16,73 | AO6: 59,53 | AP6: 1 | AS6: 059ECC5BF64D0E9A5A38BC5FA9DD53509B1800CEC6D194496622D1395BF482DD | AT6: 080000 | AU6: FARO | AV6: 080400 | AW6: CASTRO MARIM | AX6: 080402 | AY6: CASTRO MARIM | AZ6: FERNAO GIL | BA6: 16 | BB6: LUGAR | BC6: FERNAO GIL | BD6: . | BG6: LUGAR | BK6: 8950 | BL6: 326 | BM6: 143 | BO6: 1 | BP6: 0 | BQ6: 0 | BR6: 0 | BV6: U2885 R156 SECCAO DZ | BX6: HABITACAO | CB6: 5-MEDIA BAJA | CC6: C | CD6: 16,73 | CE6: 59,53 | CF6: 2 | CH6: =+IF(C6=AS6,0,1) -> 0 | CI6: =+IF(D6=AT6,0,1) -> 0 | CJ6: =+IF(E6=AU6,0,1) -> 0 | CK6: =+IF(F6=AV6,0,1) -> 0 | CL6: =+IF(G6=AW6,0,1) -> 0 | CM6: =+IF(H6=AX6,0,1) -> 0 | CN6: =+IF(I6=AY6,0,1) -> 0 | CO6: =+IF(J6=AZ6,0,1) -> 0 | ... DO6: =+IF(AJ6=BZ6,0,1) -> 0 | DP6: =+AJ6 -> 0 | DQ6: =+BZ6 -> 0 | DR6: =+IF(AK6=CA6,0,1) -> 0 | DS6: =+AK6 -> 0 | DT6: =+CA6 -> 0 | DU6: =+IF(AL6=CB6,0,1) -> 0 | DV6: =+IF(AM6=CC6,0,1) -> 0 | DW6: =+IF(AN6=CD6,0,1) -> 0 | DX6: =+IF(AO6=CE6,0,1) -> 0 | DY6: =+SUM(CH6:DO6,DR6,DU6:DX6) -> 0 | DZ6: =+COUNTBLANK(C6:AO6) -> 13 | EA6: =+COUNTBLANK(AS6:CE6) -> 13 | EB6: =+IF(AND(DZ6=EA6,DY6=0),"IGUAL CAMPOS PREENCH",IF(DZ6<=EA6,"AUX 1 COM + CAMPOS PREENC OU IGUAL","AUX 2 COM + CAMPOS PREENC")) -> IGUAL CAMPOS PREENCH | EC6: Registo duplicado (todos os campos iguais) & Sem diferenças nos dados recebidos
C7: 067D9CEEB7482643D1D9733B1603AA74F34F2196795343192479A7B41B946118 | D7: 080000 | E7: FARO | F7: 080600 | G7: LAGOA (ALGARVE) | H7: 080602 | I7: FERRAGUDO | J7: VALE AREIA-FERRAGUDO | K7: 06 | L7: URBANIZACAO | M7: ANGRINHA | N7: 3 | O7: 3 | Q7: LARGO | R7: 2º - APT 3 | U7: 8400 | W7: 124 | Y7: 1 | Z7: 0 | AA7: 0 | AB7: 0 | AF7: 3077 E 3444 | AH7: HABITACAO | AJ7: D | AK7: 5-MEDIA BAJA | AL7: 3-ALTA | AM7: C | AN7: 18,26 | AO7: 65,2 | AP7: 1 | AR7: 0090172090200000 | AS7: 067D9CEEB7482643D1D9733B1603AA74F34F2196795343192479A7B41B946118 | AT7: 080000 | AU7: FARO | AV7: 080600 | AW7: LAGOA (ALGARVE) | AX7: 080602 | AY7: FERRAGUDO | AZ7: VALE AREIA-FERRAGUDO | BA7: 06 | BB7: URBANIZACAO | BC7: ANGRINHA | BD7: 3 | BE7: 3 | BG7: LARGO | BH7: 2º - APT 3 | BK7: 8400 | BM7: 124 | BO7: 1 | BP7: 0 | BQ7: 0 | BR7: 0 | BV7: 3077 E 3444 | BX7: HABITACAO | BZ7: D | CA7: 5-MEDIA BAJA | CB7: 3-ALTA | CC7: C | CD7: 18,26 | CE7: 65,2 | CF7: 2 | CH7: =+IF(C7=AS7,0,1) -> 0 | CI7: =+IF(D7=AT7,0,1) -> 0 | CJ7: =+IF(E7=AU7,0,1) -> 0 | CK7: =+IF(F7=AV7,0,1) -> 0 | CL7: =+IF(G7=AW7,0,1) -> 0 | CM7: =+IF(H7=AX7,0,1) -> 0 | CN7: =+IF(I7=AY7,0,1) -> 0 | CO7: =+IF(J7=AZ7,0,1) -> 0 | ... DO7: =+IF(AJ7=BZ7,0,1) -> 0 | DP7: =+AJ7 -> D | DQ7: =+BZ7 -> D | DR7: =+IF(AK7=CA7,0,1) -> 0 | DS7: =+AK7 -> 5-MEDIA BAJA | DT7: =+CA7 -> 5-MEDIA BAJA | DU7: =+IF(AL7=CB7,0,1) -> 0 | DV7: =+IF(AM7=CC7,0,1) -> 0 | DW7: =+IF(AN7=CD7,0,1) -> 0 | DX7: =+IF(AO7=CE7,0,1) -> 0 | DY7: =+SUM(CH7:DO7,DR7,DU7:DX7) -> 0 | DZ7: =+COUNTBLANK(C7:AO7) -> 10 | EA7: =+COUNTBLANK(AS7:CE7) -> 10 | EB7: =+IF(AND(DZ7=EA7,DY7=0),"IGUAL CAMPOS PREENCH",IF(DZ7<=EA7,"AUX 1 COM + CAMPOS PREENC OU IGUAL","AUX 2 COM + CAMPOS PREENC")) -> IGUAL CAMPOS PREENCH | EC7: Registo duplicado (todos os campos iguais) & Sem diferenças nos dados recebidos
C8: 0DDE9301ADAB1F37BF7173A035E74C370ED90C0F071BF5D77C9DF55C63BB97E5 | D8: 140000 | E8: SANTARÉM | F8: 141100 | G8: FERREIRA DO ZEZERE | H8: 141101 | I8: ÁGUAS BELAS | J8: BELA VISTA | U8: 2240 | W8: 0 | X8: 1950 | Y8: 0 | Z8: 0 | AA8: 0 | AB8: 1 | AE8: 0000000 | AF8: 000002041 - | AH8: ARMAZEM | AL8: 5-MEDIA BAJA | AM8: D | AN8: 44 | AO8: 153,05 | AP8: 1 | AR8: 0632160836300000 | AS8: 0DDE9301ADAB1F37BF7173A035E74C370ED90C0F071BF5D77C9DF55C63BB97E5 | AT8: 140000 | AU8: SANTARÉM | AV8: 141100 | AW8: FERREIRA DO ZEZERE | AX8: 141101 | AY8: ÁGUAS BELAS | AZ8: BELA VISTA | BK8: 2240 | BM8: 0 | BN8: 1950 | BO8: 0 | BP8: 0 | BQ8: 0 | BR8: 1 | BU8: 0000000 | BV8: 000002041 - | BX8: ARMAZEM | BZ8: F | CA8: 5-MEDIA BAJA | CB8: 5-MEDIA BAJA | CC8: D | CD8: 44 | CE8: 153,05 | CF8: 2 | CH8: =+IF(C8=AS8,0,1) -> 0 | CI8: =+IF(D8=AT8,0,1) -> 0 | CJ8: =+IF(E8=AU8,0,1) -> 0 | CK8: =+IF(F8=AV8,0,1) -> 0 | CL8: =+IF(G8=AW8,0,1) -> 0 | CM8: =+IF(H8=AX8,0,1) -> 0 | CN8: =+IF(I8=AY8,0,1) -> 0 | CO8: =+IF(J8=AZ8,0,1) -> 0 | ... DO8: =+IF(AJ8=BZ8,0,1) -> 1 | DP8: =+AJ8 -> 0 | DQ8: =+BZ8 -> F | DR8: =+IF(AK8=CA8,0,1) -> 1 | DS8: =+AK8 -> 0 | DT8: =+CA8 -> 5-MEDIA BAJA | DU8: =+IF(AL8=CB8,0,1) -> 0 | DV8: =+IF(AM8=CC8,0,1) -> 0 | DW8: =+IF(AN8=CD8,0,1) -> 0 | DX8: =+IF(AO8=CE8,0,1) -> 0 | DY8: =+SUM(CH8:DO8,DR8,DU8:DX8) -> 2 | DZ8: =+COUNTBLANK(C8:AO8) -> 17 | EA8: =+COUNTBLANK(AS8:CE8) -> 15 | EB8: =+IF(AND(DZ8=EA8,DY8=0),"IGUAL CAMPOS PREENCH",IF(DZ8<=EA8,"AUX 1 COM + CAMPOS PREENC OU IGUAL","AUX 2 COM + CAMPOS PREENC")) -> AUX 2 COM + CAMPOS PREENC | EC8: Diferenças nos registos enviados & Sem diferenças nos dados recebidos
C9: 0F605F4FDEEC30C6966611ECEB3261AB517FB7208F19BF1B1CBD1845FB51F313 | D9: 060000 | E9: COIMBRA | F9: 060300 | G9: COIMBRA | H9: 060302 | I9: COIMBRA (ALMEDINA) | J9: COIMBRA | K9: 01 | L9: RUA | M9: DO BRASIL | N9: 1 | Q9: RUA | U9: 3030 | V9: 175 | W9: 3623 | Y9: 0 | Z9: 0 | AA9: 0 | AB9: 0 | AF9: 1475 | AH9: OUTRAS | AL9: 2-MUY ALTA | AM9: E | AN9: 56,86 | AO9: 203,42 | AP9: 1 | AR9: 0090169506000000 | AS9: 0F605F4FDEEC30C6966611ECEB3261AB517FB7208F19BF1B1CBD1845FB51F313 | AT9: 060000 | AU9: COIMBRA | AV9: 060300 | AW9: COIMBRA | AX9: 060302 | AY9: COIMBRA (ALMEDINA) | AZ9: COIMBRA | BA9: 01 | BB9: RUA | BC9: DO BRASIL | BD9: 1 | BG9: RUA | BK9: 3030 | BL9: 175 | BM9: 3623 | BO9: 0 | BP9: 0 | BQ9: 0 | BR9: 0 | BV9: 1475 | BX9: OUTRAS | BZ9: C | CA9: 4-MEDIA | CB9: 2-MUY ALTA | CC9: E | CD9: 56,86 | CE9: 203,42 | CF9: 2 | CH9: =+IF(C9=AS9,0,1) -> 0 | CI9: =+IF(D9=AT9,0,1) -> 0 | CJ9: =+IF(E9=AU9,0,1) -> 0 | CK9: =+IF(F9=AV9,0,1) -> 0 | CL9: =+IF(G9=AW9,0,1) -> 0 | CM9: =+IF(H9=AX9,0,1) -> 0 | CN9: =+IF(I9=AY9,0,1) -> 0 | CO9: =+IF(J9=AZ9,0,1) -> 0 | ... DO9: =+IF(AJ9=BZ9,0,1) -> 1 | DP9: =+AJ9 -> 0 | DQ9: =+BZ9 -> C | DR9: =+IF(AK9=CA9,0,1) -> 1 | DS9: =+AK9 -> 0 | DT9: =+CA9 -> 4-MEDIA | DU9: =+IF(AL9=CB9,0,1) -> 0 | DV9: =+IF(AM9=CC9,0,1) -> 0 | DW9: =+IF(AN9=CD9,0,1) -> 0 | DX9: =+IF(AO9=CE9,0,1) -> 0 | DY9: =+SUM(CH9:DO9,DR9,DU9:DX9) -> 2 | DZ9: =+COUNTBLANK(C9:AO9) -> 13 | EA9: =+COUNTBLANK(AS9:CE9) -> 11 | EB9: =+IF(AND(DZ9=EA9,DY9=0),"IGUAL CAMPOS PREENCH",IF(DZ9<=EA9,"AUX 1 COM + CAMPOS PREENC OU IGUAL","AUX 2 COM + CAMPOS PREENC")) -> AUX 2 COM + CAMPOS PREENC | EC9: Diferenças nos registos enviados & Sem diferenças nos dados recebidos
B10: 0032163519700000 | C10: 13AE3EF16776ABE28CDCE355E6F732AB14E9006CEDD57CC819ECBAABC5CA42AF | D10: 120000 | E10: PORTALEGRE | F10: 120300 | G10: AVIS | H10: 120302 | I10: ALDEIA VELHA | J10: ALDEIA VELHA | K10: 24 | L10: CANADA | M10: HERDADE DO MONTE NOVO | N10: NA | Q10: CANADA | U10: 7480 | V10: 051 | W10: 772 | Y10: 1 | Z10: 0 | AA10: 0 | AB10: 0 | AF10: 1 SEC. A E A1 178 | AH10: HABITACAO | AJ10: E | AK10: 5-MEDIA BAJA | AL10: 5-MEDIA BAJA | AM10: E | AN10: 53,92 | AO10: 193,15 | AP10: 1 | AS10: 13AE3EF16776ABE28CDCE355E6F732AB14E9006CEDD57CC819ECBAABC5CA42AF | AT10: 120000 | AU10: PORTALEGRE | AV10: 120300 | AW10: AVIS | AX10: 120302 | AY10: ALDEIA VELHA | AZ10: ALDEIA VELHA | BA10: 24 | BB10: CANADA | BC10: HERDADE DO MONTE NOVO | BD10: NA | BG10: CANADA | BK10: 7480 | BL10: 051 | BM10: 772 | BO10: 1 | BP10: 0 | BQ10: 0 | BR10: 0 | BV10: 1 SEC. A E A1 178 | BX10: HABITACAO | CB10: 5-MEDIA BAJA | CC10: E | CD10: 53,92 | CE10: 193,15 | CF10: 2 | CH10: =+IF(C10=AS10,0,1) -> 0 | CI10: =+IF(D10=AT10,0,1) -> 0 | CJ10: =+IF(E10=AU10,0,1) -> 0 | CK10: =+IF(F10=AV10,0,1) -> 0 | CL10: =+IF(G10=AW10,0,1) -> 0 | CM10: =+IF(H10=AX10,0,1) -> 0 | CN10: =+IF(I10=AY10,0,1) -> 0 | CO10: =+IF(J10=AZ10,0,1) -> 0 | ... DO10: =+IF(AJ10=BZ10,0,1) -> 1 | DP10: =+AJ10 -> E | DQ10: =+BZ10 -> 0 | DR10: =+IF(AK10=CA10,0,1) -> 1 | DS10: =+AK10 -> 5-MEDIA BAJA | DT10: =+CA10 -> 0 | DU10: =+IF(AL10=CB10,0,1) -> 0 | DV10: =+IF(AM10=CC10,0,1) -> 0 | DW10: =+IF(AN10=CD10,0,1) -> 0 | DX10: =+IF(AO10=CE10,0,1) -> 0 | DY10: =+SUM(CH10:DO10,DR10,DU10:DX10) -> 2 | DZ10: =+COUNTBLANK(C10:AO10) -> 11 | EA10: =+COUNTBLANK(AS10:CE10) -> 13 | EB10: =+IF(AND(DZ10=EA10,DY10=0),"IGUAL CAMPOS PREENCH",IF(DZ10<=EA10,"AUX 1 COM + CAMPOS PREENC OU IGUAL","AUX 2 COM + CAMPOS PREENC")) -> AUX 1 COM + CAMPOS PREENC OU IGUAL | EC10: Diferenças nos registos enviados & Sem diferenças nos dados recebidos
C11: 147B723F2C37A7F36304C30DF4EBFB7F55C513E191C88AB1B1DA0DDA7DCF7952 | D11: 110000 | E11: LISBOA | F11: 111600 | G11: ODIVELAS | H11: 111600 | I11: ODIVELAS | J11: CANECAS | K11: 24 | L11: CANADA | M11: R.JOSE VIANA,LT.11 A R/C ESQ,LOJA B | Q11: CANADA | R11: B | U11: 1685 | V11: 043 | W11: 0 | Y11: 0 | Z11: 0 | AA11: 0 | AB11: 1 | AF11: 4217 | AH11: COMERCIO | AL11: 4-MEDIA | AM11: E | AN11: 46,48 | AO11: 162,86 | AP11: 1 | AS11: 147B723F2C37A7F36304C30DF4EBFB7F55C513E191C88AB1B1DA0DDA7DCF7952 | AT11: 110000 | AU11: LISBOA | AV11: 111600 | AW11: ODIVELAS | AZ11: CANECAS | BA11: 24 | BB11: CANADA | BC11: R.JOSE VIANA,LT.11 A R/C ESQ,LOJA B | BG11: CANADA | BK11: 1685 | BL11: 043 | BM11: 0 | BO11: 0 | BP11: 0 | BQ11: 0 | BR11: 1 | BS11: CONS REGISTO PREDIAL DE ODIVELAS | BT11: ODIV | BV11: 4217 | BW11: B | BX11: COMERCIO | CB11: 4-MEDIA | CC11: E | CD11: 46,48 | CE11: 162,86 | CF11: 2 | CH11: =+IF(C11=AS11,0,1) -> 0 | CI11: =+IF(D11=AT11,0,1) -> 0 | CJ11: =+IF(E11=AU11,0,1) -> 0 | CK11: =+IF(F11=AV11,0,1) -> 0 | CL11: =+IF(G11=AW11,0,1) -> 0 | CM11: =+IF(H11=AX11,0,1) -> 1 | CN11: =+IF(I11=AY11,0,1) -> 1 | CO11: =+IF(J11=AZ11,0,1) -> 0 | ... DO11: =+IF(AJ11=BZ11,0,1) -> 0 | DP11: =+AJ11 -> 0 | DQ11: =+BZ11 -> 0 | DR11: =+IF(AK11=CA11,0,1) -> 0 | DS11: =+AK11 -> 0 | DT11: =+CA11 -> 0 | DU11: =+IF(AL11=CB11,0,1) -> 0 | DV11: =+IF(AM11=CC11,0,1) -> 0 | DW11: =+IF(AN11=CD11,0,1) -> 0 | DX11: =+IF(AO11=CE11,0,1) -> 0 | DY11: =+SUM(CH11:DO11,DR11,DU11:DX11) -> 6 | DZ11: =+COUNTBLANK(C11:AO11) -> 13 | EA11: =+COUNTBLANK(AS11:CE11) -> 13 | EB11: =+IF(AND(DZ11=EA11,DY11=0),"IGUAL CAMPOS PREENCH",IF(DZ11<=EA11,"AUX 1 COM + CAMPOS PREENC OU IGUAL","AUX 2 COM + CAMPOS PREENC")) -> AUX 1 COM + CAMPOS PREENC OU IGUAL | EC11: Diferenças nos registos enviados & Sem diferenças nos dados recebidos
C12: 14B4C236717B8D8B9B231B45E4F8ED57463C910D534AB35AC873CAE083B68CA7 | D12: 180000 | E12: VISEU | F12: 180500 | G12: LAMEGO | H12: 180510 | I12: LALIM | J12: LALIM | K12: 08 | L12: QUINTA | M12: DOS MELOS/ QUINTA DO TERREIRO | N12: S/N | Q12: QUINTA | U12: 5100 | V12: 550 | W12: 1424 | X12: 0001 | Y12: 0 | Z12: 0 | AA12: 0 | AB12: 0 | AF12: R=541U=1002,2003,949 | AH12: OUTRAS | AL12: 5-MEDIA BAJA | AM12: D | AN12: 40,81 | AO12: 145,83 | AP12: 1 | AR12: 0032145956900000 | AS12: 14B4C236717B8D8B9B231B45E4F8ED57463C910D534AB35AC873CAE083B68CA7 | AT12: 180000 | AU12: VISEU | AV12: 180500 | AW12: LAMEGO | AX12: 180510 | AY12: LALIM | AZ12: LALIM | BA12: 08 | BB12: QUINTA | BC12: DOS MELOS/ QUINTA DO TERREIRO | BD12: S/N | BG12: QUINTA | BK12: 5100 | BL12: 550 | BM12: 1424 | BN12: 0001 | BO12: 0 | BP12: 0 | BQ12: 0 | BR12: 0 | BV12: R=541U=1002,2003,949 | BX12: OUTRAS | BZ12: F | CA12: 5-MEDIA BAJA | CB12: 5-MEDIA BAJA | CC12: D | CD12: 40,81 | CE12: 145,83 | CF12: 2 | CH12: =+IF(C12=AS12,0,1) -> 0 | CI12: =+IF(D12=AT12,0,1) -> 0 | CJ12: =+IF(E12=AU12,0,1) -> 0 | CK12: =+IF(F12=AV12,0,1) -> 0 | CL12: =+IF(G12=AW12,0,1) -> 0 | CM12: =+IF(H12=AX12,0,1) -> 0 | CN12: =+IF(I12=AY12,0,1) -> 0 | CO12: =+IF(J12=AZ12,0,1) -> 0 | ... DO12: =+IF(AJ12=BZ12,0,1) -> 1 | DP12: =+AJ12 -> 0 | DQ12: =+BZ12 -> F | DR12: =+IF(AK12=CA12,0,1) -> 1 | DS12: =+AK12 -> 0 | DT12: =+CA12 -> 5-MEDIA BAJA | DU12: =+IF(AL12=CB12,0,1) -> 0 | DV12: =+IF(AM12=CC12,0,1) -> 0 | DW12: =+IF(AN12=CD12,0,1) -> 0 | DX12: =+IF(AO12=CE12,0,1) -> 0 | DY12: =+SUM(CH12:DO12,DR12,DU12:DX12) -> 2 | DZ12: =+COUNTBLANK(C12:AO12) -> 12 | EA12: =+COUNTBLANK(AS12:CE12) -> 10 | EB12: =+IF(AND(DZ12=EA12,DY12=0),"IGUAL CAMPOS PREENCH",IF(DZ12<=EA12,"AUX 1 COM + CAMPOS PREENC OU IGUAL","AUX 2 COM + CAMPOS PREENC")) -> AUX 2 COM + CAMPOS PREENC | EC12: Diferenças nos registos enviados & Sem diferenças nos dados recebidos
C13: 153272274E7E370673A26E325BDE3F09886D81CD3CFFBA25A3BCC4914177CF0F | D13: 140000 | E13: SANTARÉM | F13: 140500 | G13: BENAVENTE | H13: 140503 | I13: SANTO ESTÉVÃO | J13: SANTO ESTEVAO | K13: 01 | L13: RUA | M13: MANUEL MARTINS ALVES | N13: 42 | Q13: RUA | U13: 2130 | V13: 121 | W13: 415 | Y13: 0 | Z13: 0 | AA13: 0 | AB13: 1 | AF13: 1092, CRP 26622 | AH13: COMERCIO | AL13: 3-ALTA | AM13: B- | AN13: 54,81 | AO13: 195,26 | AP13: 1 | AR13: 0032174208500000 | AS13: 153272274E7E370673A26E325BDE3F09886D81CD3CFFBA25A3BCC4914177CF0F | AT13: 140000 | AU13: SANTARÉM | AV13: 140500 | AW13: BENAVENTE | AX13: 140503 | AY13: SANTO ESTÉVÃO | AZ13: SANTO ESTEVAO | BA13: 01 | BB13: RUA | BC13: MANUEL MARTINS ALVES | BD13: 42 | BG13: RUA | BK13: 2130 | BL13: 121 | BM13: 415 | BO13: 0 | BP13: 0 | BQ13: 0 | BR13: 1 | BV13: 1092, CRP 26622 | BX13: COMERCIO | CB13: 3-ALTA | CC13: B- | CD13: 54,81 | CE13: 195,26 | CF13: 2 | CH13: =+IF(C13=AS13,0,1) -> 0 | CI13: =+IF(D13=AT13,0,1) -> 0 | CJ13: =+IF(E13=AU13,0,1) -> 0 | CK13: =+IF(F13=AV13,0,1) -> 0 | CL13: =+IF(G13=AW13,0,1) -> 0 | CM13: =+IF(H13=AX13,0,1) -> 0 | CN13: =+IF(I13=AY13,0,1) -> 0 | CO13: =+IF(J13=AZ13,0,1) -> 0 | ... DO13: =+IF(AJ13=BZ13,0,1) -> 0 | DP13: =+AJ13 -> 0 | DQ13: =+BZ13 -> 0 | DR13: =+IF(AK13=CA13,0,1) -> 0 | DS13: =+AK13 -> 0 | DT13: =+CA13 -> 0 | DU13: =+IF(AL13=CB13,0,1) -> 0 | DV13: =+IF(AM13=CC13,0,1) -> 0 | DW13: =+IF(AN13=CD13,0,1) -> 0 | DX13: =+IF(AO13=CE13,0,1) -> 0 | DY13: =+SUM(CH13:DO13,DR13,DU13:DX13) -> 0 | DZ13: =+COUNTBLANK(C13:AO13) -> 13 | EA13: =+COUNTBLANK(AS13:CE13) -> 13 | EB13: =+IF(AND(DZ13=EA13,DY13=0),"IGUAL CAMPOS PREENCH",IF(DZ13<=EA13,"AUX 1 COM + CAMPOS PREENC OU IGUAL","AUX 2 COM + CAMPOS PREENC")) -> IGUAL CAMPOS PREENCH | EC13: Registo duplicado (todos os campos iguais) & Sem diferenças nos dados recebidos
B14: 0832151796300000 | C14: 15331653E4F7C182018F115CBD8621CEE46E0E7E06D410273545E507BED2384D | D14: 310000 | E14: ILHA DA MADEIRA | F14: 310300 | G14: FUNCHAL | H14: 310310 | I14: FUNCHAL (SE) | J14: SE | K14: 01 | L14: RUA | M14: RUA FERNAO ORNELAS 28 A 36 | N14: 000000 | Q14: RUA | R14: 0000871 | U14: 9050 | V14: 021 | W14: 957 | X14: 1955 | Y14: 0 | Z14: 0 | AA14: 0 | AB14: 1 | AF14: 955 | AH14: COMERCIO | AJ14: D | AK14: 5-MEDIA BAJA | AL14: 5-MEDIA BAJA | AM14: E | AN14: 46,11 | AO14: 90,3 | AP14: 1 | AS14: 15331653E4F7C182018F115CBD8621CEE46E0E7E06D410273545E507BED2384D | AT14: 310000 | AU14: ILHA DA MADEIRA | AV14: 310300 | AW14: FUNCHAL | AX14: 310310 | AY14: FUNCHAL (SE) | AZ14: SE | BA14: 01 | BB14: RUA | BC14: RUA FERNAO ORNELAS 28 A 36 | BD14: 000000 | BG14: RUA | BH14: 0000871 | BK14: 9050 | BL14: 021 | BM14: 957 | BN14: 1955 | BO14: 0 | BP14: 0 | BQ14: 0 | BR14: 1 | BV14: 955 | BX14: COMERCIO | CB14: 5-MEDIA BAJA | CC14: E | CD14: 46,11 | CE14: 90,3 | CF14: 2 | CH14: =+IF(C14=AS14,0,1) -> 0 | CI14: =+IF(D14=AT14,0,1) -> 0 | CJ14: =+IF(E14=AU14,0,1) -> 0 | CK14: =+IF(F14=AV14,0,1) -> 0 | CL14: =+IF(G14=AW14,0,1) -> 0 | CM14: =+IF(H14=AX14,0,1) -> 0 | CN14: =+IF(I14=AY14,0,1) -> 0 | CO14: =+IF(J14=AZ14,0,1) -> 0 | ... DO14: =+IF(AJ14=BZ14,0,1) -> 1 | DP14: =+AJ14 -> D | DQ14: =+BZ14 -> 0 | DR14: =+IF(AK14=CA14,0,1) -> 1 | DS14: =+AK14 -> 5-MEDIA BAJA | DT14: =+CA14 -> 0 | DU14: =+IF(AL14=CB14,0,1) -> 0 | DV14: =+IF(AM14=CC14,0,1) -> 0 | DW14: =+IF(AN14=CD14,0,1) -> 0 | DX14: =+IF(AO14=CE14,0,1) -> 0 | DY14: =+SUM(CH14:DO14,DR14,DU14:DX14) -> 2 | DZ14: =+COUNTBLANK(C14:AO14) -> 9 | EA14: =+COUNTBLANK(AS14:CE14) -> 11 | EB14: =+IF(AND(DZ14=EA14,DY14=0),"IGUAL CAMPOS PREENCH",IF(DZ14<=EA14,"AUX 1 COM + CAMPOS PREENC OU IGUAL","AUX 2 COM + CAMPOS PREENC")) -> AUX 1 COM + CAMPOS PREENC OU IGUAL | EC14: Diferenças nos registos enviados & Sem diferenças nos dados recebidos
C15: 1538E071C4B711D5724E54F56F53DDF97E59F0C093CD5F0A2A8666580BFBED18 | D15: 200000 | E15: HORTA | F15: 200500 | G15: MADALENA | H15: 200504 | I15: MADALENA | J15: MADALENA | K15: 02 | L15: AVENIDA | M15: AV. PADRE NUNES DA ROSA | N15: 000000 | Q15: AVENIDA | R15: 0001759 | U15: 9950 | V15: 302 | W15: 1815 | X15: 1986 | Y15: 0 | Z15: 0 | AA15: 0 | AB15: 0 | AC15: CONSERV.MACHICO | AD15: 145 | AE15: 0001759 | AF15: 1162 | AG15: PREDIO | AH15: OUTRAS | AL15: 5-MEDIA BAJA | AM15: F | AN15: 83,33 | AO15: 292,46 | AP15: 1 | AR15: 0832151471300000 | AS15: 1538E071C4B711D5724E54F56F53DDF97E59F0C093CD5F0A2A8666580BFBED18 | AT15: 200000 | AU15: HORTA | AV15: 200500 | AW15: MADALENA | AX15: 200504 | AY15: MADALENA | AZ15: MADALENA | BA15: 02 | BB15: AVENIDA | BC15: AV. PADRE NUNES DA ROSA | BD15: 000000 | BG15: AVENIDA | BH15: 0001759 | BK15: 9950 | BL15: 302 | BM15: 1815 | BN15: 1986 | BO15: 0 | BP15: 0 | BQ15: 0 | BR15: 0 | BS15: CONSERV.MACHICO | BT15: 145 | BU15: 0001759 | BV15: 1162 | BW15: PREDIO | BX15: OUTRAS | BZ15: E | CA15: 5-MEDIA BAJA | CB15: 5-MEDIA BAJA | CC15: F | CD15: 83,33 | CE15: 292,46 | CF15: 2 | CH15: =+IF(C15=AS15,0,1) -> 0 | CI15: =+IF(D15=AT15,0,1) -> 0 | CJ15: =+IF(E15=AU15,0,1) -> 0 | CK15: =+IF(F15=AV15,0,1) -> 0 | CL15: =+IF(G15=AW15,0,1) -> 0 | CM15: =+IF(H15=AX15,0,1) -> 0 | CN15: =+IF(I15=AY15,0,1) -> 0 | CO15: =+IF(J15=AZ15,0,1) -> 0 | ... DO15: =+IF(AJ15=BZ15,0,1) -> 1 | DP15: =+AJ15 -> 0 | DQ15: =+BZ15 -> E | DR15: =+IF(AK15=CA15,0,1) -> 1 | DS15: =+AK15 -> 0 | DT15: =+CA15 -> 5-MEDIA BAJA | DU15: =+IF(AL15=CB15,0,1) -> 0 | DV15: =+IF(AM15=CC15,0,1) -> 0 | DW15: =+IF(AN15=CD15,0,1) -> 0 | DX15: =+IF(AO15=CE15,0,1) -> 0 | DY15: =+SUM(CH15:DO15,DR15,DU15:DX15) -> 2 | DZ15: =+COUNTBLANK(C15:AO15) -> 7 | EA15: =+COUNTBLANK(AS15:CE15) -> 5 | EB15: =+IF(AND(DZ15=EA15,DY15=0),"IGUAL CAMPOS PREENCH",IF(DZ15<=EA15,"AUX 1 COM + CAMPOS PREENC OU IGUAL","AUX 2 COM + CAMPOS PREENC")) -> AUX 2 COM + CAMPOS PREENC | EC15: Diferenças nos registos enviados & Sem diferenças nos dados recebidos
C16: 15AB245B1BD23A3472CE070AE294BC50A6A16A1CB397675B691FB3EB04D8338D | D16: 170000 | E16: VILA REAL | F16: 171300 | G16: VILA POUCA DE AGUIAR | H16: 171311 | I16: TELOES | J16: FERREIRINHO | K16: 16 | L16: LUGAR | M16: FERREIRINHO ESTRADA MUNICIPAL CM | N16: 1165 | Q16: LUGAR | U16: 5450 | V16: 283 | W16: 578 | Y16: 0 | Z16: 0 | AA16: 0 | AB16: 0 | AF16: 1868 | AH16: OUTRAS | AL16: 5-MEDIA BAJA | AM16: G | AN16: 88,62 | AO16: 308,48 | AP16: 1 | AR16: 0032168223300000 | AS16: 15AB245B1BD23A3472CE070AE294BC50A6A16A1CB397675B691FB3EB04D8338D | AT16: 170000 | AU16: VILA REAL | AV16: 171300 | AW16: VILA POUCA DE AGUIAR | AX16: 171311 | AY16: TELOES | AZ16: FERREIRINHO | BA16: 16 | BB16: LUGAR | BC16: FERREIRINHO ESTRADA MUNICIPAL CM | BD16: 1165 | BG16: LUGAR | BK16: 5450 | BL16: 283 | BM16: 578 | BO16: 0 | BP16: 0 | BQ16: 0 | BR16: 0 | BV16: 1868 | BX16: OUTRAS | CB16: 5-MEDIA BAJA | CC16: G | CD16: 88,62 | CE16: 308,48 | CF16: 2 | CH16: =+IF(C16=AS16,0,1) -> 0 | CI16: =+IF(D16=AT16,0,1) -> 0 | CJ16: =+IF(E16=AU16,0,1) -> 0 | CK16: =+IF(F16=AV16,0,1) -> 0 | CL16: =+IF(G16=AW16,0,1) -> 0 | CM16: =+IF(H16=AX16,0,1) -> 0 | CN16: =+IF(I16=AY16,0,1) -> 0 | CO16: =+IF(J16=AZ16,0,1) -> 0 | ... DO16: =+IF(AJ16=BZ16,0,1) -> 0 | DP16: =+AJ16 -> 0 | DQ16: =+BZ16 -> 0 | DR16: =+IF(AK16=CA16,0,1) -> 0 | DS16: =+AK16 -> 0 | DT16: =+CA16 -> 0 | DU16: =+IF(AL16=CB16,0,1) -> 0 | DV16: =+IF(AM16=CC16,0,1) -> 0 | DW16: =+IF(AN16=CD16,0,1) -> 0 | DX16: =+IF(AO16=CE16,0,1) -> 0 | DY16: =+SUM(CH16:DO16,DR16,DU16:DX16) -> 0 | DZ16: =+COUNTBLANK(C16:AO16) -> 13 | EA16: =+COUNTBLANK(AS16:CE16) -> 13 | EB16: =+IF(AND(DZ16=EA16,DY16=0),"IGUAL CAMPOS PREENCH",IF(DZ16<=EA16,"AUX 1 COM + CAMPOS PREENC OU IGUAL","AUX 2 COM + CAMPOS PREENC")) -> IGUAL CAMPOS PREENCH | EC16: Registo duplicado (todos os campos iguais) & Sem diferenças nos dados recebidos
B17: 0632161455800000 | C17: 1A61B0B54F93318400F0FA0040016BD8DEB2664D126BA3E71F9B68784F191D22 | D17: 110000 | E17: LISBOA | F17: 110600 | G17: LISBOA | H17: 110618 | I17: LUMIAR | J17: TELHEIRAS | K17: 01 | L17: RUA | M17: PROF PINTO PEIXOTO | N17: 2 | Q17: RUA | U17: 1600 | V17: 820 | W17: 11 | X17: 1997 | Y17: 1 | Z17: 0 | AA17: 0 | AB17: 0 | AF17: 000N/A-JS - | AH17: ESTACIONAMENTO | AJ17: C | AK17: 5-MEDIA BAJA | AL17: 2-MUY ALTA | AM17: E | AN17: 47,97 | AO17: 171,42 | AP17: 1 | AS17: 1A61B0B54F93318400F0FA0040016BD8DEB2664D126BA3E71F9B68784F191D22 | AT17: 110000 | AU17: LISBOA | AV17: 110600 | AW17: LISBOA | AX17: 110618 | AY17: LUMIAR | AZ17: TELHEIRAS | BA17: 01 | BB17: RUA | BC17: PROF PINTO PEIXOTO | BD17: 2 | BG17: RUA | BK17: 1600 | BL17: 820 | BM17: 11 | BN17: 1997 | BO17: 1 | BP17: 0 | BQ17: 0 | BR17: 0 | BV17: 000N/A-JS - | BX17: ESTACIONAMENTO | CB17: 2-MUY ALTA | CC17: E | CD17: 47,97 | CE17: 171,42 | CF17: 2 | CH17: =+IF(C17=AS17,0,1) -> 0 | CI17: =+IF(D17=AT17,0,1) -> 0 | CJ17: =+IF(E17=AU17,0,1) -> 0 | CK17: =+IF(F17=AV17,0,1) -> 0 | CL17: =+IF(G17=AW17,0,1) -> 0 | CM17: =+IF(H17=AX17,0,1) -> 0 | CN17: =+IF(I17=AY17,0,1) -> 0 | CO17: =+IF(J17=AZ17,0,1) -> 0 | ... DO17: =+IF(AJ17=BZ17,0,1) -> 1 | DP17: =+AJ17 -> C | DQ17: =+BZ17 -> 0 | DR17: =+IF(AK17=CA17,0,1) -> 1 | DS17: =+AK17 -> 5-MEDIA BAJA | DT17: =+CA17 -> 0 | DU17: =+IF(AL17=CB17,0,1) -> 0 | DV17: =+IF(AM17=CC17,0,1) -> 0 | DW17: =+IF(AN17=CD17,0,1) -> 0 | DX17: =+IF(AO17=CE17,0,1) -> 0 | DY17: =+SUM(CH17:DO17,DR17,DU17:DX17) -> 2 | DZ17: =+COUNTBLANK(C17:AO17) -> 10 | EA17: =+COUNTBLANK(AS17:CE17) -> 12 | EB17: =+IF(AND(DZ17=EA17,DY17=0),"IGUAL CAMPOS PREENCH",IF(DZ17<=EA17,"AUX 1 COM + CAMPOS PREENC OU IGUAL","AUX 2 COM + CAMPOS PREENC")) -> AUX 1 COM + CAMPOS PREENC OU IGUAL | EC17: Diferenças nos registos enviados & Sem diferenças nos dados recebidos
B18: 0032177918700000 | C18: 1B81C5E59089BB5BF26CC4C39E2AC8117FB29EB8FAF13EF3F10180FD346876C3 | D18: 030000 | E18: BRAGA | F18: 030800 | G18: GUIMARAES | H18: 030823 | I18: GUARDIZELA | J18: GUARDIZELA | K18: 01 | L18: RUA | M18: PARQUE DESPORTIVO | N18: SN | Q18: RUA | U18: 4765 | V18: 474 | W18: 3140 | Y18: 0 | Z18: 0 | AA18: 0 | AB18: 1 | AF18: 1599 | AH18: INDUSTRIA | AL18: 5-MEDIA BAJA | AM18: B | AN18: 31,84 | AO18: 113,96 | AP18: 1 | AS18: 1B81C5E59089BB5BF26CC4C39E2AC8117FB29EB8FAF13EF3F10180FD346876C3 | AT18: 030000 | AU18: BRAGA | AV18: 030800 | AW18: GUIMARAES | AX18: 030823 | AY18: GUARDIZELA | AZ18: GUARDIZELA | BA18: 01 | BB18: RUA | BC18: PARQUE DESPORTIVO | BD18: SN | BG18: RUA | BK18: 4765 | BL18: 474 | BM18: 3140 | BO18: 0 | BP18: 0 | BQ18: 0 | BR18: 1 | BV18: 1599 | BX18: INDUSTRIA | CB18: 5-MEDIA BAJA | CC18: B | CD18: 31,84 | CE18: 113,96 | CF18: 2 | CH18: =+IF(C18=AS18,0,1) -> 0 | CI18: =+IF(D18=AT18,0,1) -> 0 | CJ18: =+IF(E18=AU18,0,1) -> 0 | CK18: =+IF(F18=AV18,0,1) -> 0 | CL18: =+IF(G18=AW18,0,1) -> 0 | CM18: =+IF(H18=AX18,0,1) -> 0 | CN18: =+IF(I18=AY18,0,1) -> 0 | CO18: =+IF(J18=AZ18,0,1) -> 0 | ... DO18: =+IF(AJ18=BZ18,0,1) -> 0 | DP18: =+AJ18 -> 0 | DQ18: =+BZ18 -> 0 | DR18: =+IF(AK18=CA18,0,1) -> 0 | DS18: =+AK18 -> 0 | DT18: =+CA18 -> 0 | DU18: =+IF(AL18=CB18,0,1) -> 0 | DV18: =+IF(AM18=CC18,0,1) -> 0 | DW18: =+IF(AN18=CD18,0,1) -> 0 | DX18: =+IF(AO18=CE18,0,1) -> 0 | DY18: =+SUM(CH18:DO18,DR18,DU18:DX18) -> 0 | DZ18: =+COUNTBLANK(C18:AO18) -> 13 | EA18: =+COUNTBLANK(AS18:CE18) -> 13 | EB18: =+IF(AND(DZ18=EA18,DY18=0),"IGUAL CAMPOS PREENCH",IF(DZ18<=EA18,"AUX 1 COM + CAMPOS PREENC OU IGUAL","AUX 2 COM + CAMPOS PREENC")) -> IGUAL CAMPOS PREENCH | EC18: Registo duplicado (todos os campos iguais) & Sem diferenças nos dados recebidos
B19: 0090167041700000 | C19: 1B83F1101317B1FB8481DB719F9EC2BB9C289898E165B0C3F82FB8428E226649 | D19: 110000 | E19: LISBOA | F19: 110600 | G19: LISBOA | H19: 110627 | I19: SACRAMENTO | J19: ROSSIO | K19: 01 | L19: RUA | M19: PRIMEIRO DE DEZEMBRO | N19: 87 | Q19: RUA | U19: 1200 | V19: 358 | W19: 44 | Y19: 0 | Z19: 0 | AA19: 0 | AB19: 1 | AF19: "CPU 608, CRP 26 - ""B""" | AH19: COMERCIO | AJ19: D | AK19: 5-MEDIA BAJA | AL19: 5-MEDIA BAJA | AM19: C | AN19: 46,78 | AO19: 166,85 | AP19: 1 | AS19: 1B83F1101317B1FB8481DB719F9EC2BB9C289898E165B0C3F82FB8428E226649 | AT19: 110000 | AU19: LISBOA | AV19: 110600 | AW19: LISBOA | AX19: 110627 | AY19: SACRAMENTO | AZ19: ROSSIO | BA19: 01 | BB19: RUA | BC19: PRIMEIRO DE DEZEMBRO | BD19: 87 | BG19: RUA | BK19: 1200 | BL19: 358 | BM19: 44 | BO19: 0 | BP19: 0 | BQ19: 0 | BR19: 1 | BV19: "CPU 608, CRP 26 - ""B""" | BX19: COMERCIO | CB19: 5-MEDIA BAJA | CC19: C | CD19: 46,78 | CE19: 166,85 | CF19: 2 | CH19: =+IF(C19=AS19,0,1) -> 0 | CI19: =+IF(D19=AT19,0,1) -> 0 | CJ19: =+IF(E19=AU19,0,1) -> 0 | CK19: =+IF(F19=AV19,0,1) -> 0 | CL19: =+IF(G19=AW19,0,1) -> 0 | CM19: =+IF(H19=AX19,0,1) -> 0 | CN19: =+IF(I19=AY19,0,1) -> 0 | CO19: =+IF(J19=AZ19,0,1) -> 0 | ... DO19: =+IF(AJ19=BZ19,0,1) -> 1 | DP19: =+AJ19 -> D | DQ19: =+BZ19 -> 0 | DR19: =+IF(AK19=CA19,0,1) -> 1 | DS19: =+AK19 -> 5-MEDIA BAJA | DT19: =+CA19 -> 0 | DU19: =+IF(AL19=CB19,0,1) -> 0 | DV19: =+IF(AM19=CC19,0,1) -> 0 | DW19: =+IF(AN19=CD19,0,1) -> 0 | DX19: =+IF(AO19=CE19,0,1) -> 0 | DY19: =+SUM(CH19:DO19,DR19,DU19:DX19) -> 2 | DZ19: =+COUNTBLANK(C19:AO19) -> 11 | EA19: =+COUNTBLANK(AS19:CE19) -> 13 | EB19: =+IF(AND(DZ19=EA19,DY19=0),"IGUAL CAMPOS PREENCH",IF(DZ19<=EA19,"AUX 1 COM + CAMPOS PREENC OU IGUAL","AUX 2 COM + CAMPOS PREENC")) -> AUX 1 COM + CAMPOS PREENC OU IGUAL | EC19: Diferenças nos registos enviados & Sem diferenças nos dados recebidos
C20: 1BD8EAF47520159507244DD03A0BBD07E257B0627C20521B4E78AC614871C348 | D20: 030000 | E20: BRAGA | F20: 030300 | G20: BRAGA | H20: 030314 | I20: FERREIROS | J20: FERREIROS | K20: 01 | L20: RUA | M20: DAS AUSTRALIAS | N20: 6 | Q20: LARGO | U20: 4700 | V20: 001 | W20: 1000 | X20: 2002 | Y20: 0 | Z20: 0 | AA20: 0 | AB20: 1 | AF20: 1008 | AH20: ARMAZEM | AJ20: C | AK20: 5-MEDIA BAJA | AL20: 5-MEDIA BAJA | AM20: C | AN20: 31,07 | AO20: 111,29 | AP20: 1 | AR20: 0032171713500000 | AS20: 1BD8EAF47520159507244DD03A0BBD07E257B0627C20521B4E78AC614871C348 | AT20: 030000 | AU20: BRAGA | AV20: 030300 | AW20: BRAGA | AX20: 030314 | AY20: FERREIROS | AZ20: FERREIROS | BA20: 01 | BB20: RUA | BC20: DAS AUSTRALIAS | BD20: 6 | BG20: LARGO | BK20: 4700 | BL20: 001 | BM20: 1000 | BN20: 2002 | BO20: 0 | BP20: 0 | BQ20: 0 | BR20: 1 | BV20: 1008 | BX20: ARMAZEM | BZ20: C | CA20: 5-MEDIA BAJA | CB20: 5-MEDIA BAJA | CC20: C | CD20: 31,07 | CE20: 111,29 | CF20: 2 | CH20: =+IF(C20=AS20,0,1) -> 0 | CI20: =+IF(D20=AT20,0,1) -> 0 | CJ20: =+IF(E20=AU20,0,1) -> 0 | CK20: =+IF(F20=AV20,0,1) -> 0 | CL20: =+IF(G20=AW20,0,1) -> 0 | CM20: =+IF(H20=AX20,0,1) -> 0 | CN20: =+IF(I20=AY20,0,1) -> 0 | CO20: =+IF(J20=AZ20,0,1) -> 0 | ... DO20: =+IF(AJ20=BZ20,0,1) -> 0 | DP20: =+AJ20 -> C | DQ20: =+BZ20 -> C | DR20: =+IF(AK20=CA20,0,1) -> 0 | DS20: =+AK20 -> 5-MEDIA BAJA | DT20: =+CA20 -> 5-MEDIA BAJA | DU20: =+IF(AL20=CB20,0,1) -> 0 | DV20: =+IF(AM20=CC20,0,1) -> 0 | DW20: =+IF(AN20=CD20,0,1) -> 0 | DX20: =+IF(AO20=CE20,0,1) -> 0 | DY20: =+SUM(CH20:DO20,DR20,DU20:DX20) -> 0 | DZ20: =+COUNTBLANK(C20:AO20) -> 10 | EA20: =+COUNTBLANK(AS20:CE20) -> 10 | EB20: =+IF(AND(DZ20=EA20,DY20=0),"IGUAL CAMPOS PREENCH",IF(DZ20<=EA20,"AUX 1 COM + CAMPOS PREENC OU IGUAL","AUX 2 COM + CAMPOS PREENC")) -> IGUAL CAMPOS PREENCH | EC20: Registo duplicado (todos os campos iguais) & Sem diferenças nos dados recebidos
C21: 1C5E30DF11D101C67E5B0F79960497F7547501981D9EEFA39090B05AC5DFF576 | D21: 080000 | E21: FARO | F21: 080100 | G21: ALBUFEIRA | H21: 080101 | I21: ALBUFEIRA | J21: VARZEA DA ORADA | K21: 01 | L21: RUA | M21: MARINA ALBUFEIRA LOTE 4 | N21: 000000 | Q21: RUA | R21: 0012228 | U21: 8200 | V21: 000 | W21: 98 | X21: 2009 | Y21: 0 | Z21: 0 | AA21: 0 | AB21: 0 | AH21: OUTRAS | AL21: 5-MEDIA BAJA | AM21: E | AN21: 37,72 | AO21: 135 | AP21: 1 | AR21: 0832149937800000 | AS21: 1C5E30DF11D101C67E5B0F79960497F7547501981D9EEFA39090B05AC5DFF576 | AT21: 080000 | AU21: FARO | AV21: 080100 | AW21: ALBUFEIRA | AX21: 080101 | AY21: ALBUFEIRA | AZ21: VARZEA DA ORADA | BA21: 01 | BB21: RUA | BC21: MARINA ALBUFEIRA LOTE 4 | BD21: 000000 | BG21: RUA | BH21: 0012228 | BK21: 8200 | BL21: 000 | BM21: 98 | BN21: 2009 | BO21: 0 | BP21: 0 | BQ21: 0 | BR21: 0 | BX21: OUTRAS | BZ21: C | CA21: 4-MEDIA | CB21: 5-MEDIA BAJA | CC21: E | CD21: 37,72 | CE21: 135 | CF21: 2 | CH21: =+IF(C21=AS21,0,1) -> 0 | CI21: =+IF(D21=AT21,0,1) -> 0 | CJ21: =+IF(E21=AU21,0,1) -> 0 | CK21: =+IF(F21=AV21,0,1) -> 0 | CL21: =+IF(G21=AW21,0,1) -> 0 | CM21: =+IF(H21=AX21,0,1) -> 0 | CN21: =+IF(I21=AY21,0,1) -> 0 | CO21: =+IF(J21=AZ21,0,1) -> 0 | ... DO21: =+IF(AJ21=BZ21,0,1) -> 1 | DP21: =+AJ21 -> 0 | DQ21: =+BZ21 -> C | DR21: =+IF(AK21=CA21,0,1) -> 1 | DS21: =+AK21 -> 0 | DT21: =+CA21 -> 4-MEDIA | DU21: =+IF(AL21=CB21,0,1) -> 0 | DV21: =+IF(AM21=CC21,0,1) -> 0 | DW21: =+IF(AN21=CD21,0,1) -> 0 | DX21: =+IF(AO21=CE21,0,1) -> 0 | DY21: =+SUM(CH21:DO21,DR21,DU21:DX21) -> 2 | DZ21: =+COUNTBLANK(C21:AO21) -> 12 | EA21: =+COUNTBLANK(AS21:CE21) -> 10 | EB21: =+IF(AND(DZ21=EA21,DY21=0),"IGUAL CAMPOS PREENCH",IF(DZ21<=EA21,"AUX 1 COM + CAMPOS PREENC OU IGUAL","AUX 2 COM + CAMPOS PREENC")) -> AUX 2 COM + CAMPOS PREENC | EC21: Diferenças nos registos enviados & Sem diferenças nos dados recebidos
B22: 0632161442300000 | C22: 2130118936472A7A11E6CAF4D09486C0F5CB0CD6FC3BC845568FBFC7F3CD0FB2 | D22: 100000 | E22: LEIRIA | F22: 100900 | G22: LEIRIA | H22: 100912 | I22: LEIRIA | J22: AROEIRA | U22: 2425 | W22: 580 | X22: 2000 | Y22: 0 | Z22: 0 | AA22: 0 | AB22: 1 | AF22: 000006380 - | AH22: ARMAZEM | AJ22: D | AK22: 5-MEDIA BAJA | AL22: 5-MEDIA BAJA | AM22: D | AN22: 33,93 | AO22: 121,5 | AP22: 1 | AS22: 2130118936472A7A11E6CAF4D09486C0F5CB0CD6FC3BC845568FBFC7F3CD0FB2 | AT22: 100000 | AU22: LEIRIA | AV22: 100900 | AW22: LEIRIA | AX22: 100912 | AY22: LEIRIA | AZ22: AROEIRA | BK22: 2425 | BM22: 580 | BN22: 2000 | BO22: 0 | BP22: 0 | BQ22: 0 | BR22: 1 | BV22: 000006380 - | BX22: ARMAZEM | CB22: 5-MEDIA BAJA | CC22: D | CD22: 33,93 | CE22: 121,5 | CF22: 2 | CH22: =+IF(C22=AS22,0,1) -> 0 | CI22: =+IF(D22=AT22,0,1) -> 0 | CJ22: =+IF(E22=AU22,0,1) -> 0 | CK22: =+IF(F22=AV22,0,1) -> 0 | CL22: =+IF(G22=AW22,0,1) -> 0 | CM22: =+IF(H22=AX22,0,1) -> 0 | CN22: =+IF(I22=AY22,0,1) -> 0 | CO22: =+IF(J22=AZ22,0,1) -> 0 | ... DO22: =+IF(AJ22=BZ22,0,1) -> 1 | DP22: =+AJ22 -> D | DQ22: =+BZ22 -> 0 | DR22: =+IF(AK22=CA22,0,1) -> 1 | DS22: =+AK22 -> 5-MEDIA BAJA | DT22: =+CA22 -> 0 | DU22: =+IF(AL22=CB22,0,1) -> 0 | DV22: =+IF(AM22=CC22,0,1) -> 0 | DW22: =+IF(AN22=CD22,0,1) -> 0 | DX22: =+IF(AO22=CE22,0,1) -> 0 | DY22: =+SUM(CH22:DO22,DR22,DU22:DX22) -> 2 | DZ22: =+COUNTBLANK(C22:AO22) -> 16 | EA22: =+COUNTBLANK(AS22:CE22) -> 18 | EB22: =+IF(AND(DZ22=EA22,DY22=0),"IGUAL CAMPOS PREENCH",IF(DZ22<=EA22,"AUX 1 COM + CAMPOS PREENC OU IGUAL","AUX 2 COM + CAMPOS PREENC")) -> AUX 1 COM + CAMPOS PREENC OU IGUAL | EC22: Diferenças nos registos enviados & Sem diferenças nos dados recebidos
C23: 2134E6DACC3AE819D70338C9C6668948FD1F6EB4644EB7266A2902B198C84B17 | D23: 430000 | E23: ILHA TERCEIRA-AÇORES | F23: 430200 | G23: VILA PRAIA DA VITÓRIA | H23: 430208 | I23: PRAIA DA VITÓRIA (SANTA CRUZ) | J23: PRAIA DA VITORIA SANTA CRUZ | K23: 24 | L23: CANADA | M23: CRUZ DO MARCO, RIBEIRA STO ANTONIO | N23: NA | Q23: CANADA | U23: 9760 | V23: 500 | W23: 1 | Y23: 0 | Z23: 0 | AA23: 0 | AB23: 0 | AD23: 999 | AH23: OUTRAS | AL23: 5-MEDIA BAJA | AM23: D | AN23: 32,97 | AO23: 64,54 | AP23: 1 | AS23: 2134E6DACC3AE819D70338C9C6668948FD1F6EB4644EB7266A2902B198C84B17 | AT23: 430000 | AU23: ILHA TERCEIRA-AÇORES | AV23: 430200 | AW23: VILA PRAIA DA VITÓRIA | AX23: 430208 | AY23: PRAIA DA VITÓRIA (SANTA CRUZ) | AZ23: PRAIA DA VITORIA SANTA CRUZ | BA23: 24 | BB23: CANADA | BC23: CRUZ DO MARCO, RIBEIRA STO ANTONIO | BD23: NA | BG23: CANADA | BK23: 9760 | BL23: 500 | BM23: 1 | BO23: 0 | BP23: 0 | BQ23: 0 | BR23: 0 | BV23: 3799 | BX23: OUTRAS | CB23: 5-MEDIA BAJA | CC23: D | CD23: 32,97 | CE23: 64,54 | CF23: 2 | CH23: =+IF(C23=AS23,0,1) -> 0 | CI23: =+IF(D23=AT23,0,1) -> 0 | CJ23: =+IF(E23=AU23,0,1) -> 0 | CK23: =+IF(F23=AV23,0,1) -> 0 | CL23: =+IF(G23=AW23,0,1) -> 0 | CM23: =+IF(H23=AX23,0,1) -> 0 | CN23: =+IF(I23=AY23,0,1) -> 0 | CO23: =+IF(J23=AZ23,0,1) -> 0 | ... DO23: =+IF(AJ23=BZ23,0,1) -> 0 | DP23: =+AJ23 -> 0 | DQ23: =+BZ23 -> 0 | DR23: =+IF(AK23=CA23,0,1) -> 0 | DS23: =+AK23 -> 0 | DT23: =+CA23 -> 0 | DU23: =+IF(AL23=CB23,0,1) -> 0 | DV23: =+IF(AM23=CC23,0,1) -> 0 | DW23: =+IF(AN23=CD23,0,1) -> 0 | DX23: =+IF(AO23=CE23,0,1) -> 0 | DY23: =+SUM(CH23:DO23,DR23,DU23:DX23) -> 2 | DZ23: =+COUNTBLANK(C23:AO23) -> 13 | EA23: =+COUNTBLANK(AS23:CE23) -> 13 | EB23: =+IF(AND(DZ23=EA23,DY23=0),"IGUAL CAMPOS PREENCH",IF(DZ23<=EA23,"AUX 1 COM + CAMPOS PREENC OU IGUAL","AUX 2 COM + CAMPOS PREENC")) -> AUX 1 COM + CAMPOS PREENC OU IGUAL | EC23: Diferenças nos registos enviados & Sem diferenças nos dados recebidos
B24: 0090164040300000 | C24: 226F896BBC1056D468F3379DDC35DC996B5B9DBABE24EE4FCB203C4636866FDE | D24: 130000 | E24: PORTO | F24: 131200 | G24: PORTO | H24: 131204 | I24: CEDOFEITA | J24: PORTO | K24: 01 | L24: RUA | M24: DO BONJARDIM | N24: 401 | Q24: RUA | U24: 4000 | V24: 010 | W24: 17079 | Y24: 0 | Z24: 0 | AA24: 0 | AB24: 0 | AF24: 9842, CRP 1196 | AH24: OUTRAS | AJ24: D | AK24: 4-MEDIA | AL24: 4-MEDIA | AM24: C | AN24: 29,76 | AO24: 105,83 | AP24: 1 | AS24: 226F896BBC1056D468F3379DDC35DC996B5B9DBABE24EE4FCB203C4636866FDE | AT24: 130000 | AU24: PORTO | AV24: 131200 | AW24: PORTO | AX24: 131204 | AY24: CEDOFEITA | AZ24: PORTO | BA24: 01 | BB24: RUA | BC24: DO BONJARDIM | BD24: 401 | BG24: RUA | BK24: 4000 | BL24: 010 | BM24: 17079 | BO24: 0 | BP24: 0 | BQ24: 0 | BR24: 0 | BV24: 9842, CRP 1196 | BX24: OUTRAS | CB24: 4-MEDIA | CC24: C | CD24: 29,76 | CE24: 105,83 | CF24: 2 | CH24: =+IF(C24=AS24,0,1) -> 0 | CI24: =+IF(D24=AT24,0,1) -> 0 | CJ24: =+IF(E24=AU24,0,1) -> 0 | CK24: =+IF(F24=AV24,0,1) -> 0 | CL24: =+IF(G24=AW24,0,1) -> 0 | CM24: =+IF(H24=AX24,0,1) -> 0 | CN24: =+IF(I24=AY24,0,1) -> 0 | CO24: =+IF(J24=AZ24,0,1) -> 0 | ... DO24: =+IF(AJ24=BZ24,0,1) -> 1 | DP24: =+AJ24 -> D | DQ24: =+BZ24 -> 0 | DR24: =+IF(AK24=CA24,0,1) -> 1 | DS24: =+AK24 -> 4-MEDIA | DT24: =+CA24 -> 0 | DU24: =+IF(AL24=CB24,0,1) -> 0 | DV24: =+IF(AM24=CC24,0,1) -> 0 | DW24: =+IF(AN24=CD24,0,1) -> 0 | DX24: =+IF(AO24=CE24,0,1) -> 0 | DY24: =+SUM(CH24:DO24,DR24,DU24:DX24) -> 2 | DZ24: =+COUNTBLANK(C24:AO24) -> 11 | EA24: =+COUNTBLANK(AS24:CE24) -> 13 | EB24: =+IF(AND(DZ24=EA24,DY24=0),"IGUAL CAMPOS PREENCH",IF(DZ24<=EA24,"AUX 1 COM + CAMPOS PREENC OU IGUAL","AUX 2 COM + CAMPOS PREENC")) -> AUX 1 COM + CAMPOS PREENC OU IGUAL | EC24: Diferenças nos registos enviados & Sem diferenças nos dados recebidos
C25: 248030C59E972331FDC3901958C918B76C7EFD8766D8828934B28ABA1FFDE615 | D25: 010000 | E25: AVEIRO | F25: 010900 | G25: FEIRA | H25: 010902 | I25: ARRIFANA | J25: ARRIFANA | K25: 01 | L25: RUA | M25: TERRAS STA MARIA | N25: 1845 | Q25: RUA | U25: 3700 | V25: 400 | W25: 125 | X25: 1970 | Y25: 1 | Z25: 1 | AA25: 0 | AB25: 0 | AF25: 0003048-B - | AH25: HABITACAO | AL25: 3-ALTA | AM25: F | AN25: 67,53 | AO25: 241,14 | AP25: 1 | AR25: 0632161338300000 | AS25: 248030C59E972331FDC3901958C918B76C7EFD8766D8828934B28ABA1FFDE615 | AT25: 010000 | AU25: AVEIRO | AV25: 010900 | AW25: FEIRA | AX25: 010902 | AY25: ARRIFANA | AZ25: ARRIFANA | BA25: 01 | BB25: RUA | BC25: TERRAS STA MARIA | BD25: 1845 | BG25: RUA | BK25: 3700 | BL25: 400 | BM25: 125 | BN25: 1970 | BO25: 1 | BP25: 1 | BQ25: 0 | BR25: 0 | BV25: 0003048-B - | BX25: HABITACAO | CB25: 3-ALTA | CC25: F | CD25: 67,53 | CE25: 241,14 | CF25: 2 | CH25: =+IF(C25=AS25,0,1) -> 0 | CI25: =+IF(D25=AT25,0,1) -> 0 | CJ25: =+IF(E25=AU25,0,1) -> 0 | CK25: =+IF(F25=AV25,0,1) -> 0 | CL25: =+IF(G25=AW25,0,1) -> 0 | CM25: =+IF(H25=AX25,0,1) -> 0 | CN25: =+IF(I25=AY25,0,1) -> 0 | CO25: =+IF(J25=AZ25,0,1) -> 0 | ... DO25: =+IF(AJ25=BZ25,0,1) -> 0 | DP25: =+AJ25 -> 0 | DQ25: =+BZ25 -> 0 | DR25: =+IF(AK25=CA25,0,1) -> 0 | DS25: =+AK25 -> 0 | DT25: =+CA25 -> 0 | DU25: =+IF(AL25=CB25,0,1) -> 0 | DV25: =+IF(AM25=CC25,0,1) -> 0 | DW25: =+IF(AN25=CD25,0,1) -> 0 | DX25: =+IF(AO25=CE25,0,1) -> 0 | DY25: =+SUM(CH25:DO25,DR25,DU25:DX25) -> 0 | DZ25: =+COUNTBLANK(C25:AO25) -> 12 | EA25: =+COUNTBLANK(AS25:CE25) -> 12 | EB25: =+IF(AND(DZ25=EA25,DY25=0),"IGUAL CAMPOS PREENCH",IF(DZ25<=EA25,"AUX 1 COM + CAMPOS PREENC OU IGUAL","AUX 2 COM + CAMPOS PREENC")) -> IGUAL CAMPOS PREENCH | EC25: Registo duplicado (todos os campos iguais) & Sem diferenças nos dados recebidos
C26: 26DE055FB23D4226EAB9251A982B6EF37F811FD49E06F2FFB7F8983AECEA1178 | D26: 310000 | E26: ILHA DA MADEIRA | F26: 310300 | G26: FUNCHAL | H26: 310307 | I26: S. MARTINHO | J26: S. MARTINHO | K26: 09 | L26: ESTRADA | M26: MONUMENTAL - HOTEL BAIA AZUL | N26: . | Q26: ESTRADA | U26: 9000 | V26: 001 | W26: 7034 | Y26: 0 | Z26: 0 | AA26: 0 | AB26: 0 | AF26: ART. 3718, CRP 1842 | AH26: OUTRAS | AL26: 4-MEDIA | AM26: C | AN26: 16,43 | AO26: 32,21 | AP26: 1 | AR26: 0032145088800000 | AS26: 26DE055FB23D4226EAB9251A982B6EF37F811FD49E06F2FFB7F8983AECEA1178 | AT26: 310000 | AU26: ILHA DA MADEIRA | AV26: 310300 | AW26: FUNCHAL | AX26: 310307 | AY26: S. MARTINHO | AZ26: S. MARTINHO | BA26: 09 | BB26: ESTRADA | BC26: MONUMENTAL - HOTEL BAIA AZUL | BD26: . | BG26: ESTRADA | BK26: 9000 | BL26: 001 | BM26: 7034 | BO26: 0 | BP26: 0 | BQ26: 0 | BR26: 0 | BV26: ART. 3718, CRP 1842 | BX26: OUTRAS | BZ26: C | CA26: 5-MEDIA BAJA | CB26: 4-MEDIA | CC26: C | CD26: 16,43 | CE26: 32,21 | CF26: 2 | CH26: =+IF(C26=AS26,0,1) -> 0 | CI26: =+IF(D26=AT26,0,1) -> 0 | CJ26: =+IF(E26=AU26,0,1) -> 0 | CK26: =+IF(F26=AV26,0,1) -> 0 | CL26: =+IF(G26=AW26,0,1) -> 0 | CM26: =+IF(H26=AX26,0,1) -> 0 | CN26: =+IF(I26=AY26,0,1) -> 0 | CO26: =+IF(J26=AZ26,0,1) -> 0 | ... DO26: =+IF(AJ26=BZ26,0,1) -> 1 | DP26: =+AJ26 -> 0 | DQ26: =+BZ26 -> C | DR26: =+IF(AK26=CA26,0,1) -> 1 | DS26: =+AK26 -> 0 | DT26: =+CA26 -> 5-MEDIA BAJA | DU26: =+IF(AL26=CB26,0,1) -> 0 | DV26: =+IF(AM26=CC26,0,1) -> 0 | DW26: =+IF(AN26=CD26,0,1) -> 0 | DX26: =+IF(AO26=CE26,0,1) -> 0 | DY26: =+SUM(CH26:DO26,DR26,DU26:DX26) -> 2 | DZ26: =+COUNTBLANK(C26:AO26) -> 13 | EA26: =+COUNTBLANK(AS26:CE26) -> 11 | EB26: =+IF(AND(DZ26=EA26,DY26=0),"IGUAL CAMPOS PREENCH",IF(DZ26<=EA26,"AUX 1 COM + CAMPOS PREENC OU IGUAL","AUX 2 COM + CAMPOS PREENC")) -> AUX 2 COM + CAMPOS PREENC | EC26: Diferenças nos registos enviados & Sem diferenças nos dados recebidos
B27: 0832152038800000 | C27: 2750D8EDE86EF3D5D7C01492140407BF8B6618C2A4AB79BC8D5DEDE254BFEAC1 | D27: 420000 | E27: ILHA DE SAO MIGUEL-AÇORES | F27: 420500 | G27: RIBEIRA GRANDE | H27: 420508 | I27: RABO DE PEIXE | J27: CANADA DO BACHAREL | K27: 01 | L27: RUA | M27: CANADA DO BACHAREL | N27: 000000 | Q27: RUA | R27: 0002485 | U27: 9600 | V27: 082 | W27: 48400 | X27: 1989 | Y27: 0 | Z27: 0 | AA27: 0 | AB27: 0 | AF27: 12/Q | AH27: OUTRAS | AJ27: D | AK27: 5-MEDIA BAJA | AL27: 5-MEDIA BAJA | AM27: D | AN27: 32,97 | AO27: 64,54 | AP27: 1 | AS27: 2750D8EDE86EF3D5D7C01492140407BF8B6618C2A4AB79BC8D5DEDE254BFEAC1 | AT27: 420000 | AU27: ILHA DE SAO MIGUEL-AÇORES | AV27: 420500 | AW27: RIBEIRA GRANDE | AX27: 420508 | AY27: RABO DE PEIXE | AZ27: CANADA DO BACHAREL | BA27: 01 | BB27: RUA | BC27: CANADA DO BACHAREL | BD27: 000000 | BG27: RUA | BH27: 0002485 | BK27: 9600 | BL27: 082 | BM27: 48400 | BN27: 1989 | BO27: 0 | BP27: 0 | BQ27: 0 | BR27: 0 | BV27: 12/Q | BX27: OUTRAS | CB27: 5-MEDIA BAJA | CC27: D | CD27: 32,97 | CE27: 64,54 | CF27: 2 | CH27: =+IF(C27=AS27,0,1) -> 0 | CI27: =+IF(D27=AT27,0,1) -> 0 | CJ27: =+IF(E27=AU27,0,1) -> 0 | CK27: =+IF(F27=AV27,0,1) -> 0 | CL27: =+IF(G27=AW27,0,1) -> 0 | CM27: =+IF(H27=AX27,0,1) -> 0 | CN27: =+IF(I27=AY27,0,1) -> 0 | CO27: =+IF(J27=AZ27,0,1) -> 0 | ... DO27: =+IF(AJ27=BZ27,0,1) -> 1 | DP27: =+AJ27 -> D | DQ27: =+BZ27 -> 0 | DR27: =+IF(AK27=CA27,0,1) -> 1 | DS27: =+AK27 -> 5-MEDIA BAJA | DT27: =+CA27 -> 0 | DU27: =+IF(AL27=CB27,0,1) -> 0 | DV27: =+IF(AM27=CC27,0,1) -> 0 | DW27: =+IF(AN27=CD27,0,1) -> 0 | DX27: =+IF(AO27=CE27,0,1) -> 0 | DY27: =+SUM(CH27:DO27,DR27,DU27:DX27) -> 2 | DZ27: =+COUNTBLANK(C27:AO27) -> 9 | EA27: =+COUNTBLANK(AS27:CE27) -> 11 | EB27: =+IF(AND(DZ27=EA27,DY27=0),"IGUAL CAMPOS PREENCH",IF(DZ27<=EA27,"AUX 1 COM + CAMPOS PREENC OU IGUAL","AUX 2 COM + CAMPOS PREENC")) -> AUX 1 COM + CAMPOS PREENC OU IGUAL | EC27: Diferenças nos registos enviados & Sem diferenças nos dados recebidos
B28: 0632161441800000 | C28: 2A95DBAF40B7356B361DABF6609DE732200A9CCACFD921EC9905550BDC3833C5 | D28: 100000 | E28: LEIRIA | F28: 100900 | G28: LEIRIA | H28: 100912 | I28: LEIRIA | J28: AROEIRA | U28: 2425 | W28: 2080 | X28: 2000 | Y28: 0 | Z28: 0 | AA28: 0 | AB28: 1 | AF28: 000006702 - | AH28: ARMAZEM | AJ28: D | AK28: 5-MEDIA BAJA | AL28: 5-MEDIA BAJA | AM28: D | AN28: 41,46 | AO28: 148,5 | AP28: 1 | AS28: 2A95DBAF40B7356B361DABF6609DE732200A9CCACFD921EC9905550BDC3833C5 | AT28: 100000 | AU28: LEIRIA | AV28: 100900 | AW28: LEIRIA | AX28: 100912 | AY28: LEIRIA | AZ28: AROEIRA | BK28: 2425 | BM28: 2080 | BN28: 2000 | BO28: 0 | BP28: 0 | BQ28: 0 | BR28: 1 | BV28: 000006702 - | BX28: ARMAZEM | CB28: 5-MEDIA BAJA | CC28: D | CD28: 41,46 | CE28: 148,5 | CF28: 2 | CH28: =+IF(C28=AS28,0,1) -> 0 | CI28: =+IF(D28=AT28,0,1) -> 0 | CJ28: =+IF(E28=AU28,0,1) -> 0 | CK28: =+IF(F28=AV28,0,1) -> 0 | CL28: =+IF(G28=AW28,0,1) -> 0 | CM28: =+IF(H28=AX28,0,1) -> 0 | CN28: =+IF(I28=AY28,0,1) -> 0 | CO28: =+IF(J28=AZ28,0,1) -> 0 | ... DO28: =+IF(AJ28=BZ28,0,1) -> 1 | DP28: =+AJ28 -> D | DQ28: =+BZ28 -> 0 | DR28: =+IF(AK28=CA28,0,1) -> 1 | DS28: =+AK28 -> 5-MEDIA BAJA | DT28: =+CA28 -> 0 | DU28: =+IF(AL28=CB28,0,1) -> 0 | DV28: =+IF(AM28=CC28,0,1) -> 0 | DW28: =+IF(AN28=CD28,0,1) -> 0 | DX28: =+IF(AO28=CE28,0,1) -> 0 | DY28: =+SUM(CH28:DO28,DR28,DU28:DX28) -> 2 | DZ28: =+COUNTBLANK(C28:AO28) -> 16 | EA28: =+COUNTBLANK(AS28:CE28) -> 18 | EB28: =+IF(AND(DZ28=EA28,DY28=0),"IGUAL CAMPOS PREENCH",IF(DZ28<=EA28,"AUX 1 COM + CAMPOS PREENC OU IGUAL","AUX 2 COM + CAMPOS PREENC")) -> AUX 1 COM + CAMPOS PREENC OU IGUAL | EC28: Diferenças nos registos enviados & Sem diferenças nos dados recebidos
C29: 30B8270FE7A5ADD99AA087FF0B13AC6E19C3355F4A133838A1C15F0C0176A1EF | D29: 100000 | E29: LEIRIA | F29: 100900 | G29: LEIRIA | H29: 100912 | I29: LEIRIA | J29: AROEIRA | U29: 2425 | W29: 5320 | X29: 2000 | Y29: 0 | Z29: 0 | AA29: 0 | AB29: 1 | AF29: 000006709 - | AH29: ARMAZEM | AL29: 5-MEDIA BAJA | AM29: D | AN29: 41,46 | AO29: 148,5 | AP29: 1 | AR29: 0632161442200000 | AS29: 30B8270FE7A5ADD99AA087FF0B13AC6E19C3355F4A133838A1C15F0C0176A1EF | AT29: 100000 | AU29: LEIRIA | AV29: 100900 | AW29: LEIRIA | AX29: 100912 | AY29: LEIRIA | AZ29: AROEIRA | BK29: 2425 | BM29: 5320 | BN29: 2000 | BO29: 0 | BP29: 0 | BQ29: 0 | BR29: 1 | BV29: 000006709 - | BX29: ARMAZEM | BZ29: D | CA29: 5-MEDIA BAJA | CB29: 5-MEDIA BAJA | CC29: D | CD29: 41,46 | CE29: 148,5 | CF29: 2 | CH29: =+IF(C29=AS29,0,1) -> 0 | CI29: =+IF(D29=AT29,0,1) -> 0 | CJ29: =+IF(E29=AU29,0,1) -> 0 | CK29: =+IF(F29=AV29,0,1) -> 0 | CL29: =+IF(G29=AW29,0,1) -> 0 | CM29: =+IF(H29=AX29,0,1) -> 0 | CN29: =+IF(I29=AY29,0,1) -> 0 | CO29: =+IF(J29=AZ29,0,1) -> 0 | ... DO29: =+IF(AJ29=BZ29,0,1) -> 1 | DP29: =+AJ29 -> 0 | DQ29: =+BZ29 -> D | DR29: =+IF(AK29=CA29,0,1) -> 1 | DS29: =+AK29 -> 0 | DT29: =+CA29 -> 5-MEDIA BAJA | DU29: =+IF(AL29=CB29,0,1) -> 0 | DV29: =+IF(AM29=CC29,0,1) -> 0 | DW29: =+IF(AN29=CD29,0,1) -> 0 | DX29: =+IF(AO29=CE29,0,1) -> 0 | DY29: =+SUM(CH29:DO29,DR29,DU29:DX29) -> 2 | DZ29: =+COUNTBLANK(C29:AO29) -> 18 | EA29: =+COUNTBLANK(AS29:CE29) -> 16 | EB29: =+IF(AND(DZ29=EA29,DY29=0),"IGUAL CAMPOS PREENCH",IF(DZ29<=EA29,"AUX 1 COM + CAMPOS PREENC OU IGUAL","AUX 2 COM + CAMPOS PREENC")) -> AUX 2 COM + CAMPOS PREENC | EC29: Diferenças nos registos enviados & Sem diferenças nos dados recebidos
C30: 3126FE706251B1DDFC0A98B7A28E96AD6B58FCD37C1F114846EE0C27FA3DD3D9 | D30: 100000 | E30: LEIRIA | F30: 100900 | G30: LEIRIA | H30: 100912 | I30: LEIRIA | J30: AROEIRA | U30: 2425 | W30: 0 | X30: 2000 | Y30: 0 | Z30: 0 | AA30: 0 | AB30: 1 | AF30: 000006391 - | AH30: ARMAZEM | AL30: 5-MEDIA BAJA | AM30: D | AN30: 37,69 | AO30: 135 | AP30: 1 | AR30: 0632161441100000 | AS30: 3126FE706251B1DDFC0A98B7A28E96AD6B58FCD37C1F114846EE0C27FA3DD3D9 | AT30: 100000 | AU30: LEIRIA | AV30: 100900 | AW30: LEIRIA | AX30: 100912 | AY30: LEIRIA | AZ30: AROEIRA | BK30: 2425 | BM30: 0 | BN30: 2000 | BO30: 0 | BP30: 0 | BQ30: 0 | BR30: 1 | BV30: 000006391 - | BX30: ARMAZEM | BZ30: D | CA30: 5-MEDIA BAJA | CB30: 5-MEDIA BAJA | CC30: D | CD30: 37,69 | CE30: 135 | CF30: 2 | CH30: =+IF(C30=AS30,0,1) -> 0 | CI30: =+IF(D30=AT30,0,1) -> 0 | CJ30: =+IF(E30=AU30,0,1) -> 0 | CK30: =+IF(F30=AV30,0,1) -> 0 | CL30: =+IF(G30=AW30,0,1) -> 0 | CM30: =+IF(H30=AX30,0,1) -> 0 | CN30: =+IF(I30=AY30,0,1) -> 0 | CO30: =+IF(J30=AZ30,0,1) -> 0 | ... DO30: =+IF(AJ30=BZ30,0,1) -> 1 | DP30: =+AJ30 -> 0 | DQ30: =+BZ30 -> D | DR30: =+IF(AK30=CA30,0,1) -> 1 | DS30: =+AK30 -> 0 | DT30: =+CA30 -> 5-MEDIA BAJA | DU30: =+IF(AL30=CB30,0,1) -> 0 | DV30: =+IF(AM30=CC30,0,1) -> 0 | DW30: =+IF(AN30=CD30,0,1) -> 0 | DX30: =+IF(AO30=CE30,0,1) -> 0 | DY30: =+SUM(CH30:DO30,DR30,DU30:DX30) -> 2 | DZ30: =+COUNTBLANK(C30:AO30) -> 18 | EA30: =+COUNTBLANK(AS30:CE30) -> 16 | EB30: =+IF(AND(DZ30=EA30,DY30=0),"IGUAL CAMPOS PREENCH",IF(DZ30<=EA30,"AUX 1 COM + CAMPOS PREENC OU IGUAL","AUX 2 COM + CAMPOS PREENC")) -> AUX 2 COM + CAMPOS PREENC | EC30: Diferenças nos registos enviados & Sem diferenças nos dados recebidos
C31: 31C0DE044A14CF511E0D64890F972D9F0046C83181626BD9E2AD68DE0DB10348 | D31: 420000 | E31: ILHA DE SAO MIGUEL-AÇORES | F31: 420500 | G31: RIBEIRA GRANDE | H31: 420508 | I31: RABO DE PEIXE | J31: GIESTAS ROCA | K31: 01 | L31: RUA | M31: GIESTAS | N31: 000000 | Q31: RUA | R31: 0000018 | U31: 9600 | V31: 082 | W31: 1068 | X31: 1989 | Y31: 0 | Z31: 0 | AA31: 0 | AB31: 0 | AF31: 49/S | AH31: OUTRAS | AL31: 5-MEDIA BAJA | AM31: D | AN31: 26,97 | AO31: 52,8 | AP31: 1 | AR31: 0832152039100000 | AS31: 31C0DE044A14CF511E0D64890F972D9F0046C83181626BD9E2AD68DE0DB10348 | AT31: 420000 | AU31: ILHA DE SAO MIGUEL-AÇORES | AV31: 420500 | AW31: RIBEIRA GRANDE | AX31: 420508 | AY31: RABO DE PEIXE | AZ31: GIESTAS ROCA | BA31: 01 | BB31: RUA | BC31: GIESTAS | BD31: 000000 | BG31: RUA | BH31: 0000018 | BK31: 9600 | BL31: 082 | BM31: 1068 | BN31: 1989 | BO31: 0 | BP31: 0 | BQ31: 0 | BR31: 0 | BV31: 49/S | BX31: OUTRAS | BZ31: D | CA31: 5-MEDIA BAJA | CB31: 5-MEDIA BAJA | CC31: D | CD31: 26,97 | CE31: 52,8 | CF31: 2 | CH31: =+IF(C31=AS31,0,1) -> 0 | CI31: =+IF(D31=AT31,0,1) -> 0 | CJ31: =+IF(E31=AU31,0,1) -> 0 | CK31: =+IF(F31=AV31,0,1) -> 0 | CL31: =+IF(G31=AW31,0,1) -> 0 | CM31: =+IF(H31=AX31,0,1) -> 0 | CN31: =+IF(I31=AY31,0,1) -> 0 | CO31: =+IF(J31=AZ31,0,1) -> 0 | ... DO31: =+IF(AJ31=BZ31,0,1) -> 1 | DP31: =+AJ31 -> 0 | DQ31: =+BZ31 -> D | DR31: =+IF(AK31=CA31,0,1) -> 1 | DS31: =+AK31 -> 0 | DT31: =+CA31 -> 5-MEDIA BAJA | DU31: =+IF(AL31=CB31,0,1) -> 0 | DV31: =+IF(AM31=CC31,0,1) -> 0 | DW31: =+IF(AN31=CD31,0,1) -> 0 | DX31: =+IF(AO31=CE31,0,1) -> 0 | DY31: =+SUM(CH31:DO31,DR31,DU31:DX31) -> 2 | DZ31: =+COUNTBLANK(C31:AO31) -> 11 | EA31: =+COUNTBLANK(AS31:CE31) -> 9 | EB31: =+IF(AND(DZ31=EA31,DY31=0),"IGUAL CAMPOS PREENCH",IF(DZ31<=EA31,"AUX 1 COM + CAMPOS PREENC OU IGUAL","AUX 2 COM + CAMPOS PREENC")) -> AUX 2 COM + CAMPOS PREENC | EC31: Diferenças nos registos enviados & Sem diferenças nos dados recebidos
C32: 3635984877593C001ADDEA526DF33AF49AE495F906F9404385BBD1DD6DB6E238 | D32: 100000 | E32: LEIRIA | F32: 101000 | G32: MARINHA GRANDE | H32: 101001 | I32: MARINHA GRANDE | J32: MARINHA GRANDE | K32: 01 | L32: RUA | M32: FEIRA | N32: SN | Q32: RUA | U32: 2430 | V32: 216 | W32: 2171 | Y32: 1 | Z32: 1 | AA32: 0 | AB32: 0 | AF32: P20870 | AH32: HABITACAO | AL32: 4-MEDIA | AM32: D | AN32: 38,06 | AO32: 136,08 | AP32: 1 | AR32: 0090170769300000 | AS32: 3635984877593C001ADDEA526DF33AF49AE495F906F9404385BBD1DD6DB6E238 | AT32: 100000 | AU32: LEIRIA | AV32: 101000 | AW32: MARINHA GRANDE | AX32: 101001 | AY32: MARINHA GRANDE | AZ32: MARINHA GRANDE | BA32: 01 | BB32: RUA | BC32: FEIRA | BD32: SN | BG32: RUA | BK32: 2430 | BL32: 216 | BM32: 2171 | BO32: 1 | BP32: 1 | BQ32: 0 | BR32: 0 | BV32: P20870 | BX32: HABITACAO | BZ32: E | CA32: 4-MEDIA | CB32: 4-MEDIA | CC32: D | CD32: 38,06 | CE32: 136,08 | CF32: 2 | CH32: =+IF(C32=AS32,0,1) -> 0 | CI32: =+IF(D32=AT32,0,1) -> 0 | CJ32: =+IF(E32=AU32,0,1) -> 0 | CK32: =+IF(F32=AV32,0,1) -> 0 | CL32: =+IF(G32=AW32,0,1) -> 0 | CM32: =+IF(H32=AX32,0,1) -> 0 | CN32: =+IF(I32=AY32,0,1) -> 0 | CO32: =+IF(J32=AZ32,0,1) -> 0 | ... DO32: =+IF(AJ32=BZ32,0,1) -> 1 | DP32: =+AJ32 -> 0 | DQ32: =+BZ32 -> E | DR32: =+IF(AK32=CA32,0,1) -> 1 | DS32: =+AK32 -> 0 | DT32: =+CA32 -> 4-MEDIA | DU32: =+IF(AL32=CB32,0,1) -> 0 | DV32: =+IF(AM32=CC32,0,1) -> 0 | DW32: =+IF(AN32=CD32,0,1) -> 0 | DX32: =+IF(AO32=CE32,0,1) -> 0 | DY32: =+SUM(CH32:DO32,DR32,DU32:DX32) -> 2 | DZ32: =+COUNTBLANK(C32:AO32) -> 13 | EA32: =+COUNTBLANK(AS32:CE32) -> 11 | EB32: =+IF(AND(DZ32=EA32,DY32=0),"IGUAL CAMPOS PREENCH",IF(DZ32<=EA32,"AUX 1 COM + CAMPOS PREENC OU IGUAL","AUX 2 COM + CAMPOS PREENC")) -> AUX 2 COM + CAMPOS PREENC | EC32: Diferenças nos registos enviados & Sem diferenças nos dados recebidos
B33: 0032152903700000 | C33: 36371F107A010AB5B2268BE999AABC59D55A16EB59148FC39CF748084AA918D9 | D33: 030000 | E33: BRAGA | F33: 030300 | G33: BRAGA | H33: 030358 | I33: TENOES | J33: BRAGA | K33: 02 | L33: AVENIDA | M33: GENERAL CARRILHO DA SILVA PINTO | Q33: RUA | U33: 4715 | V33: 380 | W33: 13114 | Y33: 0 | Z33: 0 | AA33: 0 | AB33: 0 | AF33: 1207 | AH33: OUTRAS | AJ33: C | AK33: 5-MEDIA BAJA | AL33: 4-MEDIA | AM33: D | AN33: 39,05 | AO33: 139,49 | AP33: 1 | AS33: 36371F107A010AB5B2268BE999AABC59D55A16EB59148FC39CF748084AA918D9 | AT33: 030000 | AU33: BRAGA | AV33: 030300 | AW33: BRAGA | AX33: 030358 | AY33: TENOES | AZ33: BRAGA | BA33: 02 | BB33: AVENIDA | BC33: GENERAL CARRILHO DA SILVA PINTO | BG33: RUA | BK33: 4715 | BL33: 380 | BM33: 13114 | BO33: 0 | BP33: 0 | BQ33: 0 | BR33: 0 | BV33: 1207 | BX33: OUTRAS | BZ33: C | CA33: 5-MEDIA BAJA | CB33: 4-MEDIA | CC33: D | CD33: 39,05 | CE33: 139,49 | CF33: 2 | CH33: =+IF(C33=AS33,0,1) -> 0 | CI33: =+IF(D33=AT33,0,1) -> 0 | CJ33: =+IF(E33=AU33,0,1) -> 0 | CK33: =+IF(F33=AV33,0,1) -> 0 | CL33: =+IF(G33=AW33,0,1) -> 0 | CM33: =+IF(H33=AX33,0,1) -> 0 | CN33: =+IF(I33=AY33,0,1) -> 0 | CO33: =+IF(J33=AZ33,0,1) -> 0 | ... DO33: =+IF(AJ33=BZ33,0,1) -> 0 | DP33: =+AJ33 -> C | DQ33: =+BZ33 -> C | DR33: =+IF(AK33=CA33,0,1) -> 0 | DS33: =+AK33 -> 5-MEDIA BAJA | DT33: =+CA33 -> 5-MEDIA BAJA | DU33: =+IF(AL33=CB33,0,1) -> 0 | DV33: =+IF(AM33=CC33,0,1) -> 0 | DW33: =+IF(AN33=CD33,0,1) -> 0 | DX33: =+IF(AO33=CE33,0,1) -> 0 | DY33: =+SUM(CH33:DO33,DR33,DU33:DX33) -> 0 | DZ33: =+COUNTBLANK(C33:AO33) -> 12 | EA33: =+COUNTBLANK(AS33:CE33) -> 12 | EB33: =+IF(AND(DZ33=EA33,DY33=0),"IGUAL CAMPOS PREENCH",IF(DZ33<=EA33,"AUX 1 COM + CAMPOS PREENC OU IGUAL","AUX 2 COM + CAMPOS PREENC")) -> IGUAL CAMPOS PREENCH | EC33: Registo duplicado (todos os campos iguais) & Sem diferenças nos dados recebidos
B34: 0032171713100000 | C34: 37D24722750B1B88059310D802A6FB24ED6884FB6C504BBC9D8E47321619068A | D34: 030000 | E34: BRAGA | F34: 031300 | G34: VILA VERDE | H34: 031326 | I34: MARRANCOS | J34: S JOSE | K34: 01 | L34: RUA | M34: S MARTINHO | N34: 15 | Q34: RUA | U34: 4730 | V34: 999 | W34: 788 | X34: 2002 | Y34: 0 | Z34: 0 | AA34: 0 | AB34: 1 | AF34: 482 | AH34: ARMAZEM | AJ34: F | AK34: 5-MEDIA BAJA | AL34: 5-MEDIA BAJA | AM34: C | AN34: 31,86 | AO34: 113,38 | AP34: 1 | AS34: 37D24722750B1B88059310D802A6FB24ED6884FB6C504BBC9D8E47321619068A | AT34: 030000 | AU34: BRAGA | AV34: 031300 | AW34: VILA VERDE | AX34: 031326 | AY34: MARRANCOS | AZ34: S JOSE | BA34: 01 | BB34: RUA | BC34: S MARTINHO | BD34: 15 | BG34: RUA | BK34: 4730 | BL34: 999 | BM34: 788 | BN34: 2002 | BO34: 0 | BP34: 0 | BQ34: 0 | BR34: 1 | BV34: 482 | BX34: ARMAZEM | CB34: 5-MEDIA BAJA | CC34: C | CD34: 31,86 | CE34: 113,38 | CF34: 2 | CH34: =+IF(C34=AS34,0,1) -> 0 | CI34: =+IF(D34=AT34,0,1) -> 0 | CJ34: =+IF(E34=AU34,0,1) -> 0 | CK34: =+IF(F34=AV34,0,1) -> 0 | CL34: =+IF(G34=AW34,0,1) -> 0 | CM34: =+IF(H34=AX34,0,1) -> 0 | CN34: =+IF(I34=AY34,0,1) -> 0 | CO34: =+IF(J34=AZ34,0,1) -> 0 | ... DO34: =+IF(AJ34=BZ34,0,1) -> 1 | DP34: =+AJ34 -> F | DQ34: =+BZ34 -> 0 | DR34: =+IF(AK34=CA34,0,1) -> 1 | DS34: =+AK34 -> 5-MEDIA BAJA | DT34: =+CA34 -> 0 | DU34: =+IF(AL34=CB34,0,1) -> 0 | DV34: =+IF(AM34=CC34,0,1) -> 0 | DW34: =+IF(AN34=CD34,0,1) -> 0 | DX34: =+IF(AO34=CE34,0,1) -> 0 | DY34: =+SUM(CH34:DO34,DR34,DU34:DX34) -> 2 | DZ34: =+COUNTBLANK(C34:AO34) -> 10 | EA34: =+COUNTBLANK(AS34:CE34) -> 12 | EB34: =+IF(AND(DZ34=EA34,DY34=0),"IGUAL CAMPOS PREENCH",IF(DZ34<=EA34,"AUX 1 COM + CAMPOS PREENC OU IGUAL","AUX 2 COM + CAMPOS PREENC")) -> AUX 1 COM + CAMPOS PREENC OU IGUAL | EC34: Diferenças nos registos enviados & Sem diferenças nos dados recebidos
B35: 0832152039400000 | C35: 38026D1FDF52EA1B39A13A4F0B2A015FCA67E873CD96D8D0FF49C00FEA193641 | D35: 420000 | E35: ILHA DE SAO MIGUEL-AÇORES | F35: 420500 | G35: RIBEIRA GRANDE | H35: 420512 | I35: SANTA BÁRBARA | J35: COVAS | K35: 01 | L35: RUA | M35: COVAS | N35: 000000 | Q35: RUA | R35: 0000443 | U35: 9600 | V35: 082 | W35: 11720 | X35: 1989 | Y35: 0 | Z35: 0 | AA35: 0 | AB35: 0 | AF35: 21/B | AH35: OUTRAS | AJ35: D | AK35: 5-MEDIA BAJA | AL35: 5-MEDIA BAJA | AM35: D | AN35: 32,97 | AO35: 64,54 | AP35: 1 | AS35: 38026D1FDF52EA1B39A13A4F0B2A015FCA67E873CD96D8D0FF49C00FEA193641 | AT35: 420000 | AU35: ILHA DE SAO MIGUEL-AÇORES | AV35: 420500 | AW35: RIBEIRA GRANDE | AX35: 420512 | AY35: SANTA BÁRBARA | AZ35: COVAS | BA35: 01 | BB35: RUA | BC35: COVAS | BD35: 000000 | BG35: RUA | BH35: 0000443 | BK35: 9600 | BL35: 082 | BM35: 11720 | BN35: 1989 | BO35: 0 | BP35: 0 | BQ35: 0 | BR35: 0 | BV35: 21/B | BX35: OUTRAS | CB35: 5-MEDIA BAJA | CC35: D | CD35: 32,97 | CE35: 64,54 | CF35: 2 | CH35: =+IF(C35=AS35,0,1) -> 0 | CI35: =+IF(D35=AT35,0,1) -> 0 | CJ35: =+IF(E35=AU35,0,1) -> 0 | CK35: =+IF(F35=AV35,0,1) -> 0 | CL35: =+IF(G35=AW35,0,1) -> 0 | CM35: =+IF(H35=AX35,0,1) -> 0 | CN35: =+IF(I35=AY35,0,1) -> 0 | CO35: =+IF(J35=AZ35,0,1) -> 0 | ... DO35: =+IF(AJ35=BZ35,0,1) -> 1 | DP35: =+AJ35 -> D | DQ35: =+BZ35 -> 0 | DR35: =+IF(AK35=CA35,0,1) -> 1 | DS35: =+AK35 -> 5-MEDIA BAJA | DT35: =+CA35 -> 0 | DU35: =+IF(AL35=CB35,0,1) -> 0 | DV35: =+IF(AM35=CC35,0,1) -> 0 | DW35: =+IF(AN35=CD35,0,1) -> 0 | DX35: =+IF(AO35=CE35,0,1) -> 0 | DY35: =+SUM(CH35:DO35,DR35,DU35:DX35) -> 2 | DZ35: =+COUNTBLANK(C35:AO35) -> 9 | EA35: =+COUNTBLANK(AS35:CE35) -> 11 | EB35: =+IF(AND(DZ35=EA35,DY35=0),"IGUAL CAMPOS PREENCH",IF(DZ35<=EA35,"AUX 1 COM + CAMPOS PREENC OU IGUAL","AUX 2 COM + CAMPOS PREENC")) -> AUX 1 COM + CAMPOS PREENC OU IGUAL | EC35: Diferenças nos registos enviados & Sem diferenças nos dados recebidos
B36: 0632161441300000 | C36: 38988C0D3800CDABBA575EAB41E8FE3F951C0FAC97C4874CFD72A0734012B618 | D36: 100000 | E36: LEIRIA | F36: 100900 | G36: LEIRIA | H36: 100912 | I36: LEIRIA | J36: AROEIRA | U36: 2425 | W36: 480 | X36: 2000 | Y36: 0 | Z36: 0 | AA36: 0 | AB36: 1 | AF36: 000006382 - | AH36: ARMAZEM | AJ36: D | AK36: 5-MEDIA BAJA | AL36: 5-MEDIA BAJA | AM36: D | AN36: 33,93 | AO36: 121,5 | AP36: 1 | AS36: 38988C0D3800CDABBA575EAB41E8FE3F951C0FAC97C4874CFD72A0734012B618 | AT36: 100000 | AU36: LEIRIA | AV36: 100900 | AW36: LEIRIA | AX36: 100912 | AY36: LEIRIA | AZ36: AROEIRA | BK36: 2425 | BM36: 480 | BN36: 2000 | BO36: 0 | BP36: 0 | BQ36: 0 | BR36: 1 | BV36: 000006382 - | BX36: ARMAZEM | CB36: 5-MEDIA BAJA | CC36: D | CD36: 33,93 | CE36: 121,5 | CF36: 2 | CH36: =+IF(C36=AS36,0,1) -> 0 | CI36: =+IF(D36=AT36,0,1) -> 0 | CJ36: =+IF(E36=AU36,0,1) -> 0 | CK36: =+IF(F36=AV36,0,1) -> 0 | CL36: =+IF(G36=AW36,0,1) -> 0 | CM36: =+IF(H36=AX36,0,1) -> 0 | CN36: =+IF(I36=AY36,0,1) -> 0 | CO36: =+IF(J36=AZ36,0,1) -> 0 | ... DO36: =+IF(AJ36=BZ36,0,1) -> 1 | DP36: =+AJ36 -> D | DQ36: =+BZ36 -> 0 | DR36: =+IF(AK36=CA36,0,1) -> 1 | DS36: =+AK36 -> 5-MEDIA BAJA | DT36: =+CA36 -> 0 | DU36: =+IF(AL36=CB36,0,1) -> 0 | DV36: =+IF(AM36=CC36,0,1) -> 0 | DW36: =+IF(AN36=CD36,0,1) -> 0 | DX36: =+IF(AO36=CE36,0,1) -> 0 | DY36: =+SUM(CH36:DO36,DR36,DU36:DX36) -> 2 | DZ36: =+COUNTBLANK(C36:AO36) -> 16 | EA36: =+COUNTBLANK(AS36:CE36) -> 18 | EB36: =+IF(AND(DZ36=EA36,DY36=0),"IGUAL CAMPOS PREENCH",IF(DZ36<=EA36,"AUX 1 COM + CAMPOS PREENC OU IGUAL","AUX 2 COM + CAMPOS PREENC")) -> AUX 1 COM + CAMPOS PREENC OU IGUAL | EC36: Diferenças nos registos enviados & Sem diferenças nos dados recebidos
C37: 38D404367AF2BFC5DB3E19243ECD592326706191CBC14C6F5264F511B7E2CD1A | D37: 020000 | E37: BEJA | F37: 020500 | G37: BEJA | H37: 020511 | I37: BEJA (SANTA MARIA DA FEIRA) | J37: BEJA | K37: 03 | L37: PRACA | M37: FERNANDO LOPES GRACA | N37: 36 | Q37: PRACA | U37: 7800 | V37: 003 | W37: 2658 | X37: 2000 | Y37: 0 | Z37: 0 | AA37: 0 | AB37: 1 | AF37: 3619 | AH37: COMERCIO | AL37: 4-MEDIA | AM37: C | AN37: 47,86 | AO37: 172,67 | AP37: 1 | AR37: 0032156953400000 | AS37: 38D404367AF2BFC5DB3E19243ECD592326706191CBC14C6F5264F511B7E2CD1A | AT37: 020000 | AU37: BEJA | AV37: 020500 | AW37: BEJA | AX37: 020511 | AY37: BEJA (SANTA MARIA DA FEIRA) | AZ37: BEJA | BA37: 03 | BB37: PRACA | BC37: FERNANDO LOPES GRACA | BD37: 36 | BG37: PRACA | BK37: 7800 | BL37: 003 | BM37: 2658 | BN37: 2000 | BO37: 0 | BP37: 0 | BQ37: 0 | BR37: 1 | BV37: 3619 | BX37: COMERCIO | BZ37: D | CA37: 4-MEDIA | CB37: 4-MEDIA | CC37: C | CD37: 47,86 | CE37: 172,67 | CF37: 2 | CH37: =+IF(C37=AS37,0,1) -> 0 | CI37: =+IF(D37=AT37,0,1) -> 0 | CJ37: =+IF(E37=AU37,0,1) -> 0 | CK37: =+IF(F37=AV37,0,1) -> 0 | CL37: =+IF(G37=AW37,0,1) -> 0 | CM37: =+IF(H37=AX37,0,1) -> 0 | CN37: =+IF(I37=AY37,0,1) -> 0 | CO37: =+IF(J37=AZ37,0,1) -> 0 | ... DO37: =+IF(AJ37=BZ37,0,1) -> 1 | DP37: =+AJ37 -> 0 | DQ37: =+BZ37 -> D | DR37: =+IF(AK37=CA37,0,1) -> 1 | DS37: =+AK37 -> 0 | DT37: =+CA37 -> 4-MEDIA | DU37: =+IF(AL37=CB37,0,1) -> 0 | DV37: =+IF(AM37=CC37,0,1) -> 0 | DW37: =+IF(AN37=CD37,0,1) -> 0 | DX37: =+IF(AO37=CE37,0,1) -> 0 | DY37: =+SUM(CH37:DO37,DR37,DU37:DX37) -> 2 | DZ37: =+COUNTBLANK(C37:AO37) -> 12 | EA37: =+COUNTBLANK(AS37:CE37) -> 10 | EB37: =+IF(AND(DZ37=EA37,DY37=0),"IGUAL CAMPOS PREENCH",IF(DZ37<=EA37,"AUX 1 COM + CAMPOS PREENC OU IGUAL","AUX 2 COM + CAMPOS PREENC")) -> AUX 2 COM + CAMPOS PREENC | EC37: Diferenças nos registos enviados & Sem diferenças nos dados recebidos
B38: 0032164229000000 | C38: 3A4413F00FD6B84D32209A83C2CE4D8B0071C53D7DCF2DA71E0A0BB077195A5C | D38: 130000 | E38: PORTO | F38: 130800 | G38: MATOSINHOS | H38: 130806 | I38: MATOSINHOS | J38: MATOSINHOS | K38: 01 | L38: RUA | M38: ROBERTO IVENS | N38: 547 | Q38: RUA | U38: 4450 | V38: 254 | W38: 238 | Y38: 0 | Z38: 0 | AA38: 0 | AB38: 0 | AF38: 13996419642 CRP 3547 | AH38: OUTRAS | AL38: 4-MEDIA | AM38: C | AN38: 19,77 | AO38: 71,19 | AP38: 1 | AS38: 3A4413F00FD6B84D32209A83C2CE4D8B0071C53D7DCF2DA71E0A0BB077195A5C | AT38: 130000 | AU38: PORTO | AV38: 130800 | AW38: MATOSINHOS | AX38: 130806 | AY38: MATOSINHOS | AZ38: MATOSINHOS | BA38: 01 | BB38: RUA | BC38: ROBERTO IVENS | BD38: 547 | BG38: RUA | BK38: 4450 | BL38: 254 | BM38: 238 | BO38: 0 | BP38: 0 | BQ38: 0 | BR38: 0 | BV38: 13996419642 CRP 3547 | BX38: OUTRAS | CB38: 4-MEDIA | CC38: C | CD38: 19,77 | CE38: 71,19 | CF38: 2 | CH38: =+IF(C38=AS38,0,1) -> 0 | CI38: =+IF(D38=AT38,0,1) -> 0 | CJ38: =+IF(E38=AU38,0,1) -> 0 | CK38: =+IF(F38=AV38,0,1) -> 0 | CL38: =+IF(G38=AW38,0,1) -> 0 | CM38: =+IF(H38=AX38,0,1) -> 0 | CN38: =+IF(I38=AY38,0,1) -> 0 | CO38: =+IF(J38=AZ38,0,1) -> 0 | ... DO38: =+IF(AJ38=BZ38,0,1) -> 0 | DP38: =+AJ38 -> 0 | DQ38: =+BZ38 -> 0 | DR38: =+IF(AK38=CA38,0,1) -> 0 | DS38: =+AK38 -> 0 | DT38: =+CA38 -> 0 | DU38: =+IF(AL38=CB38,0,1) -> 0 | DV38: =+IF(AM38=CC38,0,1) -> 0 | DW38: =+IF(AN38=CD38,0,1) -> 0 | DX38: =+IF(AO38=CE38,0,1) -> 0 | DY38: =+SUM(CH38:DO38,DR38,DU38:DX38) -> 0 | DZ38: =+COUNTBLANK(C38:AO38) -> 13 | EA38: =+COUNTBLANK(AS38:CE38) -> 13 | EB38: =+IF(AND(DZ38=EA38,DY38=0),"IGUAL CAMPOS PREENCH",IF(DZ38<=EA38,"AUX 1 COM + CAMPOS PREENC OU IGUAL","AUX 2 COM + CAMPOS PREENC")) -> IGUAL CAMPOS PREENCH | EC38: Registo duplicado (todos os campos iguais) & Sem diferenças nos dados recebidos
C39: 3DF2906826F4477FF6BA6FC7D0C697C5AD981128D85F31EC5C19BBDC026B8288 | D39: 100000 | E39: LEIRIA | F39: 100900 | G39: LEIRIA | H39: 100923 | I39: SANTA EUFEMIA | J39: MEMÓRIA | U39: 2420 | W39: 5040 | X39: 1970 | Y39: 0 | Z39: 0 | AA39: 0 | AB39: 1 | AE39: 3403 | AF39: 000002525 - | AH39: ARMAZEM | AL39: 5-MEDIA BAJA | AM39: B- | AN39: 41,06 | AO39: 146,3 | AP39: 1 | AS39: 3DF2906826F4477FF6BA6FC7D0C697C5AD981128D85F31EC5C19BBDC026B8288 | AT39: 100000 | AU39: LEIRIA | AV39: 100900 | AW39: LEIRIA | AX39: 100923 | AY39: SANTA EUFEMIA | AZ39: MEMÓRIA | BK39: 2420 | BM39: 5040 | BN39: 1970 | BO39: 0 | BP39: 0 | BQ39: 0 | BR39: 1 | BT39: 000 | BV39: 000002525 - | BX39: ARMAZEM | BZ39: D | CA39: 4-MEDIA | CB39: 5-MEDIA BAJA | CC39: B- | CD39: 41,06 | CE39: 146,3 | CF39: 2 | CH39: =+IF(C39=AS39,0,1) -> 0 | CI39: =+IF(D39=AT39,0,1) -> 0 | CJ39: =+IF(E39=AU39,0,1) -> 0 | CK39: =+IF(F39=AV39,0,1) -> 0 | CL39: =+IF(G39=AW39,0,1) -> 0 | CM39: =+IF(H39=AX39,0,1) -> 0 | CN39: =+IF(I39=AY39,0,1) -> 0 | CO39: =+IF(J39=AZ39,0,1) -> 0 | ... DO39: =+IF(AJ39=BZ39,0,1) -> 1 | DP39: =+AJ39 -> 0 | DQ39: =+BZ39 -> D | DR39: =+IF(AK39=CA39,0,1) -> 1 | DS39: =+AK39 -> 0 | DT39: =+CA39 -> 4-MEDIA | DU39: =+IF(AL39=CB39,0,1) -> 0 | DV39: =+IF(AM39=CC39,0,1) -> 0 | DW39: =+IF(AN39=CD39,0,1) -> 0 | DX39: =+IF(AO39=CE39,0,1) -> 0 | DY39: =+SUM(CH39:DO39,DR39,DU39:DX39) -> 4 | DZ39: =+COUNTBLANK(C39:AO39) -> 17 | EA39: =+COUNTBLANK(AS39:CE39) -> 15 | EB39: =+IF(AND(DZ39=EA39,DY39=0),"IGUAL CAMPOS PREENCH",IF(DZ39<=EA39,"AUX 1 COM + CAMPOS PREENC OU IGUAL","AUX 2 COM + CAMPOS PREENC")) -> AUX 2 COM + CAMPOS PREENC | EC39: Diferenças nos registos enviados & Sem diferenças nos dados recebidos
B40: 0632161441500000 | C40: 4094B0D8CDEF4FA3501C8A135C1C8E9DD09E2BCC5A29F49D3217A3709582E313 | D40: 100000 | E40: LEIRIA | F40: 100900 | G40: LEIRIA | H40: 100912 | I40: LEIRIA | J40: AROEIRA | U40: 2425 | W40: 10900 | X40: 2000 | Y40: 0 | Z40: 0 | AA40: 0 | AB40: 1 | AF40: 000006657 - | AH40: ARMAZEM | AJ40: D | AK40: 5-MEDIA BAJA | AL40: 5-MEDIA BAJA | AM40: D | AN40: 41,46 | AO40: 148,5 | AP40: 1 | AS40: 4094B0D8CDEF4FA3501C8A135C1C8E9DD09E2BCC5A29F49D3217A3709582E313 | AT40: 100000 | AU40: LEIRIA | AV40: 100900 | AW40: LEIRIA | AX40: 100912 | AY40: LEIRIA | AZ40: AROEIRA | BK40: 2425 | BM40: 10900 | BN40: 2000 | BO40: 0 | BP40: 0 | BQ40: 0 | BR40: 1 | BV40: 000006657 - | BX40: ARMAZEM | CB40: 5-MEDIA BAJA | CC40: D | CD40: 41,46 | CE40: 148,5 | CF40: 2 | CH40: =+IF(C40=AS40,0,1) -> 0 | CI40: =+IF(D40=AT40,0,1) -> 0 | CJ40: =+IF(E40=AU40,0,1) -> 0 | CK40: =+IF(F40=AV40,0,1) -> 0 | CL40: =+IF(G40=AW40,0,1) -> 0 | CM40: =+IF(H40=AX40,0,1) -> 0 | CN40: =+IF(I40=AY40,0,1) -> 0 | CO40: =+IF(J40=AZ40,0,1) -> 0 | ... DO40: =+IF(AJ40=BZ40,0,1) -> 1 | DP40: =+AJ40 -> D | DQ40: =+BZ40 -> 0 | DR40: =+IF(AK40=CA40,0,1) -> 1 | DS40: =+AK40 -> 5-MEDIA BAJA | DT40: =+CA40 -> 0 | DU40: =+IF(AL40=CB40,0,1) -> 0 | DV40: =+IF(AM40=CC40,0,1) -> 0 | DW40: =+IF(AN40=CD40,0,1) -> 0 | DX40: =+IF(AO40=CE40,0,1) -> 0 | DY40: =+SUM(CH40:DO40,DR40,DU40:DX40) -> 2 | DZ40: =+COUNTBLANK(C40:AO40) -> 16 | EA40: =+COUNTBLANK(AS40:CE40) -> 18 | EB40: =+IF(AND(DZ40=EA40,DY40=0),"IGUAL CAMPOS PREENCH",IF(DZ40<=EA40,"AUX 1 COM + CAMPOS PREENC OU IGUAL","AUX 2 COM + CAMPOS PREENC")) -> AUX 1 COM + CAMPOS PREENC OU IGUAL | EC40: Diferenças nos registos enviados & Sem diferenças nos dados recebidos
B41: 0032174792100010 | C41: 409E328A3B4E0788D803F8D1B09BFE2ACAB9DADF654A5742DE4BECE1A0D1384D | D41: 150000 | E41: SETUBAL | F41: 150500 | G41: GRANDOLA | H41: 150505 | I41: CARVALHAL | J41: TROIA | K41: 01 | L41: RUA | M41: EDIFICIO APARTAMENTO DA MARINA | N41: 3.1 | O41: 3.1 | Q41: RUA | R41: 1 | U41: 7570 | V41: 789 | W41: 70 | X41: 2008 | Y41: 1 | Z41: 1 | AA41: 0 | AB41: 0 | AF41: 2617 CRP 1239 | AH41: HABITACAO | AL41: 2-MUY ALTA | AM41: D | AN41: 37,6 | AO41: 134,33 | AP41: 1 | AS41: 409E328A3B4E0788D803F8D1B09BFE2ACAB9DADF654A5742DE4BECE1A0D1384D | AT41: 150000 | AU41: SETUBAL | AV41: 150500 | AW41: GRANDOLA | AX41: 150505 | AY41: CARVALHAL | AZ41: TROIA | BA41: 01 | BB41: RUA | BC41: EDIFICIO APARTAMENTO DA MARINA | BD41: 3.1 | BE41: 3.1 | BG41: RUA | BH41: 1 | BK41: 7570 | BL41: 789 | BM41: 70 | BN41: 2008 | BO41: 1 | BP41: 1 | BQ41: 0 | BR41: 0 | BV41: 2617 CRP 1239 | BX41: HABITACAO | CB41: 2-MUY ALTA | CC41: D | CD41: 37,6 | CE41: 134,33 | CF41: 2 | CH41: =+IF(C41=AS41,0,1) -> 0 | CI41: =+IF(D41=AT41,0,1) -> 0 | CJ41: =+IF(E41=AU41,0,1) -> 0 | CK41: =+IF(F41=AV41,0,1) -> 0 | CL41: =+IF(G41=AW41,0,1) -> 0 | CM41: =+IF(H41=AX41,0,1) -> 0 | CN41: =+IF(I41=AY41,0,1) -> 0 | CO41: =+IF(J41=AZ41,0,1) -> 0 | ... DO41: =+IF(AJ41=BZ41,0,1) -> 0 | DP41: =+AJ41 -> 0 | DQ41: =+BZ41 -> 0 | DR41: =+IF(AK41=CA41,0,1) -> 0 | DS41: =+AK41 -> 0 | DT41: =+CA41 -> 0 | DU41: =+IF(AL41=CB41,0,1) -> 0 | DV41: =+IF(AM41=CC41,0,1) -> 0 | DW41: =+IF(AN41=CD41,0,1) -> 0 | DX41: =+IF(AO41=CE41,0,1) -> 0 | DY41: =+SUM(CH41:DO41,DR41,DU41:DX41) -> 0 | DZ41: =+COUNTBLANK(C41:AO41) -> 10 | EA41: =+COUNTBLANK(AS41:CE41) -> 10 | EB41: =+IF(AND(DZ41=EA41,DY41=0),"IGUAL CAMPOS PREENCH",IF(DZ41<=EA41,"AUX 1 COM + CAMPOS PREENC OU IGUAL","AUX 2 COM + CAMPOS PREENC")) -> IGUAL CAMPOS PREENCH | EC41: Registo duplicado (todos os campos iguais) & Sem diferenças nos dados recebidos
B42: 0032169064000000 | C42: 40BD2C3DE4CE3BA9E983DEB515F6AB10235DD82357B25E22FD2F766811806D78 | D42: 160000 | E42: VIANA DO CASTELO | F42: 160100 | G42: ARCOS DE VALDEVEZ | H42: 160124 | I42: PACO | J42: ARCOS DE VALDEVEZ | K42: 16 | L42: LUGAR | M42: CORTINHAS | N42: EN101 | Q42: LUGAR | U42: 4970 | V42: 237 | W42: 269 | X42: 2000 | Y42: 0 | Z42: 0 | AA42: 0 | AB42: 1 | AF42: 1116 | AH42: INDUSTRIA | AL42: 5-MEDIA BAJA | AM42: C | AN42: 33,36 | AO42: 117,09 | AP42: 1 | AS42: 40BD2C3DE4CE3BA9E983DEB515F6AB10235DD82357B25E22FD2F766811806D78 | AT42: 160000 | AU42: VIANA DO CASTELO | AV42: 160100 | AW42: ARCOS DE VALDEVEZ | AX42: 160124 | AY42: PACO | AZ42: ARCOS DE VALDEVEZ | BA42: 16 | BB42: LUGAR | BC42: CORTINHAS | BD42: EN101 | BG42: LUGAR | BK42: 4970 | BL42: 237 | BM42: 269 | BN42: 2000 | BO42: 0 | BP42: 0 | BQ42: 0 | BR42: 1 | BV42: 1116 | BX42: INDUSTRIA | CB42: 5-MEDIA BAJA | CC42: C | CD42: 33,36 | CE42: 117,09 | CF42: 2 | CH42: =+IF(C42=AS42,0,1) -> 0 | CI42: =+IF(D42=AT42,0,1) -> 0 | CJ42: =+IF(E42=AU42,0,1) -> 0 | CK42: =+IF(F42=AV42,0,1) -> 0 | CL42: =+IF(G42=AW42,0,1) -> 0 | CM42: =+IF(H42=AX42,0,1) -> 0 | CN42: =+IF(I42=AY42,0,1) -> 0 | CO42: =+IF(J42=AZ42,0,1) -> 0 | ... DO42: =+IF(AJ42=BZ42,0,1) -> 0 | DP42: =+AJ42 -> 0 | DQ42: =+BZ42 -> 0 | DR42: =+IF(AK42=CA42,0,1) -> 0 | DS42: =+AK42 -> 0 | DT42: =+CA42 -> 0 | DU42: =+IF(AL42=CB42,0,1) -> 0 | DV42: =+IF(AM42=CC42,0,1) -> 0 | DW42: =+IF(AN42=CD42,0,1) -> 0 | DX42: =+IF(AO42=CE42,0,1) -> 0 | DY42: =+SUM(CH42:DO42,DR42,DU42:DX42) -> 0 | DZ42: =+COUNTBLANK(C42:AO42) -> 12 | EA42: =+COUNTBLANK(AS42:CE42) -> 12 | EB42: =+IF(AND(DZ42=EA42,DY42=0),"IGUAL CAMPOS PREENCH",IF(DZ42<=EA42,"AUX 1 COM + CAMPOS PREENC OU IGUAL","AUX 2 COM + CAMPOS PREENC")) -> IGUAL CAMPOS PREENCH | EC42: Registo duplicado (todos os campos iguais) & Sem diferenças nos dados recebidos
C43: 41D37505DE236E0424DB73D798B857BF3179BD77A2DFCB7D6C0CB4CCDB660D5A | D43: 110000 | E43: LISBOA | F43: 110500 | G43: CASCAIS | H43: 110501 | I43: ALCABIDECHE | J43: MANIQUE | K43: 24 | L43: CANADA | M43: ESCOLA DOS SALESIANOS MANIQUE | N43: . | Q43: CANADA | U43: 2645 | V43: 438 | W43: 18586 | Y43: 0 | Z43: 0 | AA43: 0 | AB43: 0 | AF43: 15117 * 2212 E 529 | AH43: OUTRAS | AL43: 4-MEDIA | AM43: E | AN43: 44,5 | AO43: 159,13 | AP43: 1 | AR43: 0032144642600000 | AS43: 41D37505DE236E0424DB73D798B857BF3179BD77A2DFCB7D6C0CB4CCDB660D5A | AT43: 110000 | AU43: LISBOA | AV43: 110500 | AW43: CASCAIS | AX43: 110501 | AY43: ALCABIDECHE | AZ43: MANIQUE | BA43: 24 | BB43: CANADA | BC43: ESCOLA DOS SALESIANOS MANIQUE | BD43: . | BG43: CANADA | BK43: 2645 | BL43: 438 | BM43: 18586 | BO43: 0 | BP43: 0 | BQ43: 0 | BR43: 0 | BV43: 15117 * 2212 E 529 | BX43: OUTRAS | BZ43: D | CA43: 5-MEDIA BAJA | CB43: 4-MEDIA | CC43: E | CD43: 44,5 | CE43: 159,13 | CF43: 2 | CH43: =+IF(C43=AS43,0,1) -> 0 | CI43: =+IF(D43=AT43,0,1) -> 0 | CJ43: =+IF(E43=AU43,0,1) -> 0 | CK43: =+IF(F43=AV43,0,1) -> 0 | CL43: =+IF(G43=AW43,0,1) -> 0 | CM43: =+IF(H43=AX43,0,1) -> 0 | CN43: =+IF(I43=AY43,0,1) -> 0 | CO43: =+IF(J43=AZ43,0,1) -> 0 | ... DO43: =+IF(AJ43=BZ43,0,1) -> 1 | DP43: =+AJ43 -> 0 | DQ43: =+BZ43 -> D | DR43: =+IF(AK43=CA43,0,1) -> 1 | DS43: =+AK43 -> 0 | DT43: =+CA43 -> 5-MEDIA BAJA | DU43: =+IF(AL43=CB43,0,1) -> 0 | DV43: =+IF(AM43=CC43,0,1) -> 0 | DW43: =+IF(AN43=CD43,0,1) -> 0 | DX43: =+IF(AO43=CE43,0,1) -> 0 | DY43: =+SUM(CH43:DO43,DR43,DU43:DX43) -> 2 | DZ43: =+COUNTBLANK(C43:AO43) -> 13 | EA43: =+COUNTBLANK(AS43:CE43) -> 11 | EB43: =+IF(AND(DZ43=EA43,DY43=0),"IGUAL CAMPOS PREENCH",IF(DZ43<=EA43,"AUX 1 COM + CAMPOS PREENC OU IGUAL","AUX 2 COM + CAMPOS PREENC")) -> AUX 2 COM + CAMPOS PREENC | EC43: Diferenças nos registos enviados & Sem diferenças nos dados recebidos
C44: 45E7822D36C17ECD04CCEEBA2270A01D46442AA35AFD5EE28775D3AB58FB00F7 | D44: 010000 | E44: AVEIRO | F44: 010900 | G44: FEIRA | H44: 010913 | I44: LOUROSA | J44: LOUROSA | K44: 01 | L44: RUA | M44: NOVA ALDEIRO | N44: 208 | Q44: RUA | U44: 4535 | V44: 097 | W44: 85 | X44: 1969 | Y44: 1 | Z44: 0 | AA44: 1 | AB44: 0 | AC44: CONSERV.SABROSA | AD44: 246 | AE44: 2593/20080317 | AF44: 1210 | AH44: HABITACAO | AL44: 4-MEDIA | AM44: E | AN44: 52,17 | AO44: 186,58 | AP44: 1 | AS44: 45E7822D36C17ECD04CCEEBA2270A01D46442AA35AFD5EE28775D3AB58FB00F7 | AT44: 010000 | AU44: AVEIRO | AV44: 010900 | AW44: FEIRA | AX44: 010913 | AY44: LOUROSA | AZ44: LOUROSA | BA44: 01 | BB44: RUA | BC44: NOVA ALDEIRO | BD44: 208 | BG44: RUA | BK44: 4535 | BL44: 097 | BM44: 85 | BN44: 1969 | BO44: 1 | BP44: 0 | BQ44: 1 | BR44: 0 | BS44: CONSERV.SABROSA | BT44: 246 | BU44: 2593/20080317 | BV44: 1210 | BX44: HABITACAO | BZ44: D | CA44: 4-MEDIA | CB44: 4-MEDIA | CC44: E | CD44: 52,17 | CE44: 186,58 | CF44: 2 | CH44: =+IF(C44=AS44,0,1) -> 0 | CI44: =+IF(D44=AT44,0,1) -> 0 | CJ44: =+IF(E44=AU44,0,1) -> 0 | CK44: =+IF(F44=AV44,0,1) -> 0 | CL44: =+IF(G44=AW44,0,1) -> 0 | CM44: =+IF(H44=AX44,0,1) -> 0 | CN44: =+IF(I44=AY44,0,1) -> 0 | CO44: =+IF(J44=AZ44,0,1) -> 0 | ... DO44: =+IF(AJ44=BZ44,0,1) -> 1 | DP44: =+AJ44 -> 0 | DQ44: =+BZ44 -> D | DR44: =+IF(AK44=CA44,0,1) -> 1 | DS44: =+AK44 -> 0 | DT44: =+CA44 -> 4-MEDIA | DU44: =+IF(AL44=CB44,0,1) -> 0 | DV44: =+IF(AM44=CC44,0,1) -> 0 | DW44: =+IF(AN44=CD44,0,1) -> 0 | DX44: =+IF(AO44=CE44,0,1) -> 0 | DY44: =+SUM(CH44:DO44,DR44,DU44:DX44) -> 2 | DZ44: =+COUNTBLANK(C44:AO44) -> 9 | EA44: =+COUNTBLANK(AS44:CE44) -> 7 | EB44: =+IF(AND(DZ44=EA44,DY44=0),"IGUAL CAMPOS PREENCH",IF(DZ44<=EA44,"AUX 1 COM + CAMPOS PREENC OU IGUAL","AUX 2 COM + CAMPOS PREENC")) -> AUX 2 COM + CAMPOS PREENC | EC44: Diferenças nos registos enviados & Sem diferenças nos dados recebidos
B45: 0032143066400000 | C45: 48E0A631B3D5530E72AF2C94014F787BB2224BEE1D80D921349A917884F02681 | D45: 080000 | E45: FARO | F45: 080100 | G45: ALBUFEIRA | H45: 080101 | I45: ALBUFEIRA | J45: ALBUFEIRA | K45: 06 | L45: URBANIZACAO | M45: ROJA PE | N45: S/N | Q45: URBANIZACAO | U45: 8200 | V45: 001 | W45: 110 | Y45: 1 | Z45: 0 | AA45: 1 | AB45: 0 | AF45: 4981-U * CRP 10278/19970313 | AH45: HABITACAO | AJ45: D | AK45: 4-MEDIA | AL45: 4-MEDIA | AM45: C | AN45: 17,49 | AO45: 62,65 | AP45: 1 | AS45: 48E0A631B3D5530E72AF2C94014F787BB2224BEE1D80D921349A917884F02681 | AT45: 080000 | AU45: FARO | AV45: 080100 | AW45: ALBUFEIRA | AX45: 080101 | AY45: ALBUFEIRA | AZ45: ALBUFEIRA | BA45: 06 | BB45: URBANIZACAO | BC45: ROJA PE | BD45: S/N | BG45: URBANIZACAO | BK45: 8200 | BL45: 001 | BM45: 110 | BO45: 1 | BP45: 0 | BQ45: 1 | BR45: 0 | BV45: 4981-U * CRP 10278/19970313 | BX45: HABITACAO | CB45: 4-MEDIA | CC45: C | CD45: 17,49 | CE45: 62,65 | CF45: 2 | CH45: =+IF(C45=AS45,0,1) -> 0 | CI45: =+IF(D45=AT45,0,1) -> 0 | CJ45: =+IF(E45=AU45,0,1) -> 0 | CK45: =+IF(F45=AV45,0,1) -> 0 | CL45: =+IF(G45=AW45,0,1) -> 0 | CM45: =+IF(H45=AX45,0,1) -> 0 | CN45: =+IF(I45=AY45,0,1) -> 0 | CO45: =+IF(J45=AZ45,0,1) -> 0 | ... DO45: =+IF(AJ45=BZ45,0,1) -> 1 | DP45: =+AJ45 -> D | DQ45: =+BZ45 -> 0 | DR45: =+IF(AK45=CA45,0,1) -> 1 | DS45: =+AK45 -> 4-MEDIA | DT45: =+CA45 -> 0 | DU45: =+IF(AL45=CB45,0,1) -> 0 | DV45: =+IF(AM45=CC45,0,1) -> 0 | DW45: =+IF(AN45=CD45,0,1) -> 0 | DX45: =+IF(AO45=CE45,0,1) -> 0 | DY45: =+SUM(CH45:DO45,DR45,DU45:DX45) -> 2 | DZ45: =+COUNTBLANK(C45:AO45) -> 11 | EA45: =+COUNTBLANK(AS45:CE45) -> 13 | EB45: =+IF(AND(DZ45=EA45,DY45=0),"IGUAL CAMPOS PREENCH",IF(DZ45<=EA45,"AUX 1 COM + CAMPOS PREENC OU IGUAL","AUX 2 COM + CAMPOS PREENC")) -> AUX 1 COM + CAMPOS PREENC OU IGUAL | EC45: Diferenças nos registos enviados & Sem diferenças nos dados recebidos
C46: 4947AE7DC1F17660F23BACF99C8856CD096D78C457042561DC8943F0FDB29E43 | D46: 110000 | E46: LISBOA | F46: 110600 | G46: LISBOA | H46: 110604 | I46: ALVALADE | J46: ALVALADE | K46: 02 | L46: AVENIDA | M46: DAS FORCAS ARMADAS | N46: 4A, 4C | Q46: AVENIDA | U46: 1600 | V46: 082 | W46: 875 | Y46: 0 | Z46: 0 | AA46: 0 | AB46: 1 | AF46: 3283 | AH46: COMERCIO | AL46: 5-MEDIA BAJA | AM46: C | AN46: 38,27 | AO46: 136,51 | AP46: 1 | AR46: 0032176761500000 | AS46: 4947AE7DC1F17660F23BACF99C8856CD096D78C457042561DC8943F0FDB29E43 | AT46: 110000 | AU46: LISBOA | AV46: 110600 | AW46: LISBOA | AX46: 110604 | AY46: ALVALADE | AZ46: ALVALADE | BA46: 02 | BB46: AVENIDA | BC46: DAS FORCAS ARMADAS | BD46: 4A, 4C | BG46: AVENIDA | BK46: 1600 | BL46: 082 | BM46: 875 | BO46: 0 | BP46: 0 | BQ46: 0 | BR46: 1 | BV46: 3283 | BX46: COMERCIO | CB46: 5-MEDIA BAJA | CC46: C | CD46: 38,27 | CE46: 136,51 | CF46: 2 | CH46: =+IF(C46=AS46,0,1) -> 0 | CI46: =+IF(D46=AT46,0,1) -> 0 | CJ46: =+IF(E46=AU46,0,1) -> 0 | CK46: =+IF(F46=AV46,0,1) -> 0 | CL46: =+IF(G46=AW46,0,1) -> 0 | CM46: =+IF(H46=AX46,0,1) -> 0 | CN46: =+IF(I46=AY46,0,1) -> 0 | CO46: =+IF(J46=AZ46,0,1) -> 0 | ... DO46: =+IF(AJ46=BZ46,0,1) -> 0 | DP46: =+AJ46 -> 0 | DQ46: =+BZ46 -> 0 | DR46: =+IF(AK46=CA46,0,1) -> 0 | DS46: =+AK46 -> 0 | DT46: =+CA46 -> 0 | DU46: =+IF(AL46=CB46,0,1) -> 0 | DV46: =+IF(AM46=CC46,0,1) -> 0 | DW46: =+IF(AN46=CD46,0,1) -> 0 | DX46: =+IF(AO46=CE46,0,1) -> 0 | DY46: =+SUM(CH46:DO46,DR46,DU46:DX46) -> 0 | DZ46: =+COUNTBLANK(C46:AO46) -> 13 | EA46: =+COUNTBLANK(AS46:CE46) -> 13 | EB46: =+IF(AND(DZ46=EA46,DY46=0),"IGUAL CAMPOS PREENCH",IF(DZ46<=EA46,"AUX 1 COM + CAMPOS PREENC OU IGUAL","AUX 2 COM + CAMPOS PREENC")) -> IGUAL CAMPOS PREENCH | EC46: Registo duplicado (todos os campos iguais) & Sem diferenças nos dados recebidos
B47: 0090167041400000 | C47: 4B4EBC0800D1D9EC59F637A3BAE5CB3CEA77066252F65E759EB8731C490E956B | D47: 110000 | E47: LISBOA | F47: 110600 | G47: LISBOA | H47: 110627 | I47: SACRAMENTO | J47: ROSSIO | K47: 01 | L47: RUA | M47: PRIMEIRO DE DEZEMBRO | N47: 95 | Q47: RUA | U47: 1200 | V47: 358 | W47: 1350 | Y47: 0 | Z47: 0 | AA47: 0 | AB47: 1 | AF47: 612, CRP 25 | AH47: COMERCIO | AJ47: D | AK47: 5-MEDIA BAJA | AL47: 5-MEDIA BAJA | AM47: C | AN47: 38,27 | AO47: 136,51 | AP47: 1 | AS47: 4B4EBC0800D1D9EC59F637A3BAE5CB3CEA77066252F65E759EB8731C490E956B | AT47: 110000 | AU47: LISBOA | AV47: 110600 | AW47: LISBOA | AX47: 110627 | AY47: SACRAMENTO | AZ47: ROSSIO | BA47: 01 | BB47: RUA | BC47: PRIMEIRO DE DEZEMBRO | BD47: 95 | BG47: RUA | BK47: 1200 | BL47: 358 | BM47: 1350 | BO47: 0 | BP47: 0 | BQ47: 0 | BR47: 1 | BV47: 612, CRP 25 | BX47: COMERCIO | CB47: 5-MEDIA BAJA | CC47: C | CD47: 38,27 | CE47: 136,51 | CF47: 2 | CH47: =+IF(C47=AS47,0,1) -> 0 | CI47: =+IF(D47=AT47,0,1) -> 0 | CJ47: =+IF(E47=AU47,0,1) -> 0 | CK47: =+IF(F47=AV47,0,1) -> 0 | CL47: =+IF(G47=AW47,0,1) -> 0 | CM47: =+IF(H47=AX47,0,1) -> 0 | CN47: =+IF(I47=AY47,0,1) -> 0 | CO47: =+IF(J47=AZ47,0,1) -> 0 | ... DO47: =+IF(AJ47=BZ47,0,1) -> 1 | DP47: =+AJ47 -> D | DQ47: =+BZ47 -> 0 | DR47: =+IF(AK47=CA47,0,1) -> 1 | DS47: =+AK47 -> 5-MEDIA BAJA | DT47: =+CA47 -> 0 | DU47: =+IF(AL47=CB47,0,1) -> 0 | DV47: =+IF(AM47=CC47,0,1) -> 0 | DW47: =+IF(AN47=CD47,0,1) -> 0 | DX47: =+IF(AO47=CE47,0,1) -> 0 | DY47: =+SUM(CH47:DO47,DR47,DU47:DX47) -> 2 | DZ47: =+COUNTBLANK(C47:AO47) -> 11 | EA47: =+COUNTBLANK(AS47:CE47) -> 13 | EB47: =+IF(AND(DZ47=EA47,DY47=0),"IGUAL CAMPOS PREENCH",IF(DZ47<=EA47,"AUX 1 COM + CAMPOS PREENC OU IGUAL","AUX 2 COM + CAMPOS PREENC")) -> AUX 1 COM + CAMPOS PREENC OU IGUAL | EC47: Diferenças nos registos enviados & Sem diferenças nos dados recebidos
C48: 4BEE5DBC20E90A51F0C031F801CCFB9DD1E3254898509AFF4E3258221EC316ED | D48: 110000 | E48: LISBOA | F48: 110600 | G48: LISBOA | H48: 110632 | I48: SANTA MARIA DE BELEM | J48: BELEM | K48: 02 | L48: AVENIDA | M48: DE BRASILIA | N48: . | Q48: AVENIDA | U48: 1400 | V48: 038 | W48: 57610 | Y48: 0 | Z48: 0 | AA48: 0 | AB48: 0 | AF48: 3443 CRP2921 | AH48: OUTRAS | AL48: 5-MEDIA BAJA | AM48: C | AN48: 23,94 | AO48: 85,28 | AP48: 1 | AR48: 0032164279300000 | AS48: 4BEE5DBC20E90A51F0C031F801CCFB9DD1E3254898509AFF4E3258221EC316ED | AT48: 110000 | AU48: LISBOA | AV48: 110600 | AW48: LISBOA | AX48: 110632 | AY48: SANTA MARIA DE BELEM | AZ48: BELEM | BA48: 02 | BB48: AVENIDA | BC48: DE BRASILIA | BD48: . | BG48: AVENIDA | BK48: 1400 | BL48: 038 | BM48: 57610 | BO48: 0 | BP48: 0 | BQ48: 0 | BR48: 0 | BV48: 3443 CRP2921 | BX48: OUTRAS | BZ48: C | CA48: 5-MEDIA BAJA | CB48: 5-MEDIA BAJA | CC48: C | CD48: 23,94 | CE48: 85,28 | CF48: 2 | CH48: =+IF(C48=AS48,0,1) -> 0 | CI48: =+IF(D48=AT48,0,1) -> 0 | CJ48: =+IF(E48=AU48,0,1) -> 0 | CK48: =+IF(F48=AV48,0,1) -> 0 | CL48: =+IF(G48=AW48,0,1) -> 0 | CM48: =+IF(H48=AX48,0,1) -> 0 | CN48: =+IF(I48=AY48,0,1) -> 0 | CO48: =+IF(J48=AZ48,0,1) -> 0 | ... DO48: =+IF(AJ48=BZ48,0,1) -> 1 | DP48: =+AJ48 -> 0 | DQ48: =+BZ48 -> C | DR48: =+IF(AK48=CA48,0,1) -> 1 | DS48: =+AK48 -> 0 | DT48: =+CA48 -> 5-MEDIA BAJA | DU48: =+IF(AL48=CB48,0,1) -> 0 | DV48: =+IF(AM48=CC48,0,1) -> 0 | DW48: =+IF(AN48=CD48,0,1) -> 0 | DX48: =+IF(AO48=CE48,0,1) -> 0 | DY48: =+SUM(CH48:DO48,DR48,DU48:DX48) -> 2 | DZ48: =+COUNTBLANK(C48:AO48) -> 13 | EA48: =+COUNTBLANK(AS48:CE48) -> 11 | EB48: =+IF(AND(DZ48=EA48,DY48=0),"IGUAL CAMPOS PREENCH",IF(DZ48<=EA48,"AUX 1 COM + CAMPOS PREENC OU IGUAL","AUX 2 COM + CAMPOS PREENC")) -> AUX 2 COM + CAMPOS PREENC | EC48: Diferenças nos registos enviados & Sem diferenças nos dados recebidos
C49: 4CCA1155D50A9BE2CAA17C05FF4D1F87B8F629730C81A8FC078C47F9DE7D5F3A | D49: 150000 | E49: SETUBAL | F49: 150900 | G49: SANTIAGO DO CACEM | H49: 150907 | I49: SANTO ANDRE | J49: SETUBAL | R49: 120 | U49: 2900 | W49: 337 | X49: 1973 | Y49: 0 | Z49: 0 | AA49: 0 | AB49: 1 | AD49: 000 | AE49: 0000000 | AF49: R288 U1027 U2013 | AG49: 228 120 | AH49: ARMAZEM | AJ49: E | AK49: 5-MEDIA BAJA | AL49: 5-MEDIA BAJA | AM49: C | AN49: 31,46 | AO49: 111,66 | AP49: 1 | AS49: 4CCA1155D50A9BE2CAA17C05FF4D1F87B8F629730C81A8FC078C47F9DE7D5F3A | AT49: 150000 | AU49: SETUBAL | AV49: 150900 | AW49: SANTIAGO DO CACEM | AX49: 150907 | AY49: SANTO ANDRE | AZ49: SETUBAL | BH49: 120 | BK49: 2900 | BM49: 337 | BN49: 1973 | BO49: 0 | BP49: 0 | BQ49: 0 | BR49: 1 | BU49: 0000000 | BV49: R288 U1027 U2013 | BW49: 228 120 | BX49: ARMAZEM | CB49: 5-MEDIA BAJA | CC49: C | CD49: 31,46 | CE49: 111,66 | CF49: 2 | CH49: =+IF(C49=AS49,0,1) -> 0 | CI49: =+IF(D49=AT49,0,1) -> 0 | CJ49: =+IF(E49=AU49,0,1) -> 0 | CK49: =+IF(F49=AV49,0,1) -> 0 | CL49: =+IF(G49=AW49,0,1) -> 0 | CM49: =+IF(H49=AX49,0,1) -> 0 | CN49: =+IF(I49=AY49,0,1) -> 0 | CO49: =+IF(J49=AZ49,0,1) -> 0 | ... DO49: =+IF(AJ49=BZ49,0,1) -> 1 | DP49: =+AJ49 -> E | DQ49: =+BZ49 -> 0 | DR49: =+IF(AK49=CA49,0,1) -> 1 | DS49: =+AK49 -> 5-MEDIA BAJA | DT49: =+CA49 -> 0 | DU49: =+IF(AL49=CB49,0,1) -> 0 | DV49: =+IF(AM49=CC49,0,1) -> 0 | DW49: =+IF(AN49=CD49,0,1) -> 0 | DX49: =+IF(AO49=CE49,0,1) -> 0 | DY49: =+SUM(CH49:DO49,DR49,DU49:DX49) -> 3 | DZ49: =+COUNTBLANK(C49:AO49) -> 12 | EA49: =+COUNTBLANK(AS49:CE49) -> 15 | EB49: =+IF(AND(DZ49=EA49,DY49=0),"IGUAL CAMPOS PREENCH",IF(DZ49<=EA49,"AUX 1 COM + CAMPOS PREENC OU IGUAL","AUX 2 COM + CAMPOS PREENC")) -> AUX 1 COM + CAMPOS PREENC OU IGUAL | EC49: Diferenças nos registos enviados & Sem diferenças nos dados recebidos
B50: 0032171034200000 | C50: 4FE3CFD7C0A6B891F5575507A59C0FC5E804427834886DD13AF194F096AEC0B5 | D50: 010000 | E50: AVEIRO | F50: 011800 | G50: VAGOS | H50: 011807 | I50: SOSA | J50: SOSA | K50: 50 | L50: ZONA INDUSTRIAL | M50: FONTAO, LT 3, 4, 10 E 11 | N50: SN | P50: PQ EMP SOZA | Q50: ZONA INDUSTRIAL | U50: 3840 | V50: 342 | W50: 16751 | Y50: 0 | Z50: 0 | AA50: 0 | AB50: 1 | AF50: 2872,2888_89,2876CRP6082,6184_86,6096 | AH50: INDUSTRIA | AL50: 5-MEDIA BAJA | AM50: E | AN50: 56,71 | AO50: 194,2 | AP50: 1 | AS50: 4FE3CFD7C0A6B891F5575507A59C0FC5E804427834886DD13AF194F096AEC0B5 | AT50: 010000 | AU50: AVEIRO | AV50: 011800 | AW50: VAGOS | AX50: 011807 | AY50: SOSA | AZ50: SOSA | BA50: 50 | BB50: ZONA INDUSTRIAL | BC50: FONTAO, LT 3, 4, 10 E 11 | BD50: SN | BF50: PQ EMP SOZA | BG50: ZONA INDUSTRIAL | BK50: 3840 | BL50: 342 | BM50: 16751 | BO50: 0 | BP50: 0 | BQ50: 0 | BR50: 1 | BV50: 2872,2888_89,2876CRP6082,6184_86,6096 | BX50: INDUSTRIA | CB50: 5-MEDIA BAJA | CC50: E | CD50: 56,71 | CE50: 194,2 | CF50: 2 | CH50: =+IF(C50=AS50,0,1) -> 0 | CI50: =+IF(D50=AT50,0,1) -> 0 | CJ50: =+IF(E50=AU50,0,1) -> 0 | CK50: =+IF(F50=AV50,0,1) -> 0 | CL50: =+IF(G50=AW50,0,1) -> 0 | CM50: =+IF(H50=AX50,0,1) -> 0 | CN50: =+IF(I50=AY50,0,1) -> 0 | CO50: =+IF(J50=AZ50,0,1) -> 0 | ... DO50: =+IF(AJ50=BZ50,0,1) -> 0 | DP50: =+AJ50 -> 0 | DQ50: =+BZ50 -> 0 | DR50: =+IF(AK50=CA50,0,1) -> 0 | DS50: =+AK50 -> 0 | DT50: =+CA50 -> 0 | DU50: =+IF(AL50=CB50,0,1) -> 0 | DV50: =+IF(AM50=CC50,0,1) -> 0 | DW50: =+IF(AN50=CD50,0,1) -> 0 | DX50: =+IF(AO50=CE50,0,1) -> 0 | DY50: =+SUM(CH50:DO50,DR50,DU50:DX50) -> 0 | DZ50: =+COUNTBLANK(C50:AO50) -> 12 | EA50: =+COUNTBLANK(AS50:CE50) -> 12 | EB50: =+IF(AND(DZ50=EA50,DY50=0),"IGUAL CAMPOS PREENCH",IF(DZ50<=EA50,"AUX 1 COM + CAMPOS PREENC OU IGUAL","AUX 2 COM + CAMPOS PREENC")) -> IGUAL CAMPOS PREENCH | EC50: Registo duplicado (todos os campos iguais) & Sem diferenças nos dados recebidos
C51: 520DC940176F64F800573AFA60D0FAFBCA2FCF8BCCBDD9D1BA2543408C23654E | D51: 010000 | E51: AVEIRO | F51: 010900 | G51: FEIRA | H51: 010902 | I51: ARRIFANA | J51: ARRIFANA | K51: 01 | L51: RUA | M51: TERRAS STA MARIA | N51: 1843 | Q51: RUA | U51: 3700 | V51: 400 | W51: 125 | X51: 1970 | Y51: 1 | Z51: 1 | AA51: 0 | AB51: 0 | AD51: 000 | AE51: 0000000 | AF51: 0003048-A - | AH51: HABITACAO | AL51: 3-ALTA | AM51: F | AN51: 67,53 | AO51: 241,14 | AP51: 1 | AS51: 520DC940176F64F800573AFA60D0FAFBCA2FCF8BCCBDD9D1BA2543408C23654E | AT51: 010000 | AU51: AVEIRO | AV51: 010900 | AW51: FEIRA | AX51: 010902 | AY51: ARRIFANA | AZ51: ARRIFANA | BA51: 01 | BB51: RUA | BC51: TERRAS STA MARIA | BD51: 1843 | BG51: RUA | BK51: 3700 | BL51: 400 | BM51: 125 | BN51: 1970 | BO51: 1 | BP51: 1 | BQ51: 0 | BR51: 0 | BU51: 0000000 | BV51: 0003048-A - | BX51: HABITACAO | CB51: 3-ALTA | CC51: F | CD51: 67,53 | CE51: 241,14 | CF51: 2 | CH51: =+IF(C51=AS51,0,1) -> 0 | CI51: =+IF(D51=AT51,0,1) -> 0 | CJ51: =+IF(E51=AU51,0,1) -> 0 | CK51: =+IF(F51=AV51,0,1) -> 0 | CL51: =+IF(G51=AW51,0,1) -> 0 | CM51: =+IF(H51=AX51,0,1) -> 0 | CN51: =+IF(I51=AY51,0,1) -> 0 | CO51: =+IF(J51=AZ51,0,1) -> 0 | ... DO51: =+IF(AJ51=BZ51,0,1) -> 0 | DP51: =+AJ51 -> 0 | DQ51: =+BZ51 -> 0 | DR51: =+IF(AK51=CA51,0,1) -> 0 | DS51: =+AK51 -> 0 | DT51: =+CA51 -> 0 | DU51: =+IF(AL51=CB51,0,1) -> 0 | DV51: =+IF(AM51=CC51,0,1) -> 0 | DW51: =+IF(AN51=CD51,0,1) -> 0 | DX51: =+IF(AO51=CE51,0,1) -> 0 | DY51: =+SUM(CH51:DO51,DR51,DU51:DX51) -> 1 | DZ51: =+COUNTBLANK(C51:AO51) -> 10 | EA51: =+COUNTBLANK(AS51:CE51) -> 11 | EB51: =+IF(AND(DZ51=EA51,DY51=0),"IGUAL CAMPOS PREENCH",IF(DZ51<=EA51,"AUX 1 COM + CAMPOS PREENC OU IGUAL","AUX 2 COM + CAMPOS PREENC")) -> AUX 1 COM + CAMPOS PREENC OU IGUAL | EC51: Diferenças nos registos enviados & Sem diferenças nos dados recebidos
B52: 0032171061600000 | C52: 522A78FADB4C45F00C01E60BA8DC3DDE5851942B1063DF124EBAFBD105248B04 | D52: 090000 | E52: GUARDA | F52: 090100 | G52: AGUIAR DA BEIRA | H52: 090109 | I52: PENA VERDE | J52: PENA VERDE | K52: 30 | L52: OUTROS | M52: MOREIRA | N52: S/N | Q52: OUTROS | U52: 3570 | V52: 170 | W52: 2162 | Y52: 0 | Z52: 0 | AA52: 0 | AB52: 1 | AF52: R6342 CRP 3033 | AH52: INDUSTRIA | AL52: 4-MEDIA | AM52: B- | AN52: 32,35 | AO52: 117,08 | AP52: 1 | AS52: 522A78FADB4C45F00C01E60BA8DC3DDE5851942B1063DF124EBAFBD105248B04 | AT52: 090000 | AU52: GUARDA | AV52: 090100 | AW52: AGUIAR DA BEIRA | AX52: 090109 | AY52: PENA VERDE | AZ52: PENA VERDE | BA52: 30 | BB52: OUTROS | BC52: MOREIRA | BD52: S/N | BG52: OUTROS | BK52: 3570 | BL52: 170 | BM52: 2162 | BO52: 0 | BP52: 0 | BQ52: 0 | BR52: 1 | BV52: R6342 CRP 3033 | BX52: INDUSTRIA | CB52: 4-MEDIA | CC52: B- | CD52: 32,35 | CE52: 117,08 | CF52: 2 | CH52: =+IF(C52=AS52,0,1) -> 0 | CI52: =+IF(D52=AT52,0,1) -> 0 | CJ52: =+IF(E52=AU52,0,1) -> 0 | CK52: =+IF(F52=AV52,0,1) -> 0 | CL52: =+IF(G52=AW52,0,1) -> 0 | CM52: =+IF(H52=AX52,0,1) -> 0 | CN52: =+IF(I52=AY52,0,1) -> 0 | CO52: =+IF(J52=AZ52,0,1) -> 0 | ... DO52: =+IF(AJ52=BZ52,0,1) -> 0 | DP52: =+AJ52 -> 0 | DQ52: =+BZ52 -> 0 | DR52: =+IF(AK52=CA52,0,1) -> 0 | DS52: =+AK52 -> 0 | DT52: =+CA52 -> 0 | DU52: =+IF(AL52=CB52,0,1) -> 0 | DV52: =+IF(AM52=CC52,0,1) -> 0 | DW52: =+IF(AN52=CD52,0,1) -> 0 | DX52: =+IF(AO52=CE52,0,1) -> 0 | DY52: =+SUM(CH52:DO52,DR52,DU52:DX52) -> 0 | DZ52: =+COUNTBLANK(C52:AO52) -> 13 | EA52: =+COUNTBLANK(AS52:CE52) -> 13 | EB52: =+IF(AND(DZ52=EA52,DY52=0),"IGUAL CAMPOS PREENCH",IF(DZ52<=EA52,"AUX 1 COM + CAMPOS PREENC OU IGUAL","AUX 2 COM + CAMPOS PREENC")) -> IGUAL CAMPOS PREENCH | EC52: Registo duplicado (todos os campos iguais) & Sem diferenças nos dados recebidos
C53: 533A7046277EFCD8D706D59577F0D6959AAA4E3AD4F44C85E626E49327A32D00 | D53: 420000 | E53: ILHA DE SAO MIGUEL-AÇORES | F53: 420300 | G53: PONTA DELGADA | H53: 420399 | I53: 99 | J53: VILA DE NORDESTE | K53: 01 | L53: RUA | M53: RUA DAS COURELAS DE BAIXO | N53: 000000 | Q53: RUA | R53: 0000173 | U53: 9630 | V53: 173 | W53: 437 | X53: 1987 | Y53: 1 | Z53: 0 | AA53: 1 | AB53: 0 | AF53: 415 | AG53: PREDIOS | AH53: HABITACAO | AJ53: D | AK53: 6-BAJA | AL53: 5-MEDIA BAJA | AM53: D | AN53: 26,97 | AO53: 52,8 | AP53: 1 | AS53: 533A7046277EFCD8D706D59577F0D6959AAA4E3AD4F44C85E626E49327A32D00 | AT53: 420000 | AU53: ILHA DE SAO MIGUEL-AÇORES | AV53: 420300 | AW53: PONTA DELGADA | AX53: 420399 | AY53: 99 | AZ53: VILA DE NORDESTE | BA53: 01 | BB53: RUA | BC53: RUA DAS COURELAS DE BAIXO | BD53: 000000 | BG53: RUA | BH53: 0000173 | BK53: 9630 | BL53: 173 | BM53: 437 | BN53: 1987 | BO53: 1 | BP53: 0 | BQ53: 1 | BR53: 0 | BS53: CONSERV.NAZARÉ | BT53: 183 | BU53: 2440 | BV53: 415 | BW53: PREDIOS | BX53: HABITACAO | CB53: 5-MEDIA BAJA | CC53: D | CD53: 26,97 | CE53: 52,8 | CF53: 2 | CH53: =+IF(C53=AS53,0,1) -> 0 | CI53: =+IF(D53=AT53,0,1) -> 0 | CJ53: =+IF(E53=AU53,0,1) -> 0 | CK53: =+IF(F53=AV53,0,1) -> 0 | CL53: =+IF(G53=AW53,0,1) -> 0 | CM53: =+IF(H53=AX53,0,1) -> 0 | CN53: =+IF(I53=AY53,0,1) -> 0 | CO53: =+IF(J53=AZ53,0,1) -> 0 | ... DO53: =+IF(AJ53=BZ53,0,1) -> 1 | DP53: =+AJ53 -> D | DQ53: =+BZ53 -> 0 | DR53: =+IF(AK53=CA53,0,1) -> 1 | DS53: =+AK53 -> 6-BAJA | DT53: =+CA53 -> 0 | DU53: =+IF(AL53=CB53,0,1) -> 0 | DV53: =+IF(AM53=CC53,0,1) -> 0 | DW53: =+IF(AN53=CD53,0,1) -> 0 | DX53: =+IF(AO53=CE53,0,1) -> 0 | DY53: =+SUM(CH53:DO53,DR53,DU53:DX53) -> 5 | DZ53: =+COUNTBLANK(C53:AO53) -> 8 | EA53: =+COUNTBLANK(AS53:CE53) -> 7 | EB53: =+IF(AND(DZ53=EA53,DY53=0),"IGUAL CAMPOS PREENCH",IF(DZ53<=EA53,"AUX 1 COM + CAMPOS PREENC OU IGUAL","AUX 2 COM + CAMPOS PREENC")) -> AUX 2 COM + CAMPOS PREENC | EC53: Diferenças nos registos enviados & Sem diferenças nos dados recebidos
B54: 0032143066500000 | C54: 549FD7010D17C4A441EBE12FD1867667AB4B308BD2DC5FDD037CBB5ACDC315C1 | D54: 080000 | E54: FARO | F54: 080100 | G54: ALBUFEIRA | H54: 080101 | I54: ALBUFEIRA | J54: ROJA PE - OLHOS AGUA | K54: 06 | L54: URBANIZACAO | M54: QUINTA DO MILHARO | N54: 23 | O54: 23 | Q54: PRACETA | U54: 8200 | V54: 001 | W54: 868 | Y54: 1 | Z54: 0 | AA54: 0 | AB54: 0 | AF54: 18137 * CRP 3245/19880315 | AH54: HABITACAO | AJ54: C | AK54: 5-MEDIA BAJA | AL54: 5-MEDIA BAJA | AM54: E | AN54: 34,59 | AO54: 123,8 | AP54: 1 | AS54: 549FD7010D17C4A441EBE12FD1867667AB4B308BD2DC5FDD037CBB5ACDC315C1 | AT54: 080000 | AU54: FARO | AV54: 080100 | AW54: ALBUFEIRA | AX54: 080101 | AY54: ALBUFEIRA | AZ54: ROJA PE - OLHOS AGUA | BA54: 06 | BB54: URBANIZACAO | BC54: QUINTA DO MILHARO | BD54: 23 | BE54: 23 | BG54: PRACETA | BK54: 8200 | BL54: 001 | BM54: 868 | BO54: 1 | BP54: 0 | BQ54: 0 | BR54: 0 | BV54: 18137 * CRP 3245/19880315 | BX54: HABITACAO | BZ54: C | CA54: 5-MEDIA BAJA | CB54: 5-MEDIA BAJA | CC54: E | CD54: 34,59 | CE54: 123,8 | CF54: 2 | CH54: =+IF(C54=AS54,0,1) -> 0 | CI54: =+IF(D54=AT54,0,1) -> 0 | CJ54: =+IF(E54=AU54,0,1) -> 0 | CK54: =+IF(F54=AV54,0,1) -> 0 | CL54: =+IF(G54=AW54,0,1) -> 0 | CM54: =+IF(H54=AX54,0,1) -> 0 | CN54: =+IF(I54=AY54,0,1) -> 0 | CO54: =+IF(J54=AZ54,0,1) -> 0 | ... DO54: =+IF(AJ54=BZ54,0,1) -> 0 | DP54: =+AJ54 -> C | DQ54: =+BZ54 -> C | DR54: =+IF(AK54=CA54,0,1) -> 0 | DS54: =+AK54 -> 5-MEDIA BAJA | DT54: =+CA54 -> 5-MEDIA BAJA | DU54: =+IF(AL54=CB54,0,1) -> 0 | DV54: =+IF(AM54=CC54,0,1) -> 0 | DW54: =+IF(AN54=CD54,0,1) -> 0 | DX54: =+IF(AO54=CE54,0,1) -> 0 | DY54: =+SUM(CH54:DO54,DR54,DU54:DX54) -> 0 | DZ54: =+COUNTBLANK(C54:AO54) -> 10 | EA54: =+COUNTBLANK(AS54:CE54) -> 10 | EB54: =+IF(AND(DZ54=EA54,DY54=0),"IGUAL CAMPOS PREENCH",IF(DZ54<=EA54,"AUX 1 COM + CAMPOS PREENC OU IGUAL","AUX 2 COM + CAMPOS PREENC")) -> IGUAL CAMPOS PREENCH | EC54: Registo duplicado (todos os campos iguais) & Sem diferenças nos dados recebidos
C55: 56699A60D26E747153993A93AAEB38F3E8AB0D27769683E61D3EFF0316404DED | D55: 110000 | E55: LISBOA | F55: 110600 | G55: LISBOA | H55: 110627 | I55: SACRAMENTO | J55: ROSSIO | K55: 01 | L55: RUA | M55: PRIMEIRO DEZEMBRO | N55: 93 | Q55: RUA | U55: 1200 | V55: 358 | W55: 143 | Y55: 0 | Z55: 0 | AA55: 0 | AB55: 1 | AF55: "CPU 608, CRP 26 - ""C""" | AH55: COMERCIO | AL55: 5-MEDIA BAJA | AM55: C | AN55: 46,78 | AO55: 166,85 | AP55: 1 | AR55: 0090167041900000 | AS55: 56699A60D26E747153993A93AAEB38F3E8AB0D27769683E61D3EFF0316404DED | AT55: 110000 | AU55: LISBOA | AV55: 110600 | AW55: LISBOA | AX55: 110627 | AY55: SACRAMENTO | AZ55: ROSSIO | BA55: 01 | BB55: RUA | BC55: PRIMEIRO DEZEMBRO | BD55: 93 | BG55: RUA | BK55: 1200 | BL55: 358 | BM55: 143 | BO55: 0 | BP55: 0 | BQ55: 0 | BR55: 1 | BV55: "CPU 608, CRP 26 - ""C""" | BX55: COMERCIO | BZ55: D | CA55: 5-MEDIA BAJA | CB55: 5-MEDIA BAJA | CC55: C | CD55: 46,78 | CE55: 166,85 | CF55: 2 | CH55: =+IF(C55=AS55,0,1) -> 0 | CI55: =+IF(D55=AT55,0,1) -> 0 | CJ55: =+IF(E55=AU55,0,1) -> 0 | CK55: =+IF(F55=AV55,0,1) -> 0 | CL55: =+IF(G55=AW55,0,1) -> 0 | CM55: =+IF(H55=AX55,0,1) -> 0 | CN55: =+IF(I55=AY55,0,1) -> 0 | CO55: =+IF(J55=AZ55,0,1) -> 0 | ... DO55: =+IF(AJ55=BZ55,0,1) -> 1 | DP55: =+AJ55 -> 0 | DQ55: =+BZ55 -> D | DR55: =+IF(AK55=CA55,0,1) -> 1 | DS55: =+AK55 -> 0 | DT55: =+CA55 -> 5-MEDIA BAJA | DU55: =+IF(AL55=CB55,0,1) -> 0 | DV55: =+IF(AM55=CC55,0,1) -> 0 | DW55: =+IF(AN55=CD55,0,1) -> 0 | DX55: =+IF(AO55=CE55,0,1) -> 0 | DY55: =+SUM(CH55:DO55,DR55,DU55:DX55) -> 2 | DZ55: =+COUNTBLANK(C55:AO55) -> 13 | EA55: =+COUNTBLANK(AS55:CE55) -> 11 | EB55: =+IF(AND(DZ55=EA55,DY55=0),"IGUAL CAMPOS PREENCH",IF(DZ55<=EA55,"AUX 1 COM + CAMPOS PREENC OU IGUAL","AUX 2 COM + CAMPOS PREENC")) -> AUX 2 COM + CAMPOS PREENC | EC55: Diferenças nos registos enviados & Sem diferenças nos dados recebidos
C56: 582072EB729064D99826E8AF42AAD0B22B8721DBF5C38620149EBB15E4E917C7 | D56: 130000 | E56: PORTO | F56: 131200 | G56: PORTO | H56: 131211 | I56: RAMALDE | J56: PORTO | K56: 01 | L56: RUA | M56: SAO JOAO BOSCO | N56: 383 | Q56: RUA | R56: 5 D | U56: 4100 | V56: 450 | W56: 129 | X56: 1997 | Y56: 1 | Z56: 1 | AA56: 0 | AB56: 0 | AH56: HABITACAO | AL56: 2-MUY ALTA | AM56: C | AN56: 25,42 | AO56: 90,4 | AP56: 1 | AR56: 0032178532600010 | AS56: 582072EB729064D99826E8AF42AAD0B22B8721DBF5C38620149EBB15E4E917C7 | AT56: 130000 | AU56: PORTO | AV56: 131200 | AW56: PORTO | AX56: 131211 | AY56: RAMALDE | AZ56: PORTO | BA56: 01 | BB56: RUA | BC56: SAO JOAO BOSCO | BD56: 383 | BG56: RUA | BH56: 5 D | BK56: 4100 | BL56: 450 | BM56: 129 | BN56: 1997 | BO56: 1 | BP56: 1 | BQ56: 0 | BR56: 0 | BX56: HABITACAO | CB56: 2-MUY ALTA | CC56: C | CD56: 25,42 | CE56: 90,4 | CF56: 2 | CH56: =+IF(C56=AS56,0,1) -> 0 | CI56: =+IF(D56=AT56,0,1) -> 0 | CJ56: =+IF(E56=AU56,0,1) -> 0 | CK56: =+IF(F56=AV56,0,1) -> 0 | CL56: =+IF(G56=AW56,0,1) -> 0 | CM56: =+IF(H56=AX56,0,1) -> 0 | CN56: =+IF(I56=AY56,0,1) -> 0 | CO56: =+IF(J56=AZ56,0,1) -> 0 | ... DO56: =+IF(AJ56=BZ56,0,1) -> 0 | DP56: =+AJ56 -> 0 | DQ56: =+BZ56 -> 0 | DR56: =+IF(AK56=CA56,0,1) -> 0 | DS56: =+AK56 -> 0 | DT56: =+CA56 -> 0 | DU56: =+IF(AL56=CB56,0,1) -> 0 | DV56: =+IF(AM56=CC56,0,1) -> 0 | DW56: =+IF(AN56=CD56,0,1) -> 0 | DX56: =+IF(AO56=CE56,0,1) -> 0 | DY56: =+SUM(CH56:DO56,DR56,DU56:DX56) -> 0 | DZ56: =+COUNTBLANK(C56:AO56) -> 12 | EA56: =+COUNTBLANK(AS56:CE56) -> 12 | EB56: =+IF(AND(DZ56=EA56,DY56=0),"IGUAL CAMPOS PREENCH",IF(DZ56<=EA56,"AUX 1 COM + CAMPOS PREENC OU IGUAL","AUX 2 COM + CAMPOS PREENC")) -> IGUAL CAMPOS PREENCH | EC56: Registo duplicado (todos os campos iguais) & Sem diferenças nos dados recebidos
C57: 58F5A778DF22E13890568D736474264CDBC4C45BCF2FEE064F43CAF134CBB343 | D57: 290000 | F57: 290300 | H57: 290304 | J57: CAPELAS | K57: 01 | L57: RUA | M57: RUA DO NAVIO | N57: 000000 | Q57: RUA | R57: 0000502 | U57: 9545 | V57: 140 | W57: 4180 | X57: 2010 | Y57: 0 | Z57: 0 | AA57: 0 | AB57: 0 | AC57: CONSERV.PINHEL | AD57: 213 | AE57: 502 E 684 | AF57: 2001 E 2039 | AH57: OUTRAS | AL57: 5-MEDIA BAJA | AM57: D | AN57: 42,83 | AO57: 150,98 | AP57: 1 | AR57: 0832150068100000 | AS57: 58F5A778DF22E13890568D736474264CDBC4C45BCF2FEE064F43CAF134CBB343 | AT57: 290000 | AV57: 290300 | AX57: 290304 | AZ57: CAPELAS | BA57: 01 | BB57: RUA | BC57: RUA DO NAVIO | BD57: 000000 | BG57: RUA | BH57: 0000502 | BK57: 9545 | BL57: 140 | BM57: 4180 | BN57: 2010 | BO57: 0 | BP57: 0 | BQ57: 0 | BR57: 0 | BS57: CONSERV.PINHEL | BT57: 213 | BV57: 2001 E 2039 | BX57: OUTRAS | BZ57: D | CA57: 6-BAJA | CB57: 5-MEDIA BAJA | CC57: D | CD57: 42,83 | CE57: 150,98 | CF57: 2 | CH57: =+IF(C57=AS57,0,1) -> 0 | CI57: =+IF(D57=AT57,0,1) -> 0 | CJ57: =+IF(E57=AU57,0,1) -> 0 | CK57: =+IF(F57=AV57,0,1) -> 0 | CL57: =+IF(G57=AW57,0,1) -> 0 | CM57: =+IF(H57=AX57,0,1) -> 0 | CN57: =+IF(I57=AY57,0,1) -> 0 | CO57: =+IF(J57=AZ57,0,1) -> 0 | ... DO57: =+IF(AJ57=BZ57,0,1) -> 1 | DP57: =+AJ57 -> 0 | DQ57: =+BZ57 -> D | DR57: =+IF(AK57=CA57,0,1) -> 1 | DS57: =+AK57 -> 0 | DT57: =+CA57 -> 6-BAJA | DU57: =+IF(AL57=CB57,0,1) -> 0 | DV57: =+IF(AM57=CC57,0,1) -> 0 | DW57: =+IF(AN57=CD57,0,1) -> 0 | DX57: =+IF(AO57=CE57,0,1) -> 0 | DY57: =+SUM(CH57:DO57,DR57,DU57:DX57) -> 3 | DZ57: =+COUNTBLANK(C57:AO57) -> 11 | EA57: =+COUNTBLANK(AS57:CE57) -> 10 | EB57: =+IF(AND(DZ57=EA57,DY57=0),"IGUAL CAMPOS PREENCH",IF(DZ57<=EA57,"AUX 1 COM + CAMPOS PREENC OU IGUAL","AUX 2 COM + CAMPOS PREENC")) -> AUX 2 COM + CAMPOS PREENC | EC57: Diferenças nos registos enviados & Sem diferenças nos dados recebidos
B58: 0832152038900000 | C58: 599D8823460E31495C1273402670A309F8919737D7127C0705ABF57FD92DC0D3 | D58: 420000 | E58: ILHA DE SAO MIGUEL-AÇORES | F58: 420500 | G58: RIBEIRA GRANDE | H58: 420508 | I58: RABO DE PEIXE | J58: CANADA DO BACHAREL - | K58: 01 | L58: RUA | M58: CANADA DO BACHAREL | N58: 000000 | R58: 0001431 | U58: 9600 | W58: 24360 | X58: 1989 | Y58: 0 | Z58: 0 | AA58: 0 | AB58: 0 | AF58: 7/Q | AJ58: D | AK58: 5-MEDIA BAJA | AL58: 5-MEDIA BAJA | AM58: D | AN58: 32,97 | AO58: 64,54 | AP58: 1 | AS58: 599D8823460E31495C1273402670A309F8919737D7127C0705ABF57FD92DC0D3 | AT58: 420000 | AU58: ILHA DE SAO MIGUEL-AÇORES | AV58: 420500 | AW58: RIBEIRA GRANDE | AX58: 420508 | AY58: RABO DE PEIXE | AZ58: CANADA DO BACHAREL - | BA58: 01 | BB58: RUA | BC58: CANADA DO BACHAREL | BD58: 000000 | BH58: 0001431 | BK58: 9600 | BM58: 24360 | BN58: 1989 | BO58: 0 | BP58: 0 | BQ58: 0 | BR58: 0 | BV58: 7/Q | BZ58: D | CA58: 5-MEDIA BAJA | CB58: 5-MEDIA BAJA | CC58: D | CD58: 32,97 | CE58: 64,54 | CF58: 2 | CH58: =+IF(C58=AS58,0,1) -> 0 | CI58: =+IF(D58=AT58,0,1) -> 0 | CJ58: =+IF(E58=AU58,0,1) -> 0 | CK58: =+IF(F58=AV58,0,1) -> 0 | CL58: =+IF(G58=AW58,0,1) -> 0 | CM58: =+IF(H58=AX58,0,1) -> 0 | CN58: =+IF(I58=AY58,0,1) -> 0 | CO58: =+IF(J58=AZ58,0,1) -> 0 | ... DO58: =+IF(AJ58=BZ58,0,1) -> 0 | DP58: =+AJ58 -> D | DQ58: =+BZ58 -> D | DR58: =+IF(AK58=CA58,0,1) -> 0 | DS58: =+AK58 -> 5-MEDIA BAJA | DT58: =+CA58 -> 5-MEDIA BAJA | DU58: =+IF(AL58=CB58,0,1) -> 0 | DV58: =+IF(AM58=CC58,0,1) -> 0 | DW58: =+IF(AN58=CD58,0,1) -> 0 | DX58: =+IF(AO58=CE58,0,1) -> 0 | DY58: =+SUM(CH58:DO58,DR58,DU58:DX58) -> 0 | DZ58: =+COUNTBLANK(C58:AO58) -> 12 | EA58: =+COUNTBLANK(AS58:CE58) -> 12 | EB58: =+IF(AND(DZ58=EA58,DY58=0),"IGUAL CAMPOS PREENCH",IF(DZ58<=EA58,"AUX 1 COM + CAMPOS PREENC OU IGUAL","AUX 2 COM + CAMPOS PREENC")) -> IGUAL CAMPOS PREENCH | EC58: Registo duplicado (todos os campos iguais) & Sem diferenças nos dados recebidos
B59: 0632160673700000 | C59: 5AAAB59F58D7760859C929505E9C542FE92B82C6E3E22928B6D67BFF57E1E0DF | D59: 100000 | E59: LEIRIA | F59: 100900 | G59: LEIRIA | H59: 100917 | I59: MONTE REDONDO | J59: AROEIRA | R59: 11890 | U59: 2425 | W59: 5829 | X59: 2000 | Y59: 0 | Z59: 0 | AA59: 0 | AB59: 1 | AF59: 000011890 -CARTORIO PORTO MOS- MANUEL CA | AH59: ARMAZEM | AJ59: D | AK59: 5-MEDIA BAJA | AL59: 5-MEDIA BAJA | AM59: D | AN59: 41,46 | AO59: 148,5 | AP59: 1 | AS59: 5AAAB59F58D7760859C929505E9C542FE92B82C6E3E22928B6D67BFF57E1E0DF | AT59: 100000 | AU59: LEIRIA | AV59: 100900 | AW59: LEIRIA | AX59: 100917 | AY59: MONTE REDONDO | AZ59: AROEIRA | BH59: 11890 | BK59: 2425 | BM59: 5829 | BN59: 2000 | BO59: 0 | BP59: 0 | BQ59: 0 | BR59: 1 | BV59: 000011890 -CARTORIO PORTO MOS- MANUEL CA | BX59: ARMAZEM | CB59: 5-MEDIA BAJA | CC59: D | CD59: 41,46 | CE59: 148,5 | CF59: 2 | CH59: =+IF(C59=AS59,0,1) -> 0 | CI59: =+IF(D59=AT59,0,1) -> 0 | CJ59: =+IF(E59=AU59,0,1) -> 0 | CK59: =+IF(F59=AV59,0,1) -> 0 | CL59: =+IF(G59=AW59,0,1) -> 0 | CM59: =+IF(H59=AX59,0,1) -> 0 | CN59: =+IF(I59=AY59,0,1) -> 0 | CO59: =+IF(J59=AZ59,0,1) -> 0 | ... DO59: =+IF(AJ59=BZ59,0,1) -> 1 | DP59: =+AJ59 -> D | DQ59: =+BZ59 -> 0 | DR59: =+IF(AK59=CA59,0,1) -> 1 | DS59: =+AK59 -> 5-MEDIA BAJA | DT59: =+CA59 -> 0 | DU59: =+IF(AL59=CB59,0,1) -> 0 | DV59: =+IF(AM59=CC59,0,1) -> 0 | DW59: =+IF(AN59=CD59,0,1) -> 0 | DX59: =+IF(AO59=CE59,0,1) -> 0 | DY59: =+SUM(CH59:DO59,DR59,DU59:DX59) -> 2 | DZ59: =+COUNTBLANK(C59:AO59) -> 15 | EA59: =+COUNTBLANK(AS59:CE59) -> 17 | EB59: =+IF(AND(DZ59=EA59,DY59=0),"IGUAL CAMPOS PREENCH",IF(DZ59<=EA59,"AUX 1 COM + CAMPOS PREENC OU IGUAL","AUX 2 COM + CAMPOS PREENC")) -> AUX 1 COM + CAMPOS PREENC OU IGUAL | EC59: Diferenças nos registos enviados & Sem diferenças nos dados recebidos
C60: 5BE004931E22385F9EFAEEFAD5F0045B5A8013433D667AF9B19B3A3328D130FF | D60: 310000 | E60: ILHA DA MADEIRA | F60: 310500 | G60: PONTA DO SOL | H60: 310503 | I60: PONTA DO SOL | J60: PONTA DO SOL | K60: 09 | L60: ESTRADA | M60: ESTRADA V CENTENARIO | N60: 16C | Q60: ESTRADA | R60: 0 | U60: 9360 | V60: 500 | W60: 420 | X60: 2015 | Y60: 0 | Z60: 0 | AA60: 0 | AB60: 1 | AF60: 4137-C | AH60: COMERCIO | AJ60: D | AK60: 4-MEDIA | AL60: 5-MEDIA BAJA | AM60: E | AN60: 48,41 | AO60: 92,04 | AP60: 1 | AS60: 5BE004931E22385F9EFAEEFAD5F0045B5A8013433D667AF9B19B3A3328D130FF | AT60: 310000 | AU60: ILHA DA MADEIRA | AV60: 310500 | AW60: PONTA DO SOL | AX60: 310503 | AY60: PONTA DO SOL | AZ60: PONTA DO SOL | BA60: 09 | BB60: ESTRADA | BC60: ESTRADA V CENTENARIO | BD60: 16C | BG60: ESTRADA | BH60: 0 | BK60: 9360 | BL60: 500 | BM60: 420 | BN60: 2015 | BO60: 0 | BP60: 0 | BQ60: 0 | BR60: 1 | BV60: 4137-C | BX60: COMERCIO | CB60: 5-MEDIA BAJA | CC60: E | CD60: 48,41 | CE60: 92,04 | CF60: 2 | CH60: =+IF(C60=AS60,0,1) -> 0 | CI60: =+IF(D60=AT60,0,1) -> 0 | CJ60: =+IF(E60=AU60,0,1) -> 0 | CK60: =+IF(F60=AV60,0,1) -> 0 | CL60: =+IF(G60=AW60,0,1) -> 0 | CM60: =+IF(H60=AX60,0,1) -> 0 | CN60: =+IF(I60=AY60,0,1) -> 0 | CO60: =+IF(J60=AZ60,0,1) -> 0 | ... DO60: =+IF(AJ60=BZ60,0,1) -> 1 | DP60: =+AJ60 -> D | DQ60: =+BZ60 -> 0 | DR60: =+IF(AK60=CA60,0,1) -> 1 | DS60: =+AK60 -> 4-MEDIA | DT60: =+CA60 -> 0 | DU60: =+IF(AL60=CB60,0,1) -> 0 | DV60: =+IF(AM60=CC60,0,1) -> 0 | DW60: =+IF(AN60=CD60,0,1) -> 0 | DX60: =+IF(AO60=CE60,0,1) -> 0 | DY60: =+SUM(CH60:DO60,DR60,DU60:DX60) -> 2 | DZ60: =+COUNTBLANK(C60:AO60) -> 9 | EA60: =+COUNTBLANK(AS60:CE60) -> 11 | EB60: =+IF(AND(DZ60=EA60,DY60=0),"IGUAL CAMPOS PREENCH",IF(DZ60<=EA60,"AUX 1 COM + CAMPOS PREENC OU IGUAL","AUX 2 COM + CAMPOS PREENC")) -> AUX 1 COM + CAMPOS PREENC OU IGUAL | EC60: Diferenças nos registos enviados & Sem diferenças nos dados recebidos
C61: 5C65DF3C00DFFC2A8AA98305F64AE9DDDDEFF96E06EA6258FDDF7C8C93199833 | D61: 100000 | E61: LEIRIA | F61: 100900 | G61: LEIRIA | H61: 100912 | I61: LEIRIA | J61: AROEIRA | U61: 2425 | W61: 3140 | X61: 2000 | Y61: 0 | Z61: 0 | AA61: 0 | AB61: 1 | AF61: 000006691 - | AH61: ARMAZEM | AL61: 5-MEDIA BAJA | AM61: D | AN61: 41,46 | AO61: 148,5 | AP61: 1 | AR61: 0632161442100000 | AS61: 5C65DF3C00DFFC2A8AA98305F64AE9DDDDEFF96E06EA6258FDDF7C8C93199833 | AT61: 100000 | AU61: LEIRIA | AV61: 100900 | AW61: LEIRIA | AX61: 100912 | AY61: LEIRIA | AZ61: AROEIRA | BK61: 2425 | BM61: 3140 | BN61: 2000 | BO61: 0 | BP61: 0 | BQ61: 0 | BR61: 1 | BV61: 000006691 - | BX61: ARMAZEM | BZ61: D | CA61: 5-MEDIA BAJA | CB61: 5-MEDIA BAJA | CC61: D | CD61: 41,46 | CE61: 148,5 | CF61: 2 | CH61: =+IF(C61=AS61,0,1) -> 0 | CI61: =+IF(D61=AT61,0,1) -> 0 | CJ61: =+IF(E61=AU61,0,1) -> 0 | CK61: =+IF(F61=AV61,0,1) -> 0 | CL61: =+IF(G61=AW61,0,1) -> 0 | CM61: =+IF(H61=AX61,0,1) -> 0 | CN61: =+IF(I61=AY61,0,1) -> 0 | CO61: =+IF(J61=AZ61,0,1) -> 0 | ... DO61: =+IF(AJ61=BZ61,0,1) -> 1 | DP61: =+AJ61 -> 0 | DQ61: =+BZ61 -> D | DR61: =+IF(AK61=CA61,0,1) -> 1 | DS61: =+AK61 -> 0 | DT61: =+CA61 -> 5-MEDIA BAJA | DU61: =+IF(AL61=CB61,0,1) -> 0 | DV61: =+IF(AM61=CC61,0,1) -> 0 | DW61: =+IF(AN61=CD61,0,1) -> 0 | DX61: =+IF(AO61=CE61,0,1) -> 0 | DY61: =+SUM(CH61:DO61,DR61,DU61:DX61) -> 2 | DZ61: =+COUNTBLANK(C61:AO61) -> 18 | EA61: =+COUNTBLANK(AS61:CE61) -> 16 | EB61: =+IF(AND(DZ61=EA61,DY61=0),"IGUAL CAMPOS PREENCH",IF(DZ61<=EA61,"AUX 1 COM + CAMPOS PREENC OU IGUAL","AUX 2 COM + CAMPOS PREENC")) -> AUX 2 COM + CAMPOS PREENC | EC61: Diferenças nos registos enviados & Sem diferenças nos dados recebidos
B62: 0832151708000000 | C62: 5DB3018389AC7A64172B36B26142A6A8CD95135214356D098823A7BC1BC3FE58 | D62: 310000 | E62: ILHA DA MADEIRA | F62: 310300 | G62: FUNCHAL | H62: 310303 | I62: FUNCHAL (SANTA LUZIA) | J62: FUNCHAL | K62: 01 | L62: RUA | M62: RUA DAS HORTAS Nº101 | N62: 000000 | Q62: RUA | R62: 0001668 | U62: 9000 | V62: 000 | W62: 1519 | X62: 2012 | Y62: 0 | Z62: 0 | AA62: 0 | AB62: 0 | AC62: CONSERV.FUNDÃO | AD62: 108 | AE62: 0001668 | AF62: 1583 | AH62: OUTRAS | AJ62: C | AK62: 4-MEDIA | AL62: 4-MEDIA | AM62: F | AN62: 60,87 | AO62: 119,57 | AP62: 1 | AS62: 5DB3018389AC7A64172B36B26142A6A8CD95135214356D098823A7BC1BC3FE58 | AT62: 310000 | AU62: ILHA DA MADEIRA | AV62: 310300 | AW62: FUNCHAL | AX62: 310303 | AY62: FUNCHAL (SANTA LUZIA) | AZ62: FUNCHAL | BA62: 01 | BB62: RUA | BC62: RUA DAS HORTAS Nº101 | BD62: 000000 | BG62: RUA | BH62: 0001668 | BK62: 9000 | BL62: 000 | BM62: 1519 | BN62: 2012 | BO62: 0 | BP62: 0 | BQ62: 0 | BR62: 0 | BS62: CONSERV.FUNDÃO | BT62: 108 | BU62: 0001668 | BV62: 1583 | BX62: OUTRAS | CB62: 4-MEDIA | CC62: F | CD62: 60,87 | CE62: 119,57 | CF62: 2 | CH62: =+IF(C62=AS62,0,1) -> 0 | CI62: =+IF(D62=AT62,0,1) -> 0 | CJ62: =+IF(E62=AU62,0,1) -> 0 | CK62: =+IF(F62=AV62,0,1) -> 0 | CL62: =+IF(G62=AW62,0,1) -> 0 | CM62: =+IF(H62=AX62,0,1) -> 0 | CN62: =+IF(I62=AY62,0,1) -> 0 | CO62: =+IF(J62=AZ62,0,1) -> 0 | ... DO62: =+IF(AJ62=BZ62,0,1) -> 1 | DP62: =+AJ62 -> C | DQ62: =+BZ62 -> 0 | DR62: =+IF(AK62=CA62,0,1) -> 1 | DS62: =+AK62 -> 4-MEDIA | DT62: =+CA62 -> 0 | DU62: =+IF(AL62=CB62,0,1) -> 0 | DV62: =+IF(AM62=CC62,0,1) -> 0 | DW62: =+IF(AN62=CD62,0,1) -> 0 | DX62: =+IF(AO62=CE62,0,1) -> 0 | DY62: =+SUM(CH62:DO62,DR62,DU62:DX62) -> 2 | DZ62: =+COUNTBLANK(C62:AO62) -> 6 | EA62: =+COUNTBLANK(AS62:CE62) -> 8 | EB62: =+IF(AND(DZ62=EA62,DY62=0),"IGUAL CAMPOS PREENCH",IF(DZ62<=EA62,"AUX 1 COM + CAMPOS PREENC OU IGUAL","AUX 2 COM + CAMPOS PREENC")) -> AUX 1 COM + CAMPOS PREENC OU IGUAL | EC62: Diferenças nos registos enviados & Sem diferenças nos dados recebidos
C63: 5FB3A6A864BFBC231A8649D030CA87ECCD1C42A455282DA6C8EB085F4650BFE3 | D63: 420000 | E63: ILHA DE SAO MIGUEL-AÇORES | F63: 420500 | G63: RIBEIRA GRANDE | H63: 420512 | I63: SANTA BÁRBARA | J63: COVAS | K63: 01 | L63: RUA | M63: COVAS | N63: 000000 | Q63: RUA | R63: 0000800 | U63: 9600 | V63: 082 | W63: 21300 | X63: 1989 | Y63: 0 | Z63: 0 | AA63: 0 | AB63: 0 | AF63: 52/B1 | AH63: OUTRAS | AL63: 5-MEDIA BAJA | AM63: D | AN63: 32,97 | AO63: 64,54 | AP63: 1 | AR63: 0832152039600000 | AS63: 5FB3A6A864BFBC231A8649D030CA87ECCD1C42A455282DA6C8EB085F4650BFE3 | AT63: 420000 | AU63: ILHA DE SAO MIGUEL-AÇORES | AV63: 420500 | AW63: RIBEIRA GRANDE | AX63: 420512 | AY63: SANTA BÁRBARA | AZ63: COVAS | BA63: 01 | BB63: RUA | BC63: COVAS | BD63: 000000 | BG63: RUA | BH63: 0000800 | BK63: 9600 | BL63: 082 | BM63: 21300 | BN63: 1989 | BO63: 0 | BP63: 0 | BQ63: 0 | BR63: 0 | BV63: 52/B1 | BX63: OUTRAS | BZ63: D | CA63: 5-MEDIA BAJA | CB63: 5-MEDIA BAJA | CC63: D | CD63: 32,97 | CE63: 64,54 | CF63: 2 | CH63: =+IF(C63=AS63,0,1) -> 0 | CI63: =+IF(D63=AT63,0,1) -> 0 | CJ63: =+IF(E63=AU63,0,1) -> 0 | CK63: =+IF(F63=AV63,0,1) -> 0 | CL63: =+IF(G63=AW63,0,1) -> 0 | CM63: =+IF(H63=AX63,0,1) -> 0 | CN63: =+IF(I63=AY63,0,1) -> 0 | CO63: =+IF(J63=AZ63,0,1) -> 0 | ... DO63: =+IF(AJ63=BZ63,0,1) -> 1 | DP63: =+AJ63 -> 0 | DQ63: =+BZ63 -> D | DR63: =+IF(AK63=CA63,0,1) -> 1 | DS63: =+AK63 -> 0 | DT63: =+CA63 -> 5-MEDIA BAJA | DU63: =+IF(AL63=CB63,0,1) -> 0 | DV63: =+IF(AM63=CC63,0,1) -> 0 | DW63: =+IF(AN63=CD63,0,1) -> 0 | DX63: =+IF(AO63=CE63,0,1) -> 0 | DY63: =+SUM(CH63:DO63,DR63,DU63:DX63) -> 2 | DZ63: =+COUNTBLANK(C63:AO63) -> 11 | EA63: =+COUNTBLANK(AS63:CE63) -> 9 | EB63: =+IF(AND(DZ63=EA63,DY63=0),"IGUAL CAMPOS PREENCH",IF(DZ63<=EA63,"AUX 1 COM + CAMPOS PREENC OU IGUAL","AUX 2 COM + CAMPOS PREENC")) -> AUX 2 COM + CAMPOS PREENC | EC63: Diferenças nos registos enviados & Sem diferenças nos dados recebidos
C64: 6279766E771588C21A5E8C2BC1566825E5DE08D07B667A98B18ECDB6748CE74C | D64: 110000 | E64: LISBOA | F64: 111300 | G64: TORRES VEDRAS | H64: 111314 | I64: S. PEDRO DA CADEIRA | J64: TORRES VEDRAS | U64: 2560 | W64: 331 | X64: 1992 | Y64: 0 | Z64: 0 | AA64: 0 | AB64: 1 | AE64: 0000000 | AF64: 000003399 - | AH64: COMERCIO | AL64: 5-MEDIA BAJA | AM64: C | AN64: 37,92 | AO64: 135,04 | AP64: 1 | AR64: 0632159347800000 | AS64: 6279766E771588C21A5E8C2BC1566825E5DE08D07B667A98B18ECDB6748CE74C | AT64: 110000 | AU64: LISBOA | AV64: 111300 | AW64: TORRES VEDRAS | AX64: 111314 | AY64: S. PEDRO DA CADEIRA | AZ64: TORRES VEDRAS | BK64: 2560 | BM64: 331 | BN64: 1992 | BO64: 0 | BP64: 0 | BQ64: 0 | BR64: 1 | BU64: 0000000 | BV64: 000003399 - | BX64: COMERCIO | CB64: 5-MEDIA BAJA | CC64: C | CD64: 37,92 | CE64: 135,04 | CF64: 2 | CH64: =+IF(C64=AS64,0,1) -> 0 | CI64: =+IF(D64=AT64,0,1) -> 0 | CJ64: =+IF(E64=AU64,0,1) -> 0 | CK64: =+IF(F64=AV64,0,1) -> 0 | CL64: =+IF(G64=AW64,0,1) -> 0 | CM64: =+IF(H64=AX64,0,1) -> 0 | CN64: =+IF(I64=AY64,0,1) -> 0 | CO64: =+IF(J64=AZ64,0,1) -> 0 | ... DO64: =+IF(AJ64=BZ64,0,1) -> 0 | DP64: =+AJ64 -> 0 | DQ64: =+BZ64 -> 0 | DR64: =+IF(AK64=CA64,0,1) -> 0 | DS64: =+AK64 -> 0 | DT64: =+CA64 -> 0 | DU64: =+IF(AL64=CB64,0,1) -> 0 | DV64: =+IF(AM64=CC64,0,1) -> 0 | DW64: =+IF(AN64=CD64,0,1) -> 0 | DX64: =+IF(AO64=CE64,0,1) -> 0 | DY64: =+SUM(CH64:DO64,DR64,DU64:DX64) -> 0 | DZ64: =+COUNTBLANK(C64:AO64) -> 17 | EA64: =+COUNTBLANK(AS64:CE64) -> 17 | EB64: =+IF(AND(DZ64=EA64,DY64=0),"IGUAL CAMPOS PREENCH",IF(DZ64<=EA64,"AUX 1 COM + CAMPOS PREENC OU IGUAL","AUX 2 COM + CAMPOS PREENC")) -> IGUAL CAMPOS PREENCH | EC64: Registo duplicado (todos os campos iguais) & Sem diferenças nos dados recebidos
C65: 6409E83B8C8F9BF8C464EC702245845D5EDF8C82CD5B081B8A007EC0DEE27D0F | D65: 100000 | E65: LEIRIA | F65: 100900 | G65: LEIRIA | H65: 100912 | I65: LEIRIA | J65: AROEIRA | U65: 2425 | W65: 10410 | X65: 2000 | Y65: 0 | Z65: 0 | AA65: 0 | AB65: 1 | AF65: 000006383 - | AH65: ARMAZEM | AL65: 5-MEDIA BAJA | AM65: D | AN65: 41,46 | AO65: 148,5 | AP65: 1 | AR65: 0632161441400000 | AS65: 6409E83B8C8F9BF8C464EC702245845D5EDF8C82CD5B081B8A007EC0DEE27D0F | AT65: 100000 | AU65: LEIRIA | AV65: 100900 | AW65: LEIRIA | AX65: 100912 | AY65: LEIRIA | AZ65: AROEIRA | BK65: 2425 | BM65: 10410 | BN65: 2000 | BO65: 0 | BP65: 0 | BQ65: 0 | BR65: 1 | BV65: 000006383 - | BX65: ARMAZEM | BZ65: D | CA65: 5-MEDIA BAJA | CB65: 5-MEDIA BAJA | CC65: D | CD65: 41,46 | CE65: 148,5 | CF65: 2 | CH65: =+IF(C65=AS65,0,1) -> 0 | CI65: =+IF(D65=AT65,0,1) -> 0 | CJ65: =+IF(E65=AU65,0,1) -> 0 | CK65: =+IF(F65=AV65,0,1) -> 0 | CL65: =+IF(G65=AW65,0,1) -> 0 | CM65: =+IF(H65=AX65,0,1) -> 0 | CN65: =+IF(I65=AY65,0,1) -> 0 | CO65: =+IF(J65=AZ65,0,1) -> 0 | ... DO65: =+IF(AJ65=BZ65,0,1) -> 1 | DP65: =+AJ65 -> 0 | DQ65: =+BZ65 -> D | DR65: =+IF(AK65=CA65,0,1) -> 1 | DS65: =+AK65 -> 0 | DT65: =+CA65 -> 5-MEDIA BAJA | DU65: =+IF(AL65=CB65,0,1) -> 0 | DV65: =+IF(AM65=CC65,0,1) -> 0 | DW65: =+IF(AN65=CD65,0,1) -> 0 | DX65: =+IF(AO65=CE65,0,1) -> 0 | DY65: =+SUM(CH65:DO65,DR65,DU65:DX65) -> 2 | DZ65: =+COUNTBLANK(C65:AO65) -> 18 | EA65: =+COUNTBLANK(AS65:CE65) -> 16 | EB65: =+IF(AND(DZ65=EA65,DY65=0),"IGUAL CAMPOS PREENCH",IF(DZ65<=EA65,"AUX 1 COM + CAMPOS PREENC OU IGUAL","AUX 2 COM + CAMPOS PREENC")) -> AUX 2 COM + CAMPOS PREENC | EC65: Diferenças nos registos enviados & Sem diferenças nos dados recebidos
C66: 684C22A222B7C5A274C18103992FCFE5417BBB84F03BD864904E06150FEB0853 | D66: 110000 | E66: LISBOA | F66: 110600 | G66: LISBOA | H66: 110646 | I66: S. MAMEDE | J66: LISBOA | K66: 01 | L66: RUA | M66: ARTILHARIA 1 | N66: 101 | Q66: RUA | U66: 1070 | V66: 012 | W66: 180 | X66: 1955 | Y66: 1 | Z66: 1 | AA66: 0 | AB66: 0 | AF66: 0001256-I - | AH66: HABITACAO | AL66: 3-ALTA | AM66: C | AN66: 19,59 | AO66: 69,77 | AP66: 1 | AR66: 0632160438700000 | AS66: 684C22A222B7C5A274C18103992FCFE5417BBB84F03BD864904E06150FEB0853 | AT66: 110000 | AU66: LISBOA | AV66: 110600 | AW66: LISBOA | AX66: 110646 | AY66: S. MAMEDE | AZ66: LISBOA | BA66: 01 | BB66: RUA | BC66: ARTILHARIA 1 | BD66: 101 | BG66: RUA | BK66: 1070 | BL66: 012 | BM66: 180 | BN66: 1955 | BO66: 1 | BP66: 1 | BQ66: 0 | BR66: 0 | BV66: 0001256-I - | BX66: HABITACAO | CB66: 3-ALTA | CC66: C | CD66: 19,59 | CE66: 69,77 | CF66: 2 | CH66: =+IF(C66=AS66,0,1) -> 0 | CI66: =+IF(D66=AT66,0,1) -> 0 | CJ66: =+IF(E66=AU66,0,1) -> 0 | CK66: =+IF(F66=AV66,0,1) -> 0 | CL66: =+IF(G66=AW66,0,1) -> 0 | CM66: =+IF(H66=AX66,0,1) -> 0 | CN66: =+IF(I66=AY66,0,1) -> 0 | CO66: =+IF(J66=AZ66,0,1) -> 0 | ... DO66: =+IF(AJ66=BZ66,0,1) -> 0 | DP66: =+AJ66 -> 0 | DQ66: =+BZ66 -> 0 | DR66: =+IF(AK66=CA66,0,1) -> 0 | DS66: =+AK66 -> 0 | DT66: =+CA66 -> 0 | DU66: =+IF(AL66=CB66,0,1) -> 0 | DV66: =+IF(AM66=CC66,0,1) -> 0 | DW66: =+IF(AN66=CD66,0,1) -> 0 | DX66: =+IF(AO66=CE66,0,1) -> 0 | DY66: =+SUM(CH66:DO66,DR66,DU66:DX66) -> 0 | DZ66: =+COUNTBLANK(C66:AO66) -> 12 | EA66: =+COUNTBLANK(AS66:CE66) -> 12 | EB66: =+IF(AND(DZ66=EA66,DY66=0),"IGUAL CAMPOS PREENCH",IF(DZ66<=EA66,"AUX 1 COM + CAMPOS PREENC OU IGUAL","AUX 2 COM + CAMPOS PREENC")) -> IGUAL CAMPOS PREENCH | EC66: Registo duplicado (todos os campos iguais) & Sem diferenças nos dados recebidos
C67: 686BFDF1AAF0B98ADB7EC8B6D093BEA3936AD861FBCAF36643C9FD7E71C951AA | D67: 420000 | E67: ILHA DE SAO MIGUEL-AÇORES | F67: 420500 | G67: RIBEIRA GRANDE | H67: 420508 | I67: RABO DE PEIXE | J67: RABO DE PEIXE | K67: 01 | L67: RUA | M67: GIESTAS | N67: 000000 | Q67: RUA | R67: 0003109 | U67: 9600 | V67: 082 | W67: 5720 | X67: 1989 | Y67: 0 | Z67: 0 | AA67: 0 | AB67: 0 | AF67: 9/R | AH67: OUTRAS | AL67: 5-MEDIA BAJA | AM67: D | AN67: 32,97 | AO67: 64,54 | AP67: 1 | AR67: 0832152039000000 | AS67: 686BFDF1AAF0B98ADB7EC8B6D093BEA3936AD861FBCAF36643C9FD7E71C951AA | AT67: 420000 | AU67: ILHA DE SAO MIGUEL-AÇORES | AV67: 420500 | AW67: RIBEIRA GRANDE | AX67: 420508 | AY67: RABO DE PEIXE | AZ67: RABO DE PEIXE | BA67: 01 | BB67: RUA | BC67: GIESTAS | BD67: 000000 | BG67: RUA | BH67: 0003109 | BK67: 9600 | BL67: 082 | BM67: 5720 | BN67: 1989 | BO67: 0 | BP67: 0 | BQ67: 0 | BR67: 0 | BV67: 9/R | BX67: OUTRAS | BZ67: D | CA67: 5-MEDIA BAJA | CB67: 5-MEDIA BAJA | CC67: D | CD67: 32,97 | CE67: 64,54 | CF67: 2 | CH67: =+IF(C67=AS67,0,1) -> 0 | CI67: =+IF(D67=AT67,0,1) -> 0 | CJ67: =+IF(E67=AU67,0,1) -> 0 | CK67: =+IF(F67=AV67,0,1) -> 0 | CL67: =+IF(G67=AW67,0,1) -> 0 | CM67: =+IF(H67=AX67,0,1) -> 0 | CN67: =+IF(I67=AY67,0,1) -> 0 | CO67: =+IF(J67=AZ67,0,1) -> 0 | ... DO67: =+IF(AJ67=BZ67,0,1) -> 1 | DP67: =+AJ67 -> 0 | DQ67: =+BZ67 -> D | DR67: =+IF(AK67=CA67,0,1) -> 1 | DS67: =+AK67 -> 0 | DT67: =+CA67 -> 5-MEDIA BAJA | DU67: =+IF(AL67=CB67,0,1) -> 0 | DV67: =+IF(AM67=CC67,0,1) -> 0 | DW67: =+IF(AN67=CD67,0,1) -> 0 | DX67: =+IF(AO67=CE67,0,1) -> 0 | DY67: =+SUM(CH67:DO67,DR67,DU67:DX67) -> 2 | DZ67: =+COUNTBLANK(C67:AO67) -> 11 | EA67: =+COUNTBLANK(AS67:CE67) -> 9 | EB67: =+IF(AND(DZ67=EA67,DY67=0),"IGUAL CAMPOS PREENCH",IF(DZ67<=EA67,"AUX 1 COM + CAMPOS PREENC OU IGUAL","AUX 2 COM + CAMPOS PREENC")) -> AUX 2 COM + CAMPOS PREENC | EC67: Diferenças nos registos enviados & Sem diferenças nos dados recebidos
B68: 0632159599600000 | C68: 69BFAD1D3C3DB1EC99B319713A731D0CBE588BA9F5D6937EB63C361FBD1D5316 | D68: 140000 | E68: SANTARÉM | F68: 140500 | G68: BENAVENTE | H68: 140502 | I68: SAMORA CORREIA | J68: SAMORA CORREIA | K68: 01 | L68: RUA | M68: GUINÉ-BISSAU | N68: 21 | Q68: RUA | U68: 2135 | V68: 327 | W68: 4987 | X68: 2001 | Y68: 0 | Z68: 0 | AA68: 0 | AB68: 1 | AE68: 0000000 | AF68: 000007967 - | AH68: ARMAZEM | AJ68: D | AK68: 5-MEDIA BAJA | AL68: 5-MEDIA BAJA | AM68: D | AN68: 46,1 | AO68: 166,86 | AP68: 1 | AS68: 69BFAD1D3C3DB1EC99B319713A731D0CBE588BA9F5D6937EB63C361FBD1D5316 | AT68: 140000 | AU68: SANTARÉM | AV68: 140500 | AW68: BENAVENTE | AX68: 140502 | AY68: SAMORA CORREIA | AZ68: SAMORA CORREIA | BA68: 01 | BB68: RUA | BC68: GUINÉ-BISSAU | BD68: 21 | BG68: RUA | BK68: 2135 | BL68: 327 | BM68: 4987 | BN68: 2001 | BO68: 0 | BP68: 0 | BQ68: 0 | BR68: 1 | BU68: 0000000 | BV68: 000007967 - | BX68: ARMAZEM | CB68: 5-MEDIA BAJA | CC68: D | CD68: 46,1 | CE68: 166,86 | CF68: 2 | CH68: =+IF(C68=AS68,0,1) -> 0 | CI68: =+IF(D68=AT68,0,1) -> 0 | CJ68: =+IF(E68=AU68,0,1) -> 0 | CK68: =+IF(F68=AV68,0,1) -> 0 | CL68: =+IF(G68=AW68,0,1) -> 0 | CM68: =+IF(H68=AX68,0,1) -> 0 | CN68: =+IF(I68=AY68,0,1) -> 0 | CO68: =+IF(J68=AZ68,0,1) -> 0 | ... DO68: =+IF(AJ68=BZ68,0,1) -> 1 | DP68: =+AJ68 -> D | DQ68: =+BZ68 -> 0 | DR68: =+IF(AK68=CA68,0,1) -> 1 | DS68: =+AK68 -> 5-MEDIA BAJA | DT68: =+CA68 -> 0 | DU68: =+IF(AL68=CB68,0,1) -> 0 | DV68: =+IF(AM68=CC68,0,1) -> 0 | DW68: =+IF(AN68=CD68,0,1) -> 0 | DX68: =+IF(AO68=CE68,0,1) -> 0 | DY68: =+SUM(CH68:DO68,DR68,DU68:DX68) -> 2 | DZ68: =+COUNTBLANK(C68:AO68) -> 9 | EA68: =+COUNTBLANK(AS68:CE68) -> 11 | EB68: =+IF(AND(DZ68=EA68,DY68=0),"IGUAL CAMPOS PREENCH",IF(DZ68<=EA68,"AUX 1 COM + CAMPOS PREENC OU IGUAL","AUX 2 COM + CAMPOS PREENC")) -> AUX 1 COM + CAMPOS PREENC OU IGUAL | EC68: Diferenças nos registos enviados & Sem diferenças nos dados recebidos
B69: 0632161013300000 | C69: 6A018C6B3F1E348508F3766EA221FBBC7F89ED817EE952DE275D8093890964BE | D69: 080000 | E69: FARO | F69: 081100 | G69: PORTIMAO | H69: 081103 | I69: PORTIMAO | J69: PORTIMÃO | K69: 01 | L69: RUA | M69: PEDRA | N69: 13 | Q69: RUA | R69: 1010 | U69: 8500 | V69: 815 | W69: 2296 | X69: 1981 | Y69: 0 | Z69: 0 | AA69: 0 | AB69: 1 | AF69: 000006197 -CN CARMO CORREIA | AH69: COMERCIO | AJ69: D | AK69: 5-MEDIA BAJA | AL69: 4-MEDIA | AM69: C | AN69: 48,29 | AO69: 172,3 | AP69: 1 | AS69: 6A018C6B3F1E348508F3766EA221FBBC7F89ED817EE952DE275D8093890964BE | AT69: 080000 | AU69: FARO | AV69: 081100 | AW69: PORTIMAO | AX69: 081103 | AY69: PORTIMAO | AZ69: PORTIMÃO | BA69: 01 | BB69: RUA | BC69: PEDRA | BD69: 13 | BG69: RUA | BH69: 1010 | BK69: 8500 | BL69: 815 | BM69: 2296 | BN69: 1981 | BO69: 0 | BP69: 0 | BQ69: 0 | BR69: 1 | BV69: 000006197 -CN CARMO CORREIA | BX69: COMERCIO | CB69: 4-MEDIA | CC69: C | CD69: 48,29 | CE69: 172,3 | CF69: 2 | CH69: =+IF(C69=AS69,0,1) -> 0 | CI69: =+IF(D69=AT69,0,1) -> 0 | CJ69: =+IF(E69=AU69,0,1) -> 0 | CK69: =+IF(F69=AV69,0,1) -> 0 | CL69: =+IF(G69=AW69,0,1) -> 0 | CM69: =+IF(H69=AX69,0,1) -> 0 | CN69: =+IF(I69=AY69,0,1) -> 0 | CO69: =+IF(J69=AZ69,0,1) -> 0 | ... DO69: =+IF(AJ69=BZ69,0,1) -> 1 | DP69: =+AJ69 -> D | DQ69: =+BZ69 -> 0 | DR69: =+IF(AK69=CA69,0,1) -> 1 | DS69: =+AK69 -> 5-MEDIA BAJA | DT69: =+CA69 -> 0 | DU69: =+IF(AL69=CB69,0,1) -> 0 | DV69: =+IF(AM69=CC69,0,1) -> 0 | DW69: =+IF(AN69=CD69,0,1) -> 0 | DX69: =+IF(AO69=CE69,0,1) -> 0 | DY69: =+SUM(CH69:DO69,DR69,DU69:DX69) -> 2 | DZ69: =+COUNTBLANK(C69:AO69) -> 9 | EA69: =+COUNTBLANK(AS69:CE69) -> 11 | EB69: =+IF(AND(DZ69=EA69,DY69=0),"IGUAL CAMPOS PREENCH",IF(DZ69<=EA69,"AUX 1 COM + CAMPOS PREENC OU IGUAL","AUX 2 COM + CAMPOS PREENC")) -> AUX 1 COM + CAMPOS PREENC OU IGUAL | EC69: Diferenças nos registos enviados & Sem diferenças nos dados recebidos
B70: 0032167852400000 | C70: 6B3488F89FF3B7F6E63C6CE0BD3E283C12A80E7ABFEFEC27ED6C0066EDCB9235 | D70: 180000 | E70: VISEU | F70: 181300 | G70: RESENDE | H70: 181314 | I70: S. MARTINHO DE MOUROS | J70: SAO MARTINHO DE MOUR | K70: 01 | L70: RUA | M70: DO CIMO DA FEIRA NOVA | N70: 166 | Q70: AVENIDA | U70: 4660 | W70: 1763 | X70: 2012 | Y70: 0 | Z70: 0 | AA70: 0 | AB70: 0 | AF70: 2245 | AH70: OUTRAS | AJ70: E | AK70: 4-MEDIA | AL70: 4-MEDIA | AM70: E | AN70: 63,98 | AO70: 227,98 | AP70: 1 | AS70: 6B3488F89FF3B7F6E63C6CE0BD3E283C12A80E7ABFEFEC27ED6C0066EDCB9235 | AT70: 180000 | AU70: VISEU | AV70: 181300 | AW70: RESENDE | AX70: 181314 | AY70: S. MARTINHO DE MOUROS | AZ70: SAO MARTINHO DE MOUR | BA70: 01 | BB70: RUA | BC70: DO CIMO DA FEIRA NOVA | BD70: 166 | BG70: AVENIDA | BK70: 4660 | BM70: 1763 | BN70: 2012 | BO70: 0 | BP70: 0 | BQ70: 0 | BR70: 0 | BV70: 2245 | BX70: OUTRAS | BZ70: E | CA70: 4-MEDIA | CB70: 4-MEDIA | CC70: E | CD70: 63,98 | CE70: 227,98 | CF70: 2 | CH70: =+IF(C70=AS70,0,1) -> 0 | CI70: =+IF(D70=AT70,0,1) -> 0 | CJ70: =+IF(E70=AU70,0,1) -> 0 | CK70: =+IF(F70=AV70,0,1) -> 0 | CL70: =+IF(G70=AW70,0,1) -> 0 | CM70: =+IF(H70=AX70,0,1) -> 0 | CN70: =+IF(I70=AY70,0,1) -> 0 | CO70: =+IF(J70=AZ70,0,1) -> 0 | ... DO70: =+IF(AJ70=BZ70,0,1) -> 0 | DP70: =+AJ70 -> E | DQ70: =+BZ70 -> E | DR70: =+IF(AK70=CA70,0,1) -> 0 | DS70: =+AK70 -> 4-MEDIA | DT70: =+CA70 -> 4-MEDIA | DU70: =+IF(AL70=CB70,0,1) -> 0 | DV70: =+IF(AM70=CC70,0,1) -> 0 | DW70: =+IF(AN70=CD70,0,1) -> 0 | DX70: =+IF(AO70=CE70,0,1) -> 0 | DY70: =+SUM(CH70:DO70,DR70,DU70:DX70) -> 0 | DZ70: =+COUNTBLANK(C70:AO70) -> 11 | EA70: =+COUNTBLANK(AS70:CE70) -> 11 | EB70: =+IF(AND(DZ70=EA70,DY70=0),"IGUAL CAMPOS PREENCH",IF(DZ70<=EA70,"AUX 1 COM + CAMPOS PREENC OU IGUAL","AUX 2 COM + CAMPOS PREENC")) -> IGUAL CAMPOS PREENCH | EC70: Registo duplicado (todos os campos iguais) & Sem diferenças nos dados recebidos
B71: 0032169674800000 | C71: 6C8BD9548C655F6328E96A6A6246B3579B8EF110CA3AB766709966B09C60ADA2 | D71: 140000 | E71: SANTARÉM | F71: 142100 | G71: OUREM | H71: 142115 | I71: NOSSA SENHORA DA PIEDADE | J71: OUREM | K71: 24 | L71: CANADA | M71: CASAIS DA CARIDADE | N71: 14 | Q71: CANADA | U71: 2490 | V71: 198 | W71: 3360 | X71: 2020 | Y71: 0 | Z71: 0 | AA71: 0 | AB71: 1 | AF71: 4782 | AH71: ARMAZEM | AL71: 5-MEDIA BAJA | AM71: E | AN71: 33,72 | AO71: 131,21 | AP71: 1 | AS71: 6C8BD9548C655F6328E96A6A6246B3579B8EF110CA3AB766709966B09C60ADA2 | AT71: 140000 | AU71: SANTARÉM | AV71: 142100 | AW71: OUREM | AX71: 142115 | AY71: NOSSA SENHORA DA PIEDADE | AZ71: OUREM | BA71: 24 | BB71: CANADA | BC71: CASAIS DA CARIDADE | BD71: 14 | BG71: CANADA | BK71: 2490 | BL71: 198 | BM71: 3360 | BN71: 2020 | BO71: 0 | BP71: 0 | BQ71: 0 | BR71: 1 | BV71: 4782 | BX71: ARMAZEM | CB71: 5-MEDIA BAJA | CC71: E | CD71: 33,72 | CE71: 131,21 | CF71: 2 | CH71: =+IF(C71=AS71,0,1) -> 0 | CI71: =+IF(D71=AT71,0,1) -> 0 | CJ71: =+IF(E71=AU71,0,1) -> 0 | CK71: =+IF(F71=AV71,0,1) -> 0 | CL71: =+IF(G71=AW71,0,1) -> 0 | CM71: =+IF(H71=AX71,0,1) -> 0 | CN71: =+IF(I71=AY71,0,1) -> 0 | CO71: =+IF(J71=AZ71,0,1) -> 0 | ... DO71: =+IF(AJ71=BZ71,0,1) -> 0 | DP71: =+AJ71 -> 0 | DQ71: =+BZ71 -> 0 | DR71: =+IF(AK71=CA71,0,1) -> 0 | DS71: =+AK71 -> 0 | DT71: =+CA71 -> 0 | DU71: =+IF(AL71=CB71,0,1) -> 0 | DV71: =+IF(AM71=CC71,0,1) -> 0 | DW71: =+IF(AN71=CD71,0,1) -> 0 | DX71: =+IF(AO71=CE71,0,1) -> 0 | DY71: =+SUM(CH71:DO71,DR71,DU71:DX71) -> 0 | DZ71: =+COUNTBLANK(C71:AO71) -> 12 | EA71: =+COUNTBLANK(AS71:CE71) -> 12 | EB71: =+IF(AND(DZ71=EA71,DY71=0),"IGUAL CAMPOS PREENCH",IF(DZ71<=EA71,"AUX 1 COM + CAMPOS PREENC OU IGUAL","AUX 2 COM + CAMPOS PREENC")) -> IGUAL CAMPOS PREENCH | EC71: Registo duplicado (todos os campos iguais) & Sem diferenças nos dados recebidos
B72: 0032169974700000 | C72: 713989E8F10B55E59FAD32F72048F3CCDE56F441E244CA01B7BAB1DDC9E6C4EC | D72: 110000 | E72: LISBOA | F72: 110600 | G72: LISBOA | H72: 110617 | I72: LAPA | J72: LISBOA | K72: 01 | L72: RUA | M72: R OLIVAL 25, R JANELAS VERDES | N72: 25 | Q72: RUA | U72: 1000 | V72: 001 | W72: 3449 | Y72: 0 | Z72: 0 | AA72: 0 | AB72: 0 | AF72: 24232591 | AH72: OUTRAS | AL72: 2-MUY ALTA | AM72: E | AN72: 48,03 | AO72: 171,63 | AP72: 1 | AS72: 713989E8F10B55E59FAD32F72048F3CCDE56F441E244CA01B7BAB1DDC9E6C4EC | AT72: 110000 | AU72: LISBOA | AV72: 110600 | AW72: LISBOA | AX72: 110617 | AY72: LAPA | AZ72: LISBOA | BA72: 01 | BB72: RUA | BC72: R OLIVAL 25, R JANELAS VERDES | BD72: 25 | BG72: RUA | BK72: 1000 | BL72: 001 | BM72: 3449 | BO72: 0 | BP72: 0 | BQ72: 0 | BR72: 0 | BV72: 24232591 | BX72: OUTRAS | CB72: 2-MUY ALTA | CC72: E | CD72: 48,03 | CE72: 171,63 | CF72: 2 | CH72: =+IF(C72=AS72,0,1) -> 0 | CI72: =+IF(D72=AT72,0,1) -> 0 | CJ72: =+IF(E72=AU72,0,1) -> 0 | CK72: =+IF(F72=AV72,0,1) -> 0 | CL72: =+IF(G72=AW72,0,1) -> 0 | CM72: =+IF(H72=AX72,0,1) -> 0 | CN72: =+IF(I72=AY72,0,1) -> 0 | CO72: =+IF(J72=AZ72,0,1) -> 0 | ... DO72: =+IF(AJ72=BZ72,0,1) -> 0 | DP72: =+AJ72 -> 0 | DQ72: =+BZ72 -> 0 | DR72: =+IF(AK72=CA72,0,1) -> 0 | DS72: =+AK72 -> 0 | DT72: =+CA72 -> 0 | DU72: =+IF(AL72=CB72,0,1) -> 0 | DV72: =+IF(AM72=CC72,0,1) -> 0 | DW72: =+IF(AN72=CD72,0,1) -> 0 | DX72: =+IF(AO72=CE72,0,1) -> 0 | DY72: =+SUM(CH72:DO72,DR72,DU72:DX72) -> 0 | DZ72: =+COUNTBLANK(C72:AO72) -> 13 | EA72: =+COUNTBLANK(AS72:CE72) -> 13 | EB72: =+IF(AND(DZ72=EA72,DY72=0),"IGUAL CAMPOS PREENCH",IF(DZ72<=EA72,"AUX 1 COM + CAMPOS PREENC OU IGUAL","AUX 2 COM + CAMPOS PREENC")) -> IGUAL CAMPOS PREENCH | EC72: Registo duplicado (todos os campos iguais) & Sem diferenças nos dados recebidos
C73: 73B1B0E09AD83FC2EBCF9BAB7FBE7CD1728428FF4AC644C6C881A63955A55550 | D73: 060000 | E73: COIMBRA | F73: 060300 | G73: COIMBRA | H73: 060318 | I73: SANTO ANTÓNIO DOS OLIVAIS | J73: COIMBRA | K73: 01 | L73: RUA | M73: CARLOS SEIXAS | N73: 171 | Q73: RUA | R73: RCH | U73: 3030 | V73: 177 | W73: 108 | X73: 2003 | Y73: 0 | Z73: 0 | AA73: 0 | AB73: 1 | AH73: COMERCIO | AL73: 4-MEDIA | AM73: C | AN73: 52,24 | AO73: 185,93 | AP73: 1 | AR73: 0032178233500010 | AS73: 73B1B0E09AD83FC2EBCF9BAB7FBE7CD1728428FF4AC644C6C881A63955A55550 | AT73: 060000 | AU73: COIMBRA | AV73: 060300 | AW73: COIMBRA | AX73: 060318 | AY73: SANTO ANTÓNIO DOS OLIVAIS | AZ73: COIMBRA | BA73: 01 | BB73: RUA | BC73: CARLOS SEIXAS | BD73: 171 | BG73: RUA | BH73: RCH | BK73: 3030 | BL73: 177 | BM73: 108 | BN73: 2003 | BO73: 0 | BP73: 0 | BQ73: 0 | BR73: 1 | BX73: COMERCIO | CB73: 4-MEDIA | CC73: C | CD73: 52,24 | CE73: 185,93 | CF73: 2 | CH73: =+IF(C73=AS73,0,1) -> 0 | CI73: =+IF(D73=AT73,0,1) -> 0 | CJ73: =+IF(E73=AU73,0,1) -> 0 | CK73: =+IF(F73=AV73,0,1) -> 0 | CL73: =+IF(G73=AW73,0,1) -> 0 | CM73: =+IF(H73=AX73,0,1) -> 0 | CN73: =+IF(I73=AY73,0,1) -> 0 | CO73: =+IF(J73=AZ73,0,1) -> 0 | ... DO73: =+IF(AJ73=BZ73,0,1) -> 0 | DP73: =+AJ73 -> 0 | DQ73: =+BZ73 -> 0 | DR73: =+IF(AK73=CA73,0,1) -> 0 | DS73: =+AK73 -> 0 | DT73: =+CA73 -> 0 | DU73: =+IF(AL73=CB73,0,1) -> 0 | DV73: =+IF(AM73=CC73,0,1) -> 0 | DW73: =+IF(AN73=CD73,0,1) -> 0 | DX73: =+IF(AO73=CE73,0,1) -> 0 | DY73: =+SUM(CH73:DO73,DR73,DU73:DX73) -> 0 | DZ73: =+COUNTBLANK(C73:AO73) -> 12 | EA73: =+COUNTBLANK(AS73:CE73) -> 12 | EB73: =+IF(AND(DZ73=EA73,DY73=0),"IGUAL CAMPOS PREENCH",IF(DZ73<=EA73,"AUX 1 COM + CAMPOS PREENC OU IGUAL","AUX 2 COM + CAMPOS PREENC")) -> IGUAL CAMPOS PREENCH | EC73: Registo duplicado (todos os campos iguais) & Sem diferenças nos dados recebidos
C74: 7A697601AB04BB2730927B46579A16A2446EB66F4DF71B07930B060A951192C9 | D74: 020000 | E74: BEJA | F74: 021100 | G74: ODEMIRA | H74: 021111 | I74: VILA NOVA DE MILFONTES | J74: VILA NOVA DE MILFONTES | K74: 30 | L74: OUTROS | M74: MONTE DA ROSA | N74: 1 | O74: 1 | Q74: OUTROS | R74: R/C ESQ | U74: 7645 | V74: 284 | W74: 65 | X74: 1994 | Y74: 0 | Z74: 0 | AA74: 0 | AB74: 1 | AH74: COMERCIO | AL74: 4-MEDIA | AM74: C | AN74: 46,35 | AO74: 164,44 | AP74: 1 | AR74: 0032174340000010 | AS74: 7A697601AB04BB2730927B46579A16A2446EB66F4DF71B07930B060A951192C9 | AT74: 020000 | AU74: BEJA | AV74: 021100 | AW74: ODEMIRA | AX74: 021111 | AY74: VILA NOVA DE MILFONTES | AZ74: VILA NOVA DE MILFONTES | BA74: 30 | BB74: OUTROS | BC74: MONTE DA ROSA | BD74: 1 | BE74: 1 | BG74: OUTROS | BH74: R/C ESQ | BK74: 7645 | BL74: 284 | BM74: 65 | BN74: 1994 | BO74: 0 | BP74: 0 | BQ74: 0 | BR74: 1 | BX74: COMERCIO | CB74: 4-MEDIA | CC74: C | CD74: 46,35 | CE74: 164,44 | CF74: 2 | CH74: =+IF(C74=AS74,0,1) -> 0 | CI74: =+IF(D74=AT74,0,1) -> 0 | CJ74: =+IF(E74=AU74,0,1) -> 0 | CK74: =+IF(F74=AV74,0,1) -> 0 | CL74: =+IF(G74=AW74,0,1) -> 0 | CM74: =+IF(H74=AX74,0,1) -> 0 | CN74: =+IF(I74=AY74,0,1) -> 0 | CO74: =+IF(J74=AZ74,0,1) -> 0 | ... DO74: =+IF(AJ74=BZ74,0,1) -> 0 | DP74: =+AJ74 -> 0 | DQ74: =+BZ74 -> 0 | DR74: =+IF(AK74=CA74,0,1) -> 0 | DS74: =+AK74 -> 0 | DT74: =+CA74 -> 0 | DU74: =+IF(AL74=CB74,0,1) -> 0 | DV74: =+IF(AM74=CC74,0,1) -> 0 | DW74: =+IF(AN74=CD74,0,1) -> 0 | DX74: =+IF(AO74=CE74,0,1) -> 0 | DY74: =+SUM(CH74:DO74,DR74,DU74:DX74) -> 0 | DZ74: =+COUNTBLANK(C74:AO74) -> 11 | EA74: =+COUNTBLANK(AS74:CE74) -> 11 | EB74: =+IF(AND(DZ74=EA74,DY74=0),"IGUAL CAMPOS PREENCH",IF(DZ74<=EA74,"AUX 1 COM + CAMPOS PREENC OU IGUAL","AUX 2 COM + CAMPOS PREENC")) -> IGUAL CAMPOS PREENCH | EC74: Registo duplicado (todos os campos iguais) & Sem diferenças nos dados recebidos
B75: 0032169859900000 | C75: 7A821601FED1F47E745F8C25AEA2C0DB907B5F4E35E6934618B222F7828E3B5B | D75: 130000 | E75: PORTO | F75: 130100 | G75: AMARANTE | H75: 130133 | I75: AMARANTE (S. GONÇALO) | J75: SAO LAZARO | K75: 01 | L75: RUA | M75: DR MARIO MONTERROSO | N75: 104 | Q75: RUA | U75: 4600 | V75: 074 | W75: 1942 | Y75: 0 | Z75: 0 | AA75: 0 | AB75: 0 | AF75: U-3709 | AH75: OUTRAS | AJ75: F | AK75: 5-MEDIA BAJA | AL75: 5-MEDIA BAJA | AM75: B- | AN75: 21,11 | AO75: 75,52 | AP75: 1 | AS75: 7A821601FED1F47E745F8C25AEA2C0DB907B5F4E35E6934618B222F7828E3B5B | AT75: 130000 | AU75: PORTO | AV75: 130100 | AW75: AMARANTE | AX75: 130133 | AY75: AMARANTE (S. GONÇALO) | AZ75: SAO LAZARO | BA75: 01 | BB75: RUA | BC75: DR MARIO MONTERROSO | BD75: 104 | BG75: RUA | BK75: 4600 | BL75: 074 | BM75: 1942 | BO75: 0 | BP75: 0 | BQ75: 0 | BR75: 0 | BV75: U-3709 | BX75: OUTRAS | BZ75: F | CA75: 5-MEDIA BAJA | CB75: 5-MEDIA BAJA | CC75: B- | CD75: 21,11 | CE75: 75,52 | CF75: 2 | CH75: =+IF(C75=AS75,0,1) -> 0 | CI75: =+IF(D75=AT75,0,1) -> 0 | CJ75: =+IF(E75=AU75,0,1) -> 0 | CK75: =+IF(F75=AV75,0,1) -> 0 | CL75: =+IF(G75=AW75,0,1) -> 0 | CM75: =+IF(H75=AX75,0,1) -> 0 | CN75: =+IF(I75=AY75,0,1) -> 0 | CO75: =+IF(J75=AZ75,0,1) -> 0 | ... DO75: =+IF(AJ75=BZ75,0,1) -> 0 | DP75: =+AJ75 -> F | DQ75: =+BZ75 -> F | DR75: =+IF(AK75=CA75,0,1) -> 0 | DS75: =+AK75 -> 5-MEDIA BAJA | DT75: =+CA75 -> 5-MEDIA BAJA | DU75: =+IF(AL75=CB75,0,1) -> 0 | DV75: =+IF(AM75=CC75,0,1) -> 0 | DW75: =+IF(AN75=CD75,0,1) -> 0 | DX75: =+IF(AO75=CE75,0,1) -> 0 | DY75: =+SUM(CH75:DO75,DR75,DU75:DX75) -> 0 | DZ75: =+COUNTBLANK(C75:AO75) -> 11 | EA75: =+COUNTBLANK(AS75:CE75) -> 11 | EB75: =+IF(AND(DZ75=EA75,DY75=0),"IGUAL CAMPOS PREENCH",IF(DZ75<=EA75,"AUX 1 COM + CAMPOS PREENC OU IGUAL","AUX 2 COM + CAMPOS PREENC")) -> IGUAL CAMPOS PREENCH | EC75: Registo duplicado (todos os campos iguais) & Sem diferenças nos dados recebidos
B76: 0640161175600000 | C76: 7B82211F017B621264D81F4D0A30073C765AE43F96A6C924FA4C98387889047C | D76: 110000 | E76: LISBOA | F76: 111100 | G76: SINTRA | H76: 111107 | I76: QUELUZ | J76: CASAL DA BAROTA | K76: 01 | L76: RUA | M76: PADEIRA ALJUBARROTA | N76: 18 | Q76: RUA | U76: 2605 | V76: 249 | W76: 88 | X76: 2001 | Y76: 1 | Z76: 0 | AA76: 0 | AB76: 0 | AF76: 0005304-C - | AH76: ESTACIONAMENTO | AL76: 4-MEDIA | AM76: D | AN76: 33 | AO76: 117,87 | AP76: 1 | AS76: 7B82211F017B621264D81F4D0A30073C765AE43F96A6C924FA4C98387889047C | AT76: 110000 | AU76: LISBOA | AV76: 111100 | AW76: SINTRA | AX76: 111107 | AY76: QUELUZ | AZ76: CASAL DA BAROTA | BA76: 01 | BB76: RUA | BC76: PADEIRA ALJUBARROTA | BD76: 18 | BG76: RUA | BK76: 2605 | BL76: 249 | BM76: 88 | BN76: 2001 | BO76: 1 | BP76: 0 | BQ76: 0 | BR76: 0 | BV76: 0005304-C - | BX76: ESTACIONAMENTO | CB76: 4-MEDIA | CC76: D | CD76: 33 | CE76: 117,87 | CF76: 2 | CH76: =+IF(C76=AS76,0,1) -> 0 | CI76: =+IF(D76=AT76,0,1) -> 0 | CJ76: =+IF(E76=AU76,0,1) -> 0 | CK76: =+IF(F76=AV76,0,1) -> 0 | CL76: =+IF(G76=AW76,0,1) -> 0 | CM76: =+IF(H76=AX76,0,1) -> 0 | CN76: =+IF(I76=AY76,0,1) -> 0 | CO76: =+IF(J76=AZ76,0,1) -> 0 | ... DO76: =+IF(AJ76=BZ76,0,1) -> 0 | DP76: =+AJ76 -> 0 | DQ76: =+BZ76 -> 0 | DR76: =+IF(AK76=CA76,0,1) -> 0 | DS76: =+AK76 -> 0 | DT76: =+CA76 -> 0 | DU76: =+IF(AL76=CB76,0,1) -> 0 | DV76: =+IF(AM76=CC76,0,1) -> 0 | DW76: =+IF(AN76=CD76,0,1) -> 0 | DX76: =+IF(AO76=CE76,0,1) -> 0 | DY76: =+SUM(CH76:DO76,DR76,DU76:DX76) -> 0 | DZ76: =+COUNTBLANK(C76:AO76) -> 12 | EA76: =+COUNTBLANK(AS76:CE76) -> 12 | EB76: =+IF(AND(DZ76=EA76,DY76=0),"IGUAL CAMPOS PREENCH",IF(DZ76<=EA76,"AUX 1 COM + CAMPOS PREENC OU IGUAL","AUX 2 COM + CAMPOS PREENC")) -> IGUAL CAMPOS PREENCH | EC76: Registo duplicado (todos os campos iguais) & Sem diferenças nos dados recebidos
C77: 7BBB235D34DA08D36E30708B7844228C77897AE544D5BC921782BE60DD1CB7A2 | D77: 030000 | E77: BRAGA | F77: 030800 | G77: GUIMARAES | H77: 030871 | I77: URGEZES | J77: GUIMARAES | K77: 01 | L77: RUA | M77: PAULO VI | N77: 91 | Q77: RUA | U77: 4810 | V77: 508 | W77: 1893 | Y77: 1 | Z77: 0 | AA77: 0 | AB77: 0 | AF77: 1181 CRP 3 | AH77: HABITACAO | AL77: 3-ALTA | AM77: D | AN77: 39,22 | AO77: 140,31 | AP77: 1 | AR77: 0032176380100000 | AS77: 7BBB235D34DA08D36E30708B7844228C77897AE544D5BC921782BE60DD1CB7A2 | AT77: 030000 | AU77: BRAGA | AV77: 030800 | AW77: GUIMARAES | AX77: 030871 | AY77: URGEZES | AZ77: GUIMARAES | BA77: 01 | BB77: RUA | BC77: PAULO VI | BD77: 91 | BG77: RUA | BK77: 4810 | BL77: 508 | BM77: 1893 | BO77: 1 | BP77: 0 | BQ77: 0 | BR77: 0 | BV77: 1181 CRP 3 | BX77: HABITACAO | CB77: 3-ALTA | CC77: D | CD77: 39,22 | CE77: 140,31 | CF77: 2 | CH77: =+IF(C77=AS77,0,1) -> 0 | CI77: =+IF(D77=AT77,0,1) -> 0 | CJ77: =+IF(E77=AU77,0,1) -> 0 | CK77: =+IF(F77=AV77,0,1) -> 0 | CL77: =+IF(G77=AW77,0,1) -> 0 | CM77: =+IF(H77=AX77,0,1) -> 0 | CN77: =+IF(I77=AY77,0,1) -> 0 | CO77: =+IF(J77=AZ77,0,1) -> 0 | ... DO77: =+IF(AJ77=BZ77,0,1) -> 0 | DP77: =+AJ77 -> 0 | DQ77: =+BZ77 -> 0 | DR77: =+IF(AK77=CA77,0,1) -> 0 | DS77: =+AK77 -> 0 | DT77: =+CA77 -> 0 | DU77: =+IF(AL77=CB77,0,1) -> 0 | DV77: =+IF(AM77=CC77,0,1) -> 0 | DW77: =+IF(AN77=CD77,0,1) -> 0 | DX77: =+IF(AO77=CE77,0,1) -> 0 | DY77: =+SUM(CH77:DO77,DR77,DU77:DX77) -> 0 | DZ77: =+COUNTBLANK(C77:AO77) -> 13 | EA77: =+COUNTBLANK(AS77:CE77) -> 13 | EB77: =+IF(AND(DZ77=EA77,DY77=0),"IGUAL CAMPOS PREENCH",IF(DZ77<=EA77,"AUX 1 COM + CAMPOS PREENC OU IGUAL","AUX 2 COM + CAMPOS PREENC")) -> IGUAL CAMPOS PREENCH | EC77: Registo duplicado (todos os campos iguais) & Sem diferenças nos dados recebidos
C78: 7C28DA15DCED2682CADD9A46AC0FD0D7628443D6BC3B8AC02C426266025C8014 | D78: 100000 | E78: LEIRIA | F78: 100900 | G78: LEIRIA | H78: 100912 | I78: LEIRIA | J78: AROEIRA | U78: 2425 | W78: 3580 | X78: 2000 | Y78: 0 | Z78: 0 | AA78: 0 | AB78: 1 | AF78: 000006661 - | AH78: ARMAZEM | AL78: 5-MEDIA BAJA | AM78: D | AN78: 41,46 | AO78: 148,5 | AP78: 1 | AR78: 0632161441900000 | AS78: 7C28DA15DCED2682CADD9A46AC0FD0D7628443D6BC3B8AC02C426266025C8014 | AT78: 100000 | AU78: LEIRIA | AV78: 100900 | AW78: LEIRIA | AX78: 100912 | AY78: LEIRIA | AZ78: AROEIRA | BK78: 2425 | BM78: 3580 | BN78: 2000 | BO78: 0 | BP78: 0 | BQ78: 0 | BR78: 1 | BV78: 000006661 - | BX78: ARMAZEM | BZ78: D | CA78: 5-MEDIA BAJA | CB78: 5-MEDIA BAJA | CC78: D | CD78: 41,46 | CE78: 148,5 | CF78: 2 | CH78: =+IF(C78=AS78,0,1) -> 0 | CI78: =+IF(D78=AT78,0,1) -> 0 | CJ78: =+IF(E78=AU78,0,1) -> 0 | CK78: =+IF(F78=AV78,0,1) -> 0 | CL78: =+IF(G78=AW78,0,1) -> 0 | CM78: =+IF(H78=AX78,0,1) -> 0 | CN78: =+IF(I78=AY78,0,1) -> 0 | CO78: =+IF(J78=AZ78,0,1) -> 0 | ... DO78: =+IF(AJ78=BZ78,0,1) -> 1 | DP78: =+AJ78 -> 0 | DQ78: =+BZ78 -> D | DR78: =+IF(AK78=CA78,0,1) -> 1 | DS78: =+AK78 -> 0 | DT78: =+CA78 -> 5-MEDIA BAJA | DU78: =+IF(AL78=CB78,0,1) -> 0 | DV78: =+IF(AM78=CC78,0,1) -> 0 | DW78: =+IF(AN78=CD78,0,1) -> 0 | DX78: =+IF(AO78=CE78,0,1) -> 0 | DY78: =+SUM(CH78:DO78,DR78,DU78:DX78) -> 2 | DZ78: =+COUNTBLANK(C78:AO78) -> 18 | EA78: =+COUNTBLANK(AS78:CE78) -> 16 | EB78: =+IF(AND(DZ78=EA78,DY78=0),"IGUAL CAMPOS PREENCH",IF(DZ78<=EA78,"AUX 1 COM + CAMPOS PREENC OU IGUAL","AUX 2 COM + CAMPOS PREENC")) -> AUX 2 COM + CAMPOS PREENC | EC78: Diferenças nos registos enviados & Sem diferenças nos dados recebidos
C79: 7E67CC908722FB7BD7412F68A6FB86449EBCAB3380FEE2326EED58747C064937 | D79: 100000 | E79: LEIRIA | F79: 100900 | G79: LEIRIA | H79: 100912 | I79: LEIRIA | J79: AROEIRA | U79: 2425 | W79: 1430 | X79: 2000 | Y79: 0 | Z79: 0 | AA79: 0 | AB79: 1 | AF79: 000006663 - | AH79: ARMAZEM | AL79: 5-MEDIA BAJA | AM79: D | AN79: 33,93 | AO79: 121,5 | AP79: 1 | AR79: 0632161442000000 | AS79: 7E67CC908722FB7BD7412F68A6FB86449EBCAB3380FEE2326EED58747C064937 | AT79: 100000 | AU79: LEIRIA | AV79: 100900 | AW79: LEIRIA | AX79: 100912 | AY79: LEIRIA | AZ79: AROEIRA | BK79: 2425 | BM79: 1430 | BN79: 2000 | BO79: 0 | BP79: 0 | BQ79: 0 | BR79: 1 | BV79: 000006663 - | BX79: ARMAZEM | BZ79: D | CA79: 5-MEDIA BAJA | CB79: 5-MEDIA BAJA | CC79: D | CD79: 33,93 | CE79: 121,5 | CF79: 2 | CH79: =+IF(C79=AS79,0,1) -> 0 | CI79: =+IF(D79=AT79,0,1) -> 0 | CJ79: =+IF(E79=AU79,0,1) -> 0 | CK79: =+IF(F79=AV79,0,1) -> 0 | CL79: =+IF(G79=AW79,0,1) -> 0 | CM79: =+IF(H79=AX79,0,1) -> 0 | CN79: =+IF(I79=AY79,0,1) -> 0 | CO79: =+IF(J79=AZ79,0,1) -> 0 | ... DO79: =+IF(AJ79=BZ79,0,1) -> 1 | DP79: =+AJ79 -> 0 | DQ79: =+BZ79 -> D | DR79: =+IF(AK79=CA79,0,1) -> 1 | DS79: =+AK79 -> 0 | DT79: =+CA79 -> 5-MEDIA BAJA | DU79: =+IF(AL79=CB79,0,1) -> 0 | DV79: =+IF(AM79=CC79,0,1) -> 0 | DW79: =+IF(AN79=CD79,0,1) -> 0 | DX79: =+IF(AO79=CE79,0,1) -> 0 | DY79: =+SUM(CH79:DO79,DR79,DU79:DX79) -> 2 | DZ79: =+COUNTBLANK(C79:AO79) -> 18 | EA79: =+COUNTBLANK(AS79:CE79) -> 16 | EB79: =+IF(AND(DZ79=EA79,DY79=0),"IGUAL CAMPOS PREENCH",IF(DZ79<=EA79,"AUX 1 COM + CAMPOS PREENC OU IGUAL","AUX 2 COM + CAMPOS PREENC")) -> AUX 2 COM + CAMPOS PREENC | EC79: Diferenças nos registos enviados & Sem diferenças nos dados recebidos
C80: 7F202C33237ACCCCF4A83B238C0E9B7A6F04405B3C379ED8DCAD2006AEB860BF | D80: 420000 | E80: ILHA DE SAO MIGUEL-AÇORES | F80: 420500 | G80: RIBEIRA GRANDE | H80: 420508 | I80: RABO DE PEIXE | J80: RABO DE PEIXE | K80: 01 | L80: RUA | M80: BACHAREL | N80: 000000 | Q80: RUA | R80: 0001453 | U80: 9600 | V80: 082 | W80: 169520 | X80: 1989 | Y80: 0 | Z80: 0 | AA80: 0 | AB80: 0 | AF80: 3/R | AH80: OUTRAS | AL80: 5-MEDIA BAJA | AM80: D | AN80: 32,97 | AO80: 64,54 | AP80: 1 | AR80: 0832152038600000 | AS80: 7F202C33237ACCCCF4A83B238C0E9B7A6F04405B3C379ED8DCAD2006AEB860BF | AT80: 420000 | AU80: ILHA DE SAO MIGUEL-AÇORES | AV80: 420500 | AW80: RIBEIRA GRANDE | AX80: 420508 | AY80: RABO DE PEIXE | AZ80: RABO DE PEIXE | BA80: 01 | BB80: RUA | BC80: BACHAREL | BD80: 000000 | BG80: RUA | BH80: 0001453 | BK80: 9600 | BL80: 082 | BM80: 169520 | BN80: 1989 | BO80: 0 | BP80: 0 | BQ80: 0 | BR80: 0 | BV80: 3/R | BX80: OUTRAS | BZ80: D | CA80: 5-MEDIA BAJA | CB80: 5-MEDIA BAJA | CC80: D | CD80: 32,97 | CE80: 64,54 | CF80: 2 | CH80: =+IF(C80=AS80,0,1) -> 0 | CI80: =+IF(D80=AT80,0,1) -> 0 | CJ80: =+IF(E80=AU80,0,1) -> 0 | CK80: =+IF(F80=AV80,0,1) -> 0 | CL80: =+IF(G80=AW80,0,1) -> 0 | CM80: =+IF(H80=AX80,0,1) -> 0 | CN80: =+IF(I80=AY80,0,1) -> 0 | CO80: =+IF(J80=AZ80,0,1) -> 0 | ... DO80: =+IF(AJ80=BZ80,0,1) -> 1 | DP80: =+AJ80 -> 0 | DQ80: =+BZ80 -> D | DR80: =+IF(AK80=CA80,0,1) -> 1 | DS80: =+AK80 -> 0 | DT80: =+CA80 -> 5-MEDIA BAJA | DU80: =+IF(AL80=CB80,0,1) -> 0 | DV80: =+IF(AM80=CC80,0,1) -> 0 | DW80: =+IF(AN80=CD80,0,1) -> 0 | DX80: =+IF(AO80=CE80,0,1) -> 0 | DY80: =+SUM(CH80:DO80,DR80,DU80:DX80) -> 2 | DZ80: =+COUNTBLANK(C80:AO80) -> 11 | EA80: =+COUNTBLANK(AS80:CE80) -> 9 | EB80: =+IF(AND(DZ80=EA80,DY80=0),"IGUAL CAMPOS PREENCH",IF(DZ80<=EA80,"AUX 1 COM + CAMPOS PREENC OU IGUAL","AUX 2 COM + CAMPOS PREENC")) -> AUX 2 COM + CAMPOS PREENC | EC80: Diferenças nos registos enviados & Sem diferenças nos dados recebidos
B81: 0090162612500000 | C81: 7F66C8780FE3E161445AFD204F171C8E9F041E6F486E66F0EE5F277FB0C78FCB | D81: 110000 | E81: LISBOA | F81: 110500 | G81: CASCAIS | H81: 110502 | I81: CARCAVELOS | J81: LOMBOS | K81: 01 | L81: RUA | M81: EUSEBIO PEREIRA | N81: 1-4 | O81: 1-4 | Q81: RUA | U81: 2775 | V81: 403 | W81: 11842 | Y81: 1 | Z81: 1 | AA81: 0 | AB81: 0 | AF81: 7743 | AH81: HABITACAO | AJ81: C | AK81: 5-MEDIA BAJA | AL81: 5-MEDIA BAJA | AM81: B | AN81: 9,36 | AO81: 33,44 | AP81: 1 | AS81: 7F66C8780FE3E161445AFD204F171C8E9F041E6F486E66F0EE5F277FB0C78FCB | AT81: 110000 | AU81: LISBOA | AV81: 110500 | AW81: CASCAIS | AX81: 110502 | AY81: CARCAVELOS | AZ81: LOMBOS | BA81: 01 | BB81: RUA | BC81: EUSEBIO PEREIRA | BD81: 1-4 | BE81: 1-4 | BG81: RUA | BK81: 2775 | BL81: 403 | BM81: 11842 | BO81: 1 | BP81: 1 | BQ81: 0 | BR81: 0 | BV81: 7743 | BX81: HABITACAO | CB81: 5-MEDIA BAJA | CC81: B | CD81: 9,36 | CE81: 33,44 | CF81: 2 | CH81: =+IF(C81=AS81,0,1) -> 0 | CI81: =+IF(D81=AT81,0,1) -> 0 | CJ81: =+IF(E81=AU81,0,1) -> 0 | CK81: =+IF(F81=AV81,0,1) -> 0 | CL81: =+IF(G81=AW81,0,1) -> 0 | CM81: =+IF(H81=AX81,0,1) -> 0 | CN81: =+IF(I81=AY81,0,1) -> 0 | CO81: =+IF(J81=AZ81,0,1) -> 0 | ... DO81: =+IF(AJ81=BZ81,0,1) -> 1 | DP81: =+AJ81 -> C | DQ81: =+BZ81 -> 0 | DR81: =+IF(AK81=CA81,0,1) -> 1 | DS81: =+AK81 -> 5-MEDIA BAJA | DT81: =+CA81 -> 0 | DU81: =+IF(AL81=CB81,0,1) -> 0 | DV81: =+IF(AM81=CC81,0,1) -> 0 | DW81: =+IF(AN81=CD81,0,1) -> 0 | DX81: =+IF(AO81=CE81,0,1) -> 0 | DY81: =+SUM(CH81:DO81,DR81,DU81:DX81) -> 2 | DZ81: =+COUNTBLANK(C81:AO81) -> 10 | EA81: =+COUNTBLANK(AS81:CE81) -> 12 | EB81: =+IF(AND(DZ81=EA81,DY81=0),"IGUAL CAMPOS PREENCH",IF(DZ81<=EA81,"AUX 1 COM + CAMPOS PREENC OU IGUAL","AUX 2 COM + CAMPOS PREENC")) -> AUX 1 COM + CAMPOS PREENC OU IGUAL | EC81: Diferenças nos registos enviados & Sem diferenças nos dados recebidos
C82: 7FC9C29BD67641E04211D54304F024EEF66B41F76D1E76EC40F36B56BF45F2F9 | D82: 310000 | E82: ILHA DA MADEIRA | F82: 310300 | G82: FUNCHAL | H82: 310304 | I82: FUNCHAL (SANTA MARIA MAIOR) | J82: SANTA LUZIA | K82: 01 | L82: RUA | M82: RIBEIRA DE JOAO GOMES | N82: 000000 | Q82: RUA | R82: 0000534 | U82: 9000 | V82: 000 | W82: 1832 | X82: 2003 | Y82: 0 | Z82: 0 | AA82: 0 | AB82: 1 | AF82: 3147 | AH82: ARMAZEM | AL82: 4-MEDIA | AM82: B | AN82: 35,11 | AO82: 69,13 | AP82: 1 | AR82: 0832151796100000 | AS82: 7FC9C29BD67641E04211D54304F024EEF66B41F76D1E76EC40F36B56BF45F2F9 | AT82: 310000 | AU82: ILHA DA MADEIRA | AV82: 310300 | AW82: FUNCHAL | AX82: 310304 | AY82: FUNCHAL (SANTA MARIA MAIOR) | AZ82: SANTA LUZIA | BA82: 01 | BB82: RUA | BC82: RIBEIRA DE JOAO GOMES | BD82: 000000 | BG82: RUA | BH82: 0000534 | BK82: 9000 | BL82: 000 | BM82: 1832 | BN82: 2003 | BO82: 0 | BP82: 0 | BQ82: 0 | BR82: 1 | BV82: 3147 | BX82: ARMAZEM | BZ82: C | CA82: 5-MEDIA BAJA | CB82: 4-MEDIA | CC82: B | CD82: 35,11 | CE82: 69,13 | CF82: 2 | CH82: =+IF(C82=AS82,0,1) -> 0 | CI82: =+IF(D82=AT82,0,1) -> 0 | CJ82: =+IF(E82=AU82,0,1) -> 0 | CK82: =+IF(F82=AV82,0,1) -> 0 | CL82: =+IF(G82=AW82,0,1) -> 0 | CM82: =+IF(H82=AX82,0,1) -> 0 | CN82: =+IF(I82=AY82,0,1) -> 0 | CO82: =+IF(J82=AZ82,0,1) -> 0 | ... DO82: =+IF(AJ82=BZ82,0,1) -> 1 | DP82: =+AJ82 -> 0 | DQ82: =+BZ82 -> C | DR82: =+IF(AK82=CA82,0,1) -> 1 | DS82: =+AK82 -> 0 | DT82: =+CA82 -> 5-MEDIA BAJA | DU82: =+IF(AL82=CB82,0,1) -> 0 | DV82: =+IF(AM82=CC82,0,1) -> 0 | DW82: =+IF(AN82=CD82,0,1) -> 0 | DX82: =+IF(AO82=CE82,0,1) -> 0 | DY82: =+SUM(CH82:DO82,DR82,DU82:DX82) -> 2 | DZ82: =+COUNTBLANK(C82:AO82) -> 11 | EA82: =+COUNTBLANK(AS82:CE82) -> 9 | EB82: =+IF(AND(DZ82=EA82,DY82=0),"IGUAL CAMPOS PREENCH",IF(DZ82<=EA82,"AUX 1 COM + CAMPOS PREENC OU IGUAL","AUX 2 COM + CAMPOS PREENC")) -> AUX 2 COM + CAMPOS PREENC | EC82: Diferenças nos registos enviados & Sem diferenças nos dados recebidos
C83: 84B59106BB611DCD71E285CB92096293BDB044E623A003168DED3E92307D50E1 | D83: 420000 | E83: ILHA DE SAO MIGUEL-AÇORES | F83: 420300 | G83: PONTA DELGADA | H83: 420399 | I83: 99 | J83: VILA DE NORDESTE | K83: 01 | L83: RUA | M83: RUA DO POCEIRAO, N.º1 | N83: 000000 | Q83: RUA | R83: 0246345 | U83: 9630 | V83: 171 | W83: 500 | X83: 1980 | Y83: 1 | Z83: 0 | AA83: 1 | AB83: 0 | AF83: 762 | AH83: HABITACAO | AL83: 5-MEDIA BAJA | AM83: D | AN83: 26,97 | AO83: 52,8 | AP83: 1 | AR83: 0832151770000000 | AS83: 84B59106BB611DCD71E285CB92096293BDB044E623A003168DED3E92307D50E1 | AT83: 420000 | AU83: ILHA DE SAO MIGUEL-AÇORES | AV83: 420300 | AW83: PONTA DELGADA | AX83: 420399 | AY83: 99 | AZ83: VILA DE NORDESTE | BA83: 01 | BB83: RUA | BC83: RUA DO POCEIRAO, N.º1 | BD83: 000000 | BG83: RUA | BH83: 0246345 | BK83: 9630 | BL83: 171 | BM83: 500 | BN83: 1980 | BO83: 1 | BP83: 0 | BQ83: 1 | BR83: 0 | BV83: 762 | BX83: HABITACAO | BZ83: D | CA83: 6-BAJA | CB83: 5-MEDIA BAJA | CC83: D | CD83: 26,97 | CE83: 52,8 | CF83: 2 | CH83: =+IF(C83=AS83,0,1) -> 0 | CI83: =+IF(D83=AT83,0,1) -> 0 | CJ83: =+IF(E83=AU83,0,1) -> 0 | CK83: =+IF(F83=AV83,0,1) -> 0 | CL83: =+IF(G83=AW83,0,1) -> 0 | CM83: =+IF(H83=AX83,0,1) -> 0 | CN83: =+IF(I83=AY83,0,1) -> 0 | CO83: =+IF(J83=AZ83,0,1) -> 0 | ... DO83: =+IF(AJ83=BZ83,0,1) -> 1 | DP83: =+AJ83 -> 0 | DQ83: =+BZ83 -> D | DR83: =+IF(AK83=CA83,0,1) -> 1 | DS83: =+AK83 -> 0 | DT83: =+CA83 -> 6-BAJA | DU83: =+IF(AL83=CB83,0,1) -> 0 | DV83: =+IF(AM83=CC83,0,1) -> 0 | DW83: =+IF(AN83=CD83,0,1) -> 0 | DX83: =+IF(AO83=CE83,0,1) -> 0 | DY83: =+SUM(CH83:DO83,DR83,DU83:DX83) -> 2 | DZ83: =+COUNTBLANK(C83:AO83) -> 11 | EA83: =+COUNTBLANK(AS83:CE83) -> 9 | EB83: =+IF(AND(DZ83=EA83,DY83=0),"IGUAL CAMPOS PREENCH",IF(DZ83<=EA83,"AUX 1 COM + CAMPOS PREENC OU IGUAL","AUX 2 COM + CAMPOS PREENC")) -> AUX 2 COM + CAMPOS PREENC | EC83: Diferenças nos registos enviados & Sem diferenças nos dados recebidos
B84: 0032153119200000 | C84: 85E7390DD842A843A7C22A7D23EDC7425E8059EF5ABF4F0355D00996ACFC7CC0 | D84: 130000 | E84: PORTO | F84: 131200 | G84: PORTO | H84: 131208 | I84: MIRAGAIA | J84: PORTO | K84: 01 | L84: RUA | M84: DE MONCHIQUE 30,35 A 41 | N84: 30 | Q84: RUA | U84: 4560 | V84: 150 | W84: 8376 | Y84: 0 | Z84: 0 | AA84: 0 | AB84: 1 | AF84: 1612,1617,1622,1627,1632 | AH84: COMERCIO | AJ84: D | AK84: 5-MEDIA BAJA | AL84: 1-REAL | AM84: B- | AN84: 49,9 | AO84: 194,18 | AP84: 1 | AS84: 85E7390DD842A843A7C22A7D23EDC7425E8059EF5ABF4F0355D00996ACFC7CC0 | AT84: 130000 | AU84: PORTO | AV84: 131200 | AW84: PORTO | AX84: 131208 | AY84: MIRAGAIA | AZ84: PORTO | BA84: 01 | BB84: RUA | BC84: DE MONCHIQUE 30,35 A 41 | BD84: 30 | BG84: RUA | BK84: 4560 | BL84: 150 | BM84: 8376 | BO84: 0 | BP84: 0 | BQ84: 0 | BR84: 1 | BV84: 1612,1617,1622,1627,1632 | BX84: COMERCIO | CB84: 1-REAL | CC84: B- | CD84: 49,9 | CE84: 194,18 | CF84: 2 | CH84: =+IF(C84=AS84,0,1) -> 0 | CI84: =+IF(D84=AT84,0,1) -> 0 | CJ84: =+IF(E84=AU84,0,1) -> 0 | CK84: =+IF(F84=AV84,0,1) -> 0 | CL84: =+IF(G84=AW84,0,1) -> 0 | CM84: =+IF(H84=AX84,0,1) -> 0 | CN84: =+IF(I84=AY84,0,1) -> 0 | CO84: =+IF(J84=AZ84,0,1) -> 0 | ... DO84: =+IF(AJ84=BZ84,0,1) -> 1 | DP84: =+AJ84 -> D | DQ84: =+BZ84 -> 0 | DR84: =+IF(AK84=CA84,0,1) -> 1 | DS84: =+AK84 -> 5-MEDIA BAJA | DT84: =+CA84 -> 0 | DU84: =+IF(AL84=CB84,0,1) -> 0 | DV84: =+IF(AM84=CC84,0,1) -> 0 | DW84: =+IF(AN84=CD84,0,1) -> 0 | DX84: =+IF(AO84=CE84,0,1) -> 0 | DY84: =+SUM(CH84:DO84,DR84,DU84:DX84) -> 2 | DZ84: =+COUNTBLANK(C84:AO84) -> 11 | EA84: =+COUNTBLANK(AS84:CE84) -> 13 | EB84: =+IF(AND(DZ84=EA84,DY84=0),"IGUAL CAMPOS PREENCH",IF(DZ84<=EA84,"AUX 1 COM + CAMPOS PREENC OU IGUAL","AUX 2 COM + CAMPOS PREENC")) -> AUX 1 COM + CAMPOS PREENC OU IGUAL | EC84: Diferenças nos registos enviados & Sem diferenças nos dados recebidos
B85: 0032177094600010 | C85: 8CF7598789EC292C60CD0C615A3DF12715FDA1523AC4128CE5E4F471BBDD8D38 | D85: 110000 | E85: LISBOA | F85: 111600 | G85: ODIVELAS | H85: 111603 | I85: ODIVELAS | J85: ODIVELAS | K85: 04 | L85: PRACETA | M85: JOSE MARIA BONTEMPO | N85: 3 | Q85: PRACETA | R85: RC DTO | U85: 2675 | V85: 651 | W85: 155 | X85: 2008 | Y85: 0 | Z85: 0 | AA85: 0 | AB85: 1 | AF85: 12337 | AH85: COMERCIO | AL85: 1-REAL | AM85: B- | AN85: 50,58 | AO85: 170,29 | AP85: 1 | AS85: 8CF7598789EC292C60CD0C615A3DF12715FDA1523AC4128CE5E4F471BBDD8D38 | AT85: 110000 | AU85: LISBOA | AV85: 111600 | AW85: ODIVELAS | AX85: 111603 | AY85: ODIVELAS | AZ85: ODIVELAS | BA85: 04 | BB85: PRACETA | BC85: JOSE MARIA BONTEMPO | BD85: 3 | BG85: PRACETA | BH85: RC DTO | BK85: 2675 | BL85: 651 | BM85: 155 | BN85: 2008 | BO85: 0 | BP85: 0 | BQ85: 0 | BR85: 1 | BV85: 12337 | BX85: COMERCIO | CB85: 1-REAL | CC85: B- | CD85: 50,58 | CE85: 170,29 | CF85: 2 | CH85: =+IF(C85=AS85,0,1) -> 0 | CI85: =+IF(D85=AT85,0,1) -> 0 | CJ85: =+IF(E85=AU85,0,1) -> 0 | CK85: =+IF(F85=AV85,0,1) -> 0 | CL85: =+IF(G85=AW85,0,1) -> 0 | CM85: =+IF(H85=AX85,0,1) -> 0 | CN85: =+IF(I85=AY85,0,1) -> 0 | CO85: =+IF(J85=AZ85,0,1) -> 0 | ... DO85: =+IF(AJ85=BZ85,0,1) -> 0 | DP85: =+AJ85 -> 0 | DQ85: =+BZ85 -> 0 | DR85: =+IF(AK85=CA85,0,1) -> 0 | DS85: =+AK85 -> 0 | DT85: =+CA85 -> 0 | DU85: =+IF(AL85=CB85,0,1) -> 0 | DV85: =+IF(AM85=CC85,0,1) -> 0 | DW85: =+IF(AN85=CD85,0,1) -> 0 | DX85: =+IF(AO85=CE85,0,1) -> 0 | DY85: =+SUM(CH85:DO85,DR85,DU85:DX85) -> 0 | DZ85: =+COUNTBLANK(C85:AO85) -> 11 | EA85: =+COUNTBLANK(AS85:CE85) -> 11 | EB85: =+IF(AND(DZ85=EA85,DY85=0),"IGUAL CAMPOS PREENCH",IF(DZ85<=EA85,"AUX 1 COM + CAMPOS PREENC OU IGUAL","AUX 2 COM + CAMPOS PREENC")) -> IGUAL CAMPOS PREENCH | EC85: Registo duplicado (todos os campos iguais) & Sem diferenças nos dados recebidos
C86: 8D3C8A175111BA360FEA142B3AF8EF8DB2F5E44E4F2E6B55F80A7EE2964E1B1B | D86: 080000 | E86: FARO | F86: 080800 | G86: LOULE | H86: 080805 | I86: QUARTEIRA | J86: VILAMOURA | K86: 50 | L86: ZONA INDUSTRIAL | M86: ARMAZENS MOURASTOCK BLC 1- PORTA 1.4 | N86: 6I1/24 | O86: 6I1/24 | Q86: ZONA INDUSTRIAL | U86: 8125 | V86: 500 | W86: 146 | X86: 1991 | Y86: 0 | Z86: 0 | AA86: 0 | AB86: 1 | AF86: U6775 CRP 4093 | AH86: ARMAZEM | AL86: 4-MEDIA | AM86: B- | AN86: 54,5 | AO86: 193,75 | AP86: 1 | AR86: 0032175989100000 | AS86: 8D3C8A175111BA360FEA142B3AF8EF8DB2F5E44E4F2E6B55F80A7EE2964E1B1B | AT86: 080000 | AU86: FARO | AV86: 080800 | AW86: LOULE | AX86: 080805 | AY86: QUARTEIRA | AZ86: VILAMOURA | BA86: 50 | BB86: ZONA INDUSTRIAL | BC86: ARMAZENS MOURASTOCK BLC 1- PORTA 1.4 | BD86: 6I1/24 | BE86: 6I1/24 | BG86: ZONA INDUSTRIAL | BK86: 8125 | BL86: 500 | BM86: 146 | BN86: 1991 | BO86: 0 | BP86: 0 | BQ86: 0 | BR86: 1 | BV86: U6775 CRP 4093 | BX86: ARMAZEM | CB86: 4-MEDIA | CC86: B- | CD86: 54,5 | CE86: 193,75 | CF86: 2 | CH86: =+IF(C86=AS86,0,1) -> 0 | CI86: =+IF(D86=AT86,0,1) -> 0 | CJ86: =+IF(E86=AU86,0,1) -> 0 | CK86: =+IF(F86=AV86,0,1) -> 0 | CL86: =+IF(G86=AW86,0,1) -> 0 | CM86: =+IF(H86=AX86,0,1) -> 0 | CN86: =+IF(I86=AY86,0,1) -> 0 | CO86: =+IF(J86=AZ86,0,1) -> 0 | ... DO86: =+IF(AJ86=BZ86,0,1) -> 0 | DP86: =+AJ86 -> 0 | DQ86: =+BZ86 -> 0 | DR86: =+IF(AK86=CA86,0,1) -> 0 | DS86: =+AK86 -> 0 | DT86: =+CA86 -> 0 | DU86: =+IF(AL86=CB86,0,1) -> 0 | DV86: =+IF(AM86=CC86,0,1) -> 0 | DW86: =+IF(AN86=CD86,0,1) -> 0 | DX86: =+IF(AO86=CE86,0,1) -> 0 | DY86: =+SUM(CH86:DO86,DR86,DU86:DX86) -> 0 | DZ86: =+COUNTBLANK(C86:AO86) -> 11 | EA86: =+COUNTBLANK(AS86:CE86) -> 11 | EB86: =+IF(AND(DZ86=EA86,DY86=0),"IGUAL CAMPOS PREENCH",IF(DZ86<=EA86,"AUX 1 COM + CAMPOS PREENC OU IGUAL","AUX 2 COM + CAMPOS PREENC")) -> IGUAL CAMPOS PREENCH | EC86: Registo duplicado (todos os campos iguais) & Sem diferenças nos dados recebidos
B87: 0030174757300010 | C87: 9018382DD339E546C96D6FB8FA52189EC4343F6895779F8781E6B6FF3CAB1AF1 | D87: 130000 | E87: PORTO | F87: 131200 | G87: PORTO | H87: 131206 | I87: LORDELO DO OURO | J87: MASSARELOS | K87: 01 | L87: RUA | M87: PROF AUGUSTO NOBRE | N87: 336 | Q87: RUA | R87: B 1 1 | U87: 4150 | V87: 785 | W87: 149 | X87: 2021 | Y87: 1 | Z87: 1 | AA87: 0 | AB87: 0 | AF87: 3629-U | AH87: HABITACAO | AL87: 5-MEDIA BAJA | AM87: F | AN87: 63,89 | AO87: 248,59 | AP87: 1 | AS87: 9018382DD339E546C96D6FB8FA52189EC4343F6895779F8781E6B6FF3CAB1AF1 | AT87: 130000 | AU87: PORTO | AV87: 131200 | AW87: PORTO | AX87: 131206 | AY87: LORDELO DO OURO | AZ87: MASSARELOS | BA87: 01 | BB87: RUA | BC87: PROF AUGUSTO NOBRE | BD87: 336 | BG87: RUA | BH87: B 1 1 | BK87: 4150 | BL87: 785 | BM87: 149 | BN87: 2021 | BO87: 1 | BP87: 1 | BQ87: 0 | BR87: 0 | BV87: 3629-U | BX87: HABITACAO | CB87: 5-MEDIA BAJA | CC87: F | CD87: 63,89 | CE87: 248,59 | CF87: 2 | CH87: =+IF(C87=AS87,0,1) -> 0 | CI87: =+IF(D87=AT87,0,1) -> 0 | CJ87: =+IF(E87=AU87,0,1) -> 0 | CK87: =+IF(F87=AV87,0,1) -> 0 | CL87: =+IF(G87=AW87,0,1) -> 0 | CM87: =+IF(H87=AX87,0,1) -> 0 | CN87: =+IF(I87=AY87,0,1) -> 0 | CO87: =+IF(J87=AZ87,0,1) -> 0 | ... DO87: =+IF(AJ87=BZ87,0,1) -> 0 | DP87: =+AJ87 -> 0 | DQ87: =+BZ87 -> 0 | DR87: =+IF(AK87=CA87,0,1) -> 0 | DS87: =+AK87 -> 0 | DT87: =+CA87 -> 0 | DU87: =+IF(AL87=CB87,0,1) -> 0 | DV87: =+IF(AM87=CC87,0,1) -> 0 | DW87: =+IF(AN87=CD87,0,1) -> 0 | DX87: =+IF(AO87=CE87,0,1) -> 0 | DY87: =+SUM(CH87:DO87,DR87,DU87:DX87) -> 0 | DZ87: =+COUNTBLANK(C87:AO87) -> 11 | EA87: =+COUNTBLANK(AS87:CE87) -> 11 | EB87: =+IF(AND(DZ87=EA87,DY87=0),"IGUAL CAMPOS PREENCH",IF(DZ87<=EA87,"AUX 1 COM + CAMPOS PREENC OU IGUAL","AUX 2 COM + CAMPOS PREENC")) -> IGUAL CAMPOS PREENCH | EC87: Registo duplicado (todos os campos iguais) & Sem diferenças nos dados recebidos
C88: 905180983822B9D8CC5D61BEB2722ECA57F8E450B0C9AD8454E5F82216381CFA | D88: 130000 | E88: PORTO | F88: 130400 | G88: GONDOMAR | H88: 130408 | I88: RIO TINTO | J88: RIO TINTO | K88: 01 | L88: RUA | M88: CALOUSTE GULBENKIAN | N88: 21 | Q88: RUA | R88: R/C | U88: 4435 | V88: 002 | W88: 144 | Y88: 0 | Z88: 0 | AA88: 0 | AB88: 1 | AF88: 13276 | AH88: COMERCIO | AL88: 1-REAL | AM88: B- | AN88: 44,29 | AO88: 151,66 | AP88: 1 | AR88: 0032167489900010 | AS88: 905180983822B9D8CC5D61BEB2722ECA57F8E450B0C9AD8454E5F82216381CFA | AT88: 130000 | AU88: PORTO | AV88: 130400 | AW88: GONDOMAR | AX88: 130408 | AY88: RIO TINTO | AZ88: RIO TINTO | BA88: 01 | BB88: RUA | BC88: CALOUSTE GULBENKIAN | BD88: 21 | BG88: RUA | BH88: R/C | BK88: 4435 | BL88: 002 | BM88: 144 | BO88: 0 | BP88: 0 | BQ88: 0 | BR88: 1 | BV88: 13276 | BX88: COMERCIO | BZ88: D | CA88: 4-MEDIA | CB88: 1-REAL | CC88: B- | CD88: 44,29 | CE88: 151,66 | CF88: 2 | CH88: =+IF(C88=AS88,0,1) -> 0 | CI88: =+IF(D88=AT88,0,1) -> 0 | CJ88: =+IF(E88=AU88,0,1) -> 0 | CK88: =+IF(F88=AV88,0,1) -> 0 | CL88: =+IF(G88=AW88,0,1) -> 0 | CM88: =+IF(H88=AX88,0,1) -> 0 | CN88: =+IF(I88=AY88,0,1) -> 0 | CO88: =+IF(J88=AZ88,0,1) -> 0 | ... DO88: =+IF(AJ88=BZ88,0,1) -> 1 | DP88: =+AJ88 -> 0 | DQ88: =+BZ88 -> D | DR88: =+IF(AK88=CA88,0,1) -> 1 | DS88: =+AK88 -> 0 | DT88: =+CA88 -> 4-MEDIA | DU88: =+IF(AL88=CB88,0,1) -> 0 | DV88: =+IF(AM88=CC88,0,1) -> 0 | DW88: =+IF(AN88=CD88,0,1) -> 0 | DX88: =+IF(AO88=CE88,0,1) -> 0 | DY88: =+SUM(CH88:DO88,DR88,DU88:DX88) -> 2 | DZ88: =+COUNTBLANK(C88:AO88) -> 12 | EA88: =+COUNTBLANK(AS88:CE88) -> 10 | EB88: =+IF(AND(DZ88=EA88,DY88=0),"IGUAL CAMPOS PREENCH",IF(DZ88<=EA88,"AUX 1 COM + CAMPOS PREENC OU IGUAL","AUX 2 COM + CAMPOS PREENC")) -> AUX 2 COM + CAMPOS PREENC | EC88: Diferenças nos registos enviados & Sem diferenças nos dados recebidos
C89: 9456262815DE79536FAF505AA027BA3E5CCF5863A72D261616CD5991861D81F9 | D89: 310000 | E89: ILHA DA MADEIRA | F89: 310500 | G89: PONTA DO SOL | H89: 310503 | I89: PONTA DO SOL | J89: PONTA DO SOL | K89: 09 | L89: ESTRADA | M89: ESTRADA V CENTENARIO | N89: 16A | Q89: ESTRADA | R89: 1 | U89: 9360 | V89: 500 | W89: 54 | X89: 2015 | Y89: 0 | Z89: 0 | AA89: 0 | AB89: 1 | AC89: CONSERV.POMBAL | AD89: 214 | AE89: 4751 | AF89: 4137-A | AG89: A, B, C | AH89: COMERCIO | AL89: 5-MEDIA BAJA | AM89: E | AN89: 55,45 | AO89: 105,41 | AP89: 1 | AS89: 9456262815DE79536FAF505AA027BA3E5CCF5863A72D261616CD5991861D81F9 | AT89: 310000 | AU89: ILHA DA MADEIRA | AV89: 310500 | AW89: PONTA DO SOL | AX89: 310503 | AY89: PONTA DO SOL | AZ89: PONTA DO SOL | BA89: 09 | BB89: ESTRADA | BC89: ESTRADA V CENTENARIO | BD89: 16A | BG89: ESTRADA | BH89: 1 | BK89: 9360 | BL89: 500 | BM89: 54 | BN89: 2015 | BO89: 0 | BP89: 0 | BQ89: 0 | BR89: 1 | BS89: CONSERV.POMBAL | BT89: 214 | BU89: 4751 | BV89: 4137-A | BW89: A, B, C | BX89: COMERCIO | BZ89: D | CA89: 4-MEDIA | CB89: 5-MEDIA BAJA | CC89: E | CD89: 55,45 | CE89: 105,41 | CF89: 2 | CH89: =+IF(C89=AS89,0,1) -> 0 | CI89: =+IF(D89=AT89,0,1) -> 0 | CJ89: =+IF(E89=AU89,0,1) -> 0 | CK89: =+IF(F89=AV89,0,1) -> 0 | CL89: =+IF(G89=AW89,0,1) -> 0 | CM89: =+IF(H89=AX89,0,1) -> 0 | CN89: =+IF(I89=AY89,0,1) -> 0 | CO89: =+IF(J89=AZ89,0,1) -> 0 | ... DO89: =+IF(AJ89=BZ89,0,1) -> 1 | DP89: =+AJ89 -> 0 | DQ89: =+BZ89 -> D | DR89: =+IF(AK89=CA89,0,1) -> 1 | DS89: =+AK89 -> 0 | DT89: =+CA89 -> 4-MEDIA | DU89: =+IF(AL89=CB89,0,1) -> 0 | DV89: =+IF(AM89=CC89,0,1) -> 0 | DW89: =+IF(AN89=CD89,0,1) -> 0 | DX89: =+IF(AO89=CE89,0,1) -> 0 | DY89: =+SUM(CH89:DO89,DR89,DU89:DX89) -> 2 | DZ89: =+COUNTBLANK(C89:AO89) -> 7 | EA89: =+COUNTBLANK(AS89:CE89) -> 5 | EB89: =+IF(AND(DZ89=EA89,DY89=0),"IGUAL CAMPOS PREENCH",IF(DZ89<=EA89,"AUX 1 COM + CAMPOS PREENC OU IGUAL","AUX 2 COM + CAMPOS PREENC")) -> AUX 2 COM + CAMPOS PREENC | EC89: Diferenças nos registos enviados & Sem diferenças nos dados recebidos
B90: 0032176886400000 | C90: 986C34F25F19F7CE8F89A808B0AFCC0D7E88C16E173484C5BA7B314512303828 | D90: 130000 | E90: PORTO | F90: 131200 | G90: PORTO | H90: 131208 | I90: MIRAGAIA | J90: PORTO | K90: 01 | L90: RUA | M90: TOMAS GONZAGA | N90: 78 | Q90: RUA | U90: 4050 | V90: 605 | W90: 535 | X90: 1967 | Y90: 0 | Z90: 0 | AA90: 0 | AB90: 1 | AF90: 1148 | AH90: COMERCIO | AL90: 4-MEDIA | AM90: C | AN90: 41,12 | AO90: 146,22 | AP90: 1 | AS90: 986C34F25F19F7CE8F89A808B0AFCC0D7E88C16E173484C5BA7B314512303828 | AT90: 130000 | AU90: PORTO | AV90: 131200 | AW90: PORTO | AX90: 131208 | AY90: MIRAGAIA | AZ90: PORTO | BA90: 01 | BB90: RUA | BC90: TOMAS GONZAGA | BD90: 78 | BG90: RUA | BK90: 4050 | BL90: 605 | BM90: 535 | BN90: 1967 | BO90: 0 | BP90: 0 | BQ90: 0 | BR90: 1 | BV90: 1148 | BX90: COMERCIO | CB90: 4-MEDIA | CC90: C | CD90: 41,12 | CE90: 146,22 | CF90: 2 | CH90: =+IF(C90=AS90,0,1) -> 0 | CI90: =+IF(D90=AT90,0,1) -> 0 | CJ90: =+IF(E90=AU90,0,1) -> 0 | CK90: =+IF(F90=AV90,0,1) -> 0 | CL90: =+IF(G90=AW90,0,1) -> 0 | CM90: =+IF(H90=AX90,0,1) -> 0 | CN90: =+IF(I90=AY90,0,1) -> 0 | CO90: =+IF(J90=AZ90,0,1) -> 0 | ... DO90: =+IF(AJ90=BZ90,0,1) -> 0 | DP90: =+AJ90 -> 0 | DQ90: =+BZ90 -> 0 | DR90: =+IF(AK90=CA90,0,1) -> 0 | DS90: =+AK90 -> 0 | DT90: =+CA90 -> 0 | DU90: =+IF(AL90=CB90,0,1) -> 0 | DV90: =+IF(AM90=CC90,0,1) -> 0 | DW90: =+IF(AN90=CD90,0,1) -> 0 | DX90: =+IF(AO90=CE90,0,1) -> 0 | DY90: =+SUM(CH90:DO90,DR90,DU90:DX90) -> 0 | DZ90: =+COUNTBLANK(C90:AO90) -> 12 | EA90: =+COUNTBLANK(AS90:CE90) -> 12 | EB90: =+IF(AND(DZ90=EA90,DY90=0),"IGUAL CAMPOS PREENCH",IF(DZ90<=EA90,"AUX 1 COM + CAMPOS PREENC OU IGUAL","AUX 2 COM + CAMPOS PREENC")) -> IGUAL CAMPOS PREENCH | EC90: Registo duplicado (todos os campos iguais) & Sem diferenças nos dados recebidos
C91: 998EDBCD4EFD79DA4A16627265E62EC5346F29EF4B7CE783A9B779A410A4E5E5 | D91: 100000 | E91: LEIRIA | F91: 100900 | G91: LEIRIA | H91: 100912 | I91: LEIRIA | J91: AROEIRA | U91: 2425 | W91: 1480 | X91: 2000 | Y91: 0 | Z91: 0 | AA91: 0 | AB91: 1 | AF91: 000006701 - | AH91: ARMAZEM | AL91: 5-MEDIA BAJA | AM91: D | AN91: 34,48 | AO91: 123,48 | AP91: 1 | AR91: 0632161441700000 | AS91: 998EDBCD4EFD79DA4A16627265E62EC5346F29EF4B7CE783A9B779A410A4E5E5 | AT91: 100000 | AU91: LEIRIA | AV91: 100900 | AW91: LEIRIA | AX91: 100912 | AY91: LEIRIA | AZ91: AROEIRA | BK91: 2425 | BM91: 1480 | BN91: 2000 | BO91: 0 | BP91: 0 | BQ91: 0 | BR91: 1 | BV91: 000006701 - | BX91: ARMAZEM | BZ91: D | CA91: 5-MEDIA BAJA | CB91: 5-MEDIA BAJA | CC91: D | CD91: 34,48 | CE91: 123,48 | CF91: 2 | CH91: =+IF(C91=AS91,0,1) -> 0 | CI91: =+IF(D91=AT91,0,1) -> 0 | CJ91: =+IF(E91=AU91,0,1) -> 0 | CK91: =+IF(F91=AV91,0,1) -> 0 | CL91: =+IF(G91=AW91,0,1) -> 0 | CM91: =+IF(H91=AX91,0,1) -> 0 | CN91: =+IF(I91=AY91,0,1) -> 0 | CO91: =+IF(J91=AZ91,0,1) -> 0 | ... DO91: =+IF(AJ91=BZ91,0,1) -> 1 | DP91: =+AJ91 -> 0 | DQ91: =+BZ91 -> D | DR91: =+IF(AK91=CA91,0,1) -> 1 | DS91: =+AK91 -> 0 | DT91: =+CA91 -> 5-MEDIA BAJA | DU91: =+IF(AL91=CB91,0,1) -> 0 | DV91: =+IF(AM91=CC91,0,1) -> 0 | DW91: =+IF(AN91=CD91,0,1) -> 0 | DX91: =+IF(AO91=CE91,0,1) -> 0 | DY91: =+SUM(CH91:DO91,DR91,DU91:DX91) -> 2 | DZ91: =+COUNTBLANK(C91:AO91) -> 18 | EA91: =+COUNTBLANK(AS91:CE91) -> 16 | EB91: =+IF(AND(DZ91=EA91,DY91=0),"IGUAL CAMPOS PREENCH",IF(DZ91<=EA91,"AUX 1 COM + CAMPOS PREENC OU IGUAL","AUX 2 COM + CAMPOS PREENC")) -> AUX 2 COM + CAMPOS PREENC | EC91: Diferenças nos registos enviados & Sem diferenças nos dados recebidos
B92: 0632161347300000 | C92: 9A1E45754A598E1B41BF858488766399EAFD154CA68CA6F6B7A88C13C8423E3D | D92: 010000 | E92: AVEIRO | F92: 011300 | G92: OLIVEIRA DE AZEMEIS | H92: 011306 | I92: MACINHATA DE SEIXA | J92: MACINHATA DA SEIXA | U92: 3720 | W92: 734 | X92: 2017 | Y92: 0 | Z92: 0 | AA92: 0 | AB92: 0 | AF92: 000001895 - | AH92: OUTRAS | AL92: 5-MEDIA BAJA | AM92: F | AN92: 65,75 | AO92: 226,71 | AP92: 1 | AS92: 9A1E45754A598E1B41BF858488766399EAFD154CA68CA6F6B7A88C13C8423E3D | AT92: 010000 | AU92: AVEIRO | AV92: 011300 | AW92: OLIVEIRA DE AZEMEIS | AX92: 011306 | AY92: MACINHATA DE SEIXA | AZ92: MACINHATA DA SEIXA | BK92: 3720 | BM92: 734 | BN92: 2017 | BO92: 0 | BP92: 0 | BQ92: 0 | BR92: 0 | BV92: 000001895 - | BX92: OUTRAS | CB92: 5-MEDIA BAJA | CC92: F | CD92: 65,75 | CE92: 226,71 | CF92: 2 | CH92: =+IF(C92=AS92,0,1) -> 0 | CI92: =+IF(D92=AT92,0,1) -> 0 | CJ92: =+IF(E92=AU92,0,1) -> 0 | CK92: =+IF(F92=AV92,0,1) -> 0 | CL92: =+IF(G92=AW92,0,1) -> 0 | CM92: =+IF(H92=AX92,0,1) -> 0 | CN92: =+IF(I92=AY92,0,1) -> 0 | CO92: =+IF(J92=AZ92,0,1) -> 0 | ... DO92: =+IF(AJ92=BZ92,0,1) -> 0 | DP92: =+AJ92 -> 0 | DQ92: =+BZ92 -> 0 | DR92: =+IF(AK92=CA92,0,1) -> 0 | DS92: =+AK92 -> 0 | DT92: =+CA92 -> 0 | DU92: =+IF(AL92=CB92,0,1) -> 0 | DV92: =+IF(AM92=CC92,0,1) -> 0 | DW92: =+IF(AN92=CD92,0,1) -> 0 | DX92: =+IF(AO92=CE92,0,1) -> 0 | DY92: =+SUM(CH92:DO92,DR92,DU92:DX92) -> 0 | DZ92: =+COUNTBLANK(C92:AO92) -> 18 | EA92: =+COUNTBLANK(AS92:CE92) -> 18 | EB92: =+IF(AND(DZ92=EA92,DY92=0),"IGUAL CAMPOS PREENCH",IF(DZ92<=EA92,"AUX 1 COM + CAMPOS PREENC OU IGUAL","AUX 2 COM + CAMPOS PREENC")) -> IGUAL CAMPOS PREENCH | EC92: Registo duplicado (todos os campos iguais) & Sem diferenças nos dados recebidos
B93: 0032172334100000 | C93: 9B9E98C733861897C85278B074B4D9DB061E1854753EC792ADF0C061DEBB2BD5 | D93: 130000 | E93: PORTO | F93: 130800 | G93: MATOSINHOS | H93: 130807 | I93: PERAFITA | J93: PERAFITA | K93: 01 | L93: RUA | M93: GONCALVES ZARCO | N93: A | O93: A | Q93: RUA | U93: 4455 | V93: 586 | W93: 1386 | Y93: 0 | Z93: 0 | AA93: 0 | AB93: 1 | AF93: 183 CRP 2339 | AH93: ESCRITORIO | AL93: 5-MEDIA BAJA | AM93: D | AN93: 34,62 | AO93: 124,22 | AP93: 1 | AS93: 9B9E98C733861897C85278B074B4D9DB061E1854753EC792ADF0C061DEBB2BD5 | AT93: 130000 | AU93: PORTO | AV93: 130800 | AW93: MATOSINHOS | AX93: 130807 | AY93: PERAFITA | AZ93: PERAFITA | BA93: 01 | BB93: RUA | BC93: GONCALVES ZARCO | BD93: A | BE93: A | BG93: RUA | BK93: 4455 | BL93: 586 | BM93: 1386 | BO93: 0 | BP93: 0 | BQ93: 0 | BR93: 1 | BV93: 183 CRP 2339 | BX93: ESCRITORIO | CB93: 5-MEDIA BAJA | CC93: D | CD93: 34,62 | CE93: 124,22 | CF93: 2 | CH93: =+IF(C93=AS93,0,1) -> 0 | CI93: =+IF(D93=AT93,0,1) -> 0 | CJ93: =+IF(E93=AU93,0,1) -> 0 | CK93: =+IF(F93=AV93,0,1) -> 0 | CL93: =+IF(G93=AW93,0,1) -> 0 | CM93: =+IF(H93=AX93,0,1) -> 0 | CN93: =+IF(I93=AY93,0,1) -> 0 | CO93: =+IF(J93=AZ93,0,1) -> 0 | ... DO93: =+IF(AJ93=BZ93,0,1) -> 0 | DP93: =+AJ93 -> 0 | DQ93: =+BZ93 -> 0 | DR93: =+IF(AK93=CA93,0,1) -> 0 | DS93: =+AK93 -> 0 | DT93: =+CA93 -> 0 | DU93: =+IF(AL93=CB93,0,1) -> 0 | DV93: =+IF(AM93=CC93,0,1) -> 0 | DW93: =+IF(AN93=CD93,0,1) -> 0 | DX93: =+IF(AO93=CE93,0,1) -> 0 | DY93: =+SUM(CH93:DO93,DR93,DU93:DX93) -> 0 | DZ93: =+COUNTBLANK(C93:AO93) -> 12 | EA93: =+COUNTBLANK(AS93:CE93) -> 12 | EB93: =+IF(AND(DZ93=EA93,DY93=0),"IGUAL CAMPOS PREENCH",IF(DZ93<=EA93,"AUX 1 COM + CAMPOS PREENC OU IGUAL","AUX 2 COM + CAMPOS PREENC")) -> IGUAL CAMPOS PREENCH | EC93: Registo duplicado (todos os campos iguais) & Sem diferenças nos dados recebidos
B94: 0032176190100010 | C94: 9BB9EBCB99ED13EEC819423F719CCB759FE045BDB9554A52BC90EAEF380A2540 | D94: 130000 | E94: PORTO | F94: 131200 | G94: PORTO | H94: 131211 | I94: RAMALDE | J94: RAMALDE-PORTO | K94: 01 | L94: RUA | M94: SENHORA DO PORTO, N.º 852, 2º DTO. | N94: 852 | Q94: RUA | R94: 2º DTO | U94: 4250 | V94: 454 | W94: 117 | X94: 2012 | Y94: 1 | Z94: 1 | AA94: 0 | AB94: 0 | AF94: U6290 | AH94: HABITACAO | AL94: 1-REAL | AM94: C | AN94: 23,35 | AO94: 90,85 | AP94: 1 | AS94: 9BB9EBCB99ED13EEC819423F719CCB759FE045BDB9554A52BC90EAEF380A2540 | AT94: 130000 | AU94: PORTO | AV94: 131200 | AW94: PORTO | AX94: 131211 | AY94: RAMALDE | AZ94: RAMALDE-PORTO | BA94: 01 | BB94: RUA | BC94: SENHORA DO PORTO, N.º 852, 2º DTO. | BD94: 852 | BG94: RUA | BH94: 2º DTO | BK94: 4250 | BL94: 454 | BM94: 117 | BN94: 2012 | BO94: 1 | BP94: 1 | BQ94: 0 | BR94: 0 | BV94: U6290 | BX94: HABITACAO | CB94: 1-REAL | CC94: C | CD94: 23,35 | CE94: 90,85 | CF94: 2 | CH94: =+IF(C94=AS94,0,1) -> 0 | CI94: =+IF(D94=AT94,0,1) -> 0 | CJ94: =+IF(E94=AU94,0,1) -> 0 | CK94: =+IF(F94=AV94,0,1) -> 0 | CL94: =+IF(G94=AW94,0,1) -> 0 | CM94: =+IF(H94=AX94,0,1) -> 0 | CN94: =+IF(I94=AY94,0,1) -> 0 | CO94: =+IF(J94=AZ94,0,1) -> 0 | ... DO94: =+IF(AJ94=BZ94,0,1) -> 0 | DP94: =+AJ94 -> 0 | DQ94: =+BZ94 -> 0 | DR94: =+IF(AK94=CA94,0,1) -> 0 | DS94: =+AK94 -> 0 | DT94: =+CA94 -> 0 | DU94: =+IF(AL94=CB94,0,1) -> 0 | DV94: =+IF(AM94=CC94,0,1) -> 0 | DW94: =+IF(AN94=CD94,0,1) -> 0 | DX94: =+IF(AO94=CE94,0,1) -> 0 | DY94: =+SUM(CH94:DO94,DR94,DU94:DX94) -> 0 | DZ94: =+COUNTBLANK(C94:AO94) -> 11 | EA94: =+COUNTBLANK(AS94:CE94) -> 11 | EB94: =+IF(AND(DZ94=EA94,DY94=0),"IGUAL CAMPOS PREENCH",IF(DZ94<=EA94,"AUX 1 COM + CAMPOS PREENC OU IGUAL","AUX 2 COM + CAMPOS PREENC")) -> IGUAL CAMPOS PREENCH | EC94: Registo duplicado (todos os campos iguais) & Sem diferenças nos dados recebidos
B95: 0032178010600000 | C95: 9F3C4771622C48792473B36A77FD8F2933B77EE6860195C6F4219B458D73E7A7 | D95: 310000 | E95: ILHA DA MADEIRA | F95: 310300 | G95: FUNCHAL | H95: 310304 | I95: FUNCHAL (SANTA MARIA MAIOR) | J95: FUNCHAL | K95: 05 | L95: LARGO | M95: CORPO SANTO | N95: 32 34 | Q95: LARGO | U95: 9060 | V95: 073 | W95: 87 | Y95: 0 | Z95: 0 | AA95: 0 | AB95: 1 | AH95: COMERCIO | AL95: 4-MEDIA | AM95: C | AN95: 50,28 | AO95: 98,02 | AP95: 1 | AS95: 9F3C4771622C48792473B36A77FD8F2933B77EE6860195C6F4219B458D73E7A7 | AT95: 310000 | AU95: ILHA DA MADEIRA | AV95: 310300 | AW95: FUNCHAL | AX95: 310304 | AY95: FUNCHAL (SANTA MARIA MAIOR) | AZ95: FUNCHAL | BA95: 05 | BB95: LARGO | BC95: CORPO SANTO | BD95: 32 34 | BG95: LARGO | BK95: 9060 | BL95: 073 | BM95: 87 | BO95: 0 | BP95: 0 | BQ95: 0 | BR95: 1 | BX95: COMERCIO | CB95: 4-MEDIA | CC95: C | CD95: 50,28 | CE95: 98,02 | CF95: 2 | CH95: =+IF(C95=AS95,0,1) -> 0 | CI95: =+IF(D95=AT95,0,1) -> 0 | CJ95: =+IF(E95=AU95,0,1) -> 0 | CK95: =+IF(F95=AV95,0,1) -> 0 | CL95: =+IF(G95=AW95,0,1) -> 0 | CM95: =+IF(H95=AX95,0,1) -> 0 | CN95: =+IF(I95=AY95,0,1) -> 0 | CO95: =+IF(J95=AZ95,0,1) -> 0 | ... DO95: =+IF(AJ95=BZ95,0,1) -> 0 | DP95: =+AJ95 -> 0 | DQ95: =+BZ95 -> 0 | DR95: =+IF(AK95=CA95,0,1) -> 0 | DS95: =+AK95 -> 0 | DT95: =+CA95 -> 0 | DU95: =+IF(AL95=CB95,0,1) -> 0 | DV95: =+IF(AM95=CC95,0,1) -> 0 | DW95: =+IF(AN95=CD95,0,1) -> 0 | DX95: =+IF(AO95=CE95,0,1) -> 0 | DY95: =+SUM(CH95:DO95,DR95,DU95:DX95) -> 0 | DZ95: =+COUNTBLANK(C95:AO95) -> 14 | EA95: =+COUNTBLANK(AS95:CE95) -> 14 | EB95: =+IF(AND(DZ95=EA95,DY95=0),"IGUAL CAMPOS PREENCH",IF(DZ95<=EA95,"AUX 1 COM + CAMPOS PREENC OU IGUAL","AUX 2 COM + CAMPOS PREENC")) -> IGUAL CAMPOS PREENCH | EC95: Registo duplicado (todos os campos iguais) & Sem diferenças nos dados recebidos
B96: 0030157440800000 | C96: 9F7F5AA7D1D785CA5868C3837AD791C692D2CF1B4A8CECC1329086C95580BF7D | D96: 170000 | E96: VILA REAL | F96: 170300 | G96: CHAVES | H96: 170342 | I96: VIDAGO | J96: VIDAGO | K96: 16 | L96: LUGAR | M96: CORTINHAS | N96: . | Q96: LUGAR | U96: 5425 | V96: 301 | W96: 170 | X96: 1989 | Y96: 1 | Z96: 0 | AA96: 1 | AB96: 0 | AF96: 1420 URB+2706 RUST | AH96: HABITACAO | AJ96: A | AK96: 4-MEDIA | AL96: 4-MEDIA | AM96: A | AN96: 7,53 | AO96: 27,39 | AP96: 1 | AS96: 9F7F5AA7D1D785CA5868C3837AD791C692D2CF1B4A8CECC1329086C95580BF7D | AT96: 170000 | AU96: VILA REAL | AV96: 170300 | AW96: CHAVES | AX96: 170342 | AY96: VIDAGO | AZ96: VIDAGO | BA96: 16 | BB96: LUGAR | BC96: CORTINHAS | BD96: . | BG96: LUGAR | BK96: 5425 | BL96: 301 | BM96: 170 | BN96: 1989 | BO96: 1 | BP96: 0 | BQ96: 1 | BR96: 0 | BV96: 1420 URB+2706 RUST | BX96: HABITACAO | CB96: 4-MEDIA | CC96: A | CD96: 7,53 | CE96: 27,39 | CF96: 2 | CH96: =+IF(C96=AS96,0,1) -> 0 | CI96: =+IF(D96=AT96,0,1) -> 0 | CJ96: =+IF(E96=AU96,0,1) -> 0 | CK96: =+IF(F96=AV96,0,1) -> 0 | CL96: =+IF(G96=AW96,0,1) -> 0 | CM96: =+IF(H96=AX96,0,1) -> 0 | CN96: =+IF(I96=AY96,0,1) -> 0 | CO96: =+IF(J96=AZ96,0,1) -> 0 | ... DO96: =+IF(AJ96=BZ96,0,1) -> 1 | DP96: =+AJ96 -> A | DQ96: =+BZ96 -> 0 | DR96: =+IF(AK96=CA96,0,1) -> 1 | DS96: =+AK96 -> 4-MEDIA | DT96: =+CA96 -> 0 | DU96: =+IF(AL96=CB96,0,1) -> 0 | DV96: =+IF(AM96=CC96,0,1) -> 0 | DW96: =+IF(AN96=CD96,0,1) -> 0 | DX96: =+IF(AO96=CE96,0,1) -> 0 | DY96: =+SUM(CH96:DO96,DR96,DU96:DX96) -> 2 | DZ96: =+COUNTBLANK(C96:AO96) -> 10 | EA96: =+COUNTBLANK(AS96:CE96) -> 12 | EB96: =+IF(AND(DZ96=EA96,DY96=0),"IGUAL CAMPOS PREENCH",IF(DZ96<=EA96,"AUX 1 COM + CAMPOS PREENC OU IGUAL","AUX 2 COM + CAMPOS PREENC")) -> AUX 1 COM + CAMPOS PREENC OU IGUAL | EC96: Diferenças nos registos enviados & Sem diferenças nos dados recebidos
B97: 0032177805900000 | C97: A281BC792CAA5EFF31D97B74DE2399641EDC157A5B0AAA751155D72FF41E35B6 | D97: 180000 | E97: VISEU | F97: 181800 | G97: SERNANCELHE | H97: 181816 | I97: SERNANCELHE | J97: SERNANCELHE | K97: 19 | L97: LOTEAMENTO | M97: DO PINHEIRO | N97: 2 | O97: 2 | Q97: LOTEAMENTO | U97: 3640 | V97: 999 | W97: 664 | X97: 2001 | Y97: 0 | Z97: 0 | AA97: 0 | AB97: 1 | AF97: 1292 CRP 805 | AH97: INDUSTRIA | AL97: 5-MEDIA BAJA | AM97: F | AN97: 69,12 | AO97: 247,86 | AP97: 1 | AS97: A281BC792CAA5EFF31D97B74DE2399641EDC157A5B0AAA751155D72FF41E35B6 | AT97: 180000 | AU97: VISEU | AV97: 181800 | AW97: SERNANCELHE | AX97: 181816 | AY97: SERNANCELHE | AZ97: SERNANCELHE | BA97: 19 | BB97: LOTEAMENTO | BC97: DO PINHEIRO | BD97: 2 | BE97: 2 | BG97: LOTEAMENTO | BK97: 3640 | BL97: 999 | BM97: 664 | BN97: 2001 | BO97: 0 | BP97: 0 | BQ97: 0 | BR97: 1 | BV97: 1292 CRP 805 | BX97: INDUSTRIA | CB97: 5-MEDIA BAJA | CC97: F | CD97: 69,12 | CE97: 247,86 | CF97: 2 | CH97: =+IF(C97=AS97,0,1) -> 0 | CI97: =+IF(D97=AT97,0,1) -> 0 | CJ97: =+IF(E97=AU97,0,1) -> 0 | CK97: =+IF(F97=AV97,0,1) -> 0 | CL97: =+IF(G97=AW97,0,1) -> 0 | CM97: =+IF(H97=AX97,0,1) -> 0 | CN97: =+IF(I97=AY97,0,1) -> 0 | CO97: =+IF(J97=AZ97,0,1) -> 0 | ... DO97: =+IF(AJ97=BZ97,0,1) -> 0 | DP97: =+AJ97 -> 0 | DQ97: =+BZ97 -> 0 | DR97: =+IF(AK97=CA97,0,1) -> 0 | DS97: =+AK97 -> 0 | DT97: =+CA97 -> 0 | DU97: =+IF(AL97=CB97,0,1) -> 0 | DV97: =+IF(AM97=CC97,0,1) -> 0 | DW97: =+IF(AN97=CD97,0,1) -> 0 | DX97: =+IF(AO97=CE97,0,1) -> 0 | DY97: =+SUM(CH97:DO97,DR97,DU97:DX97) -> 0 | DZ97: =+COUNTBLANK(C97:AO97) -> 11 | EA97: =+COUNTBLANK(AS97:CE97) -> 11 | EB97: =+IF(AND(DZ97=EA97,DY97=0),"IGUAL CAMPOS PREENCH",IF(DZ97<=EA97,"AUX 1 COM + CAMPOS PREENC OU IGUAL","AUX 2 COM + CAMPOS PREENC")) -> IGUAL CAMPOS PREENCH | EC97: Registo duplicado (todos os campos iguais) & Sem diferenças nos dados recebidos
B98: 0832152039200000 | C98: A3446FDDF81BE9B3247740C859D1EE4D7C07D26475327255549698322EF00A79 | D98: 420000 | E98: ILHA DE SAO MIGUEL-AÇORES | F98: 420500 | G98: RIBEIRA GRANDE | H98: 420508 | I98: RABO DE PEIXE | J98: CANADA DO BACHAREL | K98: 01 | L98: RUA | M98: CANADA DO BACAHREL | N98: 000000 | Q98: RUA | R98: 0001014 | U98: 9600 | V98: 082 | W98: 2420 | X98: 1989 | Y98: 0 | Z98: 0 | AA98: 0 | AB98: 0 | AF98: 7/T | AH98: OUTRAS | AJ98: D | AK98: 5-MEDIA BAJA | AL98: 5-MEDIA BAJA | AM98: D | AN98: 32,97 | AO98: 64,54 | AP98: 1 | AS98: A3446FDDF81BE9B3247740C859D1EE4D7C07D26475327255549698322EF00A79 | AT98: 420000 | AU98: ILHA DE SAO MIGUEL-AÇORES | AV98: 420500 | AW98: RIBEIRA GRANDE | AX98: 420508 | AY98: RABO DE PEIXE | AZ98: CANADA DO BACHAREL | BA98: 01 | BB98: RUA | BC98: CANADA DO BACAHREL | BD98: 000000 | BG98: RUA | BH98: 0001014 | BK98: 9600 | BL98: 082 | BM98: 2420 | BN98: 1989 | BO98: 0 | BP98: 0 | BQ98: 0 | BR98: 0 | BV98: 7/T | BX98: OUTRAS | CB98: 5-MEDIA BAJA | CC98: D | CD98: 32,97 | CE98: 64,54 | CF98: 2 | CH98: =+IF(C98=AS98,0,1) -> 0 | CI98: =+IF(D98=AT98,0,1) -> 0 | CJ98: =+IF(E98=AU98,0,1) -> 0 | CK98: =+IF(F98=AV98,0,1) -> 0 | CL98: =+IF(G98=AW98,0,1) -> 0 | CM98: =+IF(H98=AX98,0,1) -> 0 | CN98: =+IF(I98=AY98,0,1) -> 0 | CO98: =+IF(J98=AZ98,0,1) -> 0 | ... DO98: =+IF(AJ98=BZ98,0,1) -> 1 | DP98: =+AJ98 -> D | DQ98: =+BZ98 -> 0 | DR98: =+IF(AK98=CA98,0,1) -> 1 | DS98: =+AK98 -> 5-MEDIA BAJA | DT98: =+CA98 -> 0 | DU98: =+IF(AL98=CB98,0,1) -> 0 | DV98: =+IF(AM98=CC98,0,1) -> 0 | DW98: =+IF(AN98=CD98,0,1) -> 0 | DX98: =+IF(AO98=CE98,0,1) -> 0 | DY98: =+SUM(CH98:DO98,DR98,DU98:DX98) -> 2 | DZ98: =+COUNTBLANK(C98:AO98) -> 9 | EA98: =+COUNTBLANK(AS98:CE98) -> 11 | EB98: =+IF(AND(DZ98=EA98,DY98=0),"IGUAL CAMPOS PREENCH",IF(DZ98<=EA98,"AUX 1 COM + CAMPOS PREENC OU IGUAL","AUX 2 COM + CAMPOS PREENC")) -> AUX 1 COM + CAMPOS PREENC OU IGUAL | EC98: Diferenças nos registos enviados & Sem diferenças nos dados recebidos
C99: A357883D729C432D922CDB7572FA0622374430051614621355FC475CB018E905 | D99: 030000 | E99: BRAGA | F99: 030300 | G99: BRAGA | H99: 030317 | I99: FROSSOS | J99: FROSSOS | K99: 16 | L99: LUGAR | M99: DA SEARA OU FEITAL | N99: 37 | O99: 37 | Q99: LUGAR | U99: 4700 | V99: 154 | W99: 860 | X99: 1997 | Y99: 0 | Z99: 0 | AA99: 0 | AB99: 1 | AH99: COMERCIO | AL99: 5-MEDIA BAJA | AM99: C | AN99: 31,07 | AO99: 111,29 | AP99: 1 | AR99: 0032176400500000 | AS99: A357883D729C432D922CDB7572FA0622374430051614621355FC475CB018E905 | AT99: 030000 | AU99: BRAGA | AV99: 030300 | AW99: BRAGA | AX99: 030317 | AY99: FROSSOS | AZ99: FROSSOS | BA99: 16 | BB99: LUGAR | BC99: DA SEARA OU FEITAL | BD99: 37 | BE99: 37 | BG99: LUGAR | BK99: 4700 | BL99: 154 | BM99: 860 | BN99: 1997 | BO99: 0 | BP99: 0 | BQ99: 0 | BR99: 1 | BX99: COMERCIO | CB99: 5-MEDIA BAJA | CC99: C | CD99: 31,07 | CE99: 111,29 | CF99: 2 | CH99: =+IF(C99=AS99,0,1) -> 0 | CI99: =+IF(D99=AT99,0,1) -> 0 | CJ99: =+IF(E99=AU99,0,1) -> 0 | CK99: =+IF(F99=AV99,0,1) -> 0 | CL99: =+IF(G99=AW99,0,1) -> 0 | CM99: =+IF(H99=AX99,0,1) -> 0 | CN99: =+IF(I99=AY99,0,1) -> 0 | CO99: =+IF(J99=AZ99,0,1) -> 0 | ... DO99: =+IF(AJ99=BZ99,0,1) -> 0 | DP99: =+AJ99 -> 0 | DQ99: =+BZ99 -> 0 | DR99: =+IF(AK99=CA99,0,1) -> 0 | DS99: =+AK99 -> 0 | DT99: =+CA99 -> 0 | DU99: =+IF(AL99=CB99,0,1) -> 0 | DV99: =+IF(AM99=CC99,0,1) -> 0 | DW99: =+IF(AN99=CD99,0,1) -> 0 | DX99: =+IF(AO99=CE99,0,1) -> 0 | DY99: =+SUM(CH99:DO99,DR99,DU99:DX99) -> 0 | DZ99: =+COUNTBLANK(C99:AO99) -> 12 | EA99: =+COUNTBLANK(AS99:CE99) -> 12 | EB99: =+IF(AND(DZ99=EA99,DY99=0),"IGUAL CAMPOS PREENCH",IF(DZ99<=EA99,"AUX 1 COM + CAMPOS PREENC OU IGUAL","AUX 2 COM + CAMPOS PREENC")) -> IGUAL CAMPOS PREENCH | EC99: Registo duplicado (todos os campos iguais) & Sem diferenças nos dados recebidos
B100: 0032164817000000 | C100: A49681117544CF9B445143FF76D5F8B932931917FEF333CB93DB4F2820A46D67 | D100: 110000 | E100: LISBOA | F100: 110100 | G100: ALENQUER | H100: 110112 | I100: ALENQUER (TRIANA) | J100: ALENQUER | K100: 16 | L100: LUGAR | M100: DO CABECO DAS ALMAS | N100: - | O100: - | Q100: LUGAR | U100: 2580 | V100: 021 | W100: 15642 | Y100: 0 | Z100: 0 | AA100: 0 | AB100: 1 | AF100: 5916CRP923 | AH100: COMERCIO | AL100: 4-MEDIA | AM100: C | AN100: 46,77 | AO100: 165,15 | AP100: 1 | AS100: A49681117544CF9B445143FF76D5F8B932931917FEF333CB93DB4F2820A46D67 | AT100: 110000 | AU100: LISBOA | AV100: 110100 | AW100: ALENQUER | AX100: 110112 | AY100: ALENQUER (TRIANA) | AZ100: ALENQUER | BA100: 16 | BB100: LUGAR | BC100: DO CABECO DAS ALMAS | BD100: - | BE100: - | BG100: LUGAR | BK100: 2580 | BL100: 021 | BM100: 15642 | BO100: 0 | BP100: 0 | BQ100: 0 | BR100: 1 | BV100: 5916CRP923 | BX100: COMERCIO | CB100: 4-MEDIA | CC100: C | CD100: 46,77 | CE100: 165,15 | CF100: 2 | CH100: =+IF(C100=AS100,0,1) -> 0 | CI100: =+IF(D100=AT100,0,1) -> 0 | CJ100: =+IF(E100=AU100,0,1) -> 0 | CK100: =+IF(F100=AV100,0,1) -> 0 | CL100: =+IF(G100=AW100,0,1) -> 0 | CM100: =+IF(H100=AX100,0,1) -> 0 | CN100: =+IF(I100=AY100,0,1) -> 0 | CO100: =+IF(J100=AZ100,0,1) -> 0 | ... DO100: =+IF(AJ100=BZ100,0,1) -> 0 | DP100: =+AJ100 -> 0 | DQ100: =+BZ100 -> 0 | DR100: =+IF(AK100=CA100,0,1) -> 0 | DS100: =+AK100 -> 0 | DT100: =+CA100 -> 0 | DU100: =+IF(AL100=CB100,0,1) -> 0 | DV100: =+IF(AM100=CC100,0,1) -> 0 | DW100: =+IF(AN100=CD100,0,1) -> 0 | DX100: =+IF(AO100=CE100,0,1) -> 0 | DY100: =+SUM(CH100:DO100,DR100,DU100:DX100) -> 0 | DZ100: =+COUNTBLANK(C100:AO100) -> 12 | EA100: =+COUNTBLANK(AS100:CE100) -> 12 | EB100: =+IF(AND(DZ100=EA100,DY100=0),"IGUAL CAMPOS PREENCH",IF(DZ100<=EA100,"AUX 1 COM + CAMPOS PREENC OU IGUAL","AUX 2 COM + CAMPOS PREENC")) -> IGUAL CAMPOS PREENCH | EC100: Registo duplicado (todos os campos iguais) & Sem diferenças nos dados recebidos
B101: 0032173617900000 | C101: A5B07B6CFC8F8F916A30042EC8AB9BA4A62F82B63B8324C56374825F640F50E7 | D101: 060000 | E101: COIMBRA | F101: 060300 | G101: COIMBRA | H101: 060325 | I101: COIMBRA (SE NOVA) | J101: COIMBRA | K101: 01 | L101: RUA | M101: GENERAL HUMBERTO DELGADO | N101: 395 | Q101: RUA | U101: 3030 | V101: 327 | W101: 90 | Y101: 1 | Z101: 0 | AA101: 0 | AB101: 0 | AF101: 4117 | AH101: HABITACAO | AL101: 2-MUY ALTA | AM101: D | AN101: 37,39 | AO101: 133,52 | AP101: 1 | AS101: A5B07B6CFC8F8F916A30042EC8AB9BA4A62F82B63B8324C56374825F640F50E7 | AT101: 060000 | AU101: COIMBRA | AV101: 060300 | AW101: COIMBRA | AX101: 060325 | AY101: COIMBRA (SE NOVA) | AZ101: COIMBRA | BA101: 01 | BB101: RUA | BC101: GENERAL HUMBERTO DELGADO | BD101: 395 | BG101: RUA | BK101: 3030 | BL101: 327 | BM101: 90 | BO101: 1 | BP101: 0 | BQ101: 0 | BR101: 0 | BV101: 4117 | BX101: HABITACAO | CB101: 2-MUY ALTA | CC101: D | CD101: 37,39 | CE101: 133,52 | CF101: 2 | CH101: =+IF(C101=AS101,0,1) -> 0 | CI101: =+IF(D101=AT101,0,1) -> 0 | CJ101: =+IF(E101=AU101,0,1) -> 0 | CK101: =+IF(F101=AV101,0,1) -> 0 | CL101: =+IF(G101=AW101,0,1) -> 0 | CM101: =+IF(H101=AX101,0,1) -> 0 | CN101: =+IF(I101=AY101,0,1) -> 0 | CO101: =+IF(J101=AZ101,0,1) -> 0 | ... DO101: =+IF(AJ101=BZ101,0,1) -> 0 | DP101: =+AJ101 -> 0 | DQ101: =+BZ101 -> 0 | DR101: =+IF(AK101=CA101,0,1) -> 0 | DS101: =+AK101 -> 0 | DT101: =+CA101 -> 0 | DU101: =+IF(AL101=CB101,0,1) -> 0 | DV101: =+IF(AM101=CC101,0,1) -> 0 | DW101: =+IF(AN101=CD101,0,1) -> 0 | DX101: =+IF(AO101=CE101,0,1) -> 0 | DY101: =+SUM(CH101:DO101,DR101,DU101:DX101) -> 0 | DZ101: =+COUNTBLANK(C101:AO101) -> 13 | EA101: =+COUNTBLANK(AS101:CE101) -> 13 | EB101: =+IF(AND(DZ101=EA101,DY101=0),"IGUAL CAMPOS PREENCH",IF(DZ101<=EA101,"AUX 1 COM + CAMPOS PREENC OU IGUAL","AUX 2 COM + CAMPOS PREENC")) -> IGUAL CAMPOS PREENCH | EC101: Registo duplicado (todos os campos iguais) & Sem diferenças nos dados recebidos
...

Sheet 1A_Aux3
B2: CHAVE_GLOVAL | C2: MIN_DT_ENVIO | D2: MAX_DT_ENVIO
B3: 6D1822394503C9E40D95CEC8A07BBE3D27336536DBF481996078BF7D76C2ED97 | C3: 2022-12-31 | D3: 2023-06-30
B4: 77B4F2F997C0E92F11ED5AA72A4936011A78F46271E81E51D293D5C1F81F85C7 | C4: 2023-06-30 | D4: 2023-12-31
B5: D6A9D3FD657EF7C6B04E883DE488DF9E90949C9D3B566BA8234BBF177608CC1F | C5: 2023-06-30 | D5: 2023-12-31
B6: 09E84B7B40A0C77FEEA20A1D3815DED0AF0D2EF75CCB11A8246DAE44823241E7 | C6: 2022-12-31 | D6: 2023-06-30
B7: 1DDD16760558B98F387355407B3BA817E9D3702AA1AC21023D2805F3E82A5050 | C7: 2022-12-31 | D7: 2023-06-30
B8: ADADD0322A896458AB074356AF730E47C7C232C7D2ED491724CF95A13B7BFE50 | C8: 2022-12-31 | D8: 2023-06-30
B9: AE39840DDCFA3108E94C029D7CB56E60ECDA77911AF7E7776CC7DA22B273BFDD | C9: 2022-12-31 | D9: 2023-06-30
B10: 72FB33E663B1AB0CB122919A890BE0B22889AFDAC92C446BB4381F3A88C629BA | C10: 2022-12-31 | D10: 2023-06-30
B11: 714EB29312323580BC3DB53188237BD561947B2248FDDF13E15DE91B4ED55759 | C11: 2022-12-31 | D11: 2023-06-30
B12: 59732573DE1C28208CEE5710BCBF81E9E5BD1AF67765B3981F0EAD348CFBBC8F | C12: 2022-12-31 | D12: 2023-06-30
B13: 34670FB0318EAF9345603CF2910396D68172CAEAAC0D1862C5BB07924A239B54 | C13: 2022-12-31 | D13: 2023-06-30
... B110: 9C2015240D41ADB56F3BB5D9C0A39D198936FEF11125C85B60D997E0C6362E51 | C110: 2023-06-30 | D110: 2023-12-31

Sheet 2A_Aux1
B2: VERIF | C2: CHAVE_GLOVAL | D2: CHAVE_GLOVAL_ENVIADA
B3: EXCL FICHEIRO | C3: E753EAD1C6FE3E34B696F31B3BA5E9982AD519FF2ACB77C134D146AE9AD1AD19 | D3: NULL
B4: EXCL FICHEIRO | C4: D96E1F2DADF9FB56F3EB80B4A88C5FECBA91BBDB6405B6985FC52326E2C70A3C | D4: NULL
B5: EXCL FICHEIRO | C5: 0995518A03BDD44BB7C7BF0E92E1D020149825B0FB07961855445D58B386D5E2 | D5: NULL
B6: EXCL FICHEIRO | C6: 02D0D72D56A62860C5273335380EB9CAFBD8ACBA04E022F66F166FFC85288CEF | D6: NULL
B7: EXCL FICHEIRO | C7: 8CA2F7A1F19091EB5E536E0567CB12E5D4F40801D5151917099D70D685F94363 | D7: NULL
B8: EXCL FICHEIRO | C8: 3EB953BB7607341947EDE2F996A7EC18342981971041875ACB9DD8E3F4AB9A14 | D8: NULL
B9: EXCL FICHEIRO | C9: E1B693639C387FF1763C436196D8A52724CBBE7AB047C3172CD2FD3E363E2BE3 | D9: NULL
B10: EXCL FICHEIRO | C10: 6F4F7A04F720D019509CA30DCD74934F4053E6D2A0D85428C8C164B39E6B799F | D10: NULL
B11: EXCL FICHEIRO | C11: E8253852903AFBA2B76D819AFFD8864D04898D0CD9E13E589509ADF6FDDC378D | D11: NULL
B12: EXCL FICHEIRO | C12: 2DCA40410599EDE6774FB94222129186544EF8D30BF223ABE5FA5E02CCCCEB19 | D12: NULL
B13: EXCL FICHEIRO | C13: 3F71DD192344DAAD2544BFDC5E68558F91369B9A3332410D91A8DE681405D7C7 | D13: NULL
... B1077: EXCL FICHEIRO | C1077: 959053B0690EC59784C8D428C86E027DD09C70007EB11549C7CC020FA4A6F722 | D1077: NULL

Sheet 2B_Aux1
B2: CHAVE_BANCO_ATUAL | C2: CHAVE_GLOVAL_ENVIADA | D2: MIN_DT_ENVIO | E2: MAX_DT_ENVIO | F2: AUX_VER_FICHEIRO
B3: 8949 | C3: BA4EFF0F8F27D7146B93BEDA14F7FE46B96AB3AE26BC80A07EDF5FFF4DB577A0 | D3: 2023-06-30 | E3: 2023-12-31 | F3: =+IF(VLOOKUP(C3,'1A_Aux3'!B:B,1,FALSE)=C3,"Verificado na análise dos ficheiros","Não verificado na análise dos ficheiros") -> Verificado na análise dos ficheiros
B4: 27035 | C4: 77B4F2F997C0E92F11ED5AA72A4936011A78F46271E81E51D293D5C1F81F85C7 | D4: 2023-06-30 | E4: 2023-12-31 | F4: =+IF(VLOOKUP(C4,'1A_Aux3'!B:B,1,FALSE)=C4,"Verificado na análise dos ficheiros","Não verificado na análise dos ficheiros") -> Verificado na análise dos ficheiros
B5: 27029 | C5: F5B97ADFF4789217D595303A84DD82D445EDE6FFB010018610F9E9A72B45014F | D5: 2023-06-30 | E5: 2023-12-31 | F5: =+IF(VLOOKUP(C5,'1A_Aux3'!B:B,1,FALSE)=C5,"Verificado na análise dos ficheiros","Não verificado na análise dos ficheiros") -> Verificado na análise dos ficheiros
B6: 27026 | C6: 1DFE591861B81C0B1ECBAFA316718BCEF508800EB774D724A358D556095F0CF9 | D6: 2023-06-30 | E6: 2023-12-31 | F6: =+IF(VLOOKUP(C6,'1A_Aux3'!B:B,1,FALSE)=C6,"Verificado na análise dos ficheiros","Não verificado na análise dos ficheiros") -> Verificado na análise dos ficheiros
