Workbook
Name RefDateCell: '1. Dashboard'!$D$12

Sheet Instruções
B6: Instruções
C8: 1.
C9: 2.
C10: 3.

Sheet Param_RefDate
A1: Param_RefDate
A2: 2025-10-31

Sheet 1. Dashboard
B6: 1 Dashboard
B9: Controlos Reporte Bail-in
C12: Data de referência | D12: 2025-10-31
D15: MENU 1 | G15: MENU 2 | J15: NAVEGADOR
D18: TABELAS OUTPUT | G18: Processo (HUE vs CSV) | J18: Processo (HUE vs CSV)
D20: 1. Gerar Controlos | E20: [BOTÃO] | G20: 1. Gerar Controlos | H20: [BOTÃO] | J20: 1. Detalhe controlos às tabelas output | L20: [LINK]
J22: 2. Detalhe controlos ao processo (CSV) | L22: [LINK]
H29: DASHBOARD
C32: 1. Tabelas Output
C34: Mapa | D34: Total (#) | E34: OK (#) | F34: OK (%) | G34: NOK Justificados(#) | H34: NOK Justificados (%) | I34: NOK (#) | J34: NOK (%)
C35: B02.00 | D35: =+SUM(D36,D40) -> 304 | E35: =+SUM(E36,E40) -> 258 | F35: =IFERROR(E35/D35,0) -> 0.84868421 | G35: =+SUM(G36,G40) -> 8 | H35: =IFERROR(G35/D35,0) -> 0.026315789 | I35: =+SUM(I36,I40) -> 33 | J35: =IFERROR(I35/D35,0) -> 0.10855263
C36: Regulamentares (SRB) | D36: =+SUM(D37:D39) -> 156 | E36: =+SUM(E37:E39) -> 134 | F36: =IFERROR(E36/D36,0) -> 0.85897436 | G36: =+SUM(G37:G39) -> 6 | H36: =IFERROR(G36/D36,0) -> 0.038461538 | I36: =+SUM(I37:I39) -> 11 | J36: =IFERROR(I36/D36,0) -> 0.070512821
C37: High severity | D37: =+COUNTIFS('2.1. Regulamentares'!G:G,'1. Dashboard'!$C$35,'2.1. Regulamentares'!F:F,"h") -> 63 | E37: =+COUNTIFS('2.1. Regulamentares'!G:G,'1. Dashboard'!$C$35,'2.1. Regulamentares'!F:F,"h",'2.1. Regulamentares'!C:C,"=0") -> 53 | F37: =IFERROR(E37/D37,0) -> 0.84126984 | G37: =+COUNTIFS('2.1. Regulamentares'!G:G,'1. Dashboard'!$C$35,'2.1. Regulamentares'!F:F,"h",'2.1. Regulamentares'!C:C,">0",'2.1. Regulamentares'!I:I,"<>") -> 0 | H37: =IFERROR(G37/D37,0) -> 0 | I37: =+COUNTIFS('2.1. Regulamentares'!G:G,'1. Dashboard'!$C$35,'2.1. Regulamentares'!F:F,"h",'2.1. Regulamentares'!C:C,">0",'2.1. Regulamentares'!I:I,"") -> 5 | J37: =IFERROR(I37/D37,0) -> 0.079365079
C38: Warnings | D38: =+COUNTIFS('2.1. Regulamentares'!G:G,'1. Dashboard'!$C$35,'2.1. Regulamentares'!F:F,"w") -> 12 | E38: =+COUNTIFS('2.1. Regulamentares'!G:G,'1. Dashboard'!$C$35,'2.1. Regulamentares'!F:F,"w",'2.1. Regulamentares'!C:C,"=0") -> 11 | F38: =IFERROR(E38/D38,0) -> 0.91666667 | G38: =+COUNTIFS('2.1. Regulamentares'!G:G,'1. Dashboard'!$C$35,'2.1. Regulamentares'!F:F,"w",'2.1. Regulamentares'!C:C,">0",'2.1. Regulamentares'!I:I,"<>") -> 0 | H38: =IFERROR(G38/D38,0) -> 0 | I38: =+COUNTIFS('2.1. Regulamentares'!G:G,'1. Dashboard'!$C$35,'2.1. Regulamentares'!F:F,"w",'2.1. Regulamentares'!C:C,">0",'2.1. Regulamentares'!I:I,"") -> 1 | J38: =IFERROR(I38/D38,0) -> 0.083333333
C39: Formatos | D39: =+COUNTIFS('2.1. Regulamentares'!G:G,'1. Dashboard'!$C$35,'2.1. Regulamentares'!F:F,"f") -> 81 | E39: =+COUNTIFS('2.1. Regulamentares'!G:G,'1. Dashboard'!$C$35,'2.1. Regulamentares'!F:F,"f",'2.1. Regulamentares'!C:C,"=0") -> 70 | F39: =IFERROR(E39/D39,0) -> 0.86419753 | G39: =+COUNTIFS('2.1. Regulamentares'!G:G,'1. Dashboard'!$C$35,'2.1. Regulamentares'!F:F,"f",'2.1. Regulamentares'!C:C,">0",'2.1. Regulamentares'!I:I,"<>") -> 6 | H39: =IFERROR(G39/D39,0) -> 0.074074074 | I39: =+COUNTIFS('2.1. Regulamentares'!G:G,'1. Dashboard'!$C$35,'2.1. Regulamentares'!F:F,"f",'2.1. Regulamentares'!C:C,">0",'2.1. Regulamentares'!I:I,"") -> 5 | J39: =IFERROR(I39/D39,0) -> 0.061728395
C40: Outros | D40: =+SUM(D41:D44) -> 148 | E40: =+SUM(E41:E44) -> 124 | F40: =IFERROR(E40/D40,0) -> 0.83783784 | G40: =+SUM(G41:G44) -> 2 | H40: =IFERROR(G40/D40,0) -> 0.013513514 | I40: =+SUM(I41:I44) -> 22 | J40: =IFERROR(I40/D40,0) -> 0.14864865
C41: Validade (Missings/NULLS) | D41: =+COUNTIFS('2.2. Outros'!H:H,'1. Dashboard'!$C$35,'2.2. Outros'!D:D,"Validade") -> 73 | E41: =+COUNTIFS('2.2. Outros'!H:H,'1. Dashboard'!$C$35,'2.2. Outros'!D:D,"Validade",'2.2. Outros'!F:F,"0") -> 70 | F41: =IFERROR(E41/D41,0) -> 0.95890411 | G41: =+COUNTIFS('2.2. Outros'!H:H,'1. Dashboard'!$C$35,'2.2. Outros'!D:D,"Validade",'2.2. Outros'!F:F,"<>0",'2.2. Outros'!I:I,"<>") -> 1 | H41: =IFERROR(G41/D41,0) -> 0.01369863 | I41: =+COUNTIFS('2.2. Outros'!H:H,'1. Dashboard'!$C$35,'2.2. Outros'!D:D,"Validade",'2.2. Outros'!F:F,"<>0",'2.2. Outros'!I:I,"") -> 2 | J41: =IFERROR(I41/D41,0) -> 0.02739726
C42: Not applicables | D42: =+COUNTIFS('2.2. Outros'!H:H,'1. Dashboard'!$C$35,'2.2. Outros'!D:D,"Not applicable") -> 73 | E42: =+COUNTIFS('2.2. Outros'!H:H,'1. Dashboard'!$C$35,'2.2. Outros'!D:D,"Not applicable",'2.2. Outros'!F:F,"0") -> 52 | F42: =IFERROR(E42/D42,0) -> 0.71232877 | G42: =+COUNTIFS('2.2. Outros'!H:H,'1. Dashboard'!$C$35,'2.2. Outros'!D:D,"Not applicable",'2.2. Outros'!F:F,"<>0",'2.2. Outros'!I:I,"<>") -> 1 | H42: =IFERROR(G42/D42,0) -> 0.01369863 | I42: =+COUNTIFS('2.2. Outros'!H:H,'1. Dashboard'!$C$35,'2.2. Outros'!D:D,"Not applicable",'2.2. Outros'!F:F,"<>0",'2.2. Outros'!I:I,"") -> 20 | J42: =IFERROR(I42/D42,0) -> 0.2739726
C43: Duplicados | D43: =+COUNTIFS('2.2. Outros'!H:H,'1. Dashboard'!$C$35,'2.2. Outros'!D:D,"Duplicados") -> 1 | E43: =+COUNTIFS('2.2. Outros'!H:H,'1. Dashboard'!$C$35,'2.2. Outros'!D:D,"Duplicados",'2.2. Outros'!F:F,"0") -> 1 | F43: =IFERROR(E43/D43,0) -> 1 | G43: =+COUNTIFS('2.2. Outros'!H:H,'1. Dashboard'!$C$35,'2.2. Outros'!D:D,"Duplicados",'2.2. Outros'!F:F,"<>0",'2.2. Outros'!I:I,"<>") -> 0 | H43: =IFERROR(G43/D43,0) -> 0 | I43: =+COUNTIFS('2.2. Outros'!H:H,'1. Dashboard'!$C$35,'2.2. Outros'!D:D,"Duplicados",'2.2. Outros'!F:F,"<>0",'2.2. Outros'!I:I,"") -> 0 | J43: =IFERROR(I43/D43,0) -> 0
C44: Integridade entre tabelas | D44: =+COUNTIFS('2.2. Outros'!H:H,'1. Dashboard'!$C$35,'2.2. Outros'!D:D,"Integridade") -> 1 | E44: =+COUNTIFS('2.2. Outros'!H:H,'1. Dashboard'!$C$35,'2.2. Outros'!D:D,"Integridade",'2.2. Outros'!F:F,"0") -> 1 | F44: =IFERROR(E44/D44,0) -> 1 | G44: =+COUNTIFS('2.2. Outros'!H:H,'1. Dashboard'!$C$35,'2.2. Outros'!D:D,"Integridade",'2.2. Outros'!F:F,"<>0",'2.2. Outros'!I:I,"<>") -> 0 | H44: =IFERROR(G44/D44,0) -> 0 | I44: =+COUNTIFS('2.2. Outros'!H:H,'1. Dashboard'!$C$35,'2.2. Outros'!D:D,"Integridade",'2.2. Outros'!F:F,"<>0",'2.2. Outros'!I:I,"") -> 0 | J44: =IFERROR(I44/D44,0) -> 0
C45: B05.00 | D45: =+SUM(D46,D50) -> 20 | E45: =+SUM(E46,E50) -> 17 | F45: =IFERROR(E45/D45,0) -> 0.85 | G45: =+SUM(G46,G50) -> 2 | H45: =IFERROR(G45/D45,0) -> 0.1 | I45: =+SUM(I46,I50) -> 1 | J45: =IFERROR(I45/D45,0) -> 0.05
C46: Regulamentares (SRB) | D46: =+SUM(D47:D49) -> 19 | E46: =+SUM(E47:E49) -> 16 | F46: =IFERROR(E46/D46,0) -> 0.84210526 | G46: =+SUM(G47:G49) -> 2 | H46: =IFERROR(G46/D46,0) -> 0.10526316 | I46: =+SUM(I47:I49) -> 1 | J46: =IFERROR(I46/D46,0) -> 0.052631579
C47: High severity | D47: =+COUNTIFS('2.1. Regulamentares'!G:G,$C$45,'2.1. Regulamentares'!F:F,"h") -> 5 | E47: =+COUNTIFS('2.1. Regulamentares'!G:G,$C$45,'2.1. Regulamentares'!F:F,"h",'2.1. Regulamentares'!C:C,"=0") -> 4 | F47: =IFERROR(E47/D47,0) -> 0.8 | G47: =+COUNTIFS('2.1. Regulamentares'!G:G,$C$45,'2.1. Regulamentares'!F:F,"h",'2.1. Regulamentares'!C:C,">0",'2.1. Regulamentares'!I:I,"<>") -> 0 | H47: =IFERROR(G47/D47,0) -> 0 | I47: =+COUNTIFS('2.1. Regulamentares'!G:G,$C$45,'2.1. Regulamentares'!F:F,"h",'2.1. Regulamentares'!C:C,">0",'2.1. Regulamentares'!I:I,"") -> 1 | J47: =IFERROR(I47/D47,0) -> 0.2
C48: Warnings | D48: =+COUNTIFS('2.1. Regulamentares'!G:G,$C$45,'2.1. Regulamentares'!F:F,"w") -> 0 | E48: =+COUNTIFS('2.1. Regulamentares'!G:G,$C$45,'2.1. Regulamentares'!F:F,"w",'2.1. Regulamentares'!C:C,"=0") -> 0 | F48: =IFERROR(E48/D48,0) -> 0 | G48: =+COUNTIFS('2.1. Regulamentares'!G:G,$C$45,'2.1. Regulamentares'!F:F,"w",'2.1. Regulamentares'!C:C,">0",'2.1. Regulamentares'!I:I,"<>") -> 0 | H48: =IFERROR(G48/D48,0) -> 0 | I48: =+COUNTIFS('2.1. Regulamentares'!G:G,$C$45,'2.1. Regulamentares'!F:F,"w",'2.1. Regulamentares'!C:C,">0",'2.1. Regulamentares'!I:I,"") -> 0 | J48: =IFERROR(I48/D48,0) -> 0
C49: Formatos | D49: =+COUNTIFS('2.1. Regulamentares'!G:G,$C$45,'2.1. Regulamentares'!F:F,"f") -> 14 | E49: =+COUNTIFS('2.1. Regulamentares'!G:G,$C$45,'2.1. Regulamentares'!F:F,"f",'2.1. Regulamentares'!C:C,"=0") -> 12 | F49: =IFERROR(E49/D49,0) -> 0.85714286 | G49: =+COUNTIFS('2.1. Regulamentares'!G:G,$C$45,'2.1. Regulamentares'!F:F,"f",'2.1. Regulamentares'!C:C,">0",'2.1. Regulamentares'!I:I,"<>") -> 2 | H49: =IFERROR(G49/D49,0) -> 0.14285714 | I49: =+COUNTIFS('2.1. Regulamentares'!G:G,$C$45,'2.1. Regulamentares'!F:F,"f",'2.1. Regulamentares'!C:C,">0",'2.1. Regulamentares'!I:I,"") -> 0 | J49: =IFERROR(I49/D49,0) -> 0
C50: Outros | D50: =+SUM(D51:D54) -> 1 | E50: =+SUM(E51:E54) -> 1 | F50: =IFERROR(E50/D50,0) -> 1 | G50: =+SUM(G51:G54) -> 0 | H50: =IFERROR(G50/D50,0) -> 0 | I50: =+SUM(I51:I54) -> 0 | J50: =IFERROR(I50/D50,0) -> 0
C51: Validade (Missings/NULLS) | D51: =+COUNTIFS('2.2. Outros'!H:H,$C$45,'2.2. Outros'!D:D,"Validade") -> 0 | E51: =+COUNTIFS('2.2. Outros'!H:H,$C$45,'2.2. Outros'!D:D,"Validade",'2.2. Outros'!F:F,"0") -> 0 | F51: =IFERROR(E51/D51,0) -> 0 | G51: =+COUNTIFS('2.2. Outros'!H:H,$C$45,'2.2. Outros'!D:D,"Validade",'2.2. Outros'!F:F,"<>0",'2.2. Outros'!I:I,"<>") -> 0 | H51: =IFERROR(G51/D51,0) -> 0 | I51: =+COUNTIFS('2.2. Outros'!H:H,$C$45,'2.2. Outros'!D:D,"Validade",'2.2. Outros'!F:F,"<>0",'2.2. Outros'!I:I,"") -> 0 | J51: =IFERROR(I51/D51,0) -> 0
C52: Not applicables | D52: =+COUNTIFS('2.2. Outros'!H:H,$C$45,'2.2. Outros'!D:D,"Not applicable") -> 0 | E52: =+COUNTIFS('2.2. Outros'!H:H,$C$45,'2.2. Outros'!D:D,"Not applicable",'2.2. Outros'!F:F,"0") -> 0 | F52: =IFERROR(E52/D52,0) -> 0 | G52: =+COUNTIFS('2.2. Outros'!H:H,$C$45,'2.2. Outros'!D:D,"Not applicable",'2.2. Outros'!F:F,"<>0",'2.2. Outros'!I:I,"<>") -> 0 | H52: =IFERROR(G52/D52,0) -> 0 | I52: =+COUNTIFS('2.2. Outros'!H:H,$C$45,'2.2. Outros'!D:D,"Not applicable",'2.2. Outros'!F:F,"<>0",'2.2. Outros'!I:I,"") -> 0 | J52: =IFERROR(I52/D52,0) -> 0
C53: Duplicados | D53: =+COUNTIFS('2.2. Outros'!H:H,$C$45,'2.2. Outros'!D:D,"Duplicados") -> 0 | E53: =+COUNTIFS('2.2. Outros'!H:H,$C$45,'2.2. Outros'!D:D,"Duplicados",'2.2. Outros'!F:F,"0") -> 0 | F53: =IFERROR(E53/D53,0) -> 0 | G53: =+COUNTIFS('2.2. Outros'!H:H,$C$45,'2.2. Outros'!D:D,"Duplicados",'2.2. Outros'!F:F,"<>0",'2.2. Outros'!I:I,"<>") -> 0 | H53: =IFERROR(G53/D53,0) -> 0 | I53: =+COUNTIFS('2.2. Outros'!H:H,$C$45,'2.2. Outros'!D:D,"Duplicados",'2.2. Outros'!F:F,"<>0",'2.2. Outros'!I:I,"") -> 0 | J53: =IFERROR(I53/D53,0) -> 0
C54: Integridade entre tabelas | D54: =+COUNTIFS('2.2. Outros'!H:H,$C$45,'2.2. Outros'!D:D,"Integridade") -> 1 | E54: =+COUNTIFS('2.2. Outros'!H:H,$C$45,'2.2. Outros'!D:D,"Integridade",'2.2. Outros'!F:F,"0") -> 1 | F54: =IFERROR(E54/D54,0) -> 1 | G54: =+COUNTIFS('2.2. Outros'!H:H,$C$45,'2.2. Outros'!D:D,"Integridade",'2.2. Outros'!F:F,"<>0",'2.2. Outros'!I:I,"<>") -> 0 | H54: =IFERROR(G54/D54,0) -> 0 | I54: =+COUNTIFS('2.2. Outros'!H:H,$C$45,'2.2. Outros'!D:D,"Integridade",'2.2. Outros'!F:F,"<>0",'2.2. Outros'!I:I,"") -> 0 | J54: =IFERROR(I54/D54,0) -> 0
C55: B90.00 | D55: =+SUM(D56,D60) -> 16 | E55: =+SUM(E56,E60) -> 13 | F55: =IFERROR(E55/D55,0) -> 0.8125 | G55: =+SUM(G56,G60) -> 2 | H55: =IFERROR(G55/D55,0) -> 0.125 | I55: =+SUM(I56,I60) -> 1 | J55: =IFERROR(I55/D55,0) -> 0.0625
C56: Regulamentares (SRB) | D56: =+SUM(D57:D59) -> 15 | E56: =+SUM(E57:E59) -> 12 | F56: =IFERROR(E56/D56,0) -> 0.8 | G56: =+SUM(G57:G59) -> 2 | H56: =IFERROR(G56/D56,0) -> 0.13333333 | I56: =+SUM(I57:I59) -> 1 | J56: =IFERROR(I56/D56,0) -> 0.066666667
C57: High severity | D57: =+COUNTIFS('2.1. Regulamentares'!G:G,$C$55,'2.1. Regulamentares'!F:F,"h") -> 4 | E57: =+COUNTIFS('2.1. Regulamentares'!G:G,$C$55,'2.1. Regulamentares'!F:F,"h",'2.1. Regulamentares'!C:C,"=0") -> 2 | F57: =IFERROR(E57/D57,0) -> 0.5 | G57: =+COUNTIFS('2.1. Regulamentares'!G:G,$C$55,'2.1. Regulamentares'!F:F,"h",'2.1. Regulamentares'!C:C,">0",'2.1. Regulamentares'!I:I,"<>") -> 1 | H57: =IFERROR(G57/D57,0) -> 0.25 | I57: =+COUNTIFS('2.1. Regulamentares'!G:G,$C$55,'2.1. Regulamentares'!F:F,"h",'2.1. Regulamentares'!C:C,">0",'2.1. Regulamentares'!I:I,"") -> 1 | J57: =IFERROR(I57/D57,0) -> 0.25
C58: Warnings | D58: =+COUNTIFS('2.1. Regulamentares'!G:G,$C$55,'2.1. Regulamentares'!F:F,"w") -> 0 | E58: =+COUNTIFS('2.1. Regulamentares'!G:G,$C$55,'2.1. Regulamentares'!F:F,"w",'2.1. Regulamentares'!C:C,"=0") -> 0 | F58: =IFERROR(E58/D58,0) -> 0 | G58: =+COUNTIFS('2.1. Regulamentares'!G:G,$C$55,'2.1. Regulamentares'!F:F,"w",'2.1. Regulamentares'!C:C,">0",'2.1. Regulamentares'!I:I,"<>") -> 0 | H58: =IFERROR(G58/D58,0) -> 0 | I58: =+COUNTIFS('2.1. Regulamentares'!G:G,$C$55,'2.1. Regulamentares'!F:F,"w",'2.1. Regulamentares'!C:C,">0",'2.1. Regulamentares'!I:I,"") -> 0 | J58: =IFERROR(I58/D58,0) -> 0
C59: Formatos | D59: =+COUNTIFS('2.1. Regulamentares'!G:G,$C$55,'2.1. Regulamentares'!F:F,"f") -> 11 | E59: =+COUNTIFS('2.1. Regulamentares'!G:G,$C$55,'2.1. Regulamentares'!F:F,"f",'2.1. Regulamentares'!C:C,"=0") -> 10 | F59: =IFERROR(E59/D59,0) -> 0.90909091 | G59: =+COUNTIFS('2.1. Regulamentares'!G:G,$C$55,'2.1. Regulamentares'!F:F,"f",'2.1. Regulamentares'!C:C,">0",'2.1. Regulamentares'!I:I,"<>") -> 1 | H59: =IFERROR(G59/D59,0) -> 0.090909091 | I59: =+COUNTIFS('2.1. Regulamentares'!G:G,$C$55,'2.1. Regulamentares'!F:F,"f",'2.1. Regulamentares'!C:C,">0",'2.1. Regulamentares'!I:I,"") -> 0 | J59: =IFERROR(I59/D59,0) -> 0
C60: Outros | D60: =+SUM(D61:D64) -> 1 | E60: =+SUM(E61:E64) -> 1 | F60: =IFERROR(E60/D60,0) -> 1 | G60: =+SUM(G61:G64) -> 0 | H60: =IFERROR(G60/D60,0) -> 0 | I60: =+SUM(I61:I64) -> 0 | J60: =IFERROR(I60/D60,0) -> 0
C61: Validade (Missings/NULLS) | D61: =+COUNTIFS('2.2. Outros'!H:H,$C$55,'2.2. Outros'!D:D,"Validade") -> 0 | E61: =+COUNTIFS('2.2. Outros'!H:H,$C$55,'2.2. Outros'!D:D,"Validade",'2.2. Outros'!F:F,"0") -> 0 | F61: =IFERROR(E61/D61,0) -> 0 | G61: =+COUNTIFS('2.2. Outros'!H:H,$C$55,'2.2. Outros'!D:D,"Validade",'2.2. Outros'!F:F,"<>0",'2.2. Outros'!I:I,"<>") -> 0 | H61: =IFERROR(G61/D61,0) -> 0 | I61: =+COUNTIFS('2.2. Outros'!H:H,$C$55,'2.2. Outros'!D:D,"Validade",'2.2. Outros'!F:F,"<>0",'2.2. Outros'!I:I,"") -> 0 | J61: =IFERROR(I61/D61,0) -> 0
C62: Not applicables | D62: =+COUNTIFS('2.2. Outros'!H:H,$C$55,'2.2. Outros'!D:D,"Not applicable") -> 0 | E62: =+COUNTIFS('2.2. Outros'!H:H,$C$55,'2.2. Outros'!D:D,"Not applicable",'2.2. Outros'!F:F,"0") -> 0 | F62: =IFERROR(E62/D62,0) -> 0 | G62: =+COUNTIFS('2.2. Outros'!H:H,$C$55,'2.2. Outros'!D:D,"Not applicable",'2.2. Outros'!F:F,"<>0",'2.2. Outros'!I:I,"<>") -> 0 | H62: =IFERROR(G62/D62,0) -> 0 | I62: =+COUNTIFS('2.2. Outros'!H:H,$C$55,'2.2. Outros'!D:D,"Not applicable",'2.2. Outros'!F:F,"<>0",'2.2. Outros'!I:I,"") -> 0 | J62: =IFERROR(I62/D62,0) -> 0
C63: Duplicados | D63: =+COUNTIFS('2.2. Outros'!H:H,$C$55,'2.2. Outros'!D:D,"Duplicados") -> 0 | E63: =+COUNTIFS('2.2. Outros'!H:H,$C$55,'2.2. Outros'!D:D,"Duplicados",'2.2. Outros'!F:F,"0") -> 0 | F63: =IFERROR(E63/D63,0) -> 0 | G63: =+COUNTIFS('2.2. Outros'!H:H,$C$55,'2.2. Outros'!D:D,"Duplicados",'2.2. Outros'!F:F,"<>0",'2.2. Outros'!I:I,"<>") -> 0 | H63: =IFERROR(G63/D63,0) -> 0 | I63: =+COUNTIFS('2.2. Outros'!H:H,$C$55,'2.2. Outros'!D:D,"Duplicados",'2.2. Outros'!F:F,"<>0",'2.2. Outros'!I:I,"") -> 0 | J63: =IFERROR(I63/D63,0) -> 0
C64: Integridade entre tabelas | D64: =+COUNTIFS('2.2. Outros'!H:H,$C$55,'2.2. Outros'!D:D,"Integridade") -> 1 | E64: =+COUNTIFS('2.2. Outros'!H:H,$C$55,'2.2. Outros'!D:D,"Integridade",'2.2. Outros'!F:F,"0") -> 1 | F64: =IFERROR(E64/D64,0) -> 1 | G64: =+COUNTIFS('2.2. Outros'!H:H,$C$55,'2.2. Outros'!D:D,"Integridade",'2.2. Outros'!F:F,"<>0",'2.2. Outros'!I:I,"<>") -> 0 | H64: =IFERROR(G64/D64,0) -> 0 | I64: =+COUNTIFS('2.2. Outros'!H:H,$C$55,'2.2. Outros'!D:D,"Integridade",'2.2. Outros'!F:F,"<>0",'2.2. Outros'!I:I,"") -> 0 | J64: =IFERROR(I64/D64,0) -> 0
C65: Total | D65: =SUM(D55,D45,D35) -> 340 | E65: =SUM(E55,E45,E35) -> 288 | F65: =IFERROR(E65/D65,0) -> 0.84705882 | G65: =SUM(G55,G45,G35) -> 12 | H65: =IFERROR(G65/D65,0) -> 0.035294118 | I65: =SUM(I55,I45,I35) -> 35 | J65: =IFERROR(I65/D65,0) -> 0.10294118
C68: 2. Processo (HUE vs CSV)
C70: Mapa | D70: Total (#) | E70: OK (#) | F70: OK (%) | G70: NOK Justificados(#) | H70: NOK Justificados (%) | I70: NOK (#) | J70: NOK (%)
C71: B02.00 | D71: =+D72 -> 20 | E71: =+E72 -> 16 | F71: =+E71/$D71 -> 0.8 | G71: =+G72 -> 3 | H71: =+G71/$D71 -> 0.15 | I71: =+I72 -> 1 | J71: =+I71/$D71 -> 0.05
C72: Coerência(Mapa vs. CSV) | D72: 20 | E72: 16 | F72: =+E72/$D72 -> 0.8 | G72: 3 | H72: =+G72/$D72 -> 0.15 | I72: 1 | J72: =+I72/$D72 -> 0.05
C73: B05.00 | D73: =+D74 -> 15 | E73: =+E74 -> 10 | F73: =+E73/$D73 -> 0.66666667 | G73: =+G74 -> 2 | H73: =+G73/$D73 -> 0.13333333 | I73: =+I74 -> 3 | J73: =+I73/$D73 -> 0.2
C74: Coerência(Mapa vs. CSV) | D74: 15 | E74: 10 | F74: =+E74/$D74 -> 0.66666667 | G74: 2 | H74: =+G74/$D74 -> 0.13333333 | I74: 3 | J74: =+I74/$D74 -> 0.2
C75: B90.00 | D75: =+D76 -> 20 | E75: =+E76 -> 12 | F75: =+E75/$D75 -> 0.6 | G75: =+G76 -> 4 | H75: =+G75/$D75 -> 0.2 | I75: =+I76 -> 4 | J75: =+I75/$D75 -> 0.2
C76: Coerência(Mapa vs. CSV) | D76: 20 | E76: 12 | F76: =+E76/$D76 -> 0.6 | G76: 4 | H76: =+G76/$D76 -> 0.2 | I76: 4 | J76: =+I76/$D76 -> 0.2

Sheet 2. Inputs -->

Sheet Query1
B6: 2.1. Controlos Regulamentares
B9: ref_date | C9: cod_kpi | D9: tipologia_teste | E9: descrição | F9: tabela | G9: campo | H9: num_reg | I9: num_reg_dif | J9: detalhe
B10: 2025-10-31 | C10: MIS_B0200_C0010 | D10: MISSINGS | E10: Validar que não existem registos por preencher (Missings) | F10: BU_LOANTAPE_WORK.OUT_B0200_MAIN_LIABILITIES | G10: 0010_ROW_NMBR | H10: 8 | I10: 0
B11: 2025-10-31 | C11: MIS_B0200_C0020 | D11: MISSINGS | E11: Validar que não existem registos por preencher (Missings) | F11: BU_LOANTAPE_WORK.OUT_B0200_MAIN_LIABILITIES | G11: 0020_UNIQ_ID | H11: 8 | I11: 0
B12: 2025-10-31 | C12: MIS_B0200_C0030 | D12: MISSINGS | E12: Validar que não existem registos por preencher (Missings) | F12: BU_LOANTAPE_WORK.OUT_B0200_MAIN_LIABILITIES | G12: 0030_UNIQ_ID_KNWN_CNTRPRTY | H12: 8 | I12: 0
B13: 2025-10-31 | C13: MIS_B0200_C0040 | D13: MISSINGS | E13: Validar que não existem registos por preencher (Missings) | F13: BU_LOANTAPE_WORK.OUT_B0200_MAIN_LIABILITIES | G13: 0040_TYP_UNIQ_ID_KNWN_CNTRPRTY | H13: 8 | I13: 0
B14: 2025-10-31 | C14: MIS_B0200_C0050 | D14: MISSINGS | E14: Validar que não existem registos por preencher (Missings) | F14: BU_LOANTAPE_WORK.OUT_B0200_MAIN_LIABILITIES | G14: 0050_ORGNL_AMNT_EUR | H14: 8 | I14: 0
B15: 2025-10-31 | C15: MIS_B0200_C0060 | D15: MISSINGS | E15: Validar que não existem registos por preencher (Missings) | F15: BU_LOANTAPE_WORK.OUT_B0200_MAIN_LIABILITIES | G15: 0060_ORGNL_AMNT_FX | H15: 8 | I15: 0
B16: 2025-10-31 | C16: MIS_B0200_C0070 | D16: MISSINGS | E16: Validar que não existem registos por preencher (Missings) | F16: BU_LOANTAPE_WORK.OUT_B0200_MAIN_LIABILITIES | G16: 0070_CNTRCT_CRRNCY | H16: 8 | I16: 0
B17: 2025-10-31 | C17: MIS_B0200_C0080 | D17: MISSINGS | E17: Validar que não existem registos por preencher (Missings) | F17: BU_LOANTAPE_WORK.OUT_B0200_MAIN_LIABILITIES | G17: 0080_OTSTNDNG_PRNCPL_AMNT | H17: 8 | I17: 8 | J17: 31641600000000000PTBSREOM0028000; 31641600000000000PTSTOEOM0021000; 31641600000000000PTSTOFOM0004000; 31641600000000000PTSTOGOM0003000; 31641600000000000PTSTOHOM0002000; 31641600005800007PTBSRDOM0037000; 31641600005800007PTCPP0AM0007000; 31641600005800007PTSTOCOM0007000
B18: 2025-10-31 | C18: MIS_B0200_C0090 | D18: MISSINGS | E18: Validar que não existem registos por preencher (Missings) | F18: BU_LOANTAPE_WORK.OUT_B0200_MAIN_LIABILITIES | G18: 0090_PRTN_AMNT_RPRTNG_ENTTY | H18: 8 | I18: 8 | J18: 31641600000000000PTBSREOM0028000; 31641600000000000PTSTOEOM0021000; 31641600000000000PTSTOFOM0004000; 31641600000000000PTSTOGOM0003000; 31641600000000000PTSTOHOM0002000; 31641600005800007PTBSRDOM0037000; 31641600005800007PTCPP0AM0007000; 31641600005800007PTSTOCOM0007000
B19: 2025-10-31 | C19: MIS_B0200_C0100 | D19: MISSINGS | E19: Validar que não existem registos por preencher (Missings) | F19: BU_LOANTAPE_WORK.OUT_B0200_MAIN_LIABILITIES | G19: 0100_ACCRD_INTRST_INSTRMNT | H19: 8 | I19: 0
B20: 2025-10-31 | C20: MIS_B0200_C0110 | D20: MISSINGS | E20: Validar que não existem registos por preencher (Missings) | F20: BU_LOANTAPE_WORK.OUT_B0200_MAIN_LIABILITIES | G20: 0110_APPLCBL_FEES_CHARGES | H20: 8 | I20: 0
B21: 2025-10-31 | C21: MIS_B0200_C0120 | D21: MISSINGS | E21: Validar que não existem registos por preencher (Missings) | F21: BU_LOANTAPE_WORK.OUT_B0200_MAIN_LIABILITIES | G21: 0120_OTSTNDNG_AMNT | H21: 8 | I21: 8 | J21: 31641600000000000PTBSREOM0028000; 31641600000000000PTSTOEOM0021000; 31641600000000000PTSTOFOM0004000; 31641600000000000PTSTOGOM0003000; 31641600000000000PTSTOHOM0002000; 31641600005800007PTBSRDOM0037000; 31641600005800007PTCPP0AM0007000; 31641600005800007PTSTOCOM0007000
B22: 2025-10-31 | C22: MIS_B0200_C0130 | D22: MISSINGS | E22: Validar que não existem registos por preencher (Missings) | F22: BU_LOANTAPE_WORK.OUT_B0200_MAIN_LIABILITIES | G22: 0130_RLVNT_AMNT_WDC | H22: 8 | I22: 8 | J22: 31641600000000000PTBSREOM0028000; 31641600000000000PTSTOEOM0021000; 31641600000000000PTSTOFOM0004000; 31641600000000000PTSTOGOM0003000; 31641600000000000PTSTOHOM0002000; 31641600005800007PTBSRDOM0037000; 31641600005800007PTCPP0AM0007000; 31641600005800007PTSTOCOM0007000
B23: 2025-10-31 | C23: MIS_B0200_C0140 | D23: MISSINGS | E23: Validar que não existem registos por preencher (Missings) | F23: BU_LOANTAPE_WORK.OUT_B0200_MAIN_LIABILITIES | G23: 0140_NTR_LBLTY | H23: 8 | I23: 0
B24: 2025-10-31 | C24: MIS_B0200_C0141 | D24: MISSINGS | E24: Validar que não existem registos por preencher (Missings) | F24: BU_LOANTAPE_WORK.OUT_B0200_MAIN_LIABILITIES | G24: 0141_NTR_LBLTY_OTHR | H24: 8 | I24: 0
B25: 2025-10-31 | C25: MIS_B0200_C0150 | D25: MISSINGS | E25: Validar que não existem registos por preencher (Missings) | F25: BU_LOANTAPE_WORK.OUT_B0200_MAIN_LIABILITIES | G25: 0150_FLG_STRCTRLLY_SBRDNTD | H25: 8 | I25: 0
B26: 2025-10-31 | C26: MIS_B0200_C0160 | D26: MISSINGS | E26: Validar que não existem registos por preencher (Missings) | F26: BU_LOANTAPE_WORK.OUT_B0200_MAIN_LIABILITIES | G26: 0160_RANK_INSOLV | H26: 8 | I26: 0
B27: 2025-10-31 | C27: MIS_B0200_C0161 | D27: MISSINGS | E27: Validar que não existem registos por preencher (Missings) | F27: BU_LOANTAPE_WORK.OUT_B0200_MAIN_LIABILITIES | G27: 0161_CNTRCTL_SBRDNTN | H27: 8 | I27: 0
B28: 2025-10-31 | C28: MIS_B0200_C0162 | D28: MISSINGS | E28: Validar que não existem registos por preencher (Missings) | F28: BU_LOANTAPE_WORK.OUT_B0200_MAIN_LIABILITIES | G28: 0162_BAIL_IN_CASCADE | H28: 8 | I28: 0
B29: 2025-10-31 | C29: MIS_B0200_C0170 | D29: MISSINGS | E29: Validar que não existem registos por preencher (Missings) | F29: BU_LOANTAPE_WORK.OUT_B0200_MAIN_LIABILITIES | G29: 0170_DT_INCPTN | H29: 8 | I29: 0
B30: 2025-10-31 | C30: MIS_B0200_C0180 | D30: MISSINGS | E30: Validar que não existem registos por preencher (Missings) | F30: BU_LOANTAPE_WORK.OUT_B0200_MAIN_LIABILITIES | G30: 0180_DT_NXT_INTRST_PYMNT | H30: 8 | I30: 0
B31: 2025-10-31 | C31: MIS_B0200_C0190 | D31: MISSINGS | E31: Validar que não existem registos por preencher (Missings) | F31: BU_LOANTAPE_WORK.OUT_B0200_MAIN_LIABILITIES | G31: 0190_DT_NXT_RDMPTN_PYMNT | H31: 8 | I31: 0
B32: 2025-10-31 | C32: MIS_B0200_C0200 | D32: MISSINGS | E32: Validar que não existem registos por preencher (Missings) | F32: BU_LOANTAPE_WORK.OUT_B0200_MAIN_LIABILITIES | G32: 0200_DT_ERLST_RDMPTN | H32: 8 | I32: 0
B33: 2025-10-31 | C33: MIS_B0200_C0210 | D33: MISSINGS | E33: Validar que não existem registos por preencher (Missings) | F33: BU_LOANTAPE_WORK.OUT_B0200_MAIN_LIABILITIES | G33: 0210_DT_LGL_FNL_MTRTY | H33: 8 | I33: 0
B34: 2025-10-31 | C34: MIS_B0200_C0220 | D34: MISSINGS | E34: Validar que não existem registos por preencher (Missings) | F34: BU_LOANTAPE_WORK.OUT_B0200_MAIN_LIABILITIES | G34: 0220_GOVERNING_LAW | H34: 8 | I34: 0
... B51: 2025-10-31 | C51: MIS_B0200_C0380 | D51: MISSINGS | E51: Validar que não existem registos por preencher (Missings) | F51: BU_LOANTAPE_WORK.OUT_B0200_MAIN_LIABILITIES | G51: 0380_AMNT_SCRTY_FX | H51: 8 | I51: 0
B52: 2025-10-31 | C52: MIS_B0200_C0390 | D52: MISSINGS | E52: Validar que não existem registos por preencher (Missings) | F52: BU_LOANTAPE_WORK.OUT_B0200_MAIN_LIABILITIES | G52: 0390_NMBR_SCRTS_NOT_RPRTNG_ENTTY | H52: 8 | I52: 8 | J52: 31641600000000000PTBSREOM0028000; 31641600000000000PTSTOEOM0021000; 31641600000000000PTSTOFOM0004000; 31641600000000000PTSTOGOM0003000; 31641600000000000PTSTOHOM0002000; 31641600005800007PTBSRDOM0037000; 31641600005800007PTCPP0AM0007000; 31641600005800007PTSTOCOM0007000
B53: 2025-10-31 | C53: MIS_B0200_C0391 | D53: MISSINGS | E53: Validar que não existem registos por preencher (Missings) | F53: BU_LOANTAPE_WORK.OUT_B0200_MAIN_LIABILITIES | G53: 0391_NMBR_SCRTS_RPRTNG_ENTTY | H53: 8 | I53: 8 | J53: 31641600000000000PTBSREOM0028000; 31641600000000000PTSTOEOM0021000; 31641600000000000PTSTOFOM0004000; 31641600000000000PTSTOGOM0003000; 31641600000000000PTSTOHOM0002000; 31641600005800007PTBSRDOM0037000; 31641600005800007PTCPP0AM0007000; 31641600005800007PTSTOCOM0007000
B54: 2025-10-31 | C54: MIS_B0200_C0400 | D54: MISSINGS | E54: Validar que não existem registos por preencher (Missings) | F54: BU_LOANTAPE_WORK.OUT_B0200_MAIN_LIABILITIES | G54: 0400_ACCRD_INTRST_SCRTY | H54: 8 | I54: 8 | J54: 31641600000000000PTBSREOM0028000; 31641600000000000PTSTOEOM0021000; 31641600000000000PTSTOFOM0004000; 31641600000000000PTSTOGOM0003000; 31641600000000000PTSTOHOM0002000; 31641600005800007PTBSRDOM0037000; 31641600005800007PTCPP0AM0007000; 31641600005800007PTSTOCOM0007000
B55: 2025-10-31 | C55: MIS_B0200_C0410 | D55: MISSINGS | E55: Validar que não existem registos por preencher (Missings) | F55: BU_LOANTAPE_WORK.OUT_B0200_MAIN_LIABILITIES | G55: 0410_FEES_CHARGES_SCRTY | H55: 8 | I55: 0
B56: 2025-10-31 | C56: MIS_B0200_C0420 | D56: MISSINGS | E56: Validar que não existem registos por preencher (Missings) | F56: BU_LOANTAPE_WORK.OUT_B0200_MAIN_LIABILITIES | G56: 0420_FV_AMNT_SCRTY | H56: 8 | I56: 0
B57: 2025-10-31 | C57: MIS_B0200_C0430 | D57: MISSINGS | E57: Validar que não existem registos por preencher (Missings) | F57: BU_LOANTAPE_WORK.OUT_B0200_MAIN_LIABILITIES | G57: 0430_PRNCPL_AMNT_GLBL_NT_EUR | H57: 8 | I57: 0
B58: 2025-10-31 | C58: MIS_B0200_C0431 | D58: MISSINGS | E58: Validar que não existem registos por preencher (Missings) | F58: BU_LOANTAPE_WORK.OUT_B0200_MAIN_LIABILITIES | G58: 0431_PRNCPL_AMNT_GLBL_NT_FX | H58: 8 | I58: 0
B59: 2025-10-31 | C59: MIS_B0200_C0440 | D59: MISSINGS | E59: Validar que não existem registos por preencher (Missings) | F59: BU_LOANTAPE_WORK.OUT_B0200_MAIN_LIABILITIES | G59: 0440_NTR_GLBL_NT | H59: 8 | I59: 0
B60: 2025-10-31 | C60: MIS_B0200_C0450 | D60: MISSINGS | E60: Validar que não existem registos por preencher (Missings) | F60: BU_LOANTAPE_WORK.OUT_B0200_MAIN_LIABILITIES | G60: 0450_CRRNT_POOL_FCTR | H60: 8 | I60: 0
B61: 2025-10-31 | C61: MIS_B0200_C0460 | D61: MISSINGS | E61: Validar que não existem registos por preencher (Missings) | F61: BU_LOANTAPE_WORK.OUT_B0200_MAIN_LIABILITIES | G61: 0460_CSD | H61: 8 | I61: 0
B62: 2025-10-31 | C62: MIS_B0200_C0461 | D62: MISSINGS | E62: Validar que não existem registos por preencher (Missings) | F62: BU_LOANTAPE_WORK.OUT_B0200_MAIN_LIABILITIES | G62: 0461_CSD_LEI | H62: 8 | I62: 0
B63: 2025-10-31 | C63: MIS_B0200_C0462 | D63: MISSINGS | E63: Validar que não existem registos por preencher (Missings) | F63: BU_LOANTAPE_WORK.OUT_B0200_MAIN_LIABILITIES | G63: 0462_CSD_OTHR | H63: 8 | I63: 0
B64: 2025-10-31 | C64: MIS_B0200_C0470 | D64: MISSINGS | E64: Validar que não existem registos por preencher (Missings) | F64: BU_LOANTAPE_WORK.OUT_B0200_MAIN_LIABILITIES | G64: 0470_PYNG_AGNT | H64: 8 | I64: 0
B65: 2025-10-31 | C65: MIS_B0200_C0471 | D65: MISSINGS | E65: Validar que não existem registos por preencher (Missings) | F65: BU_LOANTAPE_WORK.OUT_B0200_MAIN_LIABILITIES | G65: 0471_PYNG_AGNT_LEI | H65: 8 | I65: 0
B66: 2025-10-31 | C66: MIS_B0200_C0480 | D66: MISSINGS | E66: Validar que não existem registos por preencher (Missings) | F66: BU_LOANTAPE_WORK.OUT_B0200_MAIN_LIABILITIES | G66: 0480_TRDNG_VN | H66: 8 | I66: 0
... B96: 2025-10-31 | C96: MIS_B0500_C0060 | D96: MISSINGS | E96: Validar que não existem registos por preencher (Missings) | F96: BU_LOANTAPE_WORK.OUT_B0500_GUARANTEES | G96: 0060_MAX_AMNT_GUARANTEE | H96: 4730 | I96: 0
B97: 2025-10-31 | C97: MIS_B0500_C0070 | D97: MISSINGS | E97: Validar que não existem registos por preencher (Missings) | F97: BU_LOANTAPE_WORK.OUT_B0500_GUARANTEES | G97: 0070_FLG_SCRD | H97: 4730 | I97: 4730 | J97: 31000000000000000962304890482490P_0000_00000000000_000006511000505; 31000304140330096000000000000000P_0000_00000000000_000000000003686; 31000307044893096000000000000000P_0000_00000000000_000000000003686; 31000307530917096000000000000000P_0000_00000000000_000000000003686; 31000311450813096000000000000000P_0000_00000000000_000000000003686; 31000311847794096000000000000000P_0000_00000000000_000000000003686; 31000313517171096000000000000000P_0000_00000000000_000000000003686; 31000315970006096000000000000000P_0000_00000000000_000000000003686; 31000315970121096000000000000000P_0000_00000000000_000000000003686; 31000315970139096000000000000000P_0000_00000000000_000000000003686; 31000315970188096000000000000000P_0000_00000000000_000000000003686; 31000315970212096000000000000000P_0000_00000000000_000000000003686; 31000315970238096000000000000000P_0000_00000000000_000000000003686; 31000315970261096000000000000000P_0000_00000000000_000000000003686; 31000315970279096000000000000000P_0000_00000000000_000000000003686; 31000315970311096000000000000000P_0000_00000000000_000000000003686; 31000315970329096000000000000000P_0000_00000000000_000000000003686; 31000315970345096000000000000000P_0000_00000000000_000000000003686; 31000315970402096000000000000000P_0000_00000000000_000000000003686; 31000315970428096000000000000000P_0000_00000000000_000000000003686; 31000315970469096000000000000000P_0000_00000000000_000000000003686; 31000315979890096000000000000000P_0000_00000000000_000006511000505; 31000318293090097000000000000000P_0000_00000000000_000008000176024; 31000318542009097000000000000000P_0000_00000000000_000006511000505; 31000318628196097000000000000000P_0000_00000000000_000006511000505; 31000318628592097000000000000000P_0000_00000000000_000008000176024; 31000318629012097000000000000000P_0000_00000000000_000008000176024; 31000318636603097000000000000000P_0000_00000000000_000008000176024; 31000318637213097000000000000000P_0000_00000000000_000008000176024; 31000322311418096000000000000000P_0000_00000000000_000000000003686; 89000020240000766001520240649818P_0000_00000000000_000003461004226; 89000020240000766001520240649824P_0000_00000000000_000003461004226; 89000020240000766001520240649825P_0000_00000000000_000003461004226; 89000020240000766001520240649826P_0000_00000000000_000003461004226; 89000020240000766001520240649827P_0000_00000000000_000003461004226; 89000020240000766001520240649838P_0000_00000000000_000003461004226; 89000020240000766001520240649839P_0000_00000000000_000003461004226; 89000020240000766001520240649873P_0000_00000000000_000003461004226; 89000020240000766001520240649874P_0000_00000000000_000003461004226; 89000020240000766001520240649875P_0000_00000000000_000003461004226; 89000020240000766001520240649894P_0000_00000000000_000003461004226; 89000020240000766001520240649898P_0000_00000000000_000003461004226; 89000020240000766001520240649899P_0000_00000000000_000003461004226; 89000020240000766001520240649900P_0000_00000000000_000003461004226; 89000020240000766001520240649901P_0000_00000000000_000003461004226; 89000020240000766001520240649909P_0000_00000000000_000003461004226; 89000020240000766001520240649910P_0000_00000000000_000003461004226; 89000020240000766001520240649911P_0000_00000000000_000003461004226; 89000020240000766001520240649912P_0000_00000000000_000003461004226; 89000020240000766001520240649913P_0000_00000000000_000003461004226; 89000020240000766001520240649914P_0000_00000000000_000003461004226; 89000020240000766001520240649915P_0000_00000000000_000003461004226; 89000020240000766001520240649916P_0000_00000000000_000003461004226; 89000020240000766001520240649917P_0000_00000000000_000003461004226; 89000020240000766001520240649918P_0000_00000000000_000003461004226; 89000020240000766001520240649919P_0000_00000000000_000003461004226; 89000020240000766001520240649920P_0000_00000000000_000003461004226; 89000020240000766001520240649921P_0000_00000000000_000003461004226; 89000020240000766001520240649942P_0000_00000000000_000003461004226; 89000020240000766001520240649943P_0000_00000000000_000003461004226; 89000020240000766001520240649944P_0000_00000000000_000003461004226; 89000020240000766001520240649945P_0000_00000000000_000003461004226; 89000020240000766001520240649946P_0000_00000000000_000003461004226; 89000020240000766001520240650004P_0000_00000000000_000003461004226; 89000020240000766001520240650005P_0000_00000000000_000003461004226; 89000020240000766001520240650006P_0000_00000000000_000003461004226; 89000020240000766001520240650007P_0000_00000000000_000003461004226; 89000020240000766001520240650008P_0000_00000000000_000003461004226; 89000020240000766001520240650009P_0000_00000000000_000003461004226; 89000020240000766001520240650010P_0000_00000000000_000003461004226; 89000020240000766001520240650011P_0000_00000000000_000003461004226; 89000020240000766001520240650116P_0000_00000000000_000003461004226; 89000020240000766001520240650192P_0000_00000000000_000003461004226; 89000020240000766001520240650202P_0000_00000000000_000003461004226; 89000020240000766001520240650203P_0000_00000000000_000003461004226; 89000020240000766001520240650204P_0000_00000000000_000003461004226; 89000020240000766001520240650205P_0000_00000000000_000003461004226; 89000020240000766001520240650206P_0000_00000000000_000003461004226; 89000020240000766001520240650207P_0000_00000000000_000003461004226; 89000020240000766001520240650208P_0000_00000000000_000003461004226; 89000020240000766001520240650349P_0000_00000000000_000003461004226; 89000020240000766001520240650350P_0000_00000000000_000003461004226; 89000020240000766001520240650351P_0000_00000000000_000003461004226; 89000020240000766001520240650352P_0000_00000000000_000003461004226; 89000020240000766001520240650353P_0000_00000000000_000003461004226; 89000020240000766001520240650354P_0000_00000000000_000003461004226; 89000020240000766001520240650355P_0000_00000000000_000003461004226; 89000020240000766001520240650356P_0000_00000000000_000003461004226; 89000020240000766001520240650357P_0000_00000000000_000003461004226; 89000020240000766001520240650358P_0000_00000000000_000003461004226; 89000020240000766001520240650359P_0000_00000000000_000003461004226; 89000020240000766001520240650360P_0000_00000000000_000003461004226; 89000020240000766001520240650361P_0000_00000000000_000003461004226; 89000020240000766001520240650362P_0000_00000000000_000003461004226; 89000020240000766001520240650363P_0000_00000000000_000003461004226; 89000020240000766001520240650364P_0000_00000000000_000003461004226; 89000020240000766001520240650365P_0000_00000000000_000003461004226; 89000020240000766001520240650366P_0000_00000000000_000003461004226; 89000020240000766001520240650367P_0000_00000000000_000003461004226; 89000020240000766001520240650368P_0000_00000000000_000003461004226; 89000020240000766001520240650369P_0000_00000000000_000003461004226; 89000020240000766001520240650370P_0000_00000000000_000003461004226; 89000020240000766001520240650371P_0000_00000000000_000003461004226; 89000020240000766001520240650372P_0000_00000000000_000003461004226; 89000020240000766001520240650373P_0000_00000000000_000003461004226; 89000020240000766001520240650374P_0000_00000000000_000003461004226; 89000020240000766001520240650375P_0000_00000000000_000003461004226; 89000020240000766001520240650376P_0000_00000000000_000003461004226; 89000020240000766001520240650377P_0000_00000000000_000003461004226; 89000020240000766001520240650378P_0000_00000000000_000003461004226; 89000020240000766001520240650379P_0000_00000000000_000003461004226; 89000020240000766001520240650380P_0000_00000000000_000003461004226; 89000020240000766001520240650381P_0000_00000000000_000003461004226; 89000020240000766001520240650382P_0000_00000000000_000003461004226; 89000020240000766001520240650383P_0000_00000000000_000003461004226; 89000020240000766001520240650384P_0000_00000000000_000003461004226; 89000020240000766001520240650385P_0000_00000000000_000003461004226; 89000020240000766001520240650386P_0000_00000000000_000003461004226; 89000020240000766001520240650387P_0000_00000000000_000003461004226; 89000020240000766001520240650388P_0000_00000000000_000003461004226; 89000020240000766001520240650389P_0000_00000000000_000003461004226; 89000020240000766001520240650390P_0000_00000000000_000003461004226; 89000020240000766001520240650391P_0000_00000000000_000003461004226; 89000020240000766001520240650392P_0000_00000000000_000003461004226; 89000020240000766001520240650393P_0000_00000000000_000003461004226; 89000020240000766001520240650394P_0000_00000000000_000003461004226; 89000020240000766001520240650396P_0000_00000000000_000003461004226; 89000020240000766001520240650397P_0000_00000000000_000003461004226; 89000020240000766001520240650398P_0000_00000000000_000003461004226; 89000020240000766001520240650399P_0000_00000000000_000003461004226; 89000020240000766001520240650400P_0000_00000000000_000003461004226; 89000020240000766001520240650401P_0000_00000000000_000003461004226; 89000020240000766001520240650402P_0000_00000000000_000003461004226; 89000020240000766001520240650403P_0000_00000000000_000003461004226; 89000020240000766001520240650404P_0000_00000000000_000003461004226; 89000020240000766001520240650405P_0000_00000000000_000003461004226; 89000020240000766001520240650406P_0000_00000000000_000003461004226; 89000020240000766001520240650407P_0000_00000000000_000003461004226; 89000020240000766001520240650408P_0000_00000000000_000003461004226; 89000020240000766001520240650409P_0000_00000000000_000003461004226; 89000020240000766001520240650410P_0000_00000000000_000003461004226; 89000020240000766001520240650411P_0000_00000000000_000003461004226; 89000020240000766001520240650412P_0000_00000000000_000003461004226; 89000020240000766001520240650413P_0000_00000000000_000003461004226; 89000020240000766001520240650414P_0000_00000000000_000003461004226; 89000020240000766001520240650415P_0000_00000000000_000003461004226; 89000020240000766001520240650416P_0000_00000000000_000003461004226; 89000020240000766001520240650417P_0000_00000000000_000003461004226; 89000020240000766001520240650418P_0000_00000000000_000003461004226; 89000020240000766001520240650419P_0000_00000000000_000003461004226; 89000020240000766001520240650420P_0000_00000000000_000003461004226; 89000020240000766001520240650421P_0000_00000000000_000003461004226; 89000020240000766001520240650422P_0000_00000000000_000003461004226; 89000020240000766001520240650423P_0000_00000000000_000003461004226; 89000020240000766001520240650424P_0000_00000000000_000003461004226; 89000020240000766001520240650425P_0000_00000000000_000003461004226; 89000020240000766001520240650426P_0000_00000000000_000003461004226; 89000020240000766001520240650427P_0000_00000000000_000003461004226; 89000020240000766001520240650428P_0000_00000000000_000003461004226; 89000020240000766001520240650429P_0000_00000000000_000003461004226; 89000020240000766001520240650431P_0000_00000000000_000003461004226; 89000020240000766001520240650432P_0000_00000000000_000003461004226; 89000020240000766001520240650433P_0000_00000000000_000003461004226; 89000020240000766001520240650434P_0000_00000000000_000003461004226; 89000020240000766001520240650435P_0000_00000000000_000003461004226; 89000020240000766001520240650436P_0000_00000000000_000003461004226; 89000020240000766001520240650476P_0000_00000000000_000003461004226; 89000020240000766001520240650477P_0000_00000000000_000003461004226; 89000020240000766001520240650478P_0000_00000000000_000003461004226; 89000020240000766001520240650479P_0000_00000000000_000003461004226; 89000020240000766001520240650480P_0000_00000000000_000003461004226; 89000020240000766001520240650481P_0000_00000000000_000003461004226; 89000020240000766001520240650482P_0000_00000000000_000003461004226; 89000020240000766001520240650483P_0000_00000000000_000003461004226; 89000020240000766001520240650484P_0000_00000000000_000003461004226; 89000020240000766001520240650485P_0000_00000000000_000003461004226; 89000020240000766001520240650486P_0000_00000000000_000003461004226; 89000020240000766001520240650487P_0000_00000000000_000003461004226; 89000020240000766001520240650488P_0000_00000000000_000003461004226; 89000020240000766001520240650489P_0000_00000000000_000003461004226; 89000020240000766001520240650490P_0000_00000000000_000003461004226; 89000020240000766001520240650491P_0000_00000000000_000003461004226; 89000020240000766001520240650492P_0000_00000000000_000003461004226; 89000020240000766001520240650493P_0000_00000000000_000003461004226; 89000020240000766001520240650494P_0000_00000000000_000003461004226; 89000020240000766001520240650495P_0000_00000000000_000003461004226; 89000020240000766001520240650496P_0000_00000000000_000003461004226; 89000020240000766001520240650497P_0000_00000000000_000003461004226; 89000020240000766001520240650498P_0000_00000000000_000003461004226; 89000020240000766001520240650499P_0000_00000000000_000003461004226; 89000020240000766001520240650500P_0000_00000000000_000003461004226; 89000020240000766001520240650501P_0000_00000000000_000003461004226; 89000020240000766001520240650502P_0000_00000000000_000003461004226; 89000020240000766001520240650503P_0000_00000000000_000003461004226; 89000020240000766001520240650504P_0000_00000000000_000003461004226; 89000020240000766001520240650505P_0000_00000000000_000003461004226; 89000020240000766001520240650506P_0000_00000000000_000003461004226; 89000020240000766001520240650507P_0000_00000000000_000003461004226; 89000020240000766001520240650508P_0000_00000000000_000003461004226; 89000020240000766001520240650509P_0000_00000000000_000003461004226; 89000020240000766001520240650510P_0000_00000000000_000003461004226; 89000020240000766001520240650511P_0000_00000000000_000003461004226; 89000020240000766001520240650512P_0000_00000000000_000003461004226; 89000020240000766001520240650513P_0000_00000000000_000003461004226; 89000020240000766001520240650514P_0000_00000000000_000003461004226; 89000020240000766001520240650515P_0000_00000000000_000003461004226; 89000020240000766001520240650516P_0000_00000000000_000003461004226; 89000020240000766001520240650517P_0000_00000000000_000003461004226; 89000020240000766001520240650518P_0000_00000000000_000003461004226; 89000020240000766001520240650519P_0000_00000000000_000003461004226; 89000020240000766001520240650520P_0000_00000000000_000003461004226; 89000020240000766001520240650521P_0000_00000000000_000003461004226; 89000020240000766001520240650522P_0000_00000000000_000003461004226; 89000020240000766001520240650523P_0000_00000000000_000003461004226; 89000020240000766001520240650524P_0000_00000000000_000003461004226; 89000020240000766001520240650525P_0000_00000000000_000003461004226; 89000020240000766001520240650526P_0000_00000000000_000003461004226; 89000020240000766001520240650527P_0000_00000000000_000003461004226; 89000020240000766001520240650528P_0000_00000000000_000003461004226; 89000020240000766001520240650529P_0000_00000000000_000003461004226; 89000020240000766001520240650530P_0000_00000000000_000003461004226; 89000020240000766001520240650531P_0000_00000000000_000003461004226; 89000020240000766001520240650532P_0000_00000000000_000003461004226; 89000020240000766001520240650533P_0000_00000000000_000003461004226; 89000020240000766001520240650534P_0000_00000000000_000003461004226; 89000020240000766001520240650535P_0000_00000000000_000003461004226; 89000020240000766001520240650536P_0000_00000000000_000003461004226; 89000020240000766001520240650537P_0000_00000000000_000003461004226; 89000020240000766001520240650538P_0000_00000000000_000003461004226; 89000020240000766001520240650539P_0000_00000000000_000003461004226; 89000020240000766001520240650540P_0000_00000000000_000003461004226; 89000020240000766001520240650541P_0000_00000000000_000003461004226; 89000020240000766001520240650542P_0000_00000000000_000003461004226; 89000020240000766001520240650543P_0000_00000000000_000003461004226; 89000020240000766001520240650544P_0000_00000000000_000003461004226; 89000020240000766001520240650545P_0000_00000000000_000003461004226; 89000020240000766001520240650546P_0000_00000000000_000003461004226; 89000020240000766001520240650547P_0000_00000000000_000003461004226; 89000020240000766001520240650548P_0000_00000000000_000003461004226; 89000020240000766001520240650549P_0000_00000000000_000003461004226; 89000020240000766001520240650550P_0000_00000000000_000003461004226; 89000020240000766001520240650551P_0000_00000000000_000003461004226; 89000020240000766001520240650552P_0000_00000000000_000003461004226; 89000020240000766001520240650553P_0000_00000000000_000003461004226; 89000020240000766001520240650554P_0000_00000000000_000003461004226; 89000020240000766001520240650555P_0000_00000000000_000003461004226; 89000020240000766001520240650556P_0000_00000000000_000003461004226; 89000020240000766001520240650557P_0000_00000000000_000003461004226; 89000020240000766001520240650558P_0000_00000000000_000003461004226; 89000020240000766001520240650559P_0000_00000000000_000003461004226; 89000020240000766001520240650560P_0000_00000000000_000003461004226; 89000020240000766001520240650561P_0000_00000000000_000003461004226; 89000020240000766001520240650562P_0000_00000000000_000003461004226; 89000020240000766001520240650563P_0000_00000000000_000003461004226; 89000020240000766001520240650564P_0000_00000000000_000003461004226; 89000020240000766001520240650565P_0000_00000000000_000003461004226; 89000020240000766001520240650566P_0000_00000000000_000003461004226; 89000020240000766001520240650567P_0000_00000000000_000003461004226; 89000020240000766001520240650568P_0000_00000000000_000003461004226; 89000020240000766001520240650569P_0000_00000000000_000003461004226; 89000020240000766001520240650783P_0000_00000000000_000003461004226; 89000020240000766001520240650784P_0000_00000000000_000003461004226; 89000020240000766001520240650785P_0000_00000000000_000003461004226; 89000020240000766001520240650786P_0000_00000000000_000003461004226; 89000020240000766001520240650787P_0000_00000000000_000003461004226; 89000020240000766001520240650788P_0000_00000000000_000003461004226; 89000020240000766001520240650851P_0000_00000000000_000003461004226; 89000020240000766001520240650853P_0000_00000000000_000003461004226; 89000020240000766001520240650865P_0000_00000000000_000003461004226; 89000020240000766001520240650868P_0000_00000000000_000003461004226; 89000020240000766001520240650869P_0000_00000000000_000003461004226; 89000020240000766001520240650873P_0000_00000000000_000003461004226; 89000020240000766001520240650875P_0000_00000000000_000003461004226; 89000020240000766001520240650930P_0000_00000000000_000003461004226; 89000020240000766001520240650947P_0000_00000000000_000003461004226; 89000020240000766001520240650948P_0000_00000000000_000003461004226; 89000020240000766001520240650949P_0000_00000000000_000003461004226; 89000020240000766001520240650950P_0000_00000000000_000003461004226; 89000020240000766001520240650951P_0000_00000000000_000003461004226; 89000020240000766001520240650952P_0000_00000000000_000003461004226; 89000020240000766001520240650953P_0000_00000000000_000003461004226; 89000020240000766001520240650954P_0000_00000000000_000003461004226; 89000020240000766001520240650955P_0000_00000000000_000003461004226; 89000020240000766001520240650956P_0000_00000000000_000003461004226; 89000020240000766001520240650957P_0000_00000000000_000003461004226; 89000020240000766001520240650958P_0000_00000000000_000003461004226; 89000020240000766001520240650959P_0000_00000000000_000003461004226; 89000020240000766001520240650960P_0000_00000000000_000003461004226; 89000020240000766001520240650961P_0000_00000000000_000003461004226; 89000020240000766001520240650962P_0000_00000000000_000003461004226; 89000020240000766001520240650968P_0000_00000000000_000003461004226; 89000020240000766001520240650969P_0000_00000000000_000003461004226; 89000020240000766001520240650970P_0000_00000000000_000003461004226; 89000020240000766001520240650971P_0000_00000000000_000003461004226; 89000020240000766001520240650972P_0000_00000000000_000003461004226; 89000020240000766001520240650973P_0000_00000000000_000003461004226; 89000020240000766001520240650974P_0000_00000000000_000003461004226; 89000020240000766001520240650975P_0000_00000000000_000003461004226; 89000020240000766001520240650976P_0000_00000000000_000003461004226; 89000020240000766001520240650978P_0000_00000000000_000003461004226; 89000020240000766001520240650979P_0000_00000000000_000003461004226; 89000020240000766001520240650980P_0000_00000000000_000003461004226; 89000020240000766001520240650981P_0000_00000000000_000003461004226; 89000020240000766001520240650982P_0000_00000000000_000003461004226; 89000020240000766001520240650983P_0000_00000000000_000003461004226; 89000020240000766001520240650984P_0000_00000000000_000003461004226; 89000020240000766001520240650985P_0000_00000000000_000003461004226; 89000020240000766001520240650986P_0000_00000000000_000003461004226; 89000020240000766001520240650987P_0000_00000000000_000003461004226; 89000020240000766001520240650988P_0000_00000000000_000003461004226; 89000020240000766001520240650989P_0000_00000000000_000003461004226; 89000020240000766001520240650990P_0000_00000000000_000003461004226; 89000020240000766001520240650991P_0000_00000000000_000003461004226; 89000020240000766001520240650992P_0000_00000000000_000003461004226; 89000020240000766001520240650993P_0000_00000000000_000003461004226; 89000020240000766001520240650994P_0000_00000000000_000003461004226; 89000020240000766001520240650995P_0000_00000000000_000003461004226; 89000020240000766001520240650996P_0000_00000000000_000003461004226; 89000020240000766001520240650997P_0000_00000000000_000003461004226; 89000020240000766001520240650998P_0000_00000000000_000003461004226; 89000020240000766001520240650999P_0000_00000000000_000003461004226; 89000020240000766001520240651000P_0000_00000000000_000003461004226; 89000020240000766001520240651001P_0000_00000000000_000003461004226; 89000020240000766001520240651002P_0000_00000000000_000003461004226; 89000020240000766001520240651003P_0000_00000000000_000003461004226; 89000020240000766001520240651004P_0000_00000000000_000003461004226; 89000020240000766001520240651005P_0000_00000000000_000003461004226; 89000020240000766001520240651006P_0000_00000000000_000003461004226; 89000020240000766001520240651020P_0000_00000000000_000003461004226; 89000020240000766001520240651095P_0000_00000000000_000003461004226; 89000020240000766001520240651174P_0000_00000000000_000003461004226; 89000020240000766001520240651175P_0000_00000000000_000003461004226; 89000020240000766001520240651177P_0000_00000000000_000003461004226; 89000020240000766001520240651179P_0000_00000000000_000003461004226; 89000020240000766001520240651180P_0000_00000000000_000003461004226; 89000020240000766001520240651187P_0000_00000000000_000003461004226; 89000020240000766001520240651188P_0000_00000000000_000003461004226; 89000020240000766001520240651189P_0000_00000000000_000003461004226; 89000020240000766001520240651190P_0000_00000000000_000003461004226; 89000020240000766001520240651192P_0000_00000000000_000003461004226; 89000020240000766001520240651193P_0000_00000000000_000003461004226; 89000020240000766001520240651194P_0000_00000000000_000003461004226; 89000020240000766001520240651195P_0000_00000000000_000003461004226; 89000020240000766001520240651196P_0000_00000000000_000003461004226; 89000020240000766001520240651197P_0000_00000000000_000003461004226; 89000020240000766001520240651198P_0000_00000000000_000003461004226; 89000020240000766001520240651199P_0000_00000000000_000003461004226; 89000020240000766001520240651200P_0000_00000000000_000003461004226; 89000020240000766001520240651201P_0000_00000000000_000003461004226; 89000020240000766001520240651202P_0000_00000000000_000003461004226; 89000020240000766001520240651203P_0000_00000000000_000003461004226; 89000020240000766001520240651204P_0000_00000000000_000003461004226; 89000020240000766001520240651307P_0000_00000000000_000003461004226; 89000020240000766001520240651409P_0000_00000000000_000003461004226; 89000020240000766001520240651410P_0000_00000000000_000003461004226; 89000020240000766001520240651411P_0000_00000000000_000003461004226; 89000020240000766001520240651412P_0000_00000000000_000003461004226; 89000020240000766001520240651444P_0000_00000000000_000003461004226; 89000020240000766001520240651449P_0000_00000000000_000003461004226; 89000020240000766001520240651453P_0000_00000000000_000003461004226; 89000020240000766001520240651454P_0000_00000000000_000003461004226; 89000020240000766001520240651455P_0000_00000000000_000003461004226; 89000020240000766001520240651456P_0000_00000000000_000003461004226; 89000020240000766001520240651464P_0000_00000000000_000003461004226; 89000020240000766001520240651468P_0000_00000000000_000003461004226; 89000020240000766001520240651470P_0000_00000000000_000003461004226; 89000020240000766001520240651471P_0000_00000000000_000003461004226; 89000020240000766001520240651473P_0000_00000000000_000003461004226; 89000020240000766001520240651474P_0000_00000000000_000003461004226; 89000020240000766001520240651475P_0000_00000000000_000003461004226; 89000020240000766001520240651476P_0000_00000000000_000003461004226; 89000020240000766001520240651477P_0000_00000000000_000003461004226; 89000020240000766001520240651643P_0000_00000000000_000003461004226; 89000020240000766001520240651644P_0000_00000000000_000003461004226; 89000020240000766001520240651645P_0000_00000000000_000003461004226; 89000020240000766001520240651684P_0000_00000000000_000003461004226; 89000020240000766001520240651693P_0000_00000000000_000003461004226; 89000020240000766001520240651694P_0000_00000000000_000003461004226; 89000020240000766001520240651695P_0000_00000000000_000003461004226; 89000020240000766001520240651696P_0000_00000000000_000003461004226; 89000020240000766001520240651697P_0000_00000000000_000003461004226; 89000020240000766001520240651698P_0000_00000000000_000003461004226; 89000020240000766001520240651699P_0000_00000000000_000003461004226; 89000020240000766001520240651700P_0000_00000000000_000003461004226; 89000020240000766001520240651701P_0000_00000000000_000003461004226; 89000020240000766001520240651702P_0000_00000000000_000003461004226; 89000020240000766001520240651706P_0000_00000000000_000003461004226; 89000020240000766001520240651707P_0000_00000000000_000003461004226; 89000020240000766001520240651708P_0000_00000000000_000003461004226; 89000020240000766001520240651709P_0000_00000000000_000003461004226; 89000020240000766001520240651710P_0000_00000000000_000003461004226; 89000020240000766001520240651711P_0000_00000000000_000003461004226; 89000020240000766001520240651712P_0000_00000000000_000003461004226; 89000020240000766001520240651713P_0000_00000000000_000003461004226; 89000020240000766001520240651714P_0000_00000000000_000003461004226; 89000020240000766001520240651715P_0000_00000000000_000003461004226; 89000020240000766001520240651716P_0000_00000000000_000003461004226; 89000020240000766001520240651717P_0000_00000000000_000003461004226; 89000020240000766001520240651718P_0000_00000000000_000003461004226; 89000020240000766001520240651719P_0000_00000000000_000003461004226; 89000020240000766001520240651720P_0000_00000000000_000003461004226; 89000020240000766001520240651721P_0000_00000000000_000003461004226; 89000020240000766001520240651722P_0000_00000000000_000003461004226; 89000020240000766001520240651723P_0000_00000000000_000003461004226; 89000020240000766001520240651727P_0000_00000000000_000003461004226; 89000020240000766001520240651728P_0000_00000000000_000003461004226; 89000020240000766001520240651729P_0000_00000000000_000003461004226; 89000020240000766001520240651730P_0000_00000000000_000003461004226; 89000020240000766001520240651731P_0000_00000000000_000003461004226; 89000020240000766001520240651732P_0000_00000000000_000003461004226; 89000020240000766001520240651733P_0000_00000000000_000003461004226; 89000020240000766001520240651849P_0000_00000000000_000003461004226; 89000020240000766001520240651857P_0000_00000000000_000003461004226; 89000020240000766001520240651867P_0000_00000000000_000003461004226; 89000020240000766001520240651870P_0000_00000000000_000003461004226; 89000020240000766001520240651874P_0000_00000000000_000003461004226; 89000020240000766001520240651875P_0000_00000000000_000003461004226; 89000020240000766001520240651877P_0000_00000000000_000003461004226; 89000020240000766001520240651881P_0000_00000000000_000003461004226; 89000020240000766001520240651883P_0000_00000000000_000003461004226; 89000020240000766001520240651918P_0000_00000000000_000003461004226; 89000020240000766001520240652005P_0000_00000000000_000003461004226; 89000020240000766001520240652043P_0000_00000000000_000003461004226; 89000020240000766001520240652066P_0000_00000000000_000003461004226; 89000020240000766001520240652067P_0000_00000000000_000003461004226; 89000020240000766001520240652070P_0000_00000000000_000003461004226; 89000020240000766001520240652072P_0000_00000000000_000003461004226; 89000020240000766001520240652073P_0000_00000000000_000003461004226; 89000020240000766001520240652165P_0000_00000000000_000003461004226; 89000020240000766001520240652311P_0000_00000000000_000003461004226; 89000020240000766001520240652312P_0000_00000000000_000003461004226; 89000020240000766001520240652313P_0000_00000000000_000003461004226; 89000020240000766001520240652314P_0000_00000000000_000003461004226; 89000020240000766001520240652315P_0000_00000000000_000003461004226; 89000020240000766001520240652316P_0000_00000000000_000003461004226; 89000020240000766001520240652317P_0000_00000000000_000003461004226; 89000020240000766001520240652318P_0000_00000000000_000003461004226; 89000020240000766001520240652319P_0000_00000000000_000003461004226; 89000020240000766001520240652320P_0000_00000000000_000003461004226; 89000020240000766001520240652321P_0000_00000000000_000003461004226; 89000020240000766001520240652322P_0000_00000000000_000003461004226; 89000020240000766001520240652323P_0000_00000000000_000003461004226; 89000020240000766001520240652342P_0000_00000000000_000003461004226; 89000020240000766001520240652343P_0000_00000000000_000003461004226; 89000020240000766001520240652344P_0000_00000000000_000003461004226; 89000020240000766001520240652345P_0000_00000000000_000003461004226; 89000020240000766001520240652347P_0000_00000000000_000003461004226; 89000020240000766001520240652348P_0000_00000000000_000003461004226; 89000020240000766001520240652349P_0000_00000000000_000003461004226; 89000020240000766001520240652352P_0000_00000000000_000003461004226; 89000020240000766001520240652353P_0000_00000000000_000003461004226; 89000020240000766001520240652354P_0000_00000000000_000003461004226; 89000020240000766001520240652365P_0000_00000000000_000003461004226; 89000020240000766001520240652370P_0000_00000000000_000003461004226; 89000020240000766001520240652371P_0000_00000000000_000003461004226; 89000020240000766001520240652372P_0000_00000000000_000003461004226; 89000020240000766001520240652373P_0000_00000000000_000003461004226; 89000020240000766001520240652374P_0000_00000000000_000003461004226; 89000020240000766001520240652375P_0000_00000000000_000003461004226; 89000020240000766001520240652376P_0000_00000000000_000003461004226; 89000020240000766001520240652377P_0000_00000000000_000003461004226; 89000020240000766001520240652379P_0000_00000000000_000003461004226; 89000020240000766001520240652387P_0000_00000000000_000003461004226; 89000020240000766001520240652388P_0000_00000000000_000003461004226; 89000020240000766001520240652389P_0000_00000000000_000003461004226; 89000020240000766001520240652390P_0000_00000000000_000003461004226; 89000020240000766001520240652391P_0000_00000000000_000003461004226; 89000020240000766001520240652392P_0000_00000000000_000003461004226; 89000020240000766001520240652393P_0000_00000000000_000003461004226; 89000020240000766001520240652394P_0000_00000000000_000003461004226; 89000020240000766001520240652439P_0000_00000000000_000003461004226; 89000020240000766001520240652440P_0000_00000000000_000003461004226; 89000020240000766001520240652441P_0000_00000000000_000003461004226; 89000020240000766001520240652442P_0000_00000000000_000003461004226; 89000020240000766001520240652443P_0000_00000000000_000003461004226; 89000020240000766001520240652444P_0000_00000000000_000003461004226; 89000020240000766001520240652445P_0000_00000000000_000003461004226; 89000020240000766001520240652446P_0000_00000000000_000003461004226; 89000020240000766001520240652447P_0000_00000000000_000003461004226; 89000020240000766001520240652448P_0000_00000000000_000003461004226; 89000020240000766001520240652449P_0000_00000000000_000003461004226; 89000020240000766001520240652450P_0000_00000000000_000003
B98: 2025-10-31 | C98: MIS_B0500_C0080 | D98: MISSINGS | E98: Validar que não existem registos por preencher (Missings) | F98: BU_LOANTAPE_WORK.OUT_B0500_GUARANTEES | G98: 0080_AMNT_CLLTRL | H98: 4730 | I98: 0
B99: 2025-10-31 | C99: MIS_B0500_C0090 | D99: MISSINGS | E99: Validar que não existem registos por preencher (Missings) | F99: BU_LOANTAPE_WORK.OUT_B0500_GUARANTEES | G99: 0090_GUARANTEE_TRGGR | H99: 4730 | I99: 0
B100: 2025-10-31 | C100: MIS_B0500_C0100 | D100: MISSINGS | E100: Validar que não existem registos por preencher (Missings) | F100: BU_LOANTAPE_WORK.OUT_B0500_GUARANTEES | G100: 0100_DT_MTRTY_CLLTRL | H100: 4730 | I100: 0
B101: 2025-10-31 | C101: MIS_B0500_C0110 | D101: MISSINGS | E101: Validar que não existem registos por preencher (Missings) | F101: BU_LOANTAPE_WORK.OUT_B0500_GUARANTEES | G101: 0110_SCRTS_CLLTRL_ID | H101: 4730 | I101: 0
B102: 2025-10-31 | C102: MIS_B0500_C0120 | D102: MISSINGS | E102: Validar que não existem registos por preencher (Missings) | F102: BU_LOANTAPE_WORK.OUT_B0500_GUARANTEES | G102: 0120_TYP_CLLTRLZTN | H102: 4730 | I102: 0
B103: 2025-10-31 | C103: MIS_B0500_C0130 | D103: MISSINGS | E103: Validar que não existem registos por preencher (Missings) | F103: BU_LOANTAPE_WORK.OUT_B0500_GUARANTEES | G103: 0130_TYP_PRTCTN_VL | H103: 4730 | I103: 0
B104: 2025-10-31 | C104: MIS_B0500_C0140 | D104: MISSINGS | E104: Validar que não existem registos por preencher (Missings) | F104: BU_LOANTAPE_WORK.OUT_B0500_GUARANTEES | G104: 0140_DT_VLTN_SCRTY | H104: 4730 | I104: 0
B105: 2025-10-31 | C105: MIS_B0500_C0150 | D105: MISSINGS | E105: Validar que não existem registos por preencher (Missings) | F105: BU_LOANTAPE_WORK.OUT_B0500_GUARANTEES | G105: 0150_PRTCTN_VLTN_APPRCH | H105: 4730 | I105: 0
B106: 2025-10-31 | C106: MIS_B9000_C0010 | D106: MISSINGS | E106: Validar que não existem registos por preencher (Missings) | F106: BU_LOANTAPE_WORK.OUT_B9000_COUNTERPARTIES | G106: 0010_ROW_NMBR | H106: 4740 | I106: 0
B107: 2025-10-31 | C107: MIS_B9000_C0011 | D107: MISSINGS | E107: Validar que não existem registos por preencher (Missings) | F107: BU_LOANTAPE_WORK.OUT_B9000_COUNTERPARTIES | G107: 0011_TAB_ORIGIN | H107: 4740 | I107: 0
B108: 2025-10-31 | C108: MIS_B9000_C0020 | D108: MISSINGS | E108: Validar que não existem registos por preencher (Missings) | F108: BU_LOANTAPE_WORK.OUT_B9000_COUNTERPARTIES | G108: 0020_UNIQ_ID_KNWN_CNTRPRTY | H108: 4740 | I108: 0
B109: 2025-10-31 | C109: MIS_B9000_C0030 | D109: MISSINGS | E109: Validar que não existem registos por preencher (Missings) | F109: BU_LOANTAPE_WORK.OUT_B9000_COUNTERPARTIES | G109: 0030_CNTRPRTY_RSLTN_GRP | H109: 4740 | I109: 4740 | J109: PTBSRDOM0037, 0000003686; PTBSREOM0028, Not applicable; PTCPP0AM0007, Not applicable; PTCPP0AM0007, 0000003686; PTCPP0AM0007, 5100011001; PTSTOCOM0007, 0000003686; PTSTOEOM0021, 0000003686; PTSTOFOM0004, 0000003686; PTSTOGOM0003, 0000003686; PTSTOHOM0002, 0000003686; 31000000000000000962304890482490P_0000_00000000000_000006511000505, 6511000505; 31000304140330096000000000000000P_0000_00000000000_000000000003686, 0000003686; 31000307044893096000000000000000P_0000_00000000000_000000000003686, 0000003686; 31000307530917096000000000000000P_0000_00000000000_000000000003686, 0000003686; 31000311450813096000000000000000P_0000_00000000000_000000000003686, 0000003686; 31000311847794096000000000000000P_0000_00000000000_000000000003686, 0000003686; 31000313517171096000000000000000P_0000_00000000000_000000000003686, 0000003686; 31000315970006096000000000000000P_0000_00000000000_000000000003686, 0000003686; 31000315970121096000000000000000P_0000_00000000000_000000000003686, 0000003686; 31000315970139096000000000000000P_0000_00000000000_000000000003686, 0000003686; 31000315970188096000000000000000P_0000_00000000000_000000000003686, 0000003686; 31000315970212096000000000000000P_0000_00000000000_000000000003686, 0000003686; 31000315970238096000000000000000P_0000_00000000000_000000000003686, 0000003686; 31000315970261096000000000000000P_0000_00000000000_000000000003686, 0000003686; 31000315970279096000000000000000P_0000_00000000000_000000000003686, 0000003686; 31000315970311096000000000000000P_0000_00000000000_000000000003686, 0000003686; 31000315970329096000000000000000P_0000_00000000000_000000000003686, 0000003686; 31000315970345096000000000000000P_0000_00000000000_000000000003686, 0000003686; 31000315970402096000000000000000P_0000_00000000000_000000000003686, 0000003686; 31000315970428096000000000000000P_0000_00000000000_000000000003686, 0000003686; 31000315970469096000000000000000P_0000_00000000000_000000000003686, 0000003686; 31000315979890096000000000000000P_0000_00000000000_000006511000505, 6511000505; 31000318293090097000000000000000P_0000_00000000000_000008000176024, 8000176024; 31000318542009097000000000000000P_0000_00000000000_000006511000505, 6511000505; 31000318628196097000000000000000P_0000_00000000000_000006511000505, 6511000505; 31000318628592097000000000000000P_0000_00000000000_000008000176024, 8000176024; 31000318629012097000000000000000P_0000_00000000000_000008000176024, 8000176024; 31000318636603097000000000000000P_0000_00000000000_000008000176024, 8000176024; 31000318637213097000000000000000P_0000_00000000000_000008000176024, 8000176024; 31000322311418096000000000000000P_0000_00000000000_000000000003686, 0000003686; 89000020240000766001520240649818P_0000_00000000000_000003461004226, 3461004226; 89000020240000766001520240649824P_0000_00000000000_000003461004226, 3461004226; 89000020240000766001520240649825P_0000_00000000000_000003461004226, 3461004226; 89000020240000766001520240649826P_0000_00000000000_000003461004226, 3461004226; 89000020240000766001520240649827P_0000_00000000000_000003461004226, 3461004226; 89000020240000766001520240649838P_0000_00000000000_000003461004226, 3461004226; 89000020240000766001520240649839P_0000_00000000000_000003461004226, 3461004226; 89000020240000766001520240649873P_0000_00000000000_000003461004226, 3461004226; 89000020240000766001520240649874P_0000_00000000000_000003461004226, 3461004226; 89000020240000766001520240649875P_0000_00000000000_000003461004226, 3461004226; 89000020240000766001520240649894P_0000_00000000000_000003461004226, 3461004226; 89000020240000766001520240649898P_0000_00000000000_000003461004226, 3461004226; 89000020240000766001520240649899P_0000_00000000000_000003461004226, 3461004226; 89000020240000766001520240649900P_0000_00000000000_000003461004226, 3461004226; 89000020240000766001520240649901P_0000_00000000000_000003461004226, 3461004226; 89000020240000766001520240649909P_0000_00000000000_000003461004226, 3461004226; 89000020240000766001520240649910P_0000_00000000000_000003461004226, 3461004226; 89000020240000766001520240649911P_0000_00000000000_000003461004226, 3461004226; 89000020240000766001520240649912P_0000_00000000000_000003461004226, 3461004226; 89000020240000766001520240649913P_0000_00000000000_000003461004226, 3461004226; 89000020240000766001520240649914P_0000_00000000000_000003461004226, 3461004226; 89000020240000766001520240649915P_0000_00000000000_000003461004226, 3461004226; 89000020240000766001520240649916P_0000_00000000000_000003461004226, 3461004226; 89000020240000766001520240649917P_0000_00000000000_000003461004226, 3461004226; 89000020240000766001520240649918P_0000_00000000000_000003461004226, 3461004226; 89000020240000766001520240649919P_0000_00000000000_000003461004226, 3461004226; 89000020240000766001520240649920P_0000_00000000000_000003461004226, 3461004226; 89000020240000766001520240649921P_0000_00000000000_000003461004226, 3461004226; 89000020240000766001520240649942P_0000_00000000000_000003461004226, 3461004226; 89000020240000766001520240649943P_0000_00000000000_000003461004226, 3461004226; 89000020240000766001520240649944P_0000_00000000000_000003461004226, 3461004226; 89000020240000766001520240649945P_0000_00000000000_000003461004226, 3461004226; 89000020240000766001520240649946P_0000_00000000000_000003461004226, 3461004226; 89000020240000766001520240650004P_0000_00000000000_000003461004226, 3461004226; 89000020240000766001520240650005P_0000_00000000000_000003461004226, 3461004226; 89000020240000766001520240650006P_0000_00000000000_000003461004226, 3461004226; 89000020240000766001520240650007P_0000_00000000000_000003461004226, 3461004226; 89000020240000766001520240650008P_0000_00000000000_000003461004226, 3461004226; 89000020240000766001520240650009P_0000_00000000000_000003461004226, 3461004226; 89000020240000766001520240650010P_0000_00000000000_000003461004226, 3461004226; 89000020240000766001520240650011P_0000_00000000000_000003461004226, 3461004226; 89000020240000766001520240650116P_0000_00000000000_000003461004226, 3461004226; 89000020240000766001520240650192P_0000_00000000000_000003461004226, 3461004226; 89000020240000766001520240650202P_0000_00000000000_000003461004226, 3461004226; 89000020240000766001520240650203P_0000_00000000000_000003461004226, 3461004226; 89000020240000766001520240650204P_0000_00000000000_000003461004226, 3461004226; 89000020240000766001520240650205P_0000_00000000000_000003461004226, 3461004226; 89000020240000766001520240650206P_0000_00000000000_000003461004226, 3461004226; 89000020240000766001520240650207P_0000_00000000000_000003461004226, 3461004226; 89000020240000766001520240650208P_0000_00000000000_000003461004226, 3461004226; 89000020240000766001520240650349P_0000_00000000000_000003461004226, 3461004226; 89000020240000766001520240650350P_0000_00000000000_000003461004226, 3461004226; 89000020240000766001520240650351P_0000_00000000000_000003461004226, 3461004226; 89000020240000766001520240650352P_0000_00000000000_000003461004226, 3461004226; 89000020240000766001520240650353P_0000_00000000000_000003461004226, 3461004226; 89000020240000766001520240650354P_0000_00000000000_000003461004226, 3461004226; 89000020240000766001520240650355P_0000_00000000000_000003461004226, 3461004226; 89000020240000766001520240650356P_0000_00000000000_000003461004226, 3461004226; 89000020240000766001520240650357P_0000_00000000000_000003461004226, 3461004226; 89000020240000766001520240650358P_0000_00000000000_000003461004226, 3461004226; 89000020240000766001520240650359P_0000_00000000000_000003461004226, 3461004226; 89000020240000766001520240650360P_0000_00000000000_000003461004226, 3461004226; 89000020240000766001520240650361P_0000_00000000000_000003461004226, 3461004226; 89000020240000766001520240650362P_0000_00000000000_000003461004226, 3461004226; 89000020240000766001520240650363P_0000_00000000000_000003461004226, 3461004226; 89000020240000766001520240650364P_0000_00000000000_000003461004226, 3461004226; 89000020240000766001520240650365P_0000_00000000000_000003461004226, 3461004226; 89000020240000766001520240650366P_0000_00000000000_000003461004226, 3461004226; 89000020240000766001520240650367P_0000_00000000000_000003461004226, 3461004226; 89000020240000766001520240650368P_0000_00000000000_000003461004226, 3461004226; 89000020240000766001520240650369P_0000_00000000000_000003461004226, 3461004226; 89000020240000766001520240650370P_0000_00000000000_000003461004226, 3461004226; 89000020240000766001520240650371P_0000_00000000000_000003461004226, 3461004226; 89000020240000766001520240650372P_0000_00000000000_000003461004226, 3461004226; 89000020240000766001520240650373P_0000_00000000000_000003461004226, 3461004226; 89000020240000766001520240650374P_0000_00000000000_000003461004226, 3461004226; 89000020240000766001520240650375P_0000_00000000000_000003461004226, 3461004226; 89000020240000766001520240650376P_0000_00000000000_000003461004226, 3461004226; 89000020240000766001520240650377P_0000_00000000000_000003461004226, 3461004226; 89000020240000766001520240650378P_0000_00000000000_000003461004226, 3461004226; 89000020240000766001520240650379P_0000_00000000000_000003461004226, 3461004226; 89000020240000766001520240650380P_0000_00000000000_000003461004226, 3461004226; 89000020240000766001520240650381P_0000_00000000000_000003461004226, 3461004226; 89000020240000766001520240650382P_0000_00000000000_000003461004226, 3461004226; 89000020240000766001520240650383P_0000_00000000000_000003461004226, 3461004226; 89000020240000766001520240650384P_0000_00000000000_000003461004226, 3461004226; 89000020240000766001520240650385P_0000_00000000000_000003461004226, 3461004226; 89000020240000766001520240650386P_0000_00000000000_000003461004226, 3461004226; 89000020240000766001520240650387P_0000_00000000000_000003461004226, 3461004226; 89000020240000766001520240650388P_0000_00000000000_000003461004226, 3461004226; 89000020240000766001520240650389P_0000_00000000000_000003461004226, 3461004226; 89000020240000766001520240650390P_0000_00000000000_000003461004226, 3461004226; 89000020240000766001520240650391P_0000_00000000000_000003461004226, 3461004226; 89000020240000766001520240650392P_0000_00000000000_000003461004226, 3461004226; 89000020240000766001520240650393P_0000_00000000000_000003461004226, 3461004226; 89000020240000766001520240650394P_0000_00000000000_000003461004226, 3461004226; 89000020240000766001520240650396P_0000_00000000000_000003461004226, 3461004226; 89000020240000766001520240650397P_0000_00000000000_000003461004226, 3461004226; 89000020240000766001520240650398P_0000_00000000000_000003461004226, 3461004226; 89000020240000766001520240650399P_0000_00000000000_000003461004226, 3461004226; 89000020240000766001520240650400P_0000_00000000000_000003461004226, 3461004226; 89000020240000766001520240650401P_0000_00000000000_000003461004226, 3461004226; 89000020240000766001520240650402P_0000_00000000000_000003461004226, 3461004226; 89000020240000766001520240650403P_0000_00000000000_000003461004226, 3461004226; 89000020240000766001520240650404P_0000_00000000000_000003461004226, 3461004226; 89000020240000766001520240650405P_0000_00000000000_000003461004226, 3461004226; 89000020240000766001520240650406P_0000_00000000000_000003461004226, 3461004226; 89000020240000766001520240650407P_0000_00000000000_000003461004226, 3461004226; 89000020240000766001520240650408P_0000_00000000000_000003461004226, 3461004226; 89000020240000766001520240650409P_0000_00000000000_000003461004226, 3461004226; 89000020240000766001520240650410P_0000_00000000000_000003461004226, 3461004226; 89000020240000766001520240650411P_0000_00000000000_000003461004226, 3461004226; 89000020240000766001520240650412P_0000_00000000000_000003461004226, 3461004226; 89000020240000766001520240650413P_0000_00000000000_000003461004226, 3461004226; 89000020240000766001520240650414P_0000_00000000000_000003461004226, 3461004226; 89000020240000766001520240650415P_0000_00000000000_000003461004226, 3461004226; 89000020240000766001520240650416P_0000_00000000000_000003461004226, 3461004226; 89000020240000766001520240650417P_0000_00000000000_000003461004226, 3461004226; 89000020240000766001520240650418P_0000_00000000000_000003461004226, 3461004226; 89000020240000766001520240650419P_0000_00000000000_000003461004226, 3461004226; 89000020240000766001520240650420P_0000_00000000000_000003461004226, 3461004226; 89000020240000766001520240650421P_0000_00000000000_000003461004226, 3461004226; 89000020240000766001520240650422P_0000_00000000000_000003461004226, 3461004226; 89000020240000766001520240650423P_0000_00000000000_000003461004226, 3461004226; 89000020240000766001520240650424P_0000_00000000000_000003461004226, 3461004226; 89000020240000766001520240650425P_0000_00000000000_000003461004226, 3461004226; 89000020240000766001520240650426P_0000_00000000000_000003461004226, 3461004226; 89000020240000766001520240650427P_0000_00000000000_000003461004226, 3461004226; 89000020240000766001520240650428P_0000_00000000000_000003461004226, 3461004226; 89000020240000766001520240650429P_0000_00000000000_000003461004226, 3461004226; 89000020240000766001520240650431P_0000_00000000000_000003461004226, 3461004226; 89000020240000766001520240650432P_0000_00000000000_000003461004226, 3461004226; 89000020240000766001520240650433P_0000_00000000000_000003461004226, 3461004226; 89000020240000766001520240650434P_0000_00000000000_000003461004226, 3461004226; 89000020240000766001520240650435P_0000_00000000000_000003461004226, 3461004226; 89000020240000766001520240650436P_0000_00000000000_000003461004226, 3461004226; 89000020240000766001520240650476P_0000_00000000000_000003461004226, 3461004226; 89000020240000766001520240650477P_0000_00000000000_000003461004226, 3461004226; 89000020240000766001520240650478P_0000_00000000000_000003461004226, 3461004226; 89000020240000766001520240650479P_0000_00000000000_000003461004226, 3461004226; 89000020240000766001520240650480P_0000_00000000000_000003461004226, 3461004226; 89000020240000766001520240650481P_0000_00000000000_000003461004226, 3461004226; 89000020240000766001520240650482P_0000_00000000000_000003461004226, 3461004226; 89000020240000766001520240650483P_0000_00000000000_000003461004226, 3461004226; 89000020240000766001520240650484P_0000_00000000000_000003461004226, 3461004226; 89000020240000766001520240650485P_0000_00000000000_000003461004226, 3461004226; 89000020240000766001520240650486P_0000_00000000000_000003461004226, 3461004226; 89000020240000766001520240650487P_0000_00000000000_000003461004226, 3461004226; 89000020240000766001520240650488P_0000_00000000000_000003461004226, 3461004226; 89000020240000766001520240650489P_0000_00000000000_000003461004226, 3461004226; 89000020240000766001520240650490P_0000_00000000000_000003461004226, 3461004226; 89000020240000766001520240650491P_0000_00000000000_000003461004226, 3461004226; 89000020240000766001520240650492P_0000_00000000000_000003461004226, 3461004226; 89000020240000766001520240650493P_0000_00000000000_000003461004226, 3461004226; 89000020240000766001520240650494P_0000_00000000000_000003461004226, 3461004226; 89000020240000766001520240650495P_0000_00000000000_000003461004226, 3461004226; 89000020240000766001520240650496P_0000_00000000000_000003461004226, 3461004226; 89000020240000766001520240650497P_0000_00000000000_000003461004226, 3461004226; 89000020240000766001520240650498P_0000_00000000000_000003461004226, 3461004226; 89000020240000766001520240650499P_0000_00000000000_000003461004226, 3461004226; 89000020240000766001520240650500P_0000_00000000000_000003461004226, 3461004226; 89000020240000766001520240650501P_0000_00000000000_000003461004226, 3461004226; 89000020240000766001520240650502P_0000_00000000000_000003461004226, 3461004226; 89000020240000766001520240650503P_0000_00000000000_000003461004226, 3461004226; 89000020240000766001520240650504P_0000_00000000000_000003461004226, 3461004226; 89000020240000766001520240650505P_0000_00000000000_000003461004226, 3461004226; 89000020240000766001520240650506P_0000_00000000000_000003461004226, 3461004226; 89000020240000766001520240650507P_0000_00000000000_000003461004226, 3461004226; 89000020240000766001520240650508P_0000_00000000000_000003461004226, 3461004226; 89000020240000766001520240650509P_0000_00000000000_000003461004226, 3461004226; 89000020240000766001520240650510P_0000_00000000000_000003461004226, 3461004226; 89000020240000766001520240650511P_0000_00000000000_000003461004226, 3461004226; 89000020240000766001520240650512P_0000_00000000000_000003461004226, 3461004226; 89000020240000766001520240650513P_0000_00000000000_000003461004226, 3461004226; 89000020240000766001520240650514P_0000_00000000000_000003461004226, 3461004226; 89000020240000766001520240650515P_0000_00000000000_000003461004226, 3461004226; 89000020240000766001520240650516P_0000_00000000000_000003461004226, 3461004226; 89000020240000766001520240650517P_0000_00000000000_000003461004226, 3461004226; 89000020240000766001520240650518P_0000_00000000000_000003461004226, 3461004226; 89000020240000766001520240650519P_0000_00000000000_000003461004226, 3461004226; 89000020240000766001520240650520P_0000_00000000000_000003461004226, 3461004226; 89000020240000766001520240650521P_0000_00000000000_000003461004226, 3461004226; 89000020240000766001520240650522P_0000_00000000000_000003461004226, 3461004226; 89000020240000766001520240650523P_0000_00000000000_000003461004226, 3461004226; 89000020240000766001520240650524P_0000_00000000000_000003461004226, 3461004226; 89000020240000766001520240650525P_0000_00000000000_000003461004226, 3461004226; 89000020240000766001520240650526P_0000_00000000000_000003461004226, 3461004226; 89000020240000766001520240650527P_0000_00000000000_000003461004226, 3461004226; 89000020240000766001520240650528P_0000_00000000000_000003461004226, 3461004226; 89000020240000766001520240650529P_0000_00000000000_000003461004226, 3461004226; 89000020240000766001520240650530P_0000_00000000000_000003461004226, 3461004226; 89000020240000766001520240650531P_0000_00000000000_000003461004226, 3461004226; 89000020240000766001520240650532P_0000_00000000000_000003461004226, 3461004226; 89000020240000766001520240650533P_0000_00000000000_000003461004226, 3461004226; 89000020240000766001520240650534P_0000_00000000000_000003461004226, 3461004226; 89000020240000766001520240650535P_0000_00000000000_000003461004226, 3461004226; 89000020240000766001520240650536P_0000_00000000000_000003461004226, 3461004226; 89000020240000766001520240650537P_0000_00000000000_000003461004226, 3461004226; 89000020240000766001520240650538P_0000_00000000000_000003461004226, 3461004226; 89000020240000766001520240650539P_0000_00000000000_000003461004226, 3461004226; 89000020240000766001520240650540P_0000_00000000000_000003461004226, 3461004226; 89000020240000766001520240650541P_0000_00000000000_000003461004226, 3461004226; 89000020240000766001520240650542P_0000_00000000000_000003461004226, 3461004226; 89000020240000766001520240650543P_0000_00000000000_000003461004226, 3461004226; 89000020240000766001520240650544P_0000_00000000000_000003461004226, 3461004226; 89000020240000766001520240650545P_0000_00000000000_000003461004226, 3461004226; 89000020240000766001520240650546P_0000_00000000000_000003461004226, 3461004226; 89000020240000766001520240650547P_0000_00000000000_000003461004226, 3461004226; 89000020240000766001520240650548P_0000_00000000000_000003461004226, 3461004226; 89000020240000766001520240650549P_0000_00000000000_000003461004226, 3461004226; 89000020240000766001520240650550P_0000_00000000000_000003461004226, 3461004226; 89000020240000766001520240650551P_0000_00000000000_000003461004226, 3461004226; 89000020240000766001520240650552P_0000_00000000000_000003461004226, 3461004226; 89000020240000766001520240650553P_0000_00000000000_000003461004226, 3461004226; 89000020240000766001520240650554P_0000_00000000000_000003461004226, 3461004226; 89000020240000766001520240650555P_0000_00000000000_000003461004226, 3461004226; 89000020240000766001520240650556P_0000_00000000000_000003461004226, 3461004226; 89000020240000766001520240650557P_0000_00000000000_000003461004226, 3461004226; 89000020240000766001520240650558P_0000_00000000000_000003461004226, 3461004226; 89000020240000766001520240650559P_0000_00000000000_000003461004226, 3461004226; 89000020240000766001520240650560P_0000_00000000000_000003461004226, 3461004226; 89000020240000766001520240650561P_0000_00000000000_000003461004226, 3461004226; 89000020240000766001520240650562P_0000_00000000000_000003461004226, 3461004226; 89000020240000766001520240650563P_0000_00000000000_000003461004226, 3461004226; 89000020240000766001520240650564P_0000_00000000000_000003461004226, 3461004226; 89000020240000766001520240650565P_0000_00000000000_000003461004226, 3461004226; 89000020240000766001520240650566P_0000_00000000000_000003461004226, 3461004226; 89000020240000766001520240650567P_0000_00000000000_000003461004226, 3461004226; 89000020240000766001520240650568P_0000_00000000000_000003461004226, 3461004226; 89000020240000766001520240650569P_0000_00000000000_000003461004226, 3461004226; 89000020240000766001520240650783P_0000_00000000000_000003461004226, 3461004226; 89000020240000766001520240650784P_0000_00000000000_000003461004226, 3461004226; 89000020240000766001520240650785P_0000_00000000000_000003461004226, 3461004226; 89000020240000766001520240650786P_0000_00000000000_000003461004226, 3461004226; 89000020240000766001520240650787P_0000_00000000000_000003461004226, 3461004226; 89000020240000766001520240650788P_0000_00000000000_000003461004226, 3461004226; 89000020240000766001520240650851P_0000_00000000000_000003461004226, 3461004226; 89000020240000766001520240650853P_0000_00000000000_000003461004226, 3461004226; 89000020240000766001520240650865P_0000_00000000000_000003461004226, 3461004226; 89000020240000766001520240650868P_0000_00000000000_000003461004226, 3461004226; 89000020240000766001520240650869P_0000_00000000000_000003461004226, 3461004226; 89000020240000766001520240650873P_0000_00000000000_000003461004226, 3461004226; 89000020240000766001520240650875P_0000_00000000000_000003461004226, 3461004226; 89000020240000766001520240650930P_0000_00000000000_000003461004226, 3461004226; 89000020240000766001520240650947P_0000_00000000000_000003461004226, 3461004226; 89000020240000766001520240650948P_0000_00000000000_000003461004226, 3461004226; 89000020240000766001520240650949P_0000_00000000000_000003461004226, 3461004226; 89000020240000766001520240650950P_0000_00000000000_000003461004226, 3461004226; 89000020240000766001520240650951P_0000_00000000000_000003461004226, 3461004226; 89000020240000766001520240650952P_0000_00000000000_000003461004226, 3461004226; 89000020240000766001520240650953P_0000_00000000000_000003461004226, 3461004226; 89000020240000766001520240650954P_0000_00000000000_000003461004226, 3461004226; 89000020240000766001520240650955P_0000_00000000000_000003461004226, 3461004226; 89000020240000766001520240650956P_0000_00000000000_000003461004226, 3461004226; 89000020240000766001520240650957P_0000_00000000000_000003461004226, 3461004226; 89000020240000766001520240650958P_0000_00000000000_000003461004226, 3461004226; 89000020240000766001520240650959P_0000_00000000000_000003461004226, 3461004226; 89000020240000766001520240650960P_0000_00000000000_000003461004226, 3461004226; 89000020240000766001520240650961P_0000_00000000000_000003461004226, 3461004226; 89000020240000766001520240650962P_0000_00000000000_000003461004226, 3461004226; 89000020240000766001520240650968P_0000_00000000000_000003461004226, 3461004226; 89000020240000766001520240650969P_0000_00000000000_000003461004226, 3461004226; 89000020240000766001520240650970P_0000_00000000000_000003461004226, 3461004226; 89000020240000766001520240650971P_0000_00000000000_000003461004226, 3461004226; 89000020240000766001520240650972P_0000_00000000000_000003461004226, 3461004226; 89000020240000766001520240650973P_0000_00000000000_000003461004226, 3461004226; 89000020240000766001520240650974P_0000_00000000000_000003461004226, 3461004226; 89000020240000766001520240650975P_0000_00000000000_000003461004226, 3461004226; 89000020240000766001520240650976P_0000_00000000000_000003461004226, 3461004226; 89000020240000766001520240650978P_0000_00000000000_000003461004226, 3461004226; 89000020240000766001520240650979P_0000_00000000000_000003461004226, 3461004226; 89000020240000766001520240650980P_0000_00000000000_000003461004226, 3461004226; 89000020240000766001520240650981P_0000_00000000000_000003461004226, 3461004226; 89000020240000766001520240650982P_0000_00000000000_000003461004226, 3461004226; 89000020240000766001520240650983P_0000_00000000000_000003461004226, 3461004226; 89000020240000766001520240650984P_0000_00000000000_000003461004226, 3461004226; 89000020240000766001520240650985P_0000_00000000000_000003461004226, 3461004226; 89000020240000766001520240650986P_0000_00000000000_000003461004226, 3461004226; 89000020240000766001520240650987P_0000_00000000000_000003461004226, 3461004226; 89000020240000766001520240650988P_0000_00000000000_000003461004226, 3461004226; 89000020240000766001520240650989P_0000_00000000000_000003461004226, 3461004226; 89000020240000766001520240650990P_0000_00000000000_000003461004226, 3461004226; 89000020240000766001520240650991P_0000_00000000000_000003461004226, 3461004226; 89000020240000766001520240650992P_0000_00000000000_000003461004226, 3461004226; 89000020240000766001520240650993P_0000_00000000000_000003461004226, 3461004226; 89000020240000766001520240650994P_0000_00000000000_000003461004226, 3461004226; 89000020240000766001520240650995P_0000_00000000000_000003461004226, 3461004226; 89000020240000766001520240650996P_0000_00000000000_000003461004226, 3461004226; 89000020240000766001520240650997P_0000_00000000000_000003461004226, 3461004226; 89000020240000766001520240650998P_0000_00000000000_000003461004226, 3461004226; 89000020240000766001520240650999P_0000_00000000000_000003461004226, 3461004226; 89000020240000766001520240651000P_0000_00000000000_000003461004226, 3461004226; 89000020240000766001520240651001P_0000_00000000000_000003461004226, 3461004226; 89000020240000766001520240651002P_0000_00000000000_000003461004226, 3461004226; 89000020240000766001520240651003P_0000_00000000000_000003461004226, 3461004226; 89000020240000766001520240651004P_0000_00000000000_000003461004226, 3461004226; 89000020240000766001520240651005P_0000_00000000000_000003461004226, 3461004226; 89000020240000766001520240651006P_0000_00000000000_000003461004226, 3461004226; 89000020240000766001520240651020P_0000_00000000000_000003461004226, 3461004226; 89000020240000766001520240651095P_0000_00000000000_000003461004226, 3461004226; 89000020240000766001520240651174P_0000_00000000000_000003461004226, 3461004226; 89000020240000766001520240651175P_0000_00000000000_000003461004226, 3461004226; 89000020240000766001520240651177P_0000_00000000000_000003461004226, 3461004226; 89000020240000766001520240651179P_0000_00000000000_000003461004226, 3461004226; 89000020240000766001520240651180P_0000_00000000000_000003461004226, 3461004226; 89000020240000766001520240651187P_0000_00000000000_000003461004226, 3461004226; 89000020240000766001520240651188P_0000_00000000000_000003461004226, 3461004226; 89000020240000766001520240651189P_0000_00000000000_000003461004226, 3461004226; 89000020240000766001520240651190P_0000_00000000000_000003461004226, 3461004226; 89000020240000766001520240651192P_0000_00000000000_000003461004226, 3461004226; 89000020240000766001520240651193P_0000_00000000000_000003461004226, 3461004226; 89000020240000766001520240651194P_0000_00000000000_000003461004226, 3461004226; 89000020240000766001520240651195P_0000_00000000000_000003461004226, 3461004226; 89000020240000766001520240651196P_0000_00000000000_000003461004226, 3461004226; 89000020240000766001520240651197P_0000_00000000000_000003461004226, 3461004226; 89000020240000766001520240651198P_0000_00000000000_000003461004226, 3461004226; 89000020240000766001520240651199P_0000_00000000000_000003461004226, 3461004226; 89000020240000766001520240651200P_0000_00000000000_000003461004226, 3461004226; 89000020240000766001520240651201P_0000_00000000000_000003461004226, 3461004226; 89000020240000766001520240651202P_0000_00000000000_000003461004226, 3461004226; 89000020240000766001520240651203P_0000_00000000000_000003461004226, 3461004226; 89000020240000766001520240651204P_0000_00000000000_000003461004226, 3461004226; 89000020240000766001520240651307P_0000_00000000000_000003461004226, 3461004226; 89000020240000766001520240651409P_0000_00000000000_000003461004226, 3461004226; 89000020240000766001520240651410P_0000_00000000000_000003461004226, 3461004226; 89000020240000766001520240651411P_0000_00000000000_000003461004226, 3461004226; 89000020240000766001520240651412P_0000_00000000000_000003461004226, 3461004226; 89000020240000766001520240651444P_0000_00000000000_000003461004226, 3461004226; 89000020240000766001520240651449P_0000_00000000000_000003461004226, 3461004226; 89000020240000766001520240651453P_0000_00000000000_000003461004226, 3461004226; 89000020240000766001520240651454P_0000_00000000000_000003461004226, 3461004226; 89000020240000766001520240651455P_0000_00000000000_000003461004226, 3461004226; 89000020240000766001520240651456P_0000_00000000000_000003461004226, 3461004226; 89000020240000766001520240651464P_0000_00000000000_000003461004226, 3461004226; 89000020240000766001520240651468P_0000_00000000000_000003461004226, 3461004226; 89000020240000766001520240651470P_0000_00000000000_000003461004226, 3461004226; 89000020240000766001520240651471P_0000_00000000000_000003461004226, 3461004226; 89000020240000766001520240651473P_0000_00000000000_000003461004226, 3461004226; 89000020240000766001520240651474P_0000_00000000000_000003461004226, 3461004226; 89000020240000766001520240651475P_0000_00000000000_000003461004226, 3461004226; 89000020240000766001520240651476P_0000_00000000000_000003461004226, 3461004226; 89000020240000766001520240651477P_0000_00000000000_000003461004226, 3461004226; 89000020240000766001520240651643P_0000_00000000000_000003461004226, 3461004226; 89000020240000766001520240651644P_0000_00000000000_000003461004226, 3461004226; 89000020240000766001520240651645P_0000_00000000000_000003461004226, 3461004226; 89000020240000766001520240651684P_0000_00000000000_000003461004226, 3461004226; 89000020240000766001520240651693P_0000_00000000000_000003461004226, 3461004226; 89000020240000766001520240651694P_0000_00000000000_000003461004226, 3461004226; 89000020240000766001520240651695P_0000_00000000000_000003461004226, 3461004226; 89000020240000766001520240651696P_0000_00000000000_000003461004226, 3461004226; 89000020240000766001520240651697P_0000_00000000000_000003461004226, 3461004226; 89000020240000766001520240651698P_0000_00000000000_000003461004226, 3461004226; 89000020240000766001520240651699P_0000_00000000000_000003461004226, 3461004226; 89000020240000766001520240651700P_0000_00000000000_000003461004226, 3461004226; 89000020240000766001520240651701P_0000_00000000000_000003461004226, 3461004226; 89000020240000766001520240651702P_0000_00000000000_000003461004226, 3461004226; 89000020240000766001520240651706P_0000_00000000000_000003461004226, 3461004226; 89000020240000766001520240651707P_0000_00000000000_000003461004226, 3461004226; 89000020240000766001520240651708P_0000_00000000000_000003461004226, 3461004226; 89000020240000766001520240651709P_0000_00000000000_000003461004226, 3461004226; 89000020240000766001520240651710P_0000_00000000000_000003461004226, 3461004226; 89000020240000766001520240651711P_0000_00000000000_000003461004226, 3461004226; 89000020240000766001520240651712P_0000_00000000000_000003461004226, 3461004226; 89000020240000766001520240651713P_0000_00000000000_000003461004226, 3461004226; 89000020240000766001520240651714P_0000_00000000000_000003461004226, 3461004226; 89000020240000766001520240651715P_0000_00000000000_000003461004226, 3461004226; 89000020240000766001520240651716P_0000_00000000000_000003461004226, 3461004226; 89000020240000766001520240651717P_0000_00000000000_000003461004226, 3461004226; 89000020240000766001520240651718P_0000_00000000000_000003461004226, 3461004226; 89000020240000766001520240651719P_0000_00000000000_000003461004226, 3461004226; 89000020240000766001520240651720P_0000_00000000000_000003461004226, 3461004226; 89000020240000766001520240651721P_0000_00000000000_000003461004226, 3461004226; 89000020240000766001520240651722P_0000_00000000000_000003461004226, 3461004226; 89000020240000766001520240651723P_0000_00000000000_000003461004226, 3461004226; 89000020240000766001520240651727P_0000_00000000000_000003461004226, 3461004226; 89000020240000766001520240651728P_0000_00000000000_000003461004226, 3461004226; 89000020240000766
B110: 2025-10-31 | C110: MIS_B9000_C0040 | D110: MISSINGS | E110: Validar que não existem registos por preencher (Missings) | F110: BU_LOANTAPE_WORK.OUT_B9000_COUNTERPARTIES | G110: 0040_CNTRPRTY_NM | H110: 4740 | I110: 2 | J110: PTBSREOM0028, Not applicable; PTCPP0AM0007, Not applicable
B111: 2025-10-31 | C111: MIS_B9000_C0050 | D111: MISSINGS | E111: Validar que não existem registos por preencher (Missings) | F111: BU_LOANTAPE_WORK.OUT_B9000_COUNTERPARTIES | G111: 0050_CNTRPRTY_LEI | H111: 4740 | I111: 0
B112: 2025-10-31 | C112: MIS_B9000_C0060 | D112: MISSINGS | E112: Validar que não existem registos por preencher (Missings) | F112: BU_LOANTAPE_WORK.OUT_B9000_COUNTERPARTIES | G112: 0060_TYP_CNTRPRTY_ID | H112: 4740 | I112: 0
B113: 2025-10-31 | C113: MIS_B9000_C0070 | D113: MISSINGS | E113: Validar que não existem registos por preencher (Missings) | F113: BU_LOANTAPE_WORK.OUT_B9000_COUNTERPARTIES | G113: 0070_CNTRPRTY_ID | H113: 4740 | I113: 0
B114: 2025-10-31 | C114: MIS_B9000_C0080 | D114: MISSINGS | E114: Validar que não existem registos por preencher (Missings) | F114: BU_LOANTAPE_WORK.OUT_B9000_COUNTERPARTIES | G114: 0080_CNTRPRTY_TYP | H114: 4740 | I114: 0
B115: 2025-10-31 | C115: MIS_B9000_C0090 | D115: MISSINGS | E115: Validar que não existem registos por preencher (Missings) | F115: BU_LOANTAPE_WORK.OUT_B9000_COUNTERPARTIES | G115: 0090_CNTRY_CNTRPRTY | H115: 4740 | I115: 0
B116: 2025-10-31 | C116: MIS_B9000_C0100 | D116: MISSINGS | E116: Validar que não existem registos por preencher (Missings) | F116: BU_LOANTAPE_WORK.OUT_B9000_COUNTERPARTIES | G116: 0100_RLVNT_AMNT_WDC | H116: 4740 | I116: 4740 | J116: PTBSRDOM0037, 0000003686; PTBSREOM0028, Not applicable; PTCPP0AM0007, Not applicable; PTCPP0AM0007, 0000003686; PTCPP0AM0007, 5100011001; PTSTOCOM0007, 0000003686; PTSTOEOM0021, 0000003686; PTSTOFOM0004, 0000003686; PTSTOGOM0003, 0000003686; PTSTOHOM0002, 0000003686; 31000000000000000962304890482490P_0000_00000000000_000006511000505, 6511000505; 31000304140330096000000000000000P_0000_00000000000_000000000003686, 0000003686; 31000307044893096000000000000000P_0000_00000000000_000000000003686, 0000003686; 31000307530917096000000000000000P_0000_00000000000_000000000003686, 0000003686; 31000311450813096000000000000000P_0000_00000000000_000000000003686, 0000003686; 31000311847794096000000000000000P_0000_00000000000_000000000003686, 0000003686; 31000313517171096000000000000000P_0000_00000000000_000000000003686, 0000003686; 31000315970006096000000000000000P_0000_00000000000_000000000003686, 0000003686; 31000315970121096000000000000000P_0000_00000000000_000000000003686, 0000003686; 31000315970139096000000000000000P_0000_00000000000_000000000003686, 0000003686; 31000315970188096000000000000000P_0000_00000000000_000000000003686, 0000003686; 31000315970212096000000000000000P_0000_00000000000_000000000003686, 0000003686; 31000315970238096000000000000000P_0000_00000000000_000000000003686, 0000003686; 31000315970261096000000000000000P_0000_00000000000_000000000003686, 0000003686; 31000315970279096000000000000000P_0000_00000000000_000000000003686, 0000003686; 31000315970311096000000000000000P_0000_00000000000_000000000003686, 0000003686; 31000315970329096000000000000000P_0000_00000000000_000000000003686, 0000003686; 31000315970345096000000000000000P_0000_00000000000_000000000003686, 0000003686; 31000315970402096000000000000000P_0000_00000000000_000000000003686, 0000003686; 31000315970428096000000000000000P_0000_00000000000_000000000003686, 0000003686; 31000315970469096000000000000000P_0000_00000000000_000000000003686, 0000003686; 31000315979890096000000000000000P_0000_00000000000_000006511000505, 6511000505; 31000318293090097000000000000000P_0000_00000000000_000008000176024, 8000176024; 31000318542009097000000000000000P_0000_00000000000_000006511000505, 6511000505; 31000318628196097000000000000000P_0000_00000000000_000006511000505, 6511000505; 31000318628592097000000000000000P_0000_00000000000_000008000176024, 8000176024; 31000318629012097000000000000000P_0000_00000000000_000008000176024, 8000176024; 31000318636603097000000000000000P_0000_00000000000_000008000176024, 8000176024; 31000318637213097000000000000000P_0000_00000000000_000008000176024, 8000176024; 31000322311418096000000000000000P_0000_00000000000_000000000003686, 0000003686; 89000020240000766001520240649818P_0000_00000000000_000003461004226, 3461004226; 89000020240000766001520240649824P_0000_00000000000_000003461004226, 3461004226; 89000020240000766001520240649825P_0000_00000000000_000003461004226, 3461004226; 89000020240000766001520240649826P_0000_00000000000_000003461004226, 3461004226; 89000020240000766001520240649827P_0000_00000000000_000003461004226, 3461004226; 89000020240000766001520240649838P_0000_00000000000_000003461004226, 3461004226; 89000020240000766001520240649839P_0000_00000000000_000003461004226, 3461004226; 89000020240000766001520240649873P_0000_00000000000_000003461004226, 3461004226; 89000020240000766001520240649874P_0000_00000000000_000003461004226, 3461004226; 89000020240000766001520240649875P_0000_00000000000_000003461004226, 3461004226; 89000020240000766001520240649894P_0000_00000000000_000003461004226, 3461004226; 89000020240000766001520240649898P_0000_00000000000_000003461004226, 3461004226; 89000020240000766001520240649899P_0000_00000000000_000003461004226, 3461004226; 89000020240000766001520240649900P_0000_00000000000_000003461004226, 3461004226; 89000020240000766001520240649901P_0000_00000000000_000003461004226, 3461004226; 89000020240000766001520240649909P_0000_00000000000_000003461004226, 3461004226; 89000020240000766001520240649910P_0000_00000000000_000003461004226, 3461004226; 89000020240000766001520240649911P_0000_00000000000_000003461004226, 3461004226; 89000020240000766001520240649912P_0000_00000000000_000003461004226, 3461004226; 89000020240000766001520240649913P_0000_00000000000_000003461004226, 3461004226; 89000020240000766001520240649914P_0000_00000000000_000003461004226, 3461004226; 89000020240000766001520240649915P_0000_00000000000_000003461004226, 3461004226; 89000020240000766001520240649916P_0000_00000000000_000003461004226, 3461004226; 89000020240000766001520240649917P_0000_00000000000_000003461004226, 3461004226; 89000020240000766001520240649918P_0000_00000000000_000003461004226, 3461004226; 89000020240000766001520240649919P_0000_00000000000_000003461004226, 3461004226; 89000020240000766001520240649920P_0000_00000000000_000003461004226, 3461004226; 89000020240000766001520240649921P_0000_00000000000_000003461004226, 3461004226; 89000020240000766001520240649942P_0000_00000000000_000003461004226, 3461004226; 89000020240000766001520240649943P_0000_00000000000_000003461004226, 3461004226; 89000020240000766001520240649944P_0000_00000000000_000003461004226, 3461004226; 89000020240000766001520240649945P_0000_00000000000_000003461004226, 3461004226; 89000020240000766001520240649946P_0000_00000000000_000003461004226, 3461004226; 89000020240000766001520240650004P_0000_00000000000_000003461004226, 3461004226; 89000020240000766001520240650005P_0000_00000000000_000003461004226, 3461004226; 89000020240000766001520240650006P_0000_00000000000_000003461004226, 3461004226; 89000020240000766001520240650007P_0000_00000000000_000003461004226, 3461004226; 89000020240000766001520240650008P_0000_00000000000_000003461004226, 3461004226; 89000020240000766001520240650009P_0000_00000000000_000003461004226, 3461004226; 89000020240000766001520240650010P_0000_00000000000_000003461004226, 3461004226; 89000020240000766001520240650011P_0000_00000000000_000003461004226, 3461004226; 89000020240000766001520240650116P_0000_00000000000_000003461004226, 3461004226; 89000020240000766001520240650192P_0000_00000000000_000003461004226, 3461004226; 89000020240000766001520240650202P_0000_00000000000_000003461004226, 3461004226; 89000020240000766001520240650203P_0000_00000000000_000003461004226, 3461004226; 89000020240000766001520240650204P_0000_00000000000_000003461004226, 3461004226; 89000020240000766001520240650205P_0000_00000000000_000003461004226, 3461004226; 89000020240000766001520240650206P_0000_00000000000_000003461004226, 3461004226; 89000020240000766001520240650207P_0000_00000000000_000003461004226, 3461004226; 89000020240000766001520240650208P_0000_00000000000_000003461004226, 3461004226; 89000020240000766001520240650349P_0000_00000000000_000003461004226, 3461004226; 89000020240000766001520240650350P_0000_00000000000_000003461004226, 3461004226; 89000020240000766001520240650351P_0000_00000000000_000003461004226, 3461004226; 89000020240000766001520240650352P_0000_00000000000_000003461004226, 3461004226; 89000020240000766001520240650353P_0000_00000000000_000003461004226, 3461004226; 89000020240000766001520240650354P_0000_00000000000_000003461004226, 3461004226; 89000020240000766001520240650355P_0000_00000000000_000003461004226, 3461004226; 89000020240000766001520240650356P_0000_00000000000_000003461004226, 3461004226; 89000020240000766001520240650357P_0000_00000000000_000003461004226, 3461004226; 89000020240000766001520240650358P_0000_00000000000_000003461004226, 3461004226; 89000020240000766001520240650359P_0000_00000000000_000003461004226, 3461004226; 89000020240000766001520240650360P_0000_00000000000_000003461004226, 3461004226; 89000020240000766001520240650361P_0000_00000000000_000003461004226, 3461004226; 89000020240000766001520240650362P_0000_00000000000_000003461004226, 3461004226; 89000020240000766001520240650363P_0000_00000000000_000003461004226, 3461004226; 89000020240000766001520240650364P_0000_00000000000_000003461004226, 3461004226; 89000020240000766001520240650365P_0000_00000000000_000003461004226, 3461004226; 89000020240000766001520240650366P_0000_00000000000_000003461004226, 3461004226; 89000020240000766001520240650367P_0000_00000000000_000003461004226, 3461004226; 89000020240000766001520240650368P_0000_00000000000_000003461004226, 3461004226; 89000020240000766001520240650369P_0000_00000000000_000003461004226, 3461004226; 89000020240000766001520240650370P_0000_00000000000_000003461004226, 3461004226; 89000020240000766001520240650371P_0000_00000000000_000003461004226, 3461004226; 89000020240000766001520240650372P_0000_00000000000_000003461004226, 3461004226; 89000020240000766001520240650373P_0000_00000000000_000003461004226, 3461004226; 89000020240000766001520240650374P_0000_00000000000_000003461004226, 3461004226; 89000020240000766001520240650375P_0000_00000000000_000003461004226, 3461004226; 89000020240000766001520240650376P_0000_00000000000_000003461004226, 3461004226; 89000020240000766001520240650377P_0000_00000000000_000003461004226, 3461004226; 89000020240000766001520240650378P_0000_00000000000_000003461004226, 3461004226; 89000020240000766001520240650379P_0000_00000000000_000003461004226, 3461004226; 89000020240000766001520240650380P_0000_00000000000_000003461004226, 3461004226; 89000020240000766001520240650381P_0000_00000000000_000003461004226, 3461004226; 89000020240000766001520240650382P_0000_00000000000_000003461004226, 3461004226; 89000020240000766001520240650383P_0000_00000000000_000003461004226, 3461004226; 89000020240000766001520240650384P_0000_00000000000_000003461004226, 3461004226; 89000020240000766001520240650385P_0000_00000000000_000003461004226, 3461004226; 89000020240000766001520240650386P_0000_00000000000_000003461004226, 3461004226; 89000020240000766001520240650387P_0000_00000000000_000003461004226, 3461004226; 89000020240000766001520240650388P_0000_00000000000_000003461004226, 3461004226; 89000020240000766001520240650389P_0000_00000000000_000003461004226, 3461004226; 89000020240000766001520240650390P_0000_00000000000_000003461004226, 3461004226; 89000020240000766001520240650391P_0000_00000000000_000003461004226, 3461004226; 89000020240000766001520240650392P_0000_00000000000_000003461004226, 3461004226; 89000020240000766001520240650393P_0000_00000000000_000003461004226, 3461004226; 89000020240000766001520240650394P_0000_00000000000_000003461004226, 3461004226; 89000020240000766001520240650396P_0000_00000000000_000003461004226, 3461004226; 89000020240000766001520240650397P_0000_00000000000_000003461004226, 3461004226; 89000020240000766001520240650398P_0000_00000000000_000003461004226, 3461004226; 89000020240000766001520240650399P_0000_00000000000_000003461004226, 3461004226; 89000020240000766001520240650400P_0000_00000000000_000003461004226, 3461004226; 89000020240000766001520240650401P_0000_00000000000_000003461004226, 3461004226; 89000020240000766001520240650402P_0000_00000000000_000003461004226, 3461004226; 89000020240000766001520240650403P_0000_00000000000_000003461004226, 3461004226; 89000020240000766001520240650404P_0000_00000000000_000003461004226, 3461004226; 89000020240000766001520240650405P_0000_00000000000_000003461004226, 3461004226; 89000020240000766001520240650406P_0000_00000000000_000003461004226, 3461004226; 89000020240000766001520240650407P_0000_00000000000_000003461004226, 3461004226; 89000020240000766001520240650408P_0000_00000000000_000003461004226, 3461004226; 89000020240000766001520240650409P_0000_00000000000_000003461004226, 3461004226; 89000020240000766001520240650410P_0000_00000000000_000003461004226, 3461004226; 89000020240000766001520240650411P_0000_00000000000_000003461004226, 3461004226; 89000020240000766001520240650412P_0000_00000000000_000003461004226, 3461004226; 89000020240000766001520240650413P_0000_00000000000_000003461004226, 3461004226; 89000020240000766001520240650414P_0000_00000000000_000003461004226, 3461004226; 89000020240000766001520240650415P_0000_00000000000_000003461004226, 3461004226; 89000020240000766001520240650416P_0000_00000000000_000003461004226, 3461004226; 89000020240000766001520240650417P_0000_00000000000_000003461004226, 3461004226; 89000020240000766001520240650418P_0000_00000000000_000003461004226, 3461004226; 89000020240000766001520240650419P_0000_00000000000_000003461004226, 3461004226; 89000020240000766001520240650420P_0000_00000000000_000003461004226, 3461004226; 89000020240000766001520240650421P_0000_00000000000_000003461004226, 3461004226; 89000020240000766001520240650422P_0000_00000000000_000003461004226, 3461004226; 89000020240000766001520240650423P_0000_00000000000_000003461004226, 3461004226; 89000020240000766001520240650424P_0000_00000000000_000003461004226, 3461004226; 89000020240000766001520240650425P_0000_00000000000_000003461004226, 3461004226; 89000020240000766001520240650426P_0000_00000000000_000003461004226, 3461004226; 89000020240000766001520240650427P_0000_00000000000_000003461004226, 3461004226; 89000020240000766001520240650428P_0000_00000000000_000003461004226, 3461004226; 89000020240000766001520240650429P_0000_00000000000_000003461004226, 3461004226; 89000020240000766001520240650431P_0000_00000000000_000003461004226, 3461004226; 89000020240000766001520240650432P_0000_00000000000_000003461004226, 3461004226; 89000020240000766001520240650433P_0000_00000000000_000003461004226, 3461004226; 89000020240000766001520240650434P_0000_00000000000_000003461004226, 3461004226; 89000020240000766001520240650435P_0000_00000000000_000003461004226, 3461004226; 89000020240000766001520240650436P_0000_00000000000_000003461004226, 3461004226; 89000020240000766001520240650476P_0000_00000000000_000003461004226, 3461004226; 89000020240000766001520240650477P_0000_00000000000_000003461004226, 3461004226; 89000020240000766001520240650478P_0000_00000000000_000003461004226, 3461004226; 89000020240000766001520240650479P_0000_00000000000_000003461004226, 3461004226; 89000020240000766001520240650480P_0000_00000000000_000003461004226, 3461004226; 89000020240000766001520240650481P_0000_00000000000_000003461004226, 3461004226; 89000020240000766001520240650482P_0000_00000000000_000003461004226, 3461004226; 89000020240000766001520240650483P_0000_00000000000_000003461004226, 3461004226; 89000020240000766001520240650484P_0000_00000000000_000003461004226, 3461004226; 89000020240000766001520240650485P_0000_00000000000_000003461004226, 3461004226; 89000020240000766001520240650486P_0000_00000000000_000003461004226, 3461004226; 89000020240000766001520240650487P_0000_00000000000_000003461004226, 3461004226; 89000020240000766001520240650488P_0000_00000000000_000003461004226, 3461004226; 89000020240000766001520240650489P_0000_00000000000_000003461004226, 3461004226; 89000020240000766001520240650490P_0000_00000000000_000003461004226, 3461004226; 89000020240000766001520240650491P_0000_00000000000_000003461004226, 3461004226; 89000020240000766001520240650492P_0000_00000000000_000003461004226, 3461004226; 89000020240000766001520240650493P_0000_00000000000_000003461004226, 3461004226; 89000020240000766001520240650494P_0000_00000000000_000003461004226, 3461004226; 89000020240000766001520240650495P_0000_00000000000_000003461004226, 3461004226; 89000020240000766001520240650496P_0000_00000000000_000003461004226, 3461004226; 89000020240000766001520240650497P_0000_00000000000_000003461004226, 3461004226; 89000020240000766001520240650498P_0000_00000000000_000003461004226, 3461004226; 89000020240000766001520240650499P_0000_00000000000_000003461004226, 3461004226; 89000020240000766001520240650500P_0000_00000000000_000003461004226, 3461004226; 89000020240000766001520240650501P_0000_00000000000_000003461004226, 3461004226; 89000020240000766001520240650502P_0000_00000000000_000003461004226, 3461004226; 89000020240000766001520240650503P_0000_00000000000_000003461004226, 3461004226; 89000020240000766001520240650504P_0000_00000000000_000003461004226, 3461004226; 89000020240000766001520240650505P_0000_00000000000_000003461004226, 3461004226; 89000020240000766001520240650506P_0000_00000000000_000003461004226, 3461004226; 89000020240000766001520240650507P_0000_00000000000_000003461004226, 3461004226; 89000020240000766001520240650508P_0000_00000000000_000003461004226, 3461004226; 89000020240000766001520240650509P_0000_00000000000_000003461004226, 3461004226; 89000020240000766001520240650510P_0000_00000000000_000003461004226, 3461004226; 89000020240000766001520240650511P_0000_00000000000_000003461004226, 3461004226; 89000020240000766001520240650512P_0000_00000000000_000003461004226, 3461004226; 89000020240000766001520240650513P_0000_00000000000_000003461004226, 3461004226; 89000020240000766001520240650514P_0000_00000000000_000003461004226, 3461004226; 89000020240000766001520240650515P_0000_00000000000_000003461004226, 3461004226; 89000020240000766001520240650516P_0000_00000000000_000003461004226, 3461004226; 89000020240000766001520240650517P_0000_00000000000_000003461004226, 3461004226; 89000020240000766001520240650518P_0000_00000000000_000003461004226, 3461004226; 89000020240000766001520240650519P_0000_00000000000_000003461004226, 3461004226; 89000020240000766001520240650520P_0000_00000000000_000003461004226, 3461004226; 89000020240000766001520240650521P_0000_00000000000_000003461004226, 3461004226; 89000020240000766001520240650522P_0000_00000000000_000003461004226, 3461004226; 89000020240000766001520240650523P_0000_00000000000_000003461004226, 3461004226; 89000020240000766001520240650524P_0000_00000000000_000003461004226, 3461004226; 89000020240000766001520240650525P_0000_00000000000_000003461004226, 3461004226; 89000020240000766001520240650526P_0000_00000000000_000003461004226, 3461004226; 89000020240000766001520240650527P_0000_00000000000_000003461004226, 3461004226; 89000020240000766001520240650528P_0000_00000000000_000003461004226, 3461004226; 89000020240000766001520240650529P_0000_00000000000_000003461004226, 3461004226; 89000020240000766001520240650530P_0000_00000000000_000003461004226, 3461004226; 89000020240000766001520240650531P_0000_00000000000_000003461004226, 3461004226; 89000020240000766001520240650532P_0000_00000000000_000003461004226, 3461004226; 89000020240000766001520240650533P_0000_00000000000_000003461004226, 3461004226; 89000020240000766001520240650534P_0000_00000000000_000003461004226, 3461004226; 89000020240000766001520240650535P_0000_00000000000_000003461004226, 3461004226; 89000020240000766001520240650536P_0000_00000000000_000003461004226, 3461004226; 89000020240000766001520240650537P_0000_00000000000_000003461004226, 3461004226; 89000020240000766001520240650538P_0000_00000000000_000003461004226, 3461004226; 89000020240000766001520240650539P_0000_00000000000_000003461004226, 3461004226; 89000020240000766001520240650540P_0000_00000000000_000003461004226, 3461004226; 89000020240000766001520240650541P_0000_00000000000_000003461004226, 3461004226; 89000020240000766001520240650542P_0000_00000000000_000003461004226, 3461004226; 89000020240000766001520240650543P_0000_00000000000_000003461004226, 3461004226; 89000020240000766001520240650544P_0000_00000000000_000003461004226, 3461004226; 89000020240000766001520240650545P_0000_00000000000_000003461004226, 3461004226; 89000020240000766001520240650546P_0000_00000000000_000003461004226, 3461004226; 89000020240000766001520240650547P_0000_00000000000_000003461004226, 3461004226; 89000020240000766001520240650548P_0000_00000000000_000003461004226, 3461004226; 89000020240000766001520240650549P_0000_00000000000_000003461004226, 3461004226; 89000020240000766001520240650550P_0000_00000000000_000003461004226, 3461004226; 89000020240000766001520240650551P_0000_00000000000_000003461004226, 3461004226; 89000020240000766001520240650552P_0000_00000000000_000003461004226, 3461004226; 89000020240000766001520240650553P_0000_00000000000_000003461004226, 3461004226; 89000020240000766001520240650554P_0000_00000000000_000003461004226, 3461004226; 89000020240000766001520240650555P_0000_00000000000_000003461004226, 3461004226; 89000020240000766001520240650556P_0000_00000000000_000003461004226, 3461004226; 89000020240000766001520240650557P_0000_00000000000_000003461004226, 3461004226; 89000020240000766001520240650558P_0000_00000000000_000003461004226, 3461004226; 89000020240000766001520240650559P_0000_00000000000_000003461004226, 3461004226; 89000020240000766001520240650560P_0000_00000000000_000003461004226, 3461004226; 89000020240000766001520240650561P_0000_00000000000_000003461004226, 3461004226; 89000020240000766001520240650562P_0000_00000000000_000003461004226, 3461004226; 89000020240000766001520240650563P_0000_00000000000_000003461004226, 3461004226; 89000020240000766001520240650564P_0000_00000000000_000003461004226, 3461004226; 89000020240000766001520240650565P_0000_00000000000_000003461004226, 3461004226; 89000020240000766001520240650566P_0000_00000000000_000003461004226, 3461004226; 89000020240000766001520240650567P_0000_00000000000_000003461004226, 3461004226; 89000020240000766001520240650568P_0000_00000000000_000003461004226, 3461004226; 89000020240000766001520240650569P_0000_00000000000_000003461004226, 3461004226; 89000020240000766001520240650783P_0000_00000000000_000003461004226, 3461004226; 89000020240000766001520240650784P_0000_00000000000_000003461004226, 3461004226; 89000020240000766001520240650785P_0000_00000000000_000003461004226, 3461004226; 89000020240000766001520240650786P_0000_00000000000_000003461004226, 3461004226; 89000020240000766001520240650787P_0000_00000000000_000003461004226, 3461004226; 89000020240000766001520240650788P_0000_00000000000_000003461004226, 3461004226; 89000020240000766001520240650851P_0000_00000000000_000003461004226, 3461004226; 89000020240000766001520240650853P_0000_00000000000_000003461004226, 3461004226; 89000020240000766001520240650865P_0000_00000000000_000003461004226, 3461004226; 89000020240000766001520240650868P_0000_00000000000_000003461004226, 3461004226; 89000020240000766001520240650869P_0000_00000000000_000003461004226, 3461004226; 89000020240000766001520240650873P_0000_00000000000_000003461004226, 3461004226; 89000020240000766001520240650875P_0000_00000000000_000003461004226, 3461004226; 89000020240000766001520240650930P_0000_00000000000_000003461004226, 3461004226; 89000020240000766001520240650947P_0000_00000000000_000003461004226, 3461004226; 89000020240000766001520240650948P_0000_00000000000_000003461004226, 3461004226; 89000020240000766001520240650949P_0000_00000000000_000003461004226, 3461004226; 89000020240000766001520240650950P_0000_00000000000_000003461004226, 3461004226; 89000020240000766001520240650951P_0000_00000000000_000003461004226, 3461004226; 89000020240000766001520240650952P_0000_00000000000_000003461004226, 3461004226; 89000020240000766001520240650953P_0000_00000000000_000003461004226, 3461004226; 89000020240000766001520240650954P_0000_00000000000_000003461004226, 3461004226; 89000020240000766001520240650955P_0000_00000000000_000003461004226, 3461004226; 89000020240000766001520240650956P_0000_00000000000_000003461004226, 3461004226; 89000020240000766001520240650957P_0000_00000000000_000003461004226, 3461004226; 89000020240000766001520240650958P_0000_00000000000_000003461004226, 3461004226; 89000020240000766001520240650959P_0000_00000000000_000003461004226, 3461004226; 89000020240000766001520240650960P_0000_00000000000_000003461004226, 3461004226; 89000020240000766001520240650961P_0000_00000000000_000003461004226, 3461004226; 89000020240000766001520240650962P_0000_00000000000_000003461004226, 3461004226; 89000020240000766001520240650968P_0000_00000000000_000003461004226, 3461004226; 89000020240000766001520240650969P_0000_00000000000_000003461004226, 3461004226; 89000020240000766001520240650970P_0000_00000000000_000003461004226, 3461004226; 89000020240000766001520240650971P_0000_00000000000_000003461004226, 3461004226; 89000020240000766001520240650972P_0000_00000000000_000003461004226, 3461004226; 89000020240000766001520240650973P_0000_00000000000_000003461004226, 3461004226; 89000020240000766001520240650974P_0000_00000000000_000003461004226, 3461004226; 89000020240000766001520240650975P_0000_00000000000_000003461004226, 3461004226; 89000020240000766001520240650976P_0000_00000000000_000003461004226, 3461004226; 89000020240000766001520240650978P_0000_00000000000_000003461004226, 3461004226; 89000020240000766001520240650979P_0000_00000000000_000003461004226, 3461004226; 89000020240000766001520240650980P_0000_00000000000_000003461004226, 3461004226; 89000020240000766001520240650981P_0000_00000000000_000003461004226, 3461004226; 89000020240000766001520240650982P_0000_00000000000_000003461004226, 3461004226; 89000020240000766001520240650983P_0000_00000000000_000003461004226, 3461004226; 89000020240000766001520240650984P_0000_00000000000_000003461004226, 3461004226; 89000020240000766001520240650985P_0000_00000000000_000003461004226, 3461004226; 89000020240000766001520240650986P_0000_00000000000_000003461004226, 3461004226; 89000020240000766001520240650987P_0000_00000000000_000003461004226, 3461004226; 89000020240000766001520240650988P_0000_00000000000_000003461004226, 3461004226; 89000020240000766001520240650989P_0000_00000000000_000003461004226, 3461004226; 89000020240000766001520240650990P_0000_00000000000_000003461004226, 3461004226; 89000020240000766001520240650991P_0000_00000000000_000003461004226, 3461004226; 89000020240000766001520240650992P_0000_00000000000_000003461004226, 3461004226; 89000020240000766001520240650993P_0000_00000000000_000003461004226, 3461004226; 89000020240000766001520240650994P_0000_00000000000_000003461004226, 3461004226; 89000020240000766001520240650995P_0000_00000000000_000003461004226, 3461004226; 89000020240000766001520240650996P_0000_00000000000_000003461004226, 3461004226; 89000020240000766001520240650997P_0000_00000000000_000003461004226, 3461004226; 89000020240000766001520240650998P_0000_00000000000_000003461004226, 3461004226; 89000020240000766001520240650999P_0000_00000000000_000003461004226, 3461004226; 89000020240000766001520240651000P_0000_00000000000_000003461004226, 3461004226; 89000020240000766001520240651001P_0000_00000000000_000003461004226, 3461004226; 89000020240000766001520240651002P_0000_00000000000_000003461004226, 3461004226; 89000020240000766001520240651003P_0000_00000000000_000003461004226, 3461004226; 89000020240000766001520240651004P_0000_00000000000_000003461004226, 3461004226; 89000020240000766001520240651005P_0000_00000000000_000003461004226, 3461004226; 89000020240000766001520240651006P_0000_00000000000_000003461004226, 3461004226; 89000020240000766001520240651020P_0000_00000000000_000003461004226, 3461004226; 89000020240000766001520240651095P_0000_00000000000_000003461004226, 3461004226; 89000020240000766001520240651174P_0000_00000000000_000003461004226, 3461004226; 89000020240000766001520240651175P_0000_00000000000_000003461004226, 3461004226; 89000020240000766001520240651177P_0000_00000000000_000003461004226, 3461004226; 89000020240000766001520240651179P_0000_00000000000_000003461004226, 3461004226; 89000020240000766001520240651180P_0000_00000000000_000003461004226, 3461004226; 89000020240000766001520240651187P_0000_00000000000_000003461004226, 3461004226; 89000020240000766001520240651188P_0000_00000000000_000003461004226, 3461004226; 89000020240000766001520240651189P_0000_00000000000_000003461004226, 3461004226; 89000020240000766001520240651190P_0000_00000000000_000003461004226, 3461004226; 89000020240000766001520240651192P_0000_00000000000_000003461004226, 3461004226; 89000020240000766001520240651193P_0000_00000000000_000003461004226, 3461004226; 89000020240000766001520240651194P_0000_00000000000_000003461004226, 3461004226; 89000020240000766001520240651195P_0000_00000000000_000003461004226, 3461004226; 89000020240000766001520240651196P_0000_00000000000_000003461004226, 3461004226; 89000020240000766001520240651197P_0000_00000000000_000003461004226, 3461004226; 89000020240000766001520240651198P_0000_00000000000_000003461004226, 3461004226; 89000020240000766001520240651199P_0000_00000000000_000003461004226, 3461004226; 89000020240000766001520240651200P_0000_00000000000_000003461004226, 3461004226; 89000020240000766001520240651201P_0000_00000000000_000003461004226, 3461004226; 89000020240000766001520240651202P_0000_00000000000_000003461004226, 3461004226; 89000020240000766001520240651203P_0000_00000000000_000003461004226, 3461004226; 89000020240000766001520240651204P_0000_00000000000_000003461004226, 3461004226; 89000020240000766001520240651307P_0000_00000000000_000003461004226, 3461004226; 89000020240000766001520240651409P_0000_00000000000_000003461004226, 3461004226; 89000020240000766001520240651410P_0000_00000000000_000003461004226, 3461004226; 89000020240000766001520240651411P_0000_00000000000_000003461004226, 3461004226; 89000020240000766001520240651412P_0000_00000000000_000003461004226, 3461004226; 89000020240000766001520240651444P_0000_00000000000_000003461004226, 3461004226; 89000020240000766001520240651449P_0000_00000000000_000003461004226, 3461004226; 89000020240000766001520240651453P_0000_00000000000_000003461004226, 3461004226; 89000020240000766001520240651454P_0000_00000000000_000003461004226, 3461004226; 89000020240000766001520240651455P_0000_00000000000_000003461004226, 3461004226; 89000020240000766001520240651456P_0000_00000000000_000003461004226, 3461004226; 89000020240000766001520240651464P_0000_00000000000_000003461004226, 3461004226; 89000020240000766001520240651468P_0000_00000000000_000003461004226, 3461004226; 89000020240000766001520240651470P_0000_00000000000_000003461004226, 3461004226; 89000020240000766001520240651471P_0000_00000000000_000003461004226, 3461004226; 89000020240000766001520240651473P_0000_00000000000_000003461004226, 3461004226; 89000020240000766001520240651474P_0000_00000000000_000003461004226, 3461004226; 89000020240000766001520240651475P_0000_00000000000_000003461004226, 3461004226; 89000020240000766001520240651476P_0000_00000000000_000003461004226, 3461004226; 89000020240000766001520240651477P_0000_00000000000_000003461004226, 3461004226; 89000020240000766001520240651643P_0000_00000000000_000003461004226, 3461004226; 89000020240000766001520240651644P_0000_00000000000_000003461004226, 3461004226; 89000020240000766001520240651645P_0000_00000000000_000003461004226, 3461004226; 89000020240000766001520240651684P_0000_00000000000_000003461004226, 3461004226; 89000020240000766001520240651693P_0000_00000000000_000003461004226, 3461004226; 89000020240000766001520240651694P_0000_00000000000_000003461004226, 3461004226; 89000020240000766001520240651695P_0000_00000000000_000003461004226, 3461004226; 89000020240000766001520240651696P_0000_00000000000_000003461004226, 3461004226; 89000020240000766001520240651697P_0000_00000000000_000003461004226, 3461004226; 89000020240000766001520240651698P_0000_00000000000_000003461004226, 3461004226; 89000020240000766001520240651699P_0000_00000000000_000003461004226, 3461004226; 89000020240000766001520240651700P_0000_00000000000_000003461004226, 3461004226; 89000020240000766001520240651701P_0000_00000000000_000003461004226, 3461004226; 89000020240000766001520240651702P_0000_00000000000_000003461004226, 3461004226; 89000020240000766001520240651706P_0000_00000000000_000003461004226, 3461004226; 89000020240000766001520240651707P_0000_00000000000_000003461004226, 3461004226; 89000020240000766001520240651708P_0000_00000000000_000003461004226, 3461004226; 89000020240000766001520240651709P_0000_00000000000_000003461004226, 3461004226; 89000020240000766001520240651710P_0000_00000000000_000003461004226, 3461004226; 89000020240000766001520240651711P_0000_00000000000_000003461004226, 3461004226; 89000020240000766001520240651712P_0000_00000000000_000003461004226, 3461004226; 89000020240000766001520240651713P_0000_00000000000_000003461004226, 3461004226; 89000020240000766001520240651714P_0000_00000000000_000003461004226, 3461004226; 89000020240000766001520240651715P_0000_00000000000_000003461004226, 3461004226; 89000020240000766001520240651716P_0000_00000000000_000003461004226, 3461004226; 89000020240000766001520240651717P_0000_00000000000_000003461004226, 3461004226; 89000020240000766001520240651718P_0000_00000000000_000003461004226, 3461004226; 89000020240000766001520240651719P_0000_00000000000_000003461004226, 3461004226; 89000020240000766001520240651720P_0000_00000000000_000003461004226, 3461004226; 89000020240000766001520240651721P_0000_00000000000_000003461004226, 3461004226; 89000020240000766001520240651722P_0000_00000000000_000003461004226, 3461004226; 89000020240000766001520240651723P_0000_00000000000_000003461004226, 3461004226; 89000020240000766001520240651727P_0000_00000000000_000003461004226, 3461004226; 89000020240000766001520240651728P_0000_00000000000_000003461004226, 3461004226; 89000020240000766
B117: 2025-10-31 | C117: MIS_LT001_FLAG_GAR_INTRG_SAN | D117: MISSINGS | E117: Validar que não existem registos por preencher (Missings) | F117: BU_LOANTAPE_WORK.LT001_UNIV_OPER | G117: FLAG_GAR_INTRG_SAN | H117: 14293 | I117: 69 | J117: 3100031829309009700000000000000015321403985324032640403001, NULL; 3100031597031109600000000000000015310473251221141222159, NULL; 31000315970212096000000000000000153104730221141222159, NULL; 3100031854200909700000000000000015311403985314032640303001, NULL; 31000311450813096000000000000000153304730221141403152, NULL; 31000315970188096000000000000000153114739853147326403031521, NULL; 3100031597042809600000000000000015310473251221141222159, NULL; 3100031597046909600000000000000015310473251221141222159, NULL; 3100031597989009600000000000000015321433985324332640403101, NULL; 3100031829309009700000000000000015320403022035122200, NULL; 31000307044893096000000000000000153104730221141222159, NULL; 310003159798900960000000000000001532043325122114122210, NULL; 31000313517171096000000000000000153114739853147326403031521, NULL; 31000304140330096000000000000000153114719853147126403031201, NULL; 31000315970345096000000000000000153114739853147326403031521, NULL; 31000315970428096000000000000000153104730221141222159, NULL; 31000315970311096000000000000000153114739853147326403031521, NULL; 31000315970279096000000000000000153104730221141222159, NULL; 3100030414033009600000000000000015310471251221141222120, NULL; 3100031597013909600000000000000015310473251221141222159, NULL; 31000315970402096000000000000000153104730221141222159, NULL; 3100031184779409600000000000000015310473251221141222159, NULL; 31000311450813096000000000000000153304730282030501403152, NULL; 3100031854200909700000000000000015310403251220304122200, NULL; 31000315970139096000000000000000153104730221141222159, NULL; 3100031597023809600000000000000015310473251221141222159, NULL; 31000315970212096000000000000000153114739853147326403031521, NULL; 3100031854200909700000000000000015310403022035122200, NULL; 31000304140330096000000000000000153104710221141222120, NULL; 31000311847794096000000000000000153114739853147326403031521, NULL; 31000315970279096000000000000000153114739853147326403031521, NULL; 31000315970329096000000000000000153114739853147326403031521, NULL; 3100031597018809600000000000000015310473251221141222159, NULL; 31000315970311096000000000000000153104730221141222159, NULL; 3100031597040209600000000000000015310473251221141222159, NULL; 31000315970139096000000000000000153114739853147326403031521, NULL; 31000315970006096000000000000000153104730221141222159, NULL; 31000315970402096000000000000000153114739853147326403031521, NULL; 3100030704489309600000000000000015310473251221141222159, NULL; 31000315970329096000000000000000153104730221141222159, NULL; 31000315970469096000000000000000153114739853147326403031521, NULL; 31000315970121096000000000000000153104730221141222159, NULL; 3100031597027909600000000000000015310473251221141222159, NULL; 3100031597034509600000000000000015310473251221141222159, NULL; 31000315970188096000000000000000153104730221141222159, NULL; 31000315970238096000000000000000153114739853147326403031521, NULL; 3100031597032909600000000000000015310473251221141222159, NULL; 3100031597012109600000000000000015310473251221141222159, NULL; 31000311847794096000000000000000153104730221141222159, NULL; 3100031597000609600000000000000015310473251221141222159, NULL; 31000307530917096000000000000000153114739853147326403031521, NULL; 31000315970121096000000000000000153114739853147326403031521, NULL; 3100031597989009600000000000000015320433022114122210, NULL; 31000315970428096000000000000000153114739853147326403031521, NULL; 31000307044893096000000000000000153114739853147326403031521, NULL; 3100031351717109600000000000000015310473251221141222159, NULL; 31000315970238096000000000000000153104730221141222159, NULL; 3100030753091709600000000000000015310473251221141222159, NULL; 31000315970261096000000000000000153114739853147326403031521, NULL; 3100031829309009700000000000000015320403251220304122200, NULL; 3100031597026109600000000000000015310473251221141222159, NULL; 3100031145081309600000000000000015331047398533047326400031520, NULL; 31000315970469096000000000000000153104730221141222159, NULL; 3100031597021209600000000000000015310473251221141222159, NULL; 31000315970345096000000000000000153104730221141222159, NULL; 31000315970261096000000000000000153104730221141222159, NULL; 31000315970006096000000000000000153114739853147326403031521, NULL; 31000313517171096000000000000000153104730221141222159, NULL; 31000307530917096000000000000000153104730221141222159, NULL
B118: 2025-10-31 | C118: MIS_LT001_FLAG_INST_CAP | D118: MISSINGS | E118: Validar que não existem registos por preencher (Missings) | F118: BU_LOANTAPE_WORK.LT001_UNIV_OPER | G118: FLAG_INST_CAP | H118: 14293 | I118: 0
B119: 2025-10-31 | C119: MIS_LT001_FLAG_INST_DIV | D119: MISSINGS | E119: Validar que não existem registos por preencher (Missings) | F119: BU_LOANTAPE_WORK.LT001_UNIV_OPER | G119: FLAG_INST_DIV | H119: 14293 | I119: 0
B120: 2025-10-31 | C120: MIS_LT001_FLAG_INST_TITULOS | D120: MISSINGS | E120: Validar que não existem registos por preencher (Missings) | F120: BU_LOANTAPE_WORK.LT001_UNIV_OPER | G120: FLAG_INST_TITULOS | H120: 14293 | I120: 0
B121: 2025-10-31 | C121: MIS_LT002_INSTRMNT_ID | D121: MISSINGS | E121: Validar que não existem registos por preencher (Missings) | F121: BU_LOANTAPE_WORK.LT002_INSTRUMENT | G121: INSTRMNT_ID | H121: 4742 | I121: 0
B122: 2025-10-31 | C122: MIS_LT002_ISIN | D122: MISSINGS | E122: Validar que não existem registos por preencher (Missings) | F122: BU_LOANTAPE_WORK.LT002_INSTRUMENT | G122: ISIN | H122: 4742 | I122: 0
B123: 2025-10-31 | C123: MIS_LT002_ORGNL_AMNT_EUR | D123: MISSINGS | E123: Validar que não existem registos por preencher (Missings) | F123: BU_LOANTAPE_WORK.LT002_INSTRUMENT | G123: ORGNL_AMNT_EUR | H123: 4742 | I123: 0
B124: 2025-10-31 | C124: MIS_LT002_ORGNL_AMNT_FX | D124: MISSINGS | E124: Validar que não existem registos por preencher (Missings) | F124: BU_LOANTAPE_WORK.LT002_INSTRUMENT | G124: ORGNL_AMNT_FX | H124: 4742 | I124: 0
B125: 2025-10-31 | C125: MIS_LT002_CRRNCY_DNMNTN | D125: MISSINGS | E125: Validar que não existem registos por preencher (Missings) | F125: BU_LOANTAPE_WORK.LT002_INSTRUMENT | G125: CRRNCY_DNMNTN | H125: 4742 | I125: 0
B126: 2025-10-31 | C126: MIS_LT002_ACCRD_INTRST_INSTRMNT | D126: MISSINGS | E126: Validar que não existem registos por preencher (Missings) | F126: BU_LOANTAPE_WORK.LT002_INSTRUMENT | G126: ACCRD_INTRST_INSTRMNT | H126: 4742 | I126: 0
B127: 2025-10-31 | C127: MIS_LT002_TYP_INSTRMNT | D127: MISSINGS | E127: Validar que não existem registos por preencher (Missings) | F127: BU_LOANTAPE_WORK.LT002_INSTRUMENT | G127: TYP_INSTRMNT | H127: 4742 | I127: 0
B128: 2025-10-31 | C128: MIS_LT002_RANK_INSOLV | D128: MISSINGS | E128: Validar que não existem registos por preencher (Missings) | F128: BU_LOANTAPE_WORK.LT002_INSTRUMENT | G128: RANK_INSOLV | H128: 4742 | I128: 4734 | J128: 89000020240000766001520240649912; 89000020240000766001520250143417; 89000020240000766001520250143498; 89000020240000766001520250210966; 89000020240000766001520250211078; 89000020240000766001520250260065; 89000020240000766001520250260248; 89000020240000766001520250260273; 89000020240000766001520250327190; 89000020240000766001520250327308; 89000020240000766001520250327320; 89000020240000766001520250327491; 89000020240000766001520250327508; 89000020240000766001520250327573; 89000020240000766001520250400800; 89000020240000766001520250400852; 89000020240000766001520250451458; 89000020240000766001520250451653; 89000020240000766001520250451747; 89000020240000766001520250451769; 89000020240000766001520250507991; 89000020240000766001520250507994; 89000020240000766001520250508365; 89000020240000766001520240650382; 89000020240000766001520240650851; 89000020240000766001520240652838; 89000020240000766001520240654659; 89000020240000766001520250082903; 89000020240000766001520250143795; 89000020240000766001520250143919; 89000020240000766001520250208797; 89000020240000766001520250208811; 89000020240000766001520250208966; 89000020240000766001520250211036; 89000020240000766001520250260033; 89000020240000766001520250260144; 89000020240000766001520250260279; 89000020240000766001520250327325; 89000020240000766001520250327444; 89000020240000766001520250327804; 89000020240000766001520250451336; 89000020240000766001520250451569; 89000020240000766001520250451683; 89000020240000766001520250451723; 89000020240000766001520250507989; 89000020240000766001520250508325; 89000020240000766V0050000C1250I2; 89000020240000766001520240652443; 89000020240000766001520240653159; 89000020240000766001520250143452; 89000020240000766001520250143573; 89000020240000766001520250143881; 89000020240000766001520250208668; 89000020240000766001520250259737; 89000020240000766001520250260026; 89000020240000766001520250260147; 89000020240000766001520250327343; 89000020240000766001520250327412; 89000020240000766001520250327563; 89000020240000766001520250327585; 89000020240000766001520250327635; 89000020240000766001520250327749; 89000020240000766001520250327769; 89000020240000766001520250327974; 89000020240000766001520250451833; 89000020240000766001520250507913; 89000020240000766001520250508177; 89000020240000766001520240651204; 89000020240000766001520240651477; 89000020240000766001520240651721; 89000020240000766001520250208884; 89000020240000766001520250208931; 89000020240000766001520250259830; 89000020240000766001520250260001; 89000020240000766001520250260209; 89000020240000766001520250327293; 89000020240000766001520250327318; 89000020240000766001520250327385; 89000020240000766001520250327552; 89000020240000766001520250327695; 89000020240000766001520250327717; 89000020240000766001520250400842; 89000020240000766001520250451333; 89000020240000766001520250451356; 89000020240000766001520250451568; 89000020240000766001520250451829; 89000020240000766001520250507836; 89000020240000766001520250508411; 89000020240000766001520240650552; 89000020240000766001520240651693; 89000020240000766001520240653171; 89000020240000766001520250082924; 89000020240000766001520250143530; 89000020240000766001520250143536; 89000020240000766001520250208789; 89000020240000766001520250260138; 89000020240000766001520250260184; 89000020240000766001520250260278; 89000020240000766001520250327137; 89000020240000766001520250327878; 89000020240000766001520250400588; 89000020240000766001520250451350; 89000020240000766001520250451883; 89000020240000766001520250451970; 89000020240000766001520250508295; 89000020240000766001520250508355; 890000202400007660007100C28143I1; 89000020240000766001520240649921; 89000020240000766001520240649942; 89000020240000766001520240654427; 89000020240000766001520250143787; 89000020240000766001520250143798; 89000020240000766001520250208730; 89000020240000766001520250208781; 89000020240000766001520250259743; 89000020240000766001520250259860; 89000020240000766001520250259886; 89000020240000766001520250327779; 89000020240000766001520250327903; 89000020240000766001520250327959; 89000020240000766001520250451724; 89000020240000766001520250451803; 89000020240000766001520250507987; 31000315970212096000000000000000; 31000318637213097000000000000000; 89000020240000766001520240650484; 89000020240000766001520240650953; 89000020240000766001520240651199; 89000020240000766001520240654635; 89000020240000766001520250143890; 89000020240000766001520250143902; 89000020240000766001520250208793; 89000020240000766001520250208861; 89000020240000766001520250208891; 89000020240000766001520250259816; 89000020240000766001520250260274; 89000020240000766001520250327131; 89000020240000766001520250327264; 89000020240000766001520250327664; 89000020240000766001520250327694; 89000020240000766001520250327708; 89000020240000766001520250327823; 89000020240000766001520250327977; 89000020240000766001520250400723; 89000020240000766001520250507868; 89000020240000766001520250507884; 89000020240000766001520250507918; 89000020240000766001520250507934; 89000020240000766001520250507953; 89000020240000766001520250508109; 89000020240000766001520250508208; 89000020240000766001520250508306; 89000020240000766001520250508314; 89000020240000766001520250508353; 89000020240000766001520250508475; 89000020240000766001520240651695; 89000020240000766001520240654088; 89000020240000766001520250082858; 89000020240000766001520250143802; 89000020240000766001520250143828; 89000020240000766001520250208725; 89000020240000766001520250211085; 89000020240000766001520250327268; 89000020240000766001520250327436; 89000020240000766001520250327768; 89000020240000766001520250327943; 89000020240000766001520250400704; 89000020240000766001520250400816; 89000020240000766001520250400836; 89000020240000766001520250451316; 89000020240000766001520250451524; 89000020240000766001520250451579; 89000020240000766001520250507840; 89000020240000766001520250508288; 89000020240000766001520250508310; 89000020240000766001520250508380; 89000020240000766001520240650408; 89000020240000766001520240653161; 89000020240000766001520250143495; 89000020240000766001520250143504; 89000020240000766001520250143792; 89000020240000766001520250143866; 89000020240000766001520250208688; 89000020240000766001520250260072; 89000020240000766001520250260191; 89000020240000766001520250327255; 89000020240000766001520250327271; 89000020240000766001520250327502; 89000020240000766001520250327760; 89000020240000766001520250327945; 89000020240000766001520250400735; 89000020240000766001520250400869; 89000020240000766001520250451592; 89000020240000766001520250451707; 89000020240000766001520250451870; 89000020240000766001520250507904; 89000020240000766001520250508139; 89000020240000766001520250508226; 89000020240000766001520250508379; 31000315970279096000000000000000; 31000318629012097000000000000000; 89000020240000766001520240652453; 89000020240000766001520250143583; 89000020240000766001520250143824; 89000020240000766001520250208701; 89000020240000766001520250208851; 89000020240000766001520250259747; 89000020240000766001520250259779; 89000020240000766001520250260003; 89000020240000766001520250260186; 89000020240000766001520250327442; 89000020240000766001520250327570; 89000020240000766001520250327627; 89000020240000766001520250327894; 89000020240000766001520250400694; 89000020240000766001520250400701; 89000020240000766001520250400839; 89000020240000766001520250451372; 89000020240000766001520250451465; 89000020240000766001520250451502; 89000020240000766001520250451509; 89000020240000766001520250451840; 89000020240000766001520250451875; 89000020240000766001520250507857; 89000020240000766001520250508512; 89000020240000766001520240650008; 89000020240000766001520240651733; 89000020240000766001520240652462; 89000020240000766001520240654428; 89000020240000766001520250143499; 89000020240000766001520250143691; 89000020240000766001520250143777; 89000020240000766001520250143930; 89000020240000766001520250210952; 89000020240000766001520250260041; 89000020240000766001520250327239; 89000020240000766001520250327249; 89000020240000766001520250327521; 89000020240000766001520250400716; 89000020240000766001520250400751; 89000020240000766001520250400780; 89000020240000766001520250400853; 89000020240000766001520250451728; 89000020240000766001520250451768; 89000020240000766001520250508262; 89000020240000766001520250508302; 89000020240000766001520240649918; 89000020240000766001520240650528; 89000020240000766001520240650563; 89000020240000766001520240651453; 89000020240000766001520240652447; 89000020240000766001520250143411; 89000020240000766001520250259775; 89000020240000766001520250327107; 89000020240000766001520250327128; 89000020240000766001520250327182; 89000020240000766001520250400828; 89000020240000766001520250451431; 89000020240000766001520250451516; 89000020240000766001520250451668; 89000020240000766001520250451692; 89000020240000766001520250451718; 89000020240000766001520250451811; 89000020240000766001520240650952; 89000020240000766001520240653169; 89000020240000766001520250082913; 89000020240000766001520250143708; 89000020240000766001520250143793; 89000020240000766001520250208890; 89000020240000766001520250208916; 89000020240000766001520250259832; 89000020240000766001520250259969; 89000020240000766001520250260257; 89000020240000766001520250327179; 89000020240000766001520250327237; 89000020240000766001520250327316; 89000020240000766001520250327613; 89000020240000766001520250327723; 89000020240000766001520250400689; 89000020240000766001520250400811; 89000020240000766001520250451289; 89000020240000766001520250451411; 89000020240000766001520250451467; 89000020240000766001520250451495; 89000020240000766001520250451553; 89000020240000766001520250451614; 89000020240000766001520250451623; 89000020240000766001520250451670; 89000020240000766001520250451839; 89000020240000766001520250451902; 89000020240000766001520250508077; 89000020240000766001520250508084; 89000020240000766001520250508166; 89000020240000766001520250508465; 89000020240000766001520250508529; 89000020240000766001520240649913; 89000020240000766001520240654087; 89000020240000766001520240654658; 89000020240000766001520250143565; 89000020240000766001520250143581; 89000020240000766001520250143896; 89000020240000766001520250208881; 89000020240000766001520250211080; 89000020240000766001520250260012; 89000020240000766001520250260116; 89000020240000766001520250260200; 89000020240000766001520250327233; 89000020240000766001520250327354; 89000020240000766001520250327714; 89000020240000766001520250400598; 89000020240000766001520250400712; 89000020240000766001520250451457; 89000020240000766001520250451556; 89000020240000766001520250451783; 89000020240000766001520250507893; 89000020240000766001520250507969; 89000020240000766001520250507970; 89000020240000766001520250508040; 89000020240000766001520250508042; 89000020240000766001520250508241; 89000020240000766001520250508254; 89000020240000766001520250508499; 89000020240000766001520240650388; 89000020240000766001520240650566; 89000020240000766001520240650868; 89000020240000766001520240654650; 89000020240000766001520250143773; 89000020240000766001520250143851; 89000020240000766001520250259750; 89000020240000766001520250259882; 89000020240000766001520250327277; 89000020240000766001520250327281; 89000020240000766001520250327536; 89000020240000766001520250327764; 89000020240000766001520250327951; 89000020240000766001520250400616; 89000020240000766001520250400763; 89000020240000766001520250451548; 89000020240000766001520250451660; 89000020240000766001520250451661; 89000020240000766001520250451850; 89000020240000766001520250507936; 89000020240000766001520250508143; 89000020240000766001520250508293; 89000020240000766001520250508440; 89000020240000766001520250508507; 89000020240000766001520240651455; 89000020240000766001520240654078; 89000020240000766001520240654649; 89000020240000766001520250082931; 89000020240000766001520250143435; 89000020240000766001520250143572; 89000020240000766001520250143574; 89000020240000766001520250143590; 89000020240000766001520250143625; 89000020240000766001520250143741; 89000020240000766001520250208681; 89000020240000766001520250208852; 89000020240000766001520250210960; 89000020240000766001520250211046; 89000020240000766001520250259880; 89000020240000766001520250259948; 89000020240000766001520250260056; 89000020240000766001520250260143; 89000020240000766001520250260153; 89000020240000766001520250327301; 89000020240000766001520250327373; 89000020240000766001520250327379; 89000020240000766001520250327818; 89000020240000766001520250327851; 89000020240000766001520250327982; 89000020240000766001520250451282; 89000020240000766001520250451303; 89000020240000766001520250451704; 89000020240000766001520250508101; 89000020240000766001520250508363; 31041600300001300000000000000000; 31065100200010445000000000000000; 89000020240000766001520240650365; 89000020240000766001520240651444; 89000020240000766001520240652442; 89000020240000766001520240653168; 89000020240000766001520250143429; 89000020240000766001520250143468; 89000020240000766001520250143510; 89000020240000766001520250143699; 89000020240000766001520250208673; 89000020240000766001520250208791; 89000020240000766001520250208831; 89000020240000766001520250208875; 89000020240000766001520250208883; 89000020240000766001520250210943; 89000020240000766001520250259943; 89000020240000766001520250260049; 89000020240000766001520250260180; 89000020240000766001520250260262; 89000020240000766001520250327223; 89000020240000766001520250327270; 89000020240000766001520250327525; 89000020240000766001520250327588; 89000020240000766001520250327600; 89000020240000766001520250327683; 89000020240000766001520250327933; 89000020240000766001520250400686; 89000020240000766001520250400797; 89000020240000766001520250400878; 89000020240000766001520250451802; 89000020240000766001520250451974; 89000020240000766001520240650522; 89000020240000766001520240650961; 89000020240000766001520240653162; 89000020240000766001520250143425; 89000020240000766001520250143458; 89000020240000766001520250143462; 89000020240000766001520250143903; 89000020240000766001520250208829; 89000020240000766001520250208870; 89000020240000766001520250208991; 89000020240000766001520250211077; 89000020240000766001520250259754; 89000020240000766001520250259817; 89000020240000766001520250260145; 89000020240000766001520250260182; 89000020240000766001520250327124; 89000020240000766001520250327155; 89000020240000766001520250327173; 89000020240000766001520250327217; 89000020240000766001520250327283; 89000020240000766001520250400611; 89000020240000766001520250400657; 89000020240000766001520250400692; 89000020240000766001520250451535; 89000020240000766001520250451804; 89000020240000766001520250451954; 89000020240000766001520240650403; 89000020240000766001520240650414; 89000020240000766001520240650547; 89000020240000766001520240650986; 89000020240000766001520250143742; 89000020240000766001520250143816; 89000020240000766001520250143897; 89000020240000766001520250208667; 89000020240000766001520250208721; 89000020240000766001520250208768; 89000020240000766001520250208800; 89000020240000766001520250208932; 89000020240000766001520250208972; 89000020240000766001520250208980; 89000020240000766001520250209001; 89000020240000766001520250260099; 89000020240000766001520250327170; 89000020240000766001520250327243; 89000020240000766001520250327358; 89000020240000766001520250327810; 89000020240000766001520250327907; 89000020240000766001520250327923; 89000020240000766001520250327965; 89000020240000766001520250327993; 89000020240000766001520250400606; 89000020240000766001520250400690; 89000020240000766001520250400826; 89000020240000766001520250451357; 89000020240000766001520250451473; 89000020240000766001520250451610; 89000020240000766001520250451709; 89000020240000766001520250451854; 89000020240000766001520250508051; 89000020240000766001520250508060; 89000020240000766001520250508173; 89000020240000766001520250508423; 89000020240000766001520250508424; 89000020240000766001520240649898; 89000020240000766001520240650427; 89000020240000766001520240650434; 89000020240000766001520240650972; 89000020240000766001520240654426; 89000020240000766001520240654442; 89000020240000766001520250143427; 89000020240000766001520250143544; 89000020240000766001520250143926; 89000020240000766001520250259964; 89000020240000766001520250259996; 89000020240000766001520250260255; 89000020240000766001520250327826; 89000020240000766001520250400593; 89000020240000766001520250400796; 89000020240000766001520250451364; 89000020240000766001520250451663; 89000020240000766001520250451749; 89000020240000766001520250451764; 89000020240000766001520250451767; 89000020240000766001520250451774; 89000020240000766001520250451901; 89000020240000766001520250508006; 89000020240000766001520250508415; 89000020240000766001520250508428; 31000315970261096000000000000000; 89000020240000766001520240651192; 89000020240000766001520240654454; 89000020240000766001520250143641; 89000020240000766001520250143709; 89000020240000766001520250143715; 89000020240000766001520250143727; 89000020240000766001520250143853; 89000020240000766001520250211003; 89000020240000766001520250327150; 89000020240000766001520250327494; 89000020240000766001520250327744; 89000020240000766001520250328002; 89000020240000766001520250400744; 89000020240000766001520250451291; 89000020240000766001520250451322; 89000020240000766001520250451402; 89000020240000766001520250451588; 89000020240000766001520250451831; 89000020240000766001520250451888; 89000020240000766001520250507926; 89000020240000766001520250508165; 89000020240000766001520250508273; 89000020240000766001520250508278; 89000020240000766001520250508316; 89000020240000766001520250508535; 89000020240000766001520240650417; 89000020240000766001520240652322; 89000020240000766001520240652390; 89000020240000766001520250082899; 89000020240000766001520250143478; 89000020240000766001520250143578; 89000020240000766001520250143774; 89000020240000766001520250208685; 89000020240000766001520250208723; 89000020240000766001520250208784; 89000020240000766001520250211081; 89000020240000766001520250259868; 89000020240000766001520250260067; 89000020240000766001520250260230; 89000020240000766001520250327200; 89000020240000766001520250327245; 89000020240000766001520250327328; 89000020240000766001520250327944; 89000020240000766001520250327967; 89000020240000766001520250400684; 89000020240000766001520250400822; 89000020240000766001520250400831; 89000020240000766001520250451351; 89000020240000766001520250451459; 89000020240000766001520250508225; 89000020240000766001520250508489; 89000020240000766001520240649873; 89000020240000766001520240650401; 89000020240000766001520240650501; 89000020240000766001520240653179; 89000020240000766001520240654429; 89000020240000766001520250143630; 89000020240000766001520250143652; 89000020240000766001520250143755; 89000020240000766001520250143894; 89000020240000766001520250208776; 89000020240000766001520250260120; 89000020240000766001520250260213; 89000020240000766001520250260233; 89000020240000766001520250327244; 89000020240000766001520250327350; 89000020240000766001520250327581; 89000020240000766001520250327848; 89000020240000766001520250327960; 89000020240000766001520250451589; 89000020240000766001520250451658; 89000020240000766001520250451849; 89000020240000766001520250507956; 89000020240000766001520250508154; 89000020240000766001520240650530; 89000020240000766001520240653167; 89000020240000766001520250143923; 89000020240000766001520250260057; 89000020240000766001520250260228; 89000020240000766001520250327248; 89000020240000766001520250327859; 89000020240000766001520250400761; 89000020240000766001520250451801; 89000020240000766001520250451841; 89000020240000766001520250451979; 89000020240000766001520250508088; 89000020240000766001520250508153; 89000020240000766001520250508474; 89000020240000766001520240650383; 89000020240000766001520240650486; 89000020240000766001520240652067; 89000020240000766001520240652312; 89000020240000766001520250082892; 89000020240000766001520250082897; 89000020240000766001520250143786; 89000020240000766001520250208684; 89000020240000766001520250210962; 89000020240000766001520250259914; 89000020240000766001520250260109; 89000020240000766001520250260277; 89000020240000766001520250327462; 89000020240000766001520250327645; 89000020240000766001520250400682; 89000020240000766001520250400873; 89000020240000766001520250451499; 89000020240000766001520250451543; 89000020240000766001520250451722; 89000020240000766001520250507872; 89000020240000766001520250508024; 89000020240000766001520250508151; 89000020240000766001520250508505; 89000020240000766001520250508537; 89000020240000766001520240650407; 89000020240000766001520240650992; 89000020240000766001520240651201; 89000020240000766001520240651476; 89000020240000766001520240652365; 89000020240000766001520250143616; 89000020240000766001520250143635; 89000020240000766001520250210939; 89000020240000766001520250260149; 89000020240000766001520250260171; 89000020240000766001520250260243; 89000020240000766001520250327147; 89000020240000766001520250327272; 89000020240000766001520250327410; 89000020240000766001520250327539; 89000020240000766001520250327670; 89000020240000766001520250327822; 89000020240000766001520250400629; 89000020240000766001520250451847; 89000020240000766001520250507891; 89000020240000766001520250507935; 89000020240000766001520250508197; 89000020240000766001520250508317; 89000020240000766001520250508354; 89000020240000766001520240649899; 89000020240000766001520240649909; 89000020240000766001520240650389; 89000020240000766001520240651194; 89000020240000766001520240654417; 89000020240000766001520240654639; 89000020240000766001520250208815; 89000020240000766001520250259845; 89000020240000766001520250259884; 89000020240000766001520250259916; 89000020240000766001520250260011; 89000020240000766001520250260088; 89000020240000766001520250260240; 89000020240000766001520250327370; 89000020240000766001520250327464; 89000020240000766001520250327490; 89000020240000766001520250327547; 89000020240000766001520250327615; 89000020240000766001520250327767; 89000020240000766001520250327888; 89000020240000766001520250327931; 89000020240000766001520250451464; 89000020240000766001520250451522; 89000020240000766001520250508522; 89000020240000766001520240650376; 89000020240000766001520240650523; 89000020240000766001520240654440; 89000020240000766001520250208743; 89000020240000766001520250208843; 89000020240000766001520250208913; 89000020240000766001520250208953; 89000020240000766001520250208990; 89000020240000766001520250260239; 89000020240000766001520250327310; 89000020240000766001520250327520; 89000020240000766001520250327631; 89000020240000766001520250327846; 89000020240000766001520250327948; 89000020240000766001520250327995; 89000020240000766001520250400634; 89000020240000766001520250400698; 89000020240000766001520250400725; 89000020240000766001520250400730; 89000020240000766001520250400772; 89000020240000766001520250451846; 89000020240000766001520250451906; 89000020240000766001520250508117; 89000020240000766001520250508298; 89000020240000766001520250508533; 31000315970329096000000000000000; 89000020240000766001520240650372; 89000020240000766001520240654656; 89000020240000766001520250143527; 89000020240000766001520250143648; 89000020240000766001520250143840; 89000020240000766001520250208878; 89000020240000766001520250208992; 89000020240000766001520250208995; 89000020240000766001520250259822; 89000020240000766001520250260037; 89000020240000766001520250327351; 89000020240000766001520250327353; 89000020240000766001520250327362; 89000020240000766001520250327518; 89000020240000766001520250327617; 89000020240000766001520250327690; 89000020240000766001520250400805; 89000020240000766001520250451329; 89000020240000766001520250451761; 89000020240000766001520250451911; 89000020240000766001520250508322; 89000020240000766001520250508327; 89000020240000766001520250508518; 89000020240000766001520240649946; 89000020240000766001520240650402; 89000020240000766001520240650948; 89000020240000766001520240651449; 89000020240000766001520240651706; 89000020240000766001520240654636; 89000020240000766001520250208767; 89000020240000766001520250260046; 89000020240000766001520250327253; 89000020240000766001520250327987; 89000020240000766001520250400720; 89000020240000766001520250451284; 89000020240000766001520250451491; 89000020240000766001520250451533; 89000020240000766001520250451665; 89000020240000766001520250451960; 89000020240000766001520250451973; 89000020240000766001520250507849; 89000020240000766001520250507992; 89000020240000766001520250508294; 89000020240000766001520250508381; 89000020240000766001520250508393; 31000315970345096000000000000000; 89000020240000766001520240650542; 89000020240000766001520240652461; 89000020240000766001520250082920; 89000020240000766001520250143509; 89000020240000766001520250143579; 89000020240000766001520250143744; 89000020240000766001520250208734; 89000020240000766001520250211033; 89000020240000766001520250260051; 89000020240000766001520250260175; 89000020240000766001520250327424; 89000020240000766001520250327662; 89000020240000766001520250327842; 89000020240000766001520250327958; 89000020240000766001520250400705; 89000020240000766001520250400843; 89000020240000766001520250508216; 89000020240000766001520240650526; 89000020240000766001520240650543; 89000020240000766001520240653788; 89000020240000766001520250082915; 89000020240000766001520250143549; 89000020240000766001520250143664; 89000020240000766001520250143817; 89000020240000766001520250208780; 89000020240000766001520250208868; 89000020240000766001520250208989; 89000020240000766001520250259857; 89000020240000766001520250327189; 89000020240000766001520250327203; 89000020240000766001520250327488; 89000020240000766001520250400768; 89000020240000766001520250451573; 89000020240000766001520250451698; 89000020240000766001520250451810; 89000020240000766001520250508378; 89000020240000766001520240650420; 89000020240000766001520240650529; 89000020240000766001520240654446; 89000020240000766001520240654456; 89000020240000766001520250143692; 89000020240000766001520250143865; 89000020240000766001520250210965; 89000020240000766001520250211065; 89000020240000766001520250259795; 89000020240000766001520250259971; 89000020240000766001520250259997; 89000020240000766001520250260000; 89000020240000766001520250260087; 89000020240000766001520250260204; 89000020240000766001520250327192; 89000020240000766001520250327307; 89000020240000766001520250327372; 89000020240000766001520250327574; 89000020240000766001520250327877; 89000020240000766001520250400622; 89000020240000766001520250451394; 89000020240000766001520250451686; 89000020240000766001520250451797; 89000020240000766001520250507873; 89000020240000766001520250507946; 89000020240000766001520250508069; 89000020240000766001520250508097; 89000020240000766001520250508462; 89000020240000766001520250508494; 89000020240000766001520240650381; 89000020240000766001520250143637; 89000020240000766001520250208976; 89000020240000766001520250211050; 89000020240000766001520250260024; 89000020240000766001520250260062; 89000020240000766001520250327159; 89000020240000766001520250327197; 89000020240000766001520250327280; 89000020240000766001520250327407; 89000020240000766001520250327820; 89000020240000766001520250400654; 89000020240000766001520250400700; 89000020240000766001520250451436; 89000020240000766001520250451696; 89000020240000766001520250451772; 89000020240000766001520250451865; 89000020240000766001520250507908; 89000020240000766001520250508089; 89000020240000766001520250508110; 89000020240000766001520250508111; 89000020240000766001520250508332; 89000020240000766001520250508346; 31000318636603097000000000000000; 89000020240000766001520240650400; 89000020240000766001520240650555; 89000020240000766001520240650960; 89000020240000766001520240651719; 89000020240000766001520240652043; 89000020240000766001520240654072; 89000020240000766001520250143884; 89000020240000766001520250208889; 89000020240000766001520250211066; 89000020240000766001520250259740; 89000020240000766001520250259841; 89000020240000766001520250259896; 89000020240000766001520250327339; 89000020240000766001520250327403; 89000020240000766001520250327554; 89000020240000766001520250327636; 89000020240000766001520250327713; 89000020240000766001520250327734; 89000020240000766001520250451346; 89000020240000766001520250451381; 89000020240000766001520250451759; 89000020240000766001520250451933; 89000020240000766001520250508541; 89000020240000766001520240649826; 89000020240000766001520240650949; 89000020240000766001520240650994; 89000020240000766001520240651717; 89000020240000766001520240653184; 89000020240000766001520250143558; 89000020240000766001520250143685; 89000020240000766001520250143803; 89000020240000766001520250143855; 89000020240000766001520250208918; 89000020240000766001520250211030; 89000020240000766001520250260172; 89000020240000766001520250260214; 89000020240000766001520250327475; 89000020240000766001520250327634; 89000020240000766001520250327813; 89000020240000766001520250328004; 89000020240000766001520250451339; 89000020240000766001520250451487; 89000020240000766001520250451596; 89000020240000766001520250451877; 89000020240000766001520250507846; 89000020240000766001520250508401; 89000020240000766001520250508448; 89000020240000766001520240650208; 89000020240000766001520240650551; 89000020240000766001520240650569; 89000020240000766001520240654074; 89000020240000766001520250082935; 89000020240000766001520250143799; 89000020240000766001520250143950; 89000020240000766001520250208895; 89000020240000766001520250208925; 89000020240000766001520250208943; 89000020240000766001520250210986; 89000020240000766001520250327224; 89000020240000766001520250327440; 89000020240000766001520250327838; 89000020240000766001520250327980; 89000020240000766001520250400669; 89000020240000766001520250400782; 89000020240000766001520250400799; 89000020240000766001520250451299; 89000020240000766001520250451387; 89000020240000766001520250451587; 89000020240000766001520250451756; 89000020240000766001520250508125; 89000020240000766001520250508468; 31000311847794096000000000000000; 89000020240000766001520240650393; 89000020240000766001520240650476; 89000020240000766001520240650520; 89000020240000766001520240654441; 89000020240000766001520250143683; 89000020240000766001520250208803; 89000020240000766001520250208808; 89000020240000766001520250259932; 89000020240000766001520250260028; 89000020240000766001520250327294; 89000020240000766001520250327512; 89000020240000766001520250327667; 89000020240000766001520250327673; 89000020240000766001520250327677; 89000020240000766001520250327698; 89000020240000766001520250327716; 89000020240000766001520250327740; 89000020240000766001520250327841; 89000020240000766001520250327890; 89000020240000766001520250327986; 89000020240000766001520250400592; 89000020240000766001520250400845; 89000020240000766001520250451481; 89000020240000766001520250507844; 89000020240000766001520250507971; 89000020240000766001520250508544; 89000020240000766001520240650494; 89000020240000766001520240651095; 89000020240000766001520240652320; 89000020240000766001520250143428; 89000020240000766001520250143651; 89000020240000766001520250143662; 89000020240000766001520250208741; 89000020240000766001520250208869; 89000020240000766001520250259777; 89000020240000766001520250260036; 89000020240000766001520250260093; 89000020240000766001520250260247; 89000020240000766001520250327194; 89000020240000766001520250327215; 89000020240000766001520250327231; 89000020240000766001520250327387; 89000020240000766001520250400681; 89000020240000766001520250400702; 89000020240000766001520250400755; 89000020240000766001520250451646; 89000020240000766001520250451694; 89000020240000766001520250451791; 89000020240000766001520250508304; 89000020240000766001520250508480; 31000313517171096000000000000000; 89000020240000766001520240651187; 89000020240000766001520240651471; 89000020240000766001520240653178; 89000020240000766001520250082909; 89000020240000766001520250143607; 89000020240000766001520250143703; 89000020240000766001520250143826; 89000020240000766001520250143875; 89000020240000766001520250208665; 89000020240000766001520250260054; 89000020240000766001520250260123; 89000020240000766001520250260185; 89000020240000766001520250260238; 89000020240000766001520250260251; 89000020240000766001520250327157; 89000020240000766001520250327409; 89000020240000766001520250327417; 89000020240000766001520250327439; 89000020240000766001520250327832; 89000020240000766001520250327873; 89000020240000766001520250400707; 89000020240000766001520250451384; 89000020240000766001520
B129: 2025-10-31 | C129: MIS_LT002_DT_INCPTN | D129: MISSINGS | E129: Validar que não existem registos por preencher (Missings) | F129: BU_LOANTAPE_WORK.LT002_INSTRUMENT | G129: DT_INCPTN | H129: 4742 | I129: 0
B130: 2025-10-31 | C130: MIS_LT002_DT_NXT_INTRST_PYMNT | D130: MISSINGS | E130: Validar que não existem registos por preencher (Missings) | F130: BU_LOANTAPE_WORK.LT002_INSTRUMENT | G130: DT_NXT_INTRST_PYMNT | H130: 4742 | I130: 23 | J130: 31000315970188096000000000000000; 31000315970238096000000000000000; 31000315970139096000000000000000; 31000315979890096000000000000000; 31000315970428096000000000000000; 31000311847794096000000000000000; 31641600005800007PTCPP0AM0007000; 31000315970329096000000000000000; 31000315970345096000000000000000; 31000315970402096000000000000000; 31000313517171096000000000000000; 31000315970261096000000000000000; 31000315970279096000000000000000; 31000315970212096000000000000000; 31000315970006096000000000000000; 31000315970469096000000000000000; 31000307530917096000000000000000; 31000000000000000962304890482490; 31000315970121096000000000000000; 31000307044893096000000000000000; 31000304140330096000000000000000; 31000315970311096000000000000000; 31000311450813096000000000000000
B131: 2025-10-31 | C131: MIS_LT002_DT_LGL_FNL_MTRTY | D131: MISSINGS | E131: Validar que não existem registos por preencher (Missings) | F131: BU_LOANTAPE_WORK.LT002_INSTRUMENT | G131: DT_LGL_FNL_MTRTY | H131: 4742 | I131: 0
