Workbook
Name RefDateCell: '1. Dashboard'!$D$12

Sheet Instruções
B6: Instruções

Sheet Param_RefDate
A1: Param_RefDate
A2: 2025-10-31

Sheet 1. Dashboard
B6: 1 Dashboard
B9: Controlos Reporte Bail-in
C12: Data de referência | D12: 2025-10-31
D15: MENU 1 | G15: MENU 2 | J15: NAVEGADOR
D18: TABELAS OUTPUT | G18: Processo (HUE vs CSV) | J18: Processo (HUE vs CSV)
D20: 2. Gerar Controlos | E20: [BOTÃO] | G20: 2. Gerar Controlos | H20: [BOTÃO] | J20: 1. WIP | L20: [LINK]
D22: 3. Extração dos resultados | E22: [BOTÃO] | G22: 3. Extração dos resultados | H22: [BOTÃO] | J22: 1. WIP | L22: [LINK]
J24: 1. WIP | L24: [LINK]
H31: DASHBOARD
C34: 1. Tabelas Output
C36: Mapa | D36: Total (#) | E36: OK (#) | F36: OK (%) | G36: NOK Justificados(#) | H36: NOK Justificados (%) | I36: NOK (#) | J36: NOK (%)
C37: B02.00 | D37: =+SUM(D38,D42) -> 304 | E37: =+SUM(E38,E42) -> 258 | F37: =IFERROR(E37/D37,0) -> 0.84868421 | G37: =+SUM(G38,G42) -> 8 | H37: =IFERROR(G37/D37,0) -> 0.026315789 | I37: =+SUM(I38,I42) -> 33 | J37: =IFERROR(I37/D37,0) -> 0.10855263
C38: Regulamentares (SRB) | D38: =+SUM(D39:D41) -> 156 | E38: =+SUM(E39:E41) -> 134 | F38: =IFERROR(E38/D38,0) -> 0.85897436 | G38: =+SUM(G39:G41) -> 6 | H38: =IFERROR(G38/D38,0) -> 0.038461538 | I38: =+SUM(I39:I41) -> 11 | J38: =IFERROR(I38/D38,0) -> 0.070512821
C39: High severity | D39: =+COUNTIFS('2.1. Regulamentares'!G:G,'1. Dashboard'!$C$37,'2.1. Regulamentares'!F:F,"h") -> 63 | E39: =+COUNTIFS('2.1. Regulamentares'!G:G,'1. Dashboard'!$C$37,'2.1. Regulamentares'!F:F,"h",'2.1. Regulamentares'!C:C,"=0") -> 53 | F39: =IFERROR(E39/D39,0) -> 0.84126984 | G39: =+COUNTIFS('2.1. Regulamentares'!G:G,'1. Dashboard'!$C$37,'2.1. Regulamentares'!F:F,"h",'2.1. Regulamentares'!C:C,">0",'2.1. Regulamentares'!I:I,"<>") -> 0 | H39: =IFERROR(G39/D39,0) -> 0 | I39: =+COUNTIFS('2.1. Regulamentares'!G:G,'1. Dashboard'!$C$37,'2.1. Regulamentares'!F:F,"h",'2.1. Regulamentares'!C:C,">0",'2.1. Regulamentares'!I:I,"") -> 5 | J39: =IFERROR(I39/D39,0) -> 0.079365079
C40: Warnings | D40: =+COUNTIFS('2.1. Regulamentares'!G:G,'1. Dashboard'!$C$37,'2.1. Regulamentares'!F:F,"w") -> 12 | E40: =+COUNTIFS('2.1. Regulamentares'!G:G,'1. Dashboard'!$C$37,'2.1. Regulamentares'!F:F,"w",'2.1. Regulamentares'!C:C,"=0") -> 11 | F40: =IFERROR(E40/D40,0) -> 0.91666667 | G40: =+COUNTIFS('2.1. Regulamentares'!G:G,'1. Dashboard'!$C$37,'2.1. Regulamentares'!F:F,"w",'2.1. Regulamentares'!C:C,">0",'2.1. Regulamentares'!I:I,"<>") -> 0 | H40: =IFERROR(G40/D40,0) -> 0 | I40: =+COUNTIFS('2.1. Regulamentares'!G:G,'1. Dashboard'!$C$37,'2.1. Regulamentares'!F:F,"w",'2.1. Regulamentares'!C:C,">0",'2.1. Regulamentares'!I:I,"") -> 1 | J40: =IFERROR(I40/D40,0) -> 0.083333333
C41: Formatos | D41: =+COUNTIFS('2.1. Regulamentares'!G:G,'1. Dashboard'!$C$37,'2.1. Regulamentares'!F:F,"f") -> 81 | E41: =+COUNTIFS('2.1. Regulamentares'!G:G,'1. Dashboard'!$C$37,'2.1. Regulamentares'!F:F,"f",'2.1. Regulamentares'!C:C,"=0") -> 70 | F41: =IFERROR(E41/D41,0) -> 0.86419753 | G41: =+COUNTIFS('2.1. Regulamentares'!G:G,'1. Dashboard'!$C$37,'2.1. Regulamentares'!F:F,"f",'2.1. Regulamentares'!C:C,">0",'2.1. Regulamentares'!I:I,"<>") -> 6 | H41: =IFERROR(G41/D41,0) -> 0.074074074 | I41: =+COUNTIFS('2.1. Regulamentares'!G:G,'1. Dashboard'!$C$37,'2.1. Regulamentares'!F:F,"f",'2.1. Regulamentares'!C:C,">0",'2.1. Regulamentares'!I:I,"") -> 5 | J41: =IFERROR(I41/D41,0) -> 0.061728395
C42: Outros | D42: =+SUM(D43:D46) -> 148 | E42: =+SUM(E43:E46) -> 124 | F42: =IFERROR(E42/D42,0) -> 0.83783784 | G42: =+SUM(G43:G46) -> 2 | H42: =IFERROR(G42/D42,0) -> 0.013513514 | I42: =+SUM(I43:I46) -> 22 | J42: =IFERROR(I42/D42,0) -> 0.14864865
C43: Validade (Missings/NULLS) | D43: =+COUNTIFS('2.2. Outros'!H:H,'1. Dashboard'!$C$37,'2.2. Outros'!D:D,"Validade") -> 73 | E43: =+COUNTIFS('2.2. Outros'!H:H,'1. Dashboard'!$C$37,'2.2. Outros'!D:D,"Validade",'2.2. Outros'!F:F,"0") -> 70 | F43: =IFERROR(E43/D43,0) -> 0.95890411 | G43: =+COUNTIFS('2.2. Outros'!H:H,'1. Dashboard'!$C$37,'2.2. Outros'!D:D,"Validade",'2.2. Outros'!F:F,"<>0",'2.2. Outros'!I:I,"<>") -> 1 | H43: =IFERROR(G43/D43,0) -> 0.01369863 | I43: =+COUNTIFS('2.2. Outros'!H:H,'1. Dashboard'!$C$37,'2.2. Outros'!D:D,"Validade",'2.2. Outros'!F:F,"<>0",'2.2. Outros'!I:I,"") -> 2 | J43: =IFERROR(I43/D43,0) -> 0.02739726
C44: Not applicables | D44: =+COUNTIFS('2.2. Outros'!H:H,'1. Dashboard'!$C$37,'2.2. Outros'!D:D,"Not applicable") -> 73 | E44: =+COUNTIFS('2.2. Outros'!H:H,'1. Dashboard'!$C$37,'2.2. Outros'!D:D,"Not applicable",'2.2. Outros'!F:F,"0") -> 52 | F44: =IFERROR(E44/D44,0) -> 0.71232877 | G44: =+COUNTIFS('2.2. Outros'!H:H,'1. Dashboard'!$C$37,'2.2. Outros'!D:D,"Not applicable",'2.2. Outros'!F:F,"<>0",'2.2. Outros'!I:I,"<>") -> 1 | H44: =IFERROR(G44/D44,0) -> 0.01369863 | I44: =+COUNTIFS('2.2. Outros'!H:H,'1. Dashboard'!$C$37,'2.2. Outros'!D:D,"Not applicable",'2.2. Outros'!F:F,"<>0",'2.2. Outros'!I:I,"") -> 20 | J44: =IFERROR(I44/D44,0) -> 0.2739726
C45: Duplicados | D45: =+COUNTIFS('2.2. Outros'!H:H,'1. Dashboard'!$C$37,'2.2. Outros'!D:D,"Duplicados") -> 1 | E45: =+COUNTIFS('2.2. Outros'!H:H,'1. Dashboard'!$C$37,'2.2. Outros'!D:D,"Duplicados",'2.2. Outros'!F:F,"0") -> 1 | F45: =IFERROR(E45/D45,0) -> 1 | G45: =+COUNTIFS('2.2. Outros'!H:H,'1. Dashboard'!$C$37,'2.2. Outros'!D:D,"Duplicados",'2.2. Outros'!F:F,"<>0",'2.2. Outros'!I:I,"<>") -> 0 | H45: =IFERROR(G45/D45,0) -> 0 | I45: =+COUNTIFS('2.2. Outros'!H:H,'1. Dashboard'!$C$37,'2.2. Outros'!D:D,"Duplicados",'2.2. Outros'!F:F,"<>0",'2.2. Outros'!I:I,"") -> 0 | J45: =IFERROR(I45/D45,0) -> 0
C46: Integridade entre tabelas | D46: =+COUNTIFS('2.2. Outros'!H:H,'1. Dashboard'!$C$37,'2.2. Outros'!D:D,"Integridade") -> 1 | E46: =+COUNTIFS('2.2. Outros'!H:H,'1. Dashboard'!$C$37,'2.2. Outros'!D:D,"Integridade",'2.2. Outros'!F:F,"0") -> 1 | F46: =IFERROR(E46/D46,0) -> 1 | G46: =+COUNTIFS('2.2. Outros'!H:H,'1. Dashboard'!$C$37,'2.2. Outros'!D:D,"Integridade",'2.2. Outros'!F:F,"<>0",'2.2. Outros'!I:I,"<>") -> 0 | H46: =IFERROR(G46/D46,0) -> 0 | I46: =+COUNTIFS('2.2. Outros'!H:H,'1. Dashboard'!$C$37,'2.2. Outros'!D:D,"Integridade",'2.2. Outros'!F:F,"<>0",'2.2. Outros'!I:I,"") -> 0 | J46: =IFERROR(I46/D46,0) -> 0
C47: B05.00 | D47: =+SUM(D48,D52) -> 20 | E47: =+SUM(E48,E52) -> 17 | F47: =IFERROR(E47/D47,0) -> 0.85 | G47: =+SUM(G48,G52) -> 2 | H47: =IFERROR(G47/D47,0) -> 0.1 | I47: =+SUM(I48,I52) -> 1 | J47: =IFERROR(I47/D47,0) -> 0.05
C48: Regulamentares (SRB) | D48: =+SUM(D49:D51) -> 19 | E48: =+SUM(E49:E51) -> 16 | F48: =IFERROR(E48/D48,0) -> 0.84210526 | G48: =+SUM(G49:G51) -> 2 | H48: =IFERROR(G48/D48,0) -> 0.10526316 | I48: =+SUM(I49:I51) -> 1 | J48: =IFERROR(I48/D48,0) -> 0.052631579
C49: High severity | D49: =+COUNTIFS('2.1. Regulamentares'!G:G,$C$47,'2.1. Regulamentares'!F:F,"h") -> 5 | E49: =+COUNTIFS('2.1. Regulamentares'!G:G,$C$47,'2.1. Regulamentares'!F:F,"h",'2.1. Regulamentares'!C:C,"=0") -> 4 | F49: =IFERROR(E49/D49,0) -> 0.8 | G49: =+COUNTIFS('2.1. Regulamentares'!G:G,$C$47,'2.1. Regulamentares'!F:F,"h",'2.1. Regulamentares'!C:C,">0",'2.1. Regulamentares'!I:I,"<>") -> 0 | H49: =IFERROR(G49/D49,0) -> 0 | I49: =+COUNTIFS('2.1. Regulamentares'!G:G,$C$47,'2.1. Regulamentares'!F:F,"h",'2.1. Regulamentares'!C:C,">0",'2.1. Regulamentares'!I:I,"") -> 1 | J49: =IFERROR(I49/D49,0) -> 0.2
C50: Warnings | D50: =+COUNTIFS('2.1. Regulamentares'!G:G,$C$47,'2.1. Regulamentares'!F:F,"w") -> 0 | E50: =+COUNTIFS('2.1. Regulamentares'!G:G,$C$47,'2.1. Regulamentares'!F:F,"w",'2.1. Regulamentares'!C:C,"=0") -> 0 | F50: =IFERROR(E50/D50,0) -> 0 | G50: =+COUNTIFS('2.1. Regulamentares'!G:G,$C$47,'2.1. Regulamentares'!F:F,"w",'2.1. Regulamentares'!C:C,">0",'2.1. Regulamentares'!I:I,"<>") -> 0 | H50: =IFERROR(G50/D50,0) -> 0 | I50: =+COUNTIFS('2.1. Regulamentares'!G:G,$C$47,'2.1. Regulamentares'!F:F,"w",'2.1. Regulamentares'!C:C,">0",'2.1. Regulamentares'!I:I,"") -> 0 | J50: =IFERROR(I50/D50,0) -> 0
C51: Formatos | D51: =+COUNTIFS('2.1. Regulamentares'!G:G,$C$47,'2.1. Regulamentares'!F:F,"f") -> 14 | E51: =+COUNTIFS('2.1. Regulamentares'!G:G,$C$47,'2.1. Regulamentares'!F:F,"f",'2.1. Regulamentares'!C:C,"=0") -> 12 | F51: =IFERROR(E51/D51,0) -> 0.85714286 | G51: =+COUNTIFS('2.1. Regulamentares'!G:G,$C$47,'2.1. Regulamentares'!F:F,"f",'2.1. Regulamentares'!C:C,">0",'2.1. Regulamentares'!I:I,"<>") -> 2 | H51: =IFERROR(G51/D51,0) -> 0.14285714 | I51: =+COUNTIFS('2.1. Regulamentares'!G:G,$C$47,'2.1. Regulamentares'!F:F,"f",'2.1. Regulamentares'!C:C,">0",'2.1. Regulamentares'!I:I,"") -> 0 | J51: =IFERROR(I51/D51,0) -> 0
C52: Outros | D52: =+SUM(D53:D56) -> 1 | E52: =+SUM(E53:E56) -> 1 | F52: =IFERROR(E52/D52,0) -> 1 | G52: =+SUM(G53:G56) -> 0 | H52: =IFERROR(G52/D52,0) -> 0 | I52: =+SUM(I53:I56) -> 0 | J52: =IFERROR(I52/D52,0) -> 0
C53: Validade (Missings/NULLS) | D53: =+COUNTIFS('2.2. Outros'!H:H,$C$47,'2.2. Outros'!D:D,"Validade") -> 0 | E53: =+COUNTIFS('2.2. Outros'!H:H,$C$47,'2.2. Outros'!D:D,"Validade",'2.2. Outros'!F:F,"0") -> 0 | F53: =IFERROR(E53/D53,0) -> 0 | G53: =+COUNTIFS('2.2. Outros'!H:H,$C$47,'2.2. Outros'!D:D,"Validade",'2.2. Outros'!F:F,"<>0",'2.2. Outros'!I:I,"<>") -> 0 | H53: =IFERROR(G53/D53,0) -> 0 | I53: =+COUNTIFS('2.2. Outros'!H:H,$C$47,'2.2. Outros'!D:D,"Validade",'2.2. Outros'!F:F,"<>0",'2.2. Outros'!I:I,"") -> 0 | J53: =IFERROR(I53/D53,0) -> 0
C54: Not applicables | D54: =+COUNTIFS('2.2. Outros'!H:H,$C$47,'2.2. Outros'!D:D,"Not applicable") -> 0 | E54: =+COUNTIFS('2.2. Outros'!H:H,$C$47,'2.2. Outros'!D:D,"Not applicable",'2.2. Outros'!F:F,"0") -> 0 | F54: =IFERROR(E54/D54,0) -> 0 | G54: =+COUNTIFS('2.2. Outros'!H:H,$C$47,'2.2. Outros'!D:D,"Not applicable",'2.2. Outros'!F:F,"<>0",'2.2. Outros'!I:I,"<>") -> 0 | H54: =IFERROR(G54/D54,0) -> 0 | I54: =+COUNTIFS('2.2. Outros'!H:H,$C$47,'2.2. Outros'!D:D,"Not applicable",'2.2. Outros'!F:F,"<>0",'2.2. Outros'!I:I,"") -> 0 | J54: =IFERROR(I54/D54,0) -> 0
C55: Duplicados | D55: =+COUNTIFS('2.2. Outros'!H:H,$C$47,'2.2. Outros'!D:D,"Duplicados") -> 0 | E55: =+COUNTIFS('2.2. Outros'!H:H,$C$47,'2.2. Outros'!D:D,"Duplicados",'2.2. Outros'!F:F,"0") -> 0 | F55: =IFERROR(E55/D55,0) -> 0 | G55: =+COUNTIFS('2.2. Outros'!H:H,$C$47,'2.2. Outros'!D:D,"Duplicados",'2.2. Outros'!F:F,"<>0",'2.2. Outros'!I:I,"<>") -> 0 | H55: =IFERROR(G55/D55,0) -> 0 | I55: =+COUNTIFS('2.2. Outros'!H:H,$C$47,'2.2. Outros'!D:D,"Duplicados",'2.2. Outros'!F:F,"<>0",'2.2. Outros'!I:I,"") -> 0 | J55: =IFERROR(I55/D55,0) -> 0
C56: Integridade entre tabelas | D56: =+COUNTIFS('2.2. Outros'!H:H,$C$47,'2.2. Outros'!D:D,"Integridade") -> 1 | E56: =+COUNTIFS('2.2. Outros'!H:H,$C$47,'2.2. Outros'!D:D,"Integridade",'2.2. Outros'!F:F,"0") -> 1 | F56: =IFERROR(E56/D56,0) -> 1 | G56: =+COUNTIFS('2.2. Outros'!H:H,$C$47,'2.2. Outros'!D:D,"Integridade",'2.2. Outros'!F:F,"<>0",'2.2. Outros'!I:I,"<>") -> 0 | H56: =IFERROR(G56/D56,0) -> 0 | I56: =+COUNTIFS('2.2. Outros'!H:H,$C$47,'2.2. Outros'!D:D,"Integridade",'2.2. Outros'!F:F,"<>0",'2.2. Outros'!I:I,"") -> 0 | J56: =IFERROR(I56/D56,0) -> 0
C57: B90.00 | D57: =+SUM(D58,D62) -> 16 | E57: =+SUM(E58,E62) -> 13 | F57: =IFERROR(E57/D57,0) -> 0.8125 | G57: =+SUM(G58,G62) -> 2 | H57: =IFERROR(G57/D57,0) -> 0.125 | I57: =+SUM(I58,I62) -> 1 | J57: =IFERROR(I57/D57,0) -> 0.0625
C58: Regulamentares (SRB) | D58: =+SUM(D59:D61) -> 15 | E58: =+SUM(E59:E61) -> 12 | F58: =IFERROR(E58/D58,0) -> 0.8 | G58: =+SUM(G59:G61) -> 2 | H58: =IFERROR(G58/D58,0) -> 0.13333333 | I58: =+SUM(I59:I61) -> 1 | J58: =IFERROR(I58/D58,0) -> 0.066666667
C59: High severity | D59: =+COUNTIFS('2.1. Regulamentares'!G:G,$C$57,'2.1. Regulamentares'!F:F,"h") -> 4 | E59: =+COUNTIFS('2.1. Regulamentares'!G:G,$C$57,'2.1. Regulamentares'!F:F,"h",'2.1. Regulamentares'!C:C,"=0") -> 2 | F59: =IFERROR(E59/D59,0) -> 0.5 | G59: =+COUNTIFS('2.1. Regulamentares'!G:G,$C$57,'2.1. Regulamentares'!F:F,"h",'2.1. Regulamentares'!C:C,">0",'2.1. Regulamentares'!I:I,"<>") -> 1 | H59: =IFERROR(G59/D59,0) -> 0.25 | I59: =+COUNTIFS('2.1. Regulamentares'!G:G,$C$57,'2.1. Regulamentares'!F:F,"h",'2.1. Regulamentares'!C:C,">0",'2.1. Regulamentares'!I:I,"") -> 1 | J59: =IFERROR(I59/D59,0) -> 0.25
C60: Warnings | D60: =+COUNTIFS('2.1. Regulamentares'!G:G,$C$57,'2.1. Regulamentares'!F:F,"w") -> 0 | E60: =+COUNTIFS('2.1. Regulamentares'!G:G,$C$57,'2.1. Regulamentares'!F:F,"w",'2.1. Regulamentares'!C:C,"=0") -> 0 | F60: =IFERROR(E60/D60,0) -> 0 | G60: =+COUNTIFS('2.1. Regulamentares'!G:G,$C$57,'2.1. Regulamentares'!F:F,"w",'2.1. Regulamentares'!C:C,">0",'2.1. Regulamentares'!I:I,"<>") -> 0 | H60: =IFERROR(G60/D60,0) -> 0 | I60: =+COUNTIFS('2.1. Regulamentares'!G:G,$C$57,'2.1. Regulamentares'!F:F,"w",'2.1. Regulamentares'!C:C,">0",'2.1. Regulamentares'!I:I,"") -> 0 | J60: =IFERROR(I60/D60,0) -> 0
C61: Formatos | D61: =+COUNTIFS('2.1. Regulamentares'!G:G,$C$57,'2.1. Regulamentares'!F:F,"f") -> 11 | E61: =+COUNTIFS('2.1. Regulamentares'!G:G,$C$57,'2.1. Regulamentares'!F:F,"f",'2.1. Regulamentares'!C:C,"=0") -> 10 | F61: =IFERROR(E61/D61,0) -> 0.90909091 | G61: =+COUNTIFS('2.1. Regulamentares'!G:G,$C$57,'2.1. Regulamentares'!F:F,"f",'2.1. Regulamentares'!C:C,">0",'2.1. Regulamentares'!I:I,"<>") -> 1 | H61: =IFERROR(G61/D61,0) -> 0.090909091 | I61: =+COUNTIFS('2.1. Regulamentares'!G:G,$C$57,'2.1. Regulamentares'!F:F,"f",'2.1. Regulamentares'!C:C,">0",'2.1. Regulamentares'!I:I,"") -> 0 | J61: =IFERROR(I61/D61,0) -> 0
C62: Outros | D62: =+SUM(D63:D66) -> 1 | E62: =+SUM(E63:E66) -> 1 | F62: =IFERROR(E62/D62,0) -> 1 | G62: =+SUM(G63:G66) -> 0 | H62: =IFERROR(G62/D62,0) -> 0 | I62: =+SUM(I63:I66) -> 0 | J62: =IFERROR(I62/D62,0) -> 0
C63: Validade (Missings/NULLS) | D63: =+COUNTIFS('2.2. Outros'!H:H,$C$57,'2.2. Outros'!D:D,"Validade") -> 0 | E63: =+COUNTIFS('2.2. Outros'!H:H,$C$57,'2.2. Outros'!D:D,"Validade",'2.2. Outros'!F:F,"0") -> 0 | F63: =IFERROR(E63/D63,0) -> 0 | G63: =+COUNTIFS('2.2. Outros'!H:H,$C$57,'2.2. Outros'!D:D,"Validade",'2.2. Outros'!F:F,"<>0",'2.2. Outros'!I:I,"<>") -> 0 | H63: =IFERROR(G63/D63,0) -> 0 | I63: =+COUNTIFS('2.2. Outros'!H:H,$C$57,'2.2. Outros'!D:D,"Validade",'2.2. Outros'!F:F,"<>0",'2.2. Outros'!I:I,"") -> 0 | J63: =IFERROR(I63/D63,0) -> 0
C64: Not applicables | D64: =+COUNTIFS('2.2. Outros'!H:H,$C$57,'2.2. Outros'!D:D,"Not applicable") -> 0 | E64: =+COUNTIFS('2.2. Outros'!H:H,$C$57,'2.2. Outros'!D:D,"Not applicable",'2.2. Outros'!F:F,"0") -> 0 | F64: =IFERROR(E64/D64,0) -> 0 | G64: =+COUNTIFS('2.2. Outros'!H:H,$C$57,'2.2. Outros'!D:D,"Not applicable",'2.2. Outros'!F:F,"<>0",'2.2. Outros'!I:I,"<>") -> 0 | H64: =IFERROR(G64/D64,0) -> 0 | I64: =+COUNTIFS('2.2. Outros'!H:H,$C$57,'2.2. Outros'!D:D,"Not applicable",'2.2. Outros'!F:F,"<>0",'2.2. Outros'!I:I,"") -> 0 | J64: =IFERROR(I64/D64,0) -> 0
C65: Duplicados | D65: =+COUNTIFS('2.2. Outros'!H:H,$C$57,'2.2. Outros'!D:D,"Duplicados") -> 0 | E65: =+COUNTIFS('2.2. Outros'!H:H,$C$57,'2.2. Outros'!D:D,"Duplicados",'2.2. Outros'!F:F,"0") -> 0 | F65: =IFERROR(E65/D65,0) -> 0 | G65: =+COUNTIFS('2.2. Outros'!H:H,$C$57,'2.2. Outros'!D:D,"Duplicados",'2.2. Outros'!F:F,"<>0",'2.2. Outros'!I:I,"<>") -> 0 | H65: =IFERROR(G65/D65,0) -> 0 | I65: =+COUNTIFS('2.2. Outros'!H:H,$C$57,'2.2. Outros'!D:D,"Duplicados",'2.2. Outros'!F:F,"<>0",'2.2. Outros'!I:I,"") -> 0 | J65: =IFERROR(I65/D65,0) -> 0
C66: Integridade entre tabelas | D66: =+COUNTIFS('2.2. Outros'!H:H,$C$57,'2.2. Outros'!D:D,"Integridade") -> 1 | E66: =+COUNTIFS('2.2. Outros'!H:H,$C$57,'2.2. Outros'!D:D,"Integridade",'2.2. Outros'!F:F,"0") -> 1 | F66: =IFERROR(E66/D66,0) -> 1 | G66: =+COUNTIFS('2.2. Outros'!H:H,$C$57,'2.2. Outros'!D:D,"Integridade",'2.2. Outros'!F:F,"<>0",'2.2. Outros'!I:I,"<>") -> 0 | H66: =IFERROR(G66/D66,0) -> 0 | I66: =+COUNTIFS('2.2. Outros'!H:H,$C$57,'2.2. Outros'!D:D,"Integridade",'2.2. Outros'!F:F,"<>0",'2.2. Outros'!I:I,"") -> 0 | J66: =IFERROR(I66/D66,0) -> 0
C67: Total | D67: =SUM(D57,D47,D37) -> 340 | E67: =SUM(E57,E47,E37) -> 288 | F67: =IFERROR(E67/D67,0) -> 0.84705882 | G67: =SUM(G57,G47,G37) -> 12 | H67: =IFERROR(G67/D67,0) -> 0.035294118 | I67: =SUM(I57,I47,I37) -> 35 | J67: =IFERROR(I67/D67,0) -> 0.10294118
C70: 2. Processo (HUE vs CSV)
C72: Mapa | D72: Total (#) | E72: OK (#) | F72: OK (%) | G72: NOK Justificados(#) | H72: NOK Justificados (%) | I72: NOK (#) | J72: NOK (%)
C73: B02.00 | D73: 20 | E73: 16 | F73: =+E73/D73 -> 0.8 | G73: 3 | H73: =+G73/D73 -> 0.15 | I73: 1 | J73: =+I73/D73 -> 0.05
C74: Coerência(Mapa vs. CSV)
C75: B05.00 | D75: 20 | E75: 3 | F75: =+E75/D75 -> 0.15 | G75: 2 | H75: =+G75/D75 -> 0.1 | I75: 15 | J75: =+I75/D75 -> 0.75
C76: Coerência(Mapa vs. CSV)
C77: B90.00 | D77: 10 | E77: 8 | F77: =+E77/D77 -> 0.8 | G77: 1 | H77: =+G77/D77 -> 0.1 | I77: 1 | J77: =+I77/D77 -> 0.1
C78: Coerência(Mapa vs. CSV)

Sheet 2. Inputs -->

Sheet 2.1. Regulamentares
B6: 2.1. Controlos Regulamentares
B8: Controlo | C8: Issues | D8: Detalhe | E8: Tipo | F8: High Severity (H)/ Warning (W) | G8: Table | H8: Field | I8: Justificação
B9: b0200_lvl1_h_0010_row_nmbr | C9: 0 | E9: =+MID(B9,7,4) -> lvl1 | F9: =IF(LEFT(E9,3)="lvl",MID(B9,12,1),"f") -> h | G9: =+LEFT(B9,3)&"."&MID(B9,4,2) -> b02.00 | H9: =IF(LEFT(E9,3)="lvl",IF(OR(RIGHT(B9,2)="_1",RIGHT(B9,2)="_2"),MID(B9,14,LEN(B9)-15), MID(B9,14,LEN(B9))),MID(B9,12,LEN(B9))) -> 0010_row_nmbr
B10: b0200_lvl1_h_0030_uniq_id_knwn_cntrprty | C10: 0 | E10: =+MID(B10,7,4) -> lvl1 | F10: =IF(LEFT(E10,3)="lvl",MID(B10,12,1),"f") -> h | G10: =+LEFT(B10,3)&"."&MID(B10,4,2) -> b02.00 | H10: =IF(LEFT(E10,3)="lvl",IF(OR(RIGHT(B10,2)="_1",RIGHT(B10,2)="_2"),MID(B10,14,LEN(B10)-15), MID(B10,14,LEN(B10))),MID(B10,12,LEN(B10))) -> 0030_uniq_id_knwn_cntrprty
B11: b0200_lvl1_h_0040_typ_uniq_id_knwn_cntrprty | C11: 0 | E11: =+MID(B11,7,4) -> lvl1 | F11: =IF(LEFT(E11,3)="lvl",MID(B11,12,1),"f") -> h | G11: =+LEFT(B11,3)&"."&MID(B11,4,2) -> b02.00 | H11: =IF(LEFT(E11,3)="lvl",IF(OR(RIGHT(B11,2)="_1",RIGHT(B11,2)="_2"),MID(B11,14,LEN(B11)-15), MID(B11,14,LEN(B11))),MID(B11,12,LEN(B11))) -> 0040_typ_uniq_id_knwn_cntrprty
B12: b0200_lvl1_h_0070_cntrct_crrncy | C12: 0 | E12: =+MID(B12,7,4) -> lvl1 | F12: =IF(LEFT(E12,3)="lvl",MID(B12,12,1),"f") -> h | G12: =+LEFT(B12,3)&"."&MID(B12,4,2) -> b02.00 | H12: =IF(LEFT(E12,3)="lvl",IF(OR(RIGHT(B12,2)="_1",RIGHT(B12,2)="_2"),MID(B12,14,LEN(B12)-15), MID(B12,14,LEN(B12))),MID(B12,12,LEN(B12))) -> 0070_cntrct_crrncy
B13: b0200_lvl1_h_0080_otstndng_prncpl_amnt | C13: 0 | E13: =+MID(B13,7,4) -> lvl1 | F13: =IF(LEFT(E13,3)="lvl",MID(B13,12,1),"f") -> h | G13: =+LEFT(B13,3)&"."&MID(B13,4,2) -> b02.00 | H13: =IF(LEFT(E13,3)="lvl",IF(OR(RIGHT(B13,2)="_1",RIGHT(B13,2)="_2"),MID(B13,14,LEN(B13)-15), MID(B13,14,LEN(B13))),MID(B13,12,LEN(B13))) -> 0080_otstndng_prncpl_amnt
B14: b0200_lvl1_w_0080_otstndng_prncpl_amnt | C14: 0 | E14: =+MID(B14,7,4) -> lvl1 | F14: =IF(LEFT(E14,3)="lvl",MID(B14,12,1),"f") -> w | G14: =+LEFT(B14,3)&"."&MID(B14,4,2) -> b02.00 | H14: =IF(LEFT(E14,3)="lvl",IF(OR(RIGHT(B14,2)="_1",RIGHT(B14,2)="_2"),MID(B14,14,LEN(B14)-15), MID(B14,14,LEN(B14))),MID(B14,12,LEN(B14))) -> 0080_otstndng_prncpl_amnt
B15: b0200_lvl1_h_0090_prtn_amnt_rprtng_entty | C15: 0 | E15: =+MID(B15,7,4) -> lvl1 | F15: =IF(LEFT(E15,3)="lvl",MID(B15,12,1),"f") -> h | G15: =+LEFT(B15,3)&"."&MID(B15,4,2) -> b02.00 | H15: =IF(LEFT(E15,3)="lvl",IF(OR(RIGHT(B15,2)="_1",RIGHT(B15,2)="_2"),MID(B15,14,LEN(B15)-15), MID(B15,14,LEN(B15))),MID(B15,12,LEN(B15))) -> 0090_prtn_amnt_rprtng_entty
B16: b0200_lvl1_h_0100_accrd_intrst_instrmnt | C16: 0 | E16: =+MID(B16,7,4) -> lvl1 | F16: =IF(LEFT(E16,3)="lvl",MID(B16,12,1),"f") -> h | G16: =+LEFT(B16,3)&"."&MID(B16,4,2) -> b02.00 | H16: =IF(LEFT(E16,3)="lvl",IF(OR(RIGHT(B16,2)="_1",RIGHT(B16,2)="_2"),MID(B16,14,LEN(B16)-15), MID(B16,14,LEN(B16))),MID(B16,12,LEN(B16))) -> 0100_accrd_intrst_instrmnt
B17: b0200_lvl1_w_0100_accrd_intrst_instrmnt | C17: 0 | E17: =+MID(B17,7,4) -> lvl1 | F17: =IF(LEFT(E17,3)="lvl",MID(B17,12,1),"f") -> w | G17: =+LEFT(B17,3)&"."&MID(B17,4,2) -> b02.00 | H17: =IF(LEFT(E17,3)="lvl",IF(OR(RIGHT(B17,2)="_1",RIGHT(B17,2)="_2"),MID(B17,14,LEN(B17)-15), MID(B17,14,LEN(B17))),MID(B17,12,LEN(B17))) -> 0100_accrd_intrst_instrmnt
B18: b0200_lvl1_h_0120_otstndng_amnt | C18: 0 | E18: =+MID(B18,7,4) -> lvl1 | F18: =IF(LEFT(E18,3)="lvl",MID(B18,12,1),"f") -> h | G18: =+LEFT(B18,3)&"."&MID(B18,4,2) -> b02.00 | H18: =IF(LEFT(E18,3)="lvl",IF(OR(RIGHT(B18,2)="_1",RIGHT(B18,2)="_2"),MID(B18,14,LEN(B18)-15), MID(B18,14,LEN(B18))),MID(B18,12,LEN(B18))) -> 0120_otstndng_amnt
B19: b0200_lvl1_w_0120_otstndng_amnt | C19: 8 | E19: =+MID(B19,7,4) -> lvl1 | F19: =IF(LEFT(E19,3)="lvl",MID(B19,12,1),"f") -> w | G19: =+LEFT(B19,3)&"."&MID(B19,4,2) -> b02.00 | H19: =IF(LEFT(E19,3)="lvl",IF(OR(RIGHT(B19,2)="_1",RIGHT(B19,2)="_2"),MID(B19,14,LEN(B19)-15), MID(B19,14,LEN(B19))),MID(B19,12,LEN(B19))) -> 0120_otstndng_amnt
B20: b0200_lvl1_h_0130_rlvnt_amnt_wdc | C20: 8 | E20: =+MID(B20,7,4) -> lvl1 | F20: =IF(LEFT(E20,3)="lvl",MID(B20,12,1),"f") -> h | G20: =+LEFT(B20,3)&"."&MID(B20,4,2) -> b02.00 | H20: =IF(LEFT(E20,3)="lvl",IF(OR(RIGHT(B20,2)="_1",RIGHT(B20,2)="_2"),MID(B20,14,LEN(B20)-15), MID(B20,14,LEN(B20))),MID(B20,12,LEN(B20))) -> 0130_rlvnt_amnt_wdc
... B28: b0200_lvl1_h_0210_dt_lgl_fnl_mtrty | C28: 0 | E28: =+MID(B28,7,4) -> lvl1 | F28: =IF(LEFT(E28,3)="lvl",MID(B28,12,1),"f") -> h | G28: =+LEFT(B28,3)&"."&MID(B28,4,2) -> b02.00 | H28: =IF(LEFT(E28,3)="lvl",IF(OR(RIGHT(B28,2)="_1",RIGHT(B28,2)="_2"),MID(B28,14,LEN(B28)-15), MID(B28,14,LEN(B28))),MID(B28,12,LEN(B28))) -> 0210_dt_lgl_fnl_mtrty
B29: b0200_lvl1_h_0220_governing_law | C29: 0 | D29: sem erro'; 'sem erro'; 'sem erro';'sem erro' | E29: =+MID(B29,7,4) -> lvl1 | F29: =IF(LEFT(E29,3)="lvl",MID(B29,12,1),"f") -> h | G29: =+LEFT(B29,3)&"."&MID(B29,4,2) -> b02.00 | H29: =IF(LEFT(E29,3)="lvl",IF(OR(RIGHT(B29,2)="_1",RIGHT(B29,2)="_2"),MID(B29,14,LEN(B29)-15), MID(B29,14,LEN(B29))),MID(B29,12,LEN(B29))) -> 0220_governing_law
B30: b0200_lvl1_h_0250_strctrd_prdct | C30: 0 | E30: =+MID(B30,7,4) -> lvl1 | F30: =IF(LEFT(E30,3)="lvl",MID(B30,12,1),"f") -> h | G30: =+LEFT(B30,3)&"."&MID(B30,4,2) -> b02.00 | H30: =IF(LEFT(E30,3)="lvl",IF(OR(RIGHT(B30,2)="_1",RIGHT(B30,2)="_2"),MID(B30,14,LEN(B30)-15), MID(B30,14,LEN(B30))),MID(B30,12,LEN(B30))) -> 0250_strctrd_prdct
B31: b0200_lvl1_w_0260_grntd_min_amnt_strctrd_prdct | C31: 0 | E31: =+MID(B31,7,4) -> lvl1 | F31: =IF(LEFT(E31,3)="lvl",MID(B31,12,1),"f") -> w | G31: =+LEFT(B31,3)&"."&MID(B31,4,2) -> b02.00 | H31: =IF(LEFT(E31,3)="lvl",IF(OR(RIGHT(B31,2)="_1",RIGHT(B31,2)="_2"),MID(B31,14,LEN(B31)-15), MID(B31,14,LEN(B31))),MID(B31,12,LEN(B31))) -> 0260_grntd_min_amnt_strctrd_prdct
B32: b0200_lvl1_h_0270_fv_amnt_strctrd_prdct | C32: 0 | E32: =+MID(B32,7,4) -> lvl1 | F32: =IF(LEFT(E32,3)="lvl",MID(B32,12,1),"f") -> h | G32: =+LEFT(B32,3)&"."&MID(B32,4,2) -> b02.00 | H32: =IF(LEFT(E32,3)="lvl",IF(OR(RIGHT(B32,2)="_1",RIGHT(B32,2)="_2"),MID(B32,14,LEN(B32)-15), MID(B32,14,LEN(B32))),MID(B32,12,LEN(B32))) -> 0270_fv_amnt_strctrd_prdct
B33: b0200_lvl1_h_0300_amnt_cvrd_elgbl_dpsts | C33: 0 | E33: =+MID(B33,7,4) -> lvl1 | F33: =IF(LEFT(E33,3)="lvl",MID(B33,12,1),"f") -> h | G33: =+LEFT(B33,3)&"."&MID(B33,4,2) -> b02.00 | H33: =IF(LEFT(E33,3)="lvl",IF(OR(RIGHT(B33,2)="_1",RIGHT(B33,2)="_2"),MID(B33,14,LEN(B33)-15), MID(B33,14,LEN(B33))),MID(B33,12,LEN(B33))) -> 0300_amnt_cvrd_elgbl_dpsts
B34: b0200_lvl1_h_0310_flg_clltrl_agrmnts | C34: 0 | E34: =+MID(B34,7,4) -> lvl1 | F34: =IF(LEFT(E34,3)="lvl",MID(B34,12,1),"f") -> h | G34: =+LEFT(B34,3)&"."&MID(B34,4,2) -> b02.00 | H34: =IF(LEFT(E34,3)="lvl",IF(OR(RIGHT(B34,2)="_1",RIGHT(B34,2)="_2"),MID(B34,14,LEN(B34)-15), MID(B34,14,LEN(B34))),MID(B34,12,LEN(B34))) -> 0310_flg_clltrl_agrmnts
B35: b0200_lvl1_h_0320_amnt_clltrl | C35: 0 | E35: =+MID(B35,7,4) -> lvl1 | F35: =IF(LEFT(E35,3)="lvl",MID(B35,12,1),"f") -> h | G35: =+LEFT(B35,3)&"."&MID(B35,4,2) -> b02.00 | H35: =IF(LEFT(E35,3)="lvl",IF(OR(RIGHT(B35,2)="_1",RIGHT(B35,2)="_2"),MID(B35,14,LEN(B35)-15), MID(B35,14,LEN(B35))),MID(B35,12,LEN(B35))) -> 0320_amnt_clltrl
B36: b0200_lvl1_h_0330_amnt_unclltrlzd | C36: 0 | E36: =+MID(B36,7,4) -> lvl1 | F36: =IF(LEFT(E36,3)="lvl",MID(B36,12,1),"f") -> h | G36: =+LEFT(B36,3)&"."&MID(B36,4,2) -> b02.00 | H36: =IF(LEFT(E36,3)="lvl",IF(OR(RIGHT(B36,2)="_1",RIGHT(B36,2)="_2"),MID(B36,14,LEN(B36)-15), MID(B36,14,LEN(B36))),MID(B36,12,LEN(B36))) -> 0330_amnt_unclltrlzd
B37: b0200_lvl1_h_0350_typ_clltrl | C37: 0 | E37: =+MID(B37,7,4) -> lvl1 | F37: =IF(LEFT(E37,3)="lvl",MID(B37,12,1),"f") -> h | G37: =+LEFT(B37,3)&"."&MID(B37,4,2) -> b02.00 | H37: =IF(LEFT(E37,3)="lvl",IF(OR(RIGHT(B37,2)="_1",RIGHT(B37,2)="_2"),MID(B37,14,LEN(B37)-15), MID(B37,14,LEN(B37))),MID(B37,12,LEN(B37))) -> 0350_typ_clltrl
B38: b0200_lvl1_h_0351_typ_clltrl_othr | C38: 0 | E38: =+MID(B38,7,4) -> lvl1 | F38: =IF(LEFT(E38,3)="lvl",MID(B38,12,1),"f") -> h | G38: =+LEFT(B38,3)&"."&MID(B38,4,2) -> b02.00 | H38: =IF(LEFT(E38,3)="lvl",IF(OR(RIGHT(B38,2)="_1",RIGHT(B38,2)="_2"),MID(B38,14,LEN(B38)-15), MID(B38,14,LEN(B38))),MID(B38,12,LEN(B38))) -> 0351_typ_clltrl_othr
B39: b0200_lvl1_h_0370_amnt_scrty_eur | C39: 0 | E39: =+MID(B39,7,4) -> lvl1 | F39: =IF(LEFT(E39,3)="lvl",MID(B39,12,1),"f") -> h | G39: =+LEFT(B39,3)&"."&MID(B39,4,2) -> b02.00 | H39: =IF(LEFT(E39,3)="lvl",IF(OR(RIGHT(B39,2)="_1",RIGHT(B39,2)="_2"),MID(B39,14,LEN(B39)-15), MID(B39,14,LEN(B39))),MID(B39,12,LEN(B39))) -> 0370_amnt_scrty_eur
B40: b0200_lvl1_w_0370_amnt_scrty_eur | C40: 0 | E40: =+MID(B40,7,4) -> lvl1 | F40: =IF(LEFT(E40,3)="lvl",MID(B40,12,1),"f") -> w | G40: =+LEFT(B40,3)&"."&MID(B40,4,2) -> b02.00 | H40: =IF(LEFT(E40,3)="lvl",IF(OR(RIGHT(B40,2)="_1",RIGHT(B40,2)="_2"),MID(B40,14,LEN(B40)-15), MID(B40,14,LEN(B40))),MID(B40,12,LEN(B40))) -> 0370_amnt_scrty_eur
B41: b0200_lvl1_h_0390_nmbr_scrts_not_rprtng_entty | C41: 0 | E41: =+MID(B41,7,4) -> lvl1 | F41: =IF(LEFT(E41,3)="lvl",MID(B41,12,1),"f") -> h | G41: =+LEFT(B41,3)&"."&MID(B41,4,2) -> b02.00 | H41: =IF(LEFT(E41,3)="lvl",IF(OR(RIGHT(B41,2)="_1",RIGHT(B41,2)="_2"),MID(B41,14,LEN(B41)-15), MID(B41,14,LEN(B41))),MID(B41,12,LEN(B41))) -> 0390_nmbr_scrts_not_rprtng_entty
... B97: b0200_frmt_0140_ntr_lblty | C97: 4 | E97: =+MID(B97,7,4) -> frmt | F97: =IF(LEFT(E97,3)="lvl",MID(B97,12,1),"f") -> f | G97: =+LEFT(B97,3)&"."&MID(B97,4,2) -> b02.00 | H97: =IF(LEFT(E97,3)="lvl",IF(OR(RIGHT(B97,2)="_1",RIGHT(B97,2)="_2"),MID(B97,14,LEN(B97)-15), MID(B97,14,LEN(B97))),MID(B97,12,LEN(B97))) -> 0140_ntr_lblty
B98: b0200_frmt_0141_ntr_lblty_othr | C98: 8 | E98: =+MID(B98,7,4) -> frmt | F98: =IF(LEFT(E98,3)="lvl",MID(B98,12,1),"f") -> f | G98: =+LEFT(B98,3)&"."&MID(B98,4,2) -> b02.00 | H98: =IF(LEFT(E98,3)="lvl",IF(OR(RIGHT(B98,2)="_1",RIGHT(B98,2)="_2"),MID(B98,14,LEN(B98)-15), MID(B98,14,LEN(B98))),MID(B98,12,LEN(B98))) -> 0141_ntr_lblty_othr | I98: Valor fixo 'Not applicable' no campo Nature of the liability (if other), uma vez que todos os registos são considerados no campo Nature of the liability como "Title of ownership" ou "Registered Bond", não existinto "other".
B99: b0200_frmt_0150_flg_strctrlly_sbrdntd | C99: 8 | E99: =+MID(B99,7,4) -> frmt | F99: =IF(LEFT(E99,3)="lvl",MID(B99,12,1),"f") -> f | G99: =+LEFT(B99,3)&"."&MID(B99,4,2) -> b02.00 | H99: =IF(LEFT(E99,3)="lvl",IF(OR(RIGHT(B99,2)="_1",RIGHT(B99,2)="_2"),MID(B99,14,LEN(B99)-15), MID(B99,14,LEN(B99))),MID(B99,12,LEN(B99))) -> 0150_flg_strctrlly_sbrdntd | I99: Valor fixo 'Not applicable' de acordo com o Anexo III - considerado não aplicável para non-resolution entities.
B100: b0200_frmt_0160_rank_insolv | C100: 0 | E100: =+MID(B100,7,4) -> frmt | F100: =IF(LEFT(E100,3)="lvl",MID(B100,12,1),"f") -> f | G100: =+LEFT(B100,3)&"."&MID(B100,4,2) -> b02.00 | H100: =IF(LEFT(E100,3)="lvl",IF(OR(RIGHT(B100,2)="_1",RIGHT(B100,2)="_2"),MID(B100,14,LEN(B100)-15), MID(B100,14,LEN(B100))),MID(B100,12,LEN(B100))) -> 0160_rank_insolv
B101: b0200_frmt_0161_cntrctl_sbrdntn | C101: 0 | E101: =+MID(B101,7,4) -> frmt | F101: =IF(LEFT(E101,3)="lvl",MID(B101,12,1),"f") -> f | G101: =+LEFT(B101,3)&"."&MID(B101,4,2) -> b02.00 | H101: =IF(LEFT(E101,3)="lvl",IF(OR(RIGHT(B101,2)="_1",RIGHT(B101,2)="_2"),MID(B101,14,LEN(B101)-15), MID(B101,14,LEN(B101))),MID(B101,12,LEN(B101))) -> 0161_cntrctl_sbrdntn
B102: b0200_frmt_0162_bail_in_cascade | C102: 0 | E102: =+MID(B102,7,4) -> frmt | F102: =IF(LEFT(E102,3)="lvl",MID(B102,12,1),"f") -> f | G102: =+LEFT(B102,3)&"."&MID(B102,4,2) -> b02.00 | H102: =IF(LEFT(E102,3)="lvl",IF(OR(RIGHT(B102,2)="_1",RIGHT(B102,2)="_2"),MID(B102,14,LEN(B102)-15), MID(B102,14,LEN(B102))),MID(B102,12,LEN(B102))) -> 0162_bail_in_cascade
B103: b0200_frmt_0170_dt_incptn | C103: 0 | E103: =+MID(B103,7,4) -> frmt | F103: =IF(LEFT(E103,3)="lvl",MID(B103,12,1),"f") -> f | G103: =+LEFT(B103,3)&"."&MID(B103,4,2) -> b02.00 | H103: =IF(LEFT(E103,3)="lvl",IF(OR(RIGHT(B103,2)="_1",RIGHT(B103,2)="_2"),MID(B103,14,LEN(B103)-15), MID(B103,14,LEN(B103))),MID(B103,12,LEN(B103))) -> 0170_dt_incptn
B104: b0200_frmt_0180_dt_nxt_intrst_pymnt | C104: 8 | E104: =+MID(B104,7,4) -> frmt | F104: =IF(LEFT(E104,3)="lvl",MID(B104,12,1),"f") -> f | G104: =+LEFT(B104,3)&"."&MID(B104,4,2) -> b02.00 | H104: =IF(LEFT(E104,3)="lvl",IF(OR(RIGHT(B104,2)="_1",RIGHT(B104,2)="_2"),MID(B104,14,LEN(B104)-15), MID(B104,14,LEN(B104))),MID(B104,12,LEN(B104))) -> 0180_dt_nxt_intrst_pymnt
B105: b0200_frmt_0190_dt_nxt_rdmptn_pymnt | C105: 0 | E105: =+MID(B105,7,4) -> frmt | F105: =IF(LEFT(E105,3)="lvl",MID(B105,12,1),"f") -> f | G105: =+LEFT(B105,3)&"."&MID(B105,4,2) -> b02.00 | H105: =IF(LEFT(E105,3)="lvl",IF(OR(RIGHT(B105,2)="_1",RIGHT(B105,2)="_2"),MID(B105,14,LEN(B105)-15), MID(B105,14,LEN(B105))),MID(B105,12,LEN(B105))) -> 0190_dt_nxt_rdmptn_pymnt
B106: b0200_frmt_0200_dt_erlst_rdmptn | C106: 0 | E106: =+MID(B106,7,4) -> frmt | F106: =IF(LEFT(E106,3)="lvl",MID(B106,12,1),"f") -> f | G106: =+LEFT(B106,3)&"."&MID(B106,4,2) -> b02.00 | H106: =IF(LEFT(E106,3)="lvl",IF(OR(RIGHT(B106,2)="_1",RIGHT(B106,2)="_2"),MID(B106,14,LEN(B106)-15), MID(B106,14,LEN(B106))),MID(B106,12,LEN(B106))) -> 0200_dt_erlst_rdmptn
B107: b0200_frmt_0210_dt_lgl_fnl_mtrty | C107: 0 | E107: =+MID(B107,7,4) -> frmt | F107: =IF(LEFT(E107,3)="lvl",MID(B107,12,1),"f") -> f | G107: =+LEFT(B107,3)&"."&MID(B107,4,2) -> b02.00 | H107: =IF(LEFT(E107,3)="lvl",IF(OR(RIGHT(B107,2)="_1",RIGHT(B107,2)="_2"),MID(B107,14,LEN(B107)-15), MID(B107,14,LEN(B107))),MID(B107,12,LEN(B107))) -> 0210_dt_lgl_fnl_mtrty
B108: b0200_frmt_0220_governing_law | C108: 0 | E108: =+MID(B108,7,4) -> frmt | F108: =IF(LEFT(E108,3)="lvl",MID(B108,12,1),"f") -> f | G108: =+LEFT(B108,3)&"."&MID(B108,4,2) -> b02.00 | H108: =IF(LEFT(E108,3)="lvl",IF(OR(RIGHT(B108,2)="_1",RIGHT(B108,2)="_2"),MID(B108,14,LEN(B108)-15), MID(B108,14,LEN(B108))),MID(B108,12,LEN(B108))) -> 0220_governing_law
B109: b0200_frmt_0230_bail_in_rcgntn_cls | C109: 0 | E109: =+MID(B109,7,4) -> frmt | F109: =IF(LEFT(E109,3)="lvl",MID(B109,12,1),"f") -> f | G109: =+LEFT(B109,3)&"."&MID(B109,4,2) -> b02.00 | H109: =IF(LEFT(E109,3)="lvl",IF(OR(RIGHT(B109,2)="_1",RIGHT(B109,2)="_2"),MID(B109,14,LEN(B109)-15), MID(B109,14,LEN(B109))),MID(B109,12,LEN(B109))) -> 0230_bail_in_rcgntn_cls
B110: b0200_frmt_0240_zero_coupon | C110: 0 | E110: =+MID(B110,7,4) -> frmt | F110: =IF(LEFT(E110,3)="lvl",MID(B110,12,1),"f") -> f | G110: =+LEFT(B110,3)&"."&MID(B110,4,2) -> b02.00 | H110: =IF(LEFT(E110,3)="lvl",IF(OR(RIGHT(B110,2)="_1",RIGHT(B110,2)="_2"),MID(B110,14,LEN(B110)-15), MID(B110,14,LEN(B110))),MID(B110,12,LEN(B110))) -> 0240_zero_coupon
B111: b0200_frmt_0250_strctrd_prdct | C111: 0 | E111: =+MID(B111,7,4) -> frmt | F111: =IF(LEFT(E111,3)="lvl",MID(B111,12,1),"f") -> f | G111: =+LEFT(B111,3)&"."&MID(B111,4,2) -> b02.00 | H111: =IF(LEFT(E111,3)="lvl",IF(OR(RIGHT(B111,2)="_1",RIGHT(B111,2)="_2"),MID(B111,14,LEN(B111)-15), MID(B111,14,LEN(B111))),MID(B111,12,LEN(B111))) -> 0250_strctrd_prdct
... B119: b0200_frmt_0330_amnt_unclltrlzd | C119: 0 | E119: =+MID(B119,7,4) -> frmt | F119: =IF(LEFT(E119,3)="lvl",MID(B119,12,1),"f") -> f | G119: =+LEFT(B119,3)&"."&MID(B119,4,2) -> b02.00 | H119: =IF(LEFT(E119,3)="lvl",IF(OR(RIGHT(B119,2)="_1",RIGHT(B119,2)="_2"),MID(B119,14,LEN(B119)-15), MID(B119,14,LEN(B119))),MID(B119,12,LEN(B119))) -> 0330_amnt_unclltrlzd
B120: b0200_frmt_0340_id_clltrl | C120: 8 | E120: =+MID(B120,7,4) -> frmt | F120: =IF(LEFT(E120,3)="lvl",MID(B120,12,1),"f") -> f | G120: =+LEFT(B120,3)&"."&MID(B120,4,2) -> b02.00 | H120: =IF(LEFT(E120,3)="lvl",IF(OR(RIGHT(B120,2)="_1",RIGHT(B120,2)="_2"),MID(B120,14,LEN(B120)-15), MID(B120,14,LEN(B120))),MID(B120,12,LEN(B120))) -> 0340_id_clltrl | I120: Valor fixo 'Not applicable' de acordo com o Anexo III - considerado não aplicável para non-resolution entities.
B121: b0200_frmt_0350_typ_clltrl | C121: 0 | E121: =+MID(B121,7,4) -> frmt | F121: =IF(LEFT(E121,3)="lvl",MID(B121,12,1),"f") -> f | G121: =+LEFT(B121,3)&"."&MID(B121,4,2) -> b02.00 | H121: =IF(LEFT(E121,3)="lvl",IF(OR(RIGHT(B121,2)="_1",RIGHT(B121,2)="_2"),MID(B121,14,LEN(B121)-15), MID(B121,14,LEN(B121))),MID(B121,12,LEN(B121))) -> 0350_typ_clltrl
B122: b0200_frmt_0351_typ_clltrl_othr | C122: 8 | E122: =+MID(B122,7,4) -> frmt | F122: =IF(LEFT(E122,3)="lvl",MID(B122,12,1),"f") -> f | G122: =+LEFT(B122,3)&"."&MID(B122,4,2) -> b02.00 | H122: =IF(LEFT(E122,3)="lvl",IF(OR(RIGHT(B122,2)="_1",RIGHT(B122,2)="_2"),MID(B122,14,LEN(B122)-15), MID(B122,14,LEN(B122))),MID(B122,12,LEN(B122))) -> 0351_typ_clltrl_othr | I122: Valor fixo 'Not applicable' de acordo com o Anexo III - considerado não aplicável para non-resolution entities.
B123: b0200_frmt_0360_trdng_mthd | C123: 0 | E123: =+MID(B123,7,4) -> frmt | F123: =IF(LEFT(E123,3)="lvl",MID(B123,12,1),"f") -> f | G123: =+LEFT(B123,3)&"."&MID(B123,4,2) -> b02.00 | H123: =IF(LEFT(E123,3)="lvl",IF(OR(RIGHT(B123,2)="_1",RIGHT(B123,2)="_2"),MID(B123,14,LEN(B123)-15), MID(B123,14,LEN(B123))),MID(B123,12,LEN(B123))) -> 0360_trdng_mthd
B124: b0200_frmt_0370_amnt_scrty_eur | C124: 0 | E124: =+MID(B124,7,4) -> frmt | F124: =IF(LEFT(E124,3)="lvl",MID(B124,12,1),"f") -> f | G124: =+LEFT(B124,3)&"."&MID(B124,4,2) -> b02.00 | H124: =IF(LEFT(E124,3)="lvl",IF(OR(RIGHT(B124,2)="_1",RIGHT(B124,2)="_2"),MID(B124,14,LEN(B124)-15), MID(B124,14,LEN(B124))),MID(B124,12,LEN(B124))) -> 0370_amnt_scrty_eur
B125: b0200_frmt_0380_amnt_scrty_fx | C125: 0 | E125: =+MID(B125,7,4) -> frmt | F125: =IF(LEFT(E125,3)="lvl",MID(B125,12,1),"f") -> f | G125: =+LEFT(B125,3)&"."&MID(B125,4,2) -> b02.00 | H125: =IF(LEFT(E125,3)="lvl",IF(OR(RIGHT(B125,2)="_1",RIGHT(B125,2)="_2"),MID(B125,14,LEN(B125)-15), MID(B125,14,LEN(B125))),MID(B125,12,LEN(B125))) -> 0380_amnt_scrty_fx
B126: b0200_frmt_0390_nmbr_scrts_not_rprtng_entty | C126: 0 | E126: =+MID(B126,7,4) -> frmt | F126: =IF(LEFT(E126,3)="lvl",MID(B126,12,1),"f") -> f | G126: =+LEFT(B126,3)&"."&MID(B126,4,2) -> b02.00 | H126: =IF(LEFT(E126,3)="lvl",IF(OR(RIGHT(B126,2)="_1",RIGHT(B126,2)="_2"),MID(B126,14,LEN(B126)-15), MID(B126,14,LEN(B126))),MID(B126,12,LEN(B126))) -> 0390_nmbr_scrts_not_rprtng_entty
B127: b0200_frmt_0391_nmbr_scrts_rprtng_entty | C127: 8 | E127: =+MID(B127,7,4) -> frmt | F127: =IF(LEFT(E127,3)="lvl",MID(B127,12,1),"f") -> f | G127: =+LEFT(B127,3)&"."&MID(B127,4,2) -> b02.00 | H127: =IF(LEFT(E127,3)="lvl",IF(OR(RIGHT(B127,2)="_1",RIGHT(B127,2)="_2"),MID(B127,14,LEN(B127)-15), MID(B127,14,LEN(B127))),MID(B127,12,LEN(B127))) -> 0391_nmbr_scrts_rprtng_entty
B128: b0200_frmt_0400_accrd_intrst_scrty | C128: 0 | E128: =+MID(B128,7,4) -> frmt | F128: =IF(LEFT(E128,3)="lvl",MID(B128,12,1),"f") -> f | G128: =+LEFT(B128,3)&"."&MID(B128,4,2) -> b02.00 | H128: =IF(LEFT(E128,3)="lvl",IF(OR(RIGHT(B128,2)="_1",RIGHT(B128,2)="_2"),MID(B128,14,LEN(B128)-15), MID(B128,14,LEN(B128))),MID(B128,12,LEN(B128))) -> 0400_accrd_intrst_scrty
B129: b0200_frmt_0410_fees_charges_scrty | C129: 0 | E129: =+MID(B129,7,4) -> frmt | F129: =IF(LEFT(E129,3)="lvl",MID(B129,12,1),"f") -> f | G129: =+LEFT(B129,3)&"."&MID(B129,4,2) -> b02.00 | H129: =IF(LEFT(E129,3)="lvl",IF(OR(RIGHT(B129,2)="_1",RIGHT(B129,2)="_2"),MID(B129,14,LEN(B129)-15), MID(B129,14,LEN(B129))),MID(B129,12,LEN(B129))) -> 0410_fees_charges_scrty
B130: b0200_frmt_0420_fv_amnt_scrty | C130: 0 | E130: =+MID(B130,7,4) -> frmt | F130: =IF(LEFT(E130,3)="lvl",MID(B130,12,1),"f") -> f | G130: =+LEFT(B130,3)&"."&MID(B130,4,2) -> b02.00 | H130: =IF(LEFT(E130,3)="lvl",IF(OR(RIGHT(B130,2)="_1",RIGHT(B130,2)="_2"),MID(B130,14,LEN(B130)-15), MID(B130,14,LEN(B130))),MID(B130,12,LEN(B130))) -> 0420_fv_amnt_scrty
B131: b0200_frmt_0430_prncpl_amnt_glbl_nt_eur | C131: 0 | E131: =+MID(B131,7,4) -> frmt | F131: =IF(LEFT(E131,3)="lvl",MID(B131,12,1),"f") -> f | G131: =+LEFT(B131,3)&"."&MID(B131,4,2) -> b02.00 | H131: =IF(LEFT(E131,3)="lvl",IF(OR(RIGHT(B131,2)="_1",RIGHT(B131,2)="_2"),MID(B131,14,LEN(B131)-15), MID(B131,14,LEN(B131))),MID(B131,12,LEN(B131))) -> 0430_prncpl_amnt_glbl_nt_eur
B132: b0200_frmt_0431_prncpl_amnt_glbl_nt_fx | C132: 0 | E132: =+MID(B132,7,4) -> frmt | F132: =IF(LEFT(E132,3)="lvl",MID(B132,12,1),"f") -> f | G132: =+LEFT(B132,3)&"."&MID(B132,4,2) -> b02.00 | H132: =IF(LEFT(E132,3)="lvl",IF(OR(RIGHT(B132,2)="_1",RIGHT(B132,2)="_2"),MID(B132,14,LEN(B132)-15), MID(B132,14,LEN(B132))),MID(B132,12,LEN(B132))) -> 0431_prncpl_amnt_glbl_nt_fx
B133: b0200_frmt_0440_ntr_glbl_nt | C133: 0 | E133: =+MID(B133,7,4) -> frmt | F133: =IF(LEFT(E133,3)="lvl",MID(B133,12,1),"f") -> f | G133: =+LEFT(B133,3)&"."&MID(B133,4,2) -> b02.00 | H133: =IF(LEFT(E133,3)="lvl",IF(OR(RIGHT(B133,2)="_1",RIGHT(B133,2)="_2"),MID(B133,14,LEN(B133)-15), MID(B133,14,LEN(B133))),MID(B133,12,LEN(B133))) -> 0440_ntr_glbl_nt
B134: b0200_frmt_0450_crrnt_pool_fctr | C134: 0 | E134: =+MID(B134,7,4) -> frmt | F134: =IF(LEFT(E134,3)="lvl",MID(B134,12,1),"f") -> f | G134: =+LEFT(B134,3)&"."&MID(B134,4,2) -> b02.00 | H134: =IF(LEFT(E134,3)="lvl",IF(OR(RIGHT(B134,2)="_1",RIGHT(B134,2)="_2"),MID(B134,14,LEN(B134)-15), MID(B134,14,LEN(B134))),MID(B134,12,LEN(B134))) -> 0450_crrnt_pool_fctr
... B136: b0200_frmt_0461_csd_lei | C136: 0 | E136: =+MID(B136,7,4) -> frmt | F136: =IF(LEFT(E136,3)="lvl",MID(B136,12,1),"f") -> f | G136: =+LEFT(B136,3)&"."&MID(B136,4,2) -> b02.00 | H136: =IF(LEFT(E136,3)="lvl",IF(OR(RIGHT(B136,2)="_1",RIGHT(B136,2)="_2"),MID(B136,14,LEN(B136)-15), MID(B136,14,LEN(B136))),MID(B136,12,LEN(B136))) -> 0461_csd_lei
B137: b0200_frmt_0462_csd_othr | C137: 8 | E137: =+MID(B137,7,4) -> frmt | F137: =IF(LEFT(E137,3)="lvl",MID(B137,12,1),"f") -> f | G137: =+LEFT(B137,3)&"."&MID(B137,4,2) -> b02.00 | H137: =IF(LEFT(E137,3)="lvl",IF(OR(RIGHT(B137,2)="_1",RIGHT(B137,2)="_2"),MID(B137,14,LEN(B137)-15), MID(B137,14,LEN(B137))),MID(B137,12,LEN(B137))) -> 0462_csd_othr | I137: Valor fixo 'Not applicable' no campo Central securities depository name (if other), uma vez que todos os registos são considerados no campo Central securities depository name como "INTERBOLSA_PT", não existinto "other".
B138: b0200_frmt_0470_pyng_agnt | C138: 0 | E138: =+MID(B138,7,4) -> frmt | F138: =IF(LEFT(E138,3)="lvl",MID(B138,12,1),"f") -> f | G138: =+LEFT(B138,3)&"."&MID(B138,4,2) -> b02.00 | H138: =IF(LEFT(E138,3)="lvl",IF(OR(RIGHT(B138,2)="_1",RIGHT(B138,2)="_2"),MID(B138,14,LEN(B138)-15), MID(B138,14,LEN(B138))),MID(B138,12,LEN(B138))) -> 0470_pyng_agnt
B139: b0200_frmt_0471_pyng_agnt_lei | C139: 0 | E139: =+MID(B139,7,4) -> frmt | F139: =IF(LEFT(E139,3)="lvl",MID(B139,12,1),"f") -> f | G139: =+LEFT(B139,3)&"."&MID(B139,4,2) -> b02.00 | H139: =IF(LEFT(E139,3)="lvl",IF(OR(RIGHT(B139,2)="_1",RIGHT(B139,2)="_2"),MID(B139,14,LEN(B139)-15), MID(B139,14,LEN(B139))),MID(B139,12,LEN(B139))) -> 0471_pyng_agnt_lei
B140: b0200_frmt_0480_trdng_vn | C140: 0 | E140: =+MID(B140,7,4) -> frmt | F140: =IF(LEFT(E140,3)="lvl",MID(B140,12,1),"f") -> f | G140: =+LEFT(B140,3)&"."&MID(B140,4,2) -> b02.00 | H140: =IF(LEFT(E140,3)="lvl",IF(OR(RIGHT(B140,2)="_1",RIGHT(B140,2)="_2"),MID(B140,14,LEN(B140)-15), MID(B140,14,LEN(B140))),MID(B140,12,LEN(B140))) -> 0480_trdng_vn
B141: b0200_frmt_0481_trdng_vn_lei | C141: 0 | E141: =+MID(B141,7,4) -> frmt | F141: =IF(LEFT(E141,3)="lvl",MID(B141,12,1),"f") -> f | G141: =+LEFT(B141,3)&"."&MID(B141,4,2) -> b02.00 | H141: =IF(LEFT(E141,3)="lvl",IF(OR(RIGHT(B141,2)="_1",RIGHT(B141,2)="_2"),MID(B141,14,LEN(B141)-15), MID(B141,14,LEN(B141))),MID(B141,12,LEN(B141))) -> 0481_trdng_vn_lei
B142: b0200_frmt_0490_rgstrr | C142: 0 | E142: =+MID(B142,7,4) -> frmt | F142: =IF(LEFT(E142,3)="lvl",MID(B142,12,1),"f") -> f | G142: =+LEFT(B142,3)&"."&MID(B142,4,2) -> b02.00 | H142: =IF(LEFT(E142,3)="lvl",IF(OR(RIGHT(B142,2)="_1",RIGHT(B142,2)="_2"),MID(B142,14,LEN(B142)-15), MID(B142,14,LEN(B142))),MID(B142,12,LEN(B142))) -> 0490_rgstrr
B143: b0200_frmt_0491_rgstrr_lei | C143: 0 | E143: =+MID(B143,7,4) -> frmt | F143: =IF(LEFT(E143,3)="lvl",MID(B143,12,1),"f") -> f | G143: =+LEFT(B143,3)&"."&MID(B143,4,2) -> b02.00 | H143: =IF(LEFT(E143,3)="lvl",IF(OR(RIGHT(B143,2)="_1",RIGHT(B143,2)="_2"),MID(B143,14,LEN(B143)-15), MID(B143,14,LEN(B143))),MID(B143,12,LEN(B143))) -> 0491_rgstrr_lei
B144: b0200_frmt_0500_nna | C144: 0 | E144: =+MID(B144,7,4) -> frmt | F144: =IF(LEFT(E144,3)="lvl",MID(B144,12,1),"f") -> f | G144: =+LEFT(B144,3)&"."&MID(B144,4,2) -> b02.00 | H144: =IF(LEFT(E144,3)="lvl",IF(OR(RIGHT(B144,2)="_1",RIGHT(B144,2)="_2"),MID(B144,14,LEN(B144)-15), MID(B144,14,LEN(B144))),MID(B144,12,LEN(B144))) -> 0500_nna
B145: b0200_frmt_0501_nna_lei | C145: 0 | E145: =+MID(B145,7,4) -> frmt | F145: =IF(LEFT(E145,3)="lvl",MID(B145,12,1),"f") -> f | G145: =+LEFT(B145,3)&"."&MID(B145,4,2) -> b02.00 | H145: =IF(LEFT(E145,3)="lvl",IF(OR(RIGHT(B145,2)="_1",RIGHT(B145,2)="_2"),MID(B145,14,LEN(B145)-15), MID(B145,14,LEN(B145))),MID(B145,12,LEN(B145))) -> 0501_nna_lei
B146: b0200_frmt_0510_cmmn_dpstry | C146: 0 | E146: =+MID(B146,7,4) -> frmt | F146: =IF(LEFT(E146,3)="lvl",MID(B146,12,1),"f") -> f | G146: =+LEFT(B146,3)&"."&MID(B146,4,2) -> b02.00 | H146: =IF(LEFT(E146,3)="lvl",IF(OR(RIGHT(B146,2)="_1",RIGHT(B146,2)="_2"),MID(B146,14,LEN(B146)-15), MID(B146,14,LEN(B146))),MID(B146,12,LEN(B146))) -> 0510_cmmn_dpstry
B147: b0200_frmt_0511_cmmn_dpstry_lei | C147: 0 | E147: =+MID(B147,7,4) -> frmt | F147: =IF(LEFT(E147,3)="lvl",MID(B147,12,1),"f") -> f | G147: =+LEFT(B147,3)&"."&MID(B147,4,2) -> b02.00 | H147: =IF(LEFT(E147,3)="lvl",IF(OR(RIGHT(B147,2)="_1",RIGHT(B147,2)="_2"),MID(B147,14,LEN(B147)-15), MID(B147,14,LEN(B147))),MID(B147,12,LEN(B147))) -> 0511_cmmn_dpstry_lei
B148: b0200_frmt_0520_cmmn_srvc_prvdr | C148: 0 | E148: =+MID(B148,7,4) -> frmt | F148: =IF(LEFT(E148,3)="lvl",MID(B148,12,1),"f") -> f | G148: =+LEFT(B148,3)&"."&MID(B148,4,2) -> b02.00 | H148: =IF(LEFT(E148,3)="lvl",IF(OR(RIGHT(B148,2)="_1",RIGHT(B148,2)="_2"),MID(B148,14,LEN(B148)-15), MID(B148,14,LEN(B148))),MID(B148,12,LEN(B148))) -> 0520_cmmn_srvc_prvdr
B149: b0200_frmt_0521_cmmn_srvc_prvdr_lei | C149: 0 | E149: =+MID(B149,7,4) -> frmt | F149: =IF(LEFT(E149,3)="lvl",MID(B149,12,1),"f") -> f | G149: =+LEFT(B149,3)&"."&MID(B149,4,2) -> b02.00 | H149: =IF(LEFT(E149,3)="lvl",IF(OR(RIGHT(B149,2)="_1",RIGHT(B149,2)="_2"),MID(B149,14,LEN(B149)-15), MID(B149,14,LEN(B149))),MID(B149,12,LEN(B149))) -> 0521_cmmn_srvc_prvdr_lei
... B161: b0200_frmt_0630_crrying_amnt_ngaap | C161: 0 | E161: =+MID(B161,7,4) -> frmt | F161: =IF(LEFT(E161,3)="lvl",MID(B161,12,1),"f") -> f | G161: =+LEFT(B161,3)&"."&MID(B161,4,2) -> b02.00 | H161: =IF(LEFT(E161,3)="lvl",IF(OR(RIGHT(B161,2)="_1",RIGHT(B161,2)="_2"),MID(B161,14,LEN(B161)-15), MID(B161,14,LEN(B161))),MID(B161,12,LEN(B161))) -> 0630_crrying_amnt_ngaap
B162: b0200_frmt_0640_blnc_sht_ngaap | C162: 8 | E162: =+MID(B162,7,4) -> frmt | F162: =IF(LEFT(E162,3)="lvl",MID(B162,12,1),"f") -> f | G162: =+LEFT(B162,3)&"."&MID(B162,4,2) -> b02.00 | H162: =IF(LEFT(E162,3)="lvl",IF(OR(RIGHT(B162,2)="_1",RIGHT(B162,2)="_2"),MID(B162,14,LEN(B162)-15), MID(B162,14,LEN(B162))),MID(B162,12,LEN(B162))) -> 0640_blnc_sht_ngaap | I162: Valor fixo 'Not applicable' no campo Balance sheet item at Resolution entity level according to national GAAP, uma vez que o BST é uma non-resolution entity e no caso de Portugal, usa-se o IFRS e não o national GAAP.
B163: b0200_frmt_5000_flg_shrhldr_not_rsltn_grp | C163: 0 | E163: =+MID(B163,7,4) -> frmt | F163: =IF(LEFT(E163,3)="lvl",MID(B163,12,1),"f") -> f | G163: =+LEFT(B163,3)&"."&MID(B163,4,2) -> b02.00 | H163: =IF(LEFT(E163,3)="lvl",IF(OR(RIGHT(B163,2)="_1",RIGHT(B163,2)="_2"),MID(B163,14,LEN(B163)-15), MID(B163,14,LEN(B163))),MID(B163,12,LEN(B163))) -> 5000_flg_shrhldr_not_rsltn_grp
B164: b0200_frmt_5010_flg_art21_7a_srmr | C164: 0 | E164: =+MID(B164,7,4) -> frmt | F164: =IF(LEFT(E164,3)="lvl",MID(B164,12,1),"f") -> f | G164: =+LEFT(B164,3)&"."&MID(B164,4,2) -> b02.00 | H164: =IF(LEFT(E164,3)="lvl",IF(OR(RIGHT(B164,2)="_1",RIGHT(B164,2)="_2"),MID(B164,14,LEN(B164)-15), MID(B164,14,LEN(B164))),MID(B164,12,LEN(B164))) -> 5010_flg_art21_7a_srmr
B165: b0500_lvl2_h_0030_governing_law | C165: 0 | E165: =+MID(B165,7,4) -> lvl2 | F165: =IF(LEFT(E165,3)="lvl",MID(B165,12,1),"f") -> h | G165: =+LEFT(B165,3)&"."&MID(B165,4,2) -> b05.00 | H165: =IF(LEFT(E165,3)="lvl",IF(OR(RIGHT(B165,2)="_1",RIGHT(B165,2)="_2"),MID(B165,14,LEN(B165)-15), MID(B165,14,LEN(B165))),MID(B165,12,LEN(B165))) -> 0030_governing_law
B166: b0500_lvl2_h_0050_typ_guarantee | C166: 0 | E166: =+MID(B166,7,4) -> lvl2 | F166: =IF(LEFT(E166,3)="lvl",MID(B166,12,1),"f") -> h | G166: =+LEFT(B166,3)&"."&MID(B166,4,2) -> b05.00 | H166: =IF(LEFT(E166,3)="lvl",IF(OR(RIGHT(B166,2)="_1",RIGHT(B166,2)="_2"),MID(B166,14,LEN(B166)-15), MID(B166,14,LEN(B166))),MID(B166,12,LEN(B166))) -> 0050_typ_guarantee
B167: b0500_lvl2_h_0060_max_amnt_guarantee | C167: 0 | E167: =+MID(B167,7,4) -> lvl2 | F167: =IF(LEFT(E167,3)="lvl",MID(B167,12,1),"f") -> h | G167: =+LEFT(B167,3)&"."&MID(B167,4,2) -> b05.00 | H167: =IF(LEFT(E167,3)="lvl",IF(OR(RIGHT(B167,2)="_1",RIGHT(B167,2)="_2"),MID(B167,14,LEN(B167)-15), MID(B167,14,LEN(B167))),MID(B167,12,LEN(B167))) -> 0060_max_amnt_guarantee
B168: b0500_lvl2_h_0070_flg_scrd | C168: 4730 | E168: =+MID(B168,7,4) -> lvl2 | F168: =IF(LEFT(E168,3)="lvl",MID(B168,12,1),"f") -> h | G168: =+LEFT(B168,3)&"."&MID(B168,4,2) -> b05.00 | H168: =IF(LEFT(E168,3)="lvl",IF(OR(RIGHT(B168,2)="_1",RIGHT(B168,2)="_2"),MID(B168,14,LEN(B168)-15), MID(B168,14,LEN(B168))),MID(B168,12,LEN(B168))) -> 0070_flg_scrd
B169: b0500_lvl2_h_0080_amnt_clltrl | C169: 0 | E169: =+MID(B169,7,4) -> lvl2 | F169: =IF(LEFT(E169,3)="lvl",MID(B169,12,1),"f") -> h | G169: =+LEFT(B169,3)&"."&MID(B169,4,2) -> b05.00 | H169: =IF(LEFT(E169,3)="lvl",IF(OR(RIGHT(B169,2)="_1",RIGHT(B169,2)="_2"),MID(B169,14,LEN(B169)-15), MID(B169,14,LEN(B169))),MID(B169,12,LEN(B169))) -> 0080_amnt_clltrl
B170: b0500_frmt_0010_row_nmbr | C170: 0 | E170: =+MID(B170,7,4) -> frmt | F170: =IF(LEFT(E170,3)="lvl",MID(B170,12,1),"f") -> f | G170: =+LEFT(B170,3)&"."&MID(B170,4,2) -> b05.00 | H170: =IF(LEFT(E170,3)="lvl",IF(OR(RIGHT(B170,2)="_1",RIGHT(B170,2)="_2"),MID(B170,14,LEN(B170)-15), MID(B170,14,LEN(B170))),MID(B170,12,LEN(B170))) -> 0010_row_nmbr
B171: b0500_frmt_0020_uniq_id_guarantee | C171: 0 | E171: =+MID(B171,7,4) -> frmt | F171: =IF(LEFT(E171,3)="lvl",MID(B171,12,1),"f") -> f | G171: =+LEFT(B171,3)&"."&MID(B171,4,2) -> b05.00 | H171: =IF(LEFT(E171,3)="lvl",IF(OR(RIGHT(B171,2)="_1",RIGHT(B171,2)="_2"),MID(B171,14,LEN(B171)-15), MID(B171,14,LEN(B171))),MID(B171,12,LEN(B171))) -> 0020_uniq_id_guarantee
B172: b0500_frmt_0030_governing_law | C172: 0 | E172: =+MID(B172,7,4) -> frmt | F172: =IF(LEFT(E172,3)="lvl",MID(B172,12,1),"f") -> f | G172: =+LEFT(B172,3)&"."&MID(B172,4,2) -> b05.00 | H172: =IF(LEFT(E172,3)="lvl",IF(OR(RIGHT(B172,2)="_1",RIGHT(B172,2)="_2"),MID(B172,14,LEN(B172)-15), MID(B172,14,LEN(B172))),MID(B172,12,LEN(B172))) -> 0030_governing_law
B173: b0500_frmt_0040_flg_art12g_3_srmr | C173: 0 | E173: =+MID(B173,7,4) -> frmt | F173: =IF(LEFT(E173,3)="lvl",MID(B173,12,1),"f") -> f | G173: =+LEFT(B173,3)&"."&MID(B173,4,2) -> b05.00 | H173: =IF(LEFT(E173,3)="lvl",IF(OR(RIGHT(B173,2)="_1",RIGHT(B173,2)="_2"),MID(B173,14,LEN(B173)-15), MID(B173,14,LEN(B173))),MID(B173,12,LEN(B173))) -> 0040_flg_art12g_3_srmr
B174: b0500_frmt_0050_typ_guarantee | C174: 0 | E174: =+MID(B174,7,4) -> frmt | F174: =IF(LEFT(E174,3)="lvl",MID(B174,12,1),"f") -> f | G174: =+LEFT(B174,3)&"."&MID(B174,4,2) -> b05.00 | H174: =IF(LEFT(E174,3)="lvl",IF(OR(RIGHT(B174,2)="_1",RIGHT(B174,2)="_2"),MID(B174,14,LEN(B174)-15), MID(B174,14,LEN(B174))),MID(B174,12,LEN(B174))) -> 0050_typ_guarantee
... B181: b0500_frmt_0120_typ_clltrlztn | C181: 0 | E181: =+MID(B181,7,4) -> frmt | F181: =IF(LEFT(E181,3)="lvl",MID(B181,12,1),"f") -> f | G181: =+LEFT(B181,3)&"."&MID(B181,4,2) -> b05.00 | H181: =IF(LEFT(E181,3)="lvl",IF(OR(RIGHT(B181,2)="_1",RIGHT(B181,2)="_2"),MID(B181,14,LEN(B181)-15), MID(B181,14,LEN(B181))),MID(B181,12,LEN(B181))) -> 0120_typ_clltrlztn
B182: b0500_frmt_0130_typ_prtctn_vl | C182: 4730 | E182: =+MID(B182,7,4) -> frmt | F182: =IF(LEFT(E182,3)="lvl",MID(B182,12,1),"f") -> f | G182: =+LEFT(B182,3)&"."&MID(B182,4,2) -> b05.00 | H182: =IF(LEFT(E182,3)="lvl",IF(OR(RIGHT(B182,2)="_1",RIGHT(B182,2)="_2"),MID(B182,14,LEN(B182)-15), MID(B182,14,LEN(B182))),MID(B182,12,LEN(B182))) -> 0130_typ_prtctn_vl | I182: Valor fixo 'Not applicable' no campo Type of protection value, uma vez que para o BST só existem garantias pessoais recebidas de clientes intragrupo Santander,ou seja, não existem garantias reais, onde se aplica o conceito de colateral.
B183: b0500_frmt_0150_prtctn_vltn_apprch | C183: 4730 | E183: =+MID(B183,7,4) -> frmt | F183: =IF(LEFT(E183,3)="lvl",MID(B183,12,1),"f") -> f | G183: =+LEFT(B183,3)&"."&MID(B183,4,2) -> b05.00 | H183: =IF(LEFT(E183,3)="lvl",IF(OR(RIGHT(B183,2)="_1",RIGHT(B183,2)="_2"),MID(B183,14,LEN(B183)-15), MID(B183,14,LEN(B183))),MID(B183,12,LEN(B183))) -> 0150_prtctn_vltn_apprch | I183: Valor fixo 'Not applicable' no campo Type of protection value, uma vez que para o BST só existem garantias pessoais recebidas de clientes intragrupo Santander,ou seja, não existem garantias reais, onde se aplica o conceito de colateral.
B184: b9000_lvl1_h_0030_cntrprty_rsltn_grp | C184: 4740 | E184: =+MID(B184,7,4) -> lvl1 | F184: =IF(LEFT(E184,3)="lvl",MID(B184,12,1),"f") -> h | G184: =+LEFT(B184,3)&"."&MID(B184,4,2) -> b90.00 | H184: =IF(LEFT(E184,3)="lvl",IF(OR(RIGHT(B184,2)="_1",RIGHT(B184,2)="_2"),MID(B184,14,LEN(B184)-15), MID(B184,14,LEN(B184))),MID(B184,12,LEN(B184))) -> 0030_cntrprty_rsltn_grp
B185: b9000_lvl2_h_0030_cntrprty_rsltn_grp | C185: 0 | E185: =+MID(B185,7,4) -> lvl2 | F185: =IF(LEFT(E185,3)="lvl",MID(B185,12,1),"f") -> h | G185: =+LEFT(B185,3)&"."&MID(B185,4,2) -> b90.00 | H185: =IF(LEFT(E185,3)="lvl",IF(OR(RIGHT(B185,2)="_1",RIGHT(B185,2)="_2"),MID(B185,14,LEN(B185)-15), MID(B185,14,LEN(B185))),MID(B185,12,LEN(B185))) -> 0030_cntrprty_rsltn_grp
B186: b9000_lvl2_h_0080_cntrprty_typ | C186: 0 | E186: =+MID(B186,7,4) -> lvl2 | F186: =IF(LEFT(E186,3)="lvl",MID(B186,12,1),"f") -> h | G186: =+LEFT(B186,3)&"."&MID(B186,4,2) -> b90.00 | H186: =IF(LEFT(E186,3)="lvl",IF(OR(RIGHT(B186,2)="_1",RIGHT(B186,2)="_2"),MID(B186,14,LEN(B186)-15), MID(B186,14,LEN(B186))),MID(B186,12,LEN(B186))) -> 0080_cntrprty_typ
B187: b9000_lvl2_h_0090_cntry_cntrprty | C187: 2 | E187: =+MID(B187,7,4) -> lvl2 | F187: =IF(LEFT(E187,3)="lvl",MID(B187,12,1),"f") -> h | G187: =+LEFT(B187,3)&"."&MID(B187,4,2) -> b90.00 | H187: =IF(LEFT(E187,3)="lvl",IF(OR(RIGHT(B187,2)="_1",RIGHT(B187,2)="_2"),MID(B187,14,LEN(B187)-15), MID(B187,14,LEN(B187))),MID(B187,12,LEN(B187))) -> 0090_cntry_cntrprty | I187: Valor '99' de não aplicável no campo Country of the counterparty, segundo email da Corporação (email Pedro Mendes 2025-05-14), no caso do zcliente = '0000000000', reportar valor fixo '99'.
B188: b9000_frmt_0010_row_nmbr | C188: 0 | E188: =+MID(B188,7,4) -> frmt | F188: =IF(LEFT(E188,3)="lvl",MID(B188,12,1),"f") -> f | G188: =+LEFT(B188,3)&"."&MID(B188,4,2) -> b90.00 | H188: =IF(LEFT(E188,3)="lvl",IF(OR(RIGHT(B188,2)="_1",RIGHT(B188,2)="_2"),MID(B188,14,LEN(B188)-15), MID(B188,14,LEN(B188))),MID(B188,12,LEN(B188))) -> 0010_row_nmbr
B189: b9000_frmt_0011_tab_origin | C189: 0 | E189: =+MID(B189,7,4) -> frmt | F189: =IF(LEFT(E189,3)="lvl",MID(B189,12,1),"f") -> f | G189: =+LEFT(B189,3)&"."&MID(B189,4,2) -> b90.00 | H189: =IF(LEFT(E189,3)="lvl",IF(OR(RIGHT(B189,2)="_1",RIGHT(B189,2)="_2"),MID(B189,14,LEN(B189)-15), MID(B189,14,LEN(B189))),MID(B189,12,LEN(B189))) -> 0011_tab_origin
B190: b9000_frmt_0020_uniq_id_knwn_cntrprty | C190: 0 | E190: =+MID(B190,7,4) -> frmt | F190: =IF(LEFT(E190,3)="lvl",MID(B190,12,1),"f") -> f | G190: =+LEFT(B190,3)&"."&MID(B190,4,2) -> b90.00 | H190: =IF(LEFT(E190,3)="lvl",IF(OR(RIGHT(B190,2)="_1",RIGHT(B190,2)="_2"),MID(B190,14,LEN(B190)-15), MID(B190,14,LEN(B190))),MID(B190,12,LEN(B190))) -> 0020_uniq_id_knwn_cntrprty
B191: b9000_frmt_0030_cntrprty_rsltn_grp | C191: 0 | E191: =+MID(B191,7,4) -> frmt | F191: =IF(LEFT(E191,3)="lvl",MID(B191,12,1),"f") -> f | G191: =+LEFT(B191,3)&"."&MID(B191,4,2) -> b90.00 | H191: =IF(LEFT(E191,3)="lvl",IF(OR(RIGHT(B191,2)="_1",RIGHT(B191,2)="_2"),MID(B191,14,LEN(B191)-15), MID(B191,14,LEN(B191))),MID(B191,12,LEN(B191))) -> 0030_cntrprty_rsltn_grp
B192: b9000_frmt_0040_cntrprty_nm | C192: 0 | E192: =+MID(B192,7,4) -> frmt | F192: =IF(LEFT(E192,3)="lvl",MID(B192,12,1),"f") -> f | G192: =+LEFT(B192,3)&"."&MID(B192,4,2) -> b90.00 | H192: =IF(LEFT(E192,3)="lvl",IF(OR(RIGHT(B192,2)="_1",RIGHT(B192,2)="_2"),MID(B192,14,LEN(B192)-15), MID(B192,14,LEN(B192))),MID(B192,12,LEN(B192))) -> 0040_cntrprty_nm
B193: b9000_frmt_0050_cntrprty_lei | C193: 0 | E193: =+MID(B193,7,4) -> frmt | F193: =IF(LEFT(E193,3)="lvl",MID(B193,12,1),"f") -> f | G193: =+LEFT(B193,3)&"."&MID(B193,4,2) -> b90.00 | H193: =IF(LEFT(E193,3)="lvl",IF(OR(RIGHT(B193,2)="_1",RIGHT(B193,2)="_2"),MID(B193,14,LEN(B193)-15), MID(B193,14,LEN(B193))),MID(B193,12,LEN(B193))) -> 0050_cntrprty_lei
...

Sheet 2.2. Outros
B6: 2.2. Outros Controlos
B8: TABELA | C8: CAMPO | D8: TIPOLOGIA_TESTE | E8: NUM_REG | F8: NUM_REG_DIF | G8: DETALHE | H8: Table | I8: Justificação
B9: BU_LOANTAPE_WORK.OUT_B0200_MAIN_LIABILITIES | C9: 0010_ROW_NMBR | D9: VALIDADE | E9: 8 | F9: 0 | H9: =MID(B9,22,3)&"."&MID(B9,25,2) -> B02.00
B10: BU_LOANTAPE_WORK.OUT_B0200_MAIN_LIABILITIES | C10: 0010_ROW_NMBR | D10: NOT APPLICABLE | E10: 8 | F10: 0 | H10: =MID(B10,22,3)&"."&MID(B10,25,2) -> B02.00
B11: BU_LOANTAPE_WORK.OUT_B0200_MAIN_LIABILITIES | C11: 0020_UNIQ_ID | D11: VALIDADE | E11: 8 | F11: 0 | H11: =MID(B11,22,3)&"."&MID(B11,25,2) -> B02.00
B12: BU_LOANTAPE_WORK.OUT_B0200_MAIN_LIABILITIES | C12: 0020_UNIQ_ID | D12: NOT APPLICABLE | E12: 8 | F12: 0 | H12: =MID(B12,22,3)&"."&MID(B12,25,2) -> B02.00
B13: BU_LOANTAPE_WORK.OUT_B0200_MAIN_LIABILITIES | C13: 0030_UNIQ_ID_KNWN_CNTRPRTY | D13: VALIDADE | E13: 8 | F13: 0 | H13: =MID(B13,22,3)&"."&MID(B13,25,2) -> B02.00
B14: BU_LOANTAPE_WORK.OUT_B0200_MAIN_LIABILITIES | C14: 0030_UNIQ_ID_KNWN_CNTRPRTY | D14: NOT APPLICABLE | E14: 8 | F14: 0 | H14: =MID(B14,22,3)&"."&MID(B14,25,2) -> B02.00
B15: BU_LOANTAPE_WORK.OUT_B0200_MAIN_LIABILITIES | C15: 0040_TYP_UNIQ_ID_KNWN_CNTRPRTY | D15: VALIDADE | E15: 8 | F15: 0 | H15: =MID(B15,22,3)&"."&MID(B15,25,2) -> B02.00
B16: BU_LOANTAPE_WORK.OUT_B0200_MAIN_LIABILITIES | C16: 0040_TYP_UNIQ_ID_KNWN_CNTRPRTY | D16: NOT APPLICABLE | E16: 8 | F16: 0 | H16: =MID(B16,22,3)&"."&MID(B16,25,2) -> B02.00
B17: BU_LOANTAPE_WORK.OUT_B0200_MAIN_LIABILITIES | C17: 0050_ORGNL_AMNT_EUR | D17: VALIDADE | E17: 8 | F17: 0 | H17: =MID(B17,22,3)&"."&MID(B17,25,2) -> B02.00
B18: BU_LOANTAPE_WORK.OUT_B0200_MAIN_LIABILITIES | C18: 0050_ORGNL_AMNT_EUR | D18: NOT APPLICABLE | E18: 8 | F18: 0 | H18: =MID(B18,22,3)&"."&MID(B18,25,2) -> B02.00
B19: BU_LOANTAPE_WORK.OUT_B0200_MAIN_LIABILITIES | C19: 0060_ORGNL_AMNT_FX | D19: VALIDADE | E19: 8 | F19: 0 | H19: =MID(B19,22,3)&"."&MID(B19,25,2) -> B02.00 | I19: TESTE
B20: BU_LOANTAPE_WORK.OUT_B0200_MAIN_LIABILITIES | C20: 0060_ORGNL_AMNT_FX | D20: NOT APPLICABLE | E20: 8 | F20: 0 | H20: =MID(B20,22,3)&"."&MID(B20,25,2) -> B02.00
B21: BU_LOANTAPE_WORK.OUT_B0200_MAIN_LIABILITIES | C21: 0070_CNTRCT_CRRNCY | D21: VALIDADE | E21: 8 | F21: 0 | H21: =MID(B21,22,3)&"."&MID(B21,25,2) -> B02.00
B22: BU_LOANTAPE_WORK.OUT_B0200_MAIN_LIABILITIES | C22: 0070_CNTRCT_CRRNCY | D22: NOT APPLICABLE | E22: 8 | F22: 0 | H22: =MID(B22,22,3)&"."&MID(B22,25,2) -> B02.00
B23: BU_LOANTAPE_WORK.OUT_B0200_MAIN_LIABILITIES | C23: 0100_ACCRD_INTRST_INSTRMNT | D23: VALIDADE | E23: 8 | F23: 0 | H23: =MID(B23,22,3)&"."&MID(B23,25,2) -> B02.00
B24: BU_LOANTAPE_WORK.OUT_B0200_MAIN_LIABILITIES | C24: 0100_ACCRD_INTRST_INSTRMNT | D24: NOT APPLICABLE | E24: 8 | F24: 0 | H24: =MID(B24,22,3)&"."&MID(B24,25,2) -> B02.00
B25: BU_LOANTAPE_WORK.OUT_B0200_MAIN_LIABILITIES | C25: 0110_APPLCBL_FEES_CHARGES | D25: VALIDADE | E25: 8 | F25: 0 | H25: =MID(B25,22,3)&"."&MID(B25,25,2) -> B02.00
B26: BU_LOANTAPE_WORK.OUT_B0200_MAIN_LIABILITIES | C26: 0110_APPLCBL_FEES_CHARGES | D26: NOT APPLICABLE | E26: 8 | F26: 0 | H26: =MID(B26,22,3)&"."&MID(B26,25,2) -> B02.00
B27: BU_LOANTAPE_WORK.OUT_B0200_MAIN_LIABILITIES | C27: 0140_NTR_LBLTY | D27: VALIDADE | E27: 8 | F27: 0 | H27: =MID(B27,22,3)&"."&MID(B27,25,2) -> B02.00
B28: BU_LOANTAPE_WORK.OUT_B0200_MAIN_LIABILITIES | C28: 0140_NTR_LBLTY | D28: NOT APPLICABLE | E28: 8 | F28: 0 | H28: =MID(B28,22,3)&"."&MID(B28,25,2) -> B02.00
B29: BU_LOANTAPE_WORK.OUT_B0200_MAIN_LIABILITIES | C29: 0141_NTR_LBLTY_OTHR | D29: VALIDADE | E29: 8 | F29: 0 | H29: =MID(B29,22,3)&"."&MID(B29,25,2) -> B02.00
B30: BU_LOANTAPE_WORK.OUT_B0200_MAIN_LIABILITIES | C30: 0141_NTR_LBLTY_OTHR | D30: NOT APPLICABLE | E30: 8 | F30: 8 | H30: =MID(B30,22,3)&"."&MID(B30,25,2) -> B02.00
B31: BU_LOANTAPE_WORK.OUT_B0200_MAIN_LIABILITIES | C31: 0150_FLG_STRCTRLLY_SBRDNTD | D31: VALIDADE | E31: 8 | F31: 0 | H31: =MID(B31,22,3)&"."&MID(B31,25,2) -> B02.00
... B33: BU_LOANTAPE_WORK.OUT_B0200_MAIN_LIABILITIES | C33: 0160_RANK_INSOLV | D33: VALIDADE | E33: 8 | F33: 0 | H33: =MID(B33,22,3)&"."&MID(B33,25,2) -> B02.00
B34: BU_LOANTAPE_WORK.OUT_B0200_MAIN_LIABILITIES | C34: 0160_RANK_INSOLV | D34: NOT APPLICABLE | E34: 8 | F34: 0 | H34: =MID(B34,22,3)&"."&MID(B34,25,2) -> B02.00 | I34: TESTE
B35: BU_LOANTAPE_WORK.OUT_B0200_MAIN_LIABILITIES | C35: 0161_CNTRCTL_SBRDNTN | D35: VALIDADE | E35: 8 | F35: 0 | H35: =MID(B35,22,3)&"."&MID(B35,25,2) -> B02.00
B36: BU_LOANTAPE_WORK.OUT_B0200_MAIN_LIABILITIES | C36: 0161_CNTRCTL_SBRDNTN | D36: NOT APPLICABLE | E36: 8 | F36: 0 | H36: =MID(B36,22,3)&"."&MID(B36,25,2) -> B02.00
B37: BU_LOANTAPE_WORK.OUT_B0200_MAIN_LIABILITIES | C37: 0162_BAIL_IN_CASCADE | D37: VALIDADE | E37: 8 | F37: 0 | H37: =MID(B37,22,3)&"."&MID(B37,25,2) -> B02.00
B38: BU_LOANTAPE_WORK.OUT_B0200_MAIN_LIABILITIES | C38: 0162_BAIL_IN_CASCADE | D38: NOT APPLICABLE | E38: 8 | F38: 0 | H38: =MID(B38,22,3)&"."&MID(B38,25,2) -> B02.00
B39: BU_LOANTAPE_WORK.OUT_B0200_MAIN_LIABILITIES | C39: 0170_DT_INCPTN | D39: VALIDADE | E39: 8 | F39: 0 | H39: =MID(B39,22,3)&"."&MID(B39,25,2) -> B02.00
B40: BU_LOANTAPE_WORK.OUT_B0200_MAIN_LIABILITIES | C40: 0170_DT_INCPTN | D40: NOT APPLICABLE | E40: 8 | F40: 0 | H40: =MID(B40,22,3)&"."&MID(B40,25,2) -> B02.00
B41: BU_LOANTAPE_WORK.OUT_B0200_MAIN_LIABILITIES | C41: 0180_DT_NXT_INTRST_PYMNT | D41: VALIDADE | E41: 8 | F41: 8 | H41: =MID(B41,22,3)&"."&MID(B41,25,2) -> B02.00
B42: BU_LOANTAPE_WORK.OUT_B0200_MAIN_LIABILITIES | C42: 0180_DT_NXT_INTRST_PYMNT | D42: NOT APPLICABLE | E42: 8 | F42: 0 | H42: =MID(B42,22,3)&"."&MID(B42,25,2) -> B02.00
B43: BU_LOANTAPE_WORK.OUT_B0200_MAIN_LIABILITIES | C43: 0190_DT_NXT_RDMPTN_PYMNT | D43: VALIDADE | E43: 8 | F43: 0 | H43: =MID(B43,22,3)&"."&MID(B43,25,2) -> B02.00
B44: BU_LOANTAPE_WORK.OUT_B0200_MAIN_LIABILITIES | C44: 0190_DT_NXT_RDMPTN_PYMNT | D44: NOT APPLICABLE | E44: 8 | F44: 3 | H44: =MID(B44,22,3)&"."&MID(B44,25,2) -> B02.00
B45: BU_LOANTAPE_WORK.OUT_B0200_MAIN_LIABILITIES | C45: 0200_DT_ERLST_RDMPTN | D45: VALIDADE | E45: 8 | F45: 0 | H45: =MID(B45,22,3)&"."&MID(B45,25,2) -> B02.00
B46: BU_LOANTAPE_WORK.OUT_B0200_MAIN_LIABILITIES | C46: 0200_DT_ERLST_RDMPTN | D46: NOT APPLICABLE | E46: 8 | F46: 8 | H46: =MID(B46,22,3)&"."&MID(B46,25,2) -> B02.00
... B127: BU_LOANTAPE_WORK.OUT_B0200_MAIN_LIABILITIES | C127: 0540_ELGBL_AMNT_OWN_FNDS_IND_LVL | D127: VALIDADE | E127: 8 | F127: 0 | H127: =MID(B127,22,3)&"."&MID(B127,25,2) -> B02.00
B128: BU_LOANTAPE_WORK.OUT_B0200_MAIN_LIABILITIES | C128: 0540_ELGBL_AMNT_OWN_FNDS_IND_LVL | D128: NOT APPLICABLE | E128: 8 | F128: 0 | H128: =MID(B128,22,3)&"."&MID(B128,25,2) -> B02.00 | I128: TESTE
B129: BU_LOANTAPE_WORK.OUT_B0200_MAIN_LIABILITIES | C129: 0550_TYP_OWN_FNDS_CNSLDTD_LVL | D129: VALIDADE | E129: 8 | F129: 2 | H129: =MID(B129,22,3)&"."&MID(B129,25,2) -> B02.00 | I129: TESTE
B130: BU_LOANTAPE_WORK.OUT_B0200_MAIN_LIABILITIES | C130: 0550_TYP_OWN_FNDS_CNSLDTD_LVL | D130: NOT APPLICABLE | E130: 8 | F130: 0 | H130: =MID(B130,22,3)&"."&MID(B130,25,2) -> B02.00 | I130: TESTE
B131: BU_LOANTAPE_WORK.OUT_B0200_MAIN_LIABILITIES | C131: 0560_ELGBL_AMNT_OWN_FNDS_CNSLDTD_LVL | D131: VALIDADE | E131: 8 | F131: 0 | H131: =MID(B131,22,3)&"."&MID(B131,25,2) -> B02.00
B132: BU_LOANTAPE_WORK.OUT_B0200_MAIN_LIABILITIES | C132: 0560_ELGBL_AMNT_OWN_FNDS_CNSLDTD_LVL | D132: NOT APPLICABLE | E132: 8 | F132: 0 | H132: =MID(B132,22,3)&"."&MID(B132,25,2) -> B02.00
B133: BU_LOANTAPE_WORK.OUT_B0200_MAIN_LIABILITIES | C133: 0570_AMNT_SCRTY_INTRST_PRVDD | D133: VALIDADE | E133: 8 | F133: 0 | H133: =MID(B133,22,3)&"."&MID(B133,25,2) -> B02.00
B134: BU_LOANTAPE_WORK.OUT_B0200_MAIN_LIABILITIES | C134: 0570_AMNT_SCRTY_INTRST_PRVDD | D134: NOT APPLICABLE | E134: 8 | F134: 0 | H134: =MID(B134,22,3)&"."&MID(B134,25,2) -> B02.00
B135: BU_LOANTAPE_WORK.OUT_B0200_MAIN_LIABILITIES | C135: 0580_SCRTY_INTRST_PRVDR | D135: VALIDADE | E135: 8 | F135: 0 | H135: =MID(B135,22,3)&"."&MID(B135,25,2) -> B02.00
B136: BU_LOANTAPE_WORK.OUT_B0200_MAIN_LIABILITIES | C136: 0580_SCRTY_INTRST_PRVDR | D136: NOT APPLICABLE | E136: 8 | F136: 8 | H136: =MID(B136,22,3)&"."&MID(B136,25,2) -> B02.00
B137: BU_LOANTAPE_WORK.OUT_B0200_MAIN_LIABILITIES | C137: 0581_SCRTY_INTRST_PRVDR_LEI | D137: VALIDADE | E137: 8 | F137: 0 | H137: =MID(B137,22,3)&"."&MID(B137,25,2) -> B02.00
B138: BU_LOANTAPE_WORK.OUT_B0200_MAIN_LIABILITIES | C138: 0581_SCRTY_INTRST_PRVDR_LEI | D138: NOT APPLICABLE | E138: 8 | F138: 8 | H138: =MID(B138,22,3)&"."&MID(B138,25,2) -> B02.00
B139: BU_LOANTAPE_WORK.OUT_B0200_MAIN_LIABILITIES | C139: 0590_TYP_SCRTY_INTRST_PRVDD | D139: VALIDADE | E139: 8 | F139: 0 | H139: =MID(B139,22,3)&"."&MID(B139,25,2) -> B02.00
B140: BU_LOANTAPE_WORK.OUT_B0200_MAIN_LIABILITIES | C140: 0590_TYP_SCRTY_INTRST_PRVDD | D140: NOT APPLICABLE | E140: 8 | F140: 8 | H140: =MID(B140,22,3)&"."&MID(B140,25,2) -> B02.00
B141: BU_LOANTAPE_WORK.OUT_B0200_MAIN_LIABILITIES | C141: 0600_FLG_CLLTRL_ASST_PSTN | D141: VALIDADE | E141: 8 | F141: 0 | H141: =MID(B141,22,3)&"."&MID(B141,25,2) -> B02.00
B142: BU_LOANTAPE_WORK.OUT_B0200_MAIN_LIABILITIES | C142: 0600_FLG_CLLTRL_ASST_PSTN | D142: NOT APPLICABLE | E142: 8 | F142: 0 | H142: =MID(B142,22,3)&"."&MID(B142,25,2) -> B02.00
... B145: BU_LOANTAPE_WORK.OUT_B0200_MAIN_LIABILITIES | C145: 0620_BLNC_SHT_IFRS | D145: VALIDADE | E145: 8 | F145: 0 | H145: =MID(B145,22,3)&"."&MID(B145,25,2) -> B02.00
B146: BU_LOANTAPE_WORK.OUT_B0200_MAIN_LIABILITIES | C146: 0620_BLNC_SHT_IFRS | D146: NOT APPLICABLE | E146: 8 | F146: 0 | H146: =MID(B146,22,3)&"."&MID(B146,25,2) -> B02.00 | I146: TESTE
B147: BU_LOANTAPE_WORK.OUT_B0200_MAIN_LIABILITIES | C147: 0630_CRRYING_AMNT_NGAAP | D147: VALIDADE | E147: 8 | F147: 0 | H147: =MID(B147,22,3)&"."&MID(B147,25,2) -> B02.00 | I147: TESTE
B148: BU_LOANTAPE_WORK.OUT_B0200_MAIN_LIABILITIES | C148: 0630_CRRYING_AMNT_NGAAP | D148: NOT APPLICABLE | E148: 8 | F148: 0 | H148: =MID(B148,22,3)&"."&MID(B148,25,2) -> B02.00 | I148: TESTE
B149: BU_LOANTAPE_WORK.OUT_B0200_MAIN_LIABILITIES | C149: 0640_BLNC_SHT_NGAAP | D149: VALIDADE | E149: 8 | F149: 0 | H149: =MID(B149,22,3)&"."&MID(B149,25,2) -> B02.00 | I149: TESTE
B150: BU_LOANTAPE_WORK.OUT_B0200_MAIN_LIABILITIES | C150: 0640_BLNC_SHT_NGAAP | D150: NOT APPLICABLE | E150: 8 | F150: 8 | H150: =MID(B150,22,3)&"."&MID(B150,25,2) -> B02.00 | I150: TESTE
B151: BU_LOANTAPE_WORK.OUT_B0200_MAIN_LIABILITIES | C151: 5000_FLG_SHRHLDR_NOT_RSLTN_GRP | D151: VALIDADE | E151: 8 | F151: 0 | H151: =MID(B151,22,3)&"."&MID(B151,25,2) -> B02.00
B152: BU_LOANTAPE_WORK.OUT_B0200_MAIN_LIABILITIES | C152: 5000_FLG_SHRHLDR_NOT_RSLTN_GRP | D152: NOT APPLICABLE | E152: 8 | F152: 0 | H152: =MID(B152,22,3)&"."&MID(B152,25,2) -> B02.00
B153: BU_LOANTAPE_WORK.OUT_B0200_MAIN_LIABILITIES | C153: 5010_FLG_ART21_7A_SRMR | D153: VALIDADE | E153: 8 | F153: 0 | H153: =MID(B153,22,3)&"."&MID(B153,25,2) -> B02.00
B154: BU_LOANTAPE_WORK.OUT_B0200_MAIN_LIABILITIES | C154: 5010_FLG_ART21_7A_SRMR | D154: NOT APPLICABLE | E154: 8 | F154: 0 | H154: =MID(B154,22,3)&"."&MID(B154,25,2) -> B02.00
B155: BU_LOANTAPE_WORK.OUT_B0500_GUARANTEES | C155: 0020_UNIQ_ID_GUARANTEE | D155: INTEGRIDADE | E155: 9460 | F155: 0 | G155: NULL | H155: =MID(B155,22,3)&"."&MID(B155,25,2) -> B05.00
B156: BU_LOANTAPE_WORK.OUT_B9000_COUNTERPARTIES | C156: 0020_UNIQ_ID_KNWN_CNTRPRTY | D156: INTEGRIDADE | E156: 4740 | F156: 0 | G156: NULL | H156: =MID(B156,22,3)&"."&MID(B156,25,2) -> B90.00
B157: BU_LOANTAPE_WORK.OUT_B0200_MAIN_LIABILITIES | C157: 0020_UNIQ_ID | D157: INTEGRIDADE | E157: 8 | F157: 0 | G157: NULL | H157: =MID(B157,22,3)&"."&MID(B157,25,2) -> B02.00
B158: BU_LOANTAPE_WORK.OUT_B0200_MAIN_LIABILITIES | C158: 0020_UNIQ_ID | D158: DUPLICADOS | E158: 8 | F158: 0 | G158: NULL | H158: =MID(B158,22,3)&"."&MID(B158,25,2) -> B02.00

Sheet Query1
A2: ref_date | B2: cod_kpi | C2: tipologia_teste | D2: descrição | E2: tabela | F2: campo | G2: num_reg | H2: num_reg_dif | I2: detalhe
A3: 2025-10-31 | B3: DUP_B0200_C0020 | C3: DUPLICADOS | D3: Validar a inexistência de registos duplicados | E3: BU_LOANTAPE_WORK.OUT_B0200_MAIN_LIABILITIES | F3: 0020_UNIQ_ID | G3: 8 | H3: 0
A4: 2025-10-31 | B4: DUP_B0500_C0020 | C4: DUPLICADOS | D4: Validar a inexistência de registos duplicados | E4: BU_LOANTAPE_WORK.OUT_B0500_GUARANTEES | F4: 0020_UNIQ_ID_GUARANTEE | G4: 4730 | H4: 0
A5: 2025-10-31 | B5: DUP_B9000_C0020_C0070 | C5: DUPLICADOS | D5: Validar a inexistência de registos duplicados | E5: BU_LOANTAPE_WORK.OUT_B9000_COUNTERPARTIES | F5: 0020_UNIQ_ID_KNWN_CNTRPRTY, 0070_CNTRPRTY_ID | G5: 4740 | H5: 0

Sheet 2.2. Outros - TESTE
B6: 2.2. Outros Controlos
B8: TABELA | C8: CAMPO | D8: TIPOLOGIA_TESTE | E8: NUM_REG | F8: NUM_REG_DIF | G8: DETALHE | H8: Table | I8: Justificação

Sheet 2.3. Processo
B6: 2.3. Controlos de Processo (HUE vs CSV)
