Workbook
Name IQ_CH: 110000
Name IQ_CQ: 5000
Name IQ_CY: 10000
Name IQ_DAILY: 500000
Name IQ_FH: 100000
Name IQ_FQ: 500
Name IQ_FY: 1000
Name IQ_LTM: 2000
Name IQ_MONTH: 15000
Name IQ_NTM: 6000
Name IQ_WEEK: 50000
Name IQ_YTD: 3000

Sheet Input
A1: tipo_colateral | B1: epc_label | C1: ep_score | D1: european_union | E1: amount | F1: quality_score
A2: Garantia Residencial | B2: E | C2: menor_300 | D2: EU-area | E2: 29064813 | F2: 2-MUY ALTA
A3: Garantia Residencial | B3: D | C3: menor_200 | D3: Non EU-area | E3: 100546 | F3: 5-MEDIA BAJA
A4: Garantia Residencial | B4: C | C4: menor_200 | D4: EU-area | E4: 13743477 | F4: 2-MUY ALTA
A5: Garantia Residencial | B5: C | C5: menor_400 | D5: EU-area | E5: 3609262 | F5: 1-REAL
A6: Garantia Comercial | B6: G | C6: menor_300 | D6: EU-area | E6: 1529777 | F6: 4-MEDIA
A7: Garantia Residencial | B7: D | C7: menor_200 | D7: EU-area | E7: 424037292 | F7: 3-ALTA
A8: Garantia Residencial | B8: D | C8: menor_300 | D8: EU-area | E8: 724417 | F8: 5-MEDIA BAJA
A9: Garantia Residencial | B9: E | C9: menor_200 | D9: EU-area | E9: 103036305 | F9: 5-MEDIA BAJA
A10: Garantia Residencial | B10: F | C10: menor_500 | D10: Non EU-area | E10: 196952 | F10: 1-REAL
A11: Garantia Residencial | B11: B | C11: menor_100 | D11: EU-area | E11: 9085816
A12: Garantia Residencial | B12: Sem dados | C12: Sem dados | D12: EU-area | E12: 182218 | F12: 5-MEDIA BAJA
A13: Garantia Residencial | B13: C | C13: menor_100 | D13: EU-area | E13: 617864584 | F13: 1-REAL
A14: Garantia Comercial | B14: F | C14: menor_400 | D14: EU-area | E14: 1229491 | F14: 3-ALTA
A15: Garantia Residencial | B15: D | C15: menor_100 | D15: EU-area | E15: 87200803 | F15: 1-REAL
A16: Garantia Residencial | B16: D | C16: menor_300 | D16: Non EU-area | E16: 331812 | F16: 1-REAL
A17: Garantia Residencial | B17: F | C17: menor_200 | D17: EU-area | E17: 15207047 | F17: 5-MEDIA BAJA
A18: Garantia Residencial | B18: B | C18: menor_200 | D18: EU-area | E18: 11912222 | F18: 1-REAL
A19: Garantia Residencial | B19: E | C19: menor_300 | D19: Non EU-area | E19: 277261 | F19: 4-MEDIA
A20: Garantia Residencial | B20: F | C20: Sem dados | D20: Non EU-area | E20: 112415 | F20: 1-REAL
A21: Garantia Comercial | B21: A+ | C21: menor_200 | D21: EU-area | E21: 2939711 | F21: 5-MEDIA BAJA
A22: Garantia Comercial | B22: F | C22: menor_100 | D22: EU-area | E22: 812134 | F22: 1-REAL
A23: Garantia Residencial | B23: B | C23: menor_200 | D23: EU-area | E23: 209266 | F23: 3-ALTA
... A71: Garantia Comercial | B71: A | C71: menor_200 | D71: EU-area | E71: 4555117 | F71: 5-MEDIA BAJA
A72: Garantia Residencial | B72: A | C72: menor_100 | D72: EU-area | E72: 5358016
A73: Garantia Residencial | B73: E | C73: menor_200 | D73: Non EU-area | E73: 39292 | F73: 4-MEDIA
A74: Garantia Residencial | B74: G | C74: menor_400 | D74: EU-area | E74: 113721 | F74: 1-REAL
A75: Garantia Comercial | B75: B | C75: menor_100 | D75: EU-area | E75: 12776 | F75: 6-BAJA
A76: Garantia Residencial | B76: C | C76: maior_500 | D76: EU-area | E76: 1375324 | F76: 1-REAL
A77: Garantia Residencial | B77: B- | C77: menor_100 | D77: EU-area | E77: 131365353 | F77: 2-MUY ALTA
A78: Garantia Residencial | B78: D | C78: Sem dados | D78: EU-area | E78: 2344618427 | F78: 1-REAL
A79: Garantia Comercial | B79: D | C79: menor_100 | D79: EU-area | E79: 26124267 | F79: 5-MEDIA BAJA
A80: Garantia Residencial | B80: F | C80: menor_100 | D80: EU-area | E80: 213726 | F80: 2-MUY ALTA
A81: Garantia Residencial | B81: G | C81: menor_300 | D81: EU-area | E81: 20443985 | F81: 5-MEDIA BAJA
A82: Garantia Residencial | B82: F | C82: menor_500 | D82: EU-area | E82: 17687982 | F82: 1-REAL
A83: Garantia Comercial | B83: F | C83: menor_200 | D83: EU-area | E83: 2538805 | F83: 1-REAL
A84: Garantia Comercial | B84: B- | C84: menor_100 | D84: EU-area | E84: 7453732 | F84: 2-MUY ALTA
... A353: Garantia Comercial | B353: G | C353: menor_300 | D353: EU-area | E353: 7155764 | F353: 5-MEDIA BAJA

Sheet 2.CC Trans-BB.RE collateral
C2: Template 2: Banking book - Climate change transition risk: Loans collateralised by immovable property - Energy efficiency of the collateral
D4: a | E4: b | F4: c | G4: d | H4: e | I4: f | J4: g | K4: h | L4: i | M4: j | N4: k | O4: l | P4: m | Q4: n | R4: o | S4: p
C5: Counterparty sector | D5: Total gross carrying amount amount (in MEUR)
E6: Level of energy efficiency (EP score in kWh/m² of collateral) | K6: Level of energy efficiency (EPC label of collateral) | R6: Without EPC label of collateral
E7: 0; <= 100 | F7: > 100; <= 200 | G7: > 200; <= 300 | H7: > 300; <= 400 | I7: > 400; <= 500 | J7: > 500 | K7: A | L7: B | M7: C | N7: D | O7: E | P7: F | Q7: G | S7: Of which level of energy efficiency (EP score in kWh/m² of collateral) estimated
B8: 1 | C8: Total EU area | D8: =SUM(D9:D11) -> 26833.997 | E8: =+SUM(E9:E11) -> 8842.7385 | F8: =+SUM(F9:F11) -> 6594.472 | G8: =+SUM(G9:G11) -> 1780.6512 | H8: =+SUM(H9:H11) -> 249.81568 | I8: =+SUM(I9:I11) -> 73.330776 | J8: =+SUM(J9:J11) -> 87.354293 | K8: =+SUM(K9:K11) -> 1745.4755 | L8: =+SUM(L9:L11) -> 1814.1564 | ... Q8: =+SUM(Q9:Q11) -> 2.979174 | R8: =SUM(R9:R11) -> 14009.226 | S8: =(SUM(SUMIFS(Input!$E:$E,Input!$A:$A,{"Garantia Comercial";"Garantia Residencial";"Stock"},Input!$F:$F,"<>"&M$18,Input!$F:$F,"<>",Input!$F:$F,"<>"&S$18,Input!$F:$F,"<>"&$M$19,Input!$F:$F,"<>"&$M$20,Input!$D:$D,'2.CC Trans-BB.RE collateral'!$D$18))/1000000)/R8 -> 0.98145716
A9: Garantia Comercial | B9: 2 | C9: Of which Loans collateralised by commercial immovable property | D9: =IFERROR(SUMIFS(Input!$E:$E,Input!$A:$A,'2.CC Trans-BB.RE collateral'!$A9,Input!$D:$D,'2.CC Trans-BB.RE collateral'!$D$18)/1000000,0) -> 3564.4292 | E9: =IFERROR(SUMIFS(Input!$E:$E,Input!$A:$A,'2.CC Trans-BB.RE collateral'!$A9,Input!$C:$C,'2.CC Trans-BB.RE collateral'!E$18,Input!$D:$D,'2.CC Trans-BB.RE collateral'!$D$18)/1000000,0) -> 1195.7892 | F9: =IFERROR(SUMIFS(Input!$E:$E,Input!$A:$A,'2.CC Trans-BB.RE collateral'!$A9,Input!$C:$C,'2.CC Trans-BB.RE collateral'!F$18,Input!$D:$D,'2.CC Trans-BB.RE collateral'!$D$18)/1000000,0) -> 1697.3294 | G9: =IFERROR(SUMIFS(Input!$E:$E,Input!$A:$A,'2.CC Trans-BB.RE collateral'!$A9,Input!$C:$C,'2.CC Trans-BB.RE collateral'!G$18,Input!$D:$D,'2.CC Trans-BB.RE collateral'!$D$18)/1000000,0) -> 208.25165 | H9: =IFERROR(SUMIFS(Input!$E:$E,Input!$A:$A,'2.CC Trans-BB.RE collateral'!$A9,Input!$C:$C,'2.CC Trans-BB.RE collateral'!H$18,Input!$D:$D,'2.CC Trans-BB.RE collateral'!$D$18)/1000000,0) -> 10.462529 | I9: =IFERROR(SUMIFS(Input!$E:$E,Input!$A:$A,'2.CC Trans-BB.RE collateral'!$A9,Input!$C:$C,'2.CC Trans-BB.RE collateral'!I$18,Input!$D:$D,'2.CC Trans-BB.RE collateral'!$D$18)/1000000,0) -> 5.413442 | J9: =IFERROR(SUMIFS(Input!$E:$E,Input!$A:$A,'2.CC Trans-BB.RE collateral'!$A9,Input!$C:$C,'2.CC Trans-BB.RE collateral'!J$18,Input!$D:$D,'2.CC Trans-BB.RE collateral'!$D$18)/1000000,0) -> 13.34354 | K9: =IFERROR(SUM(SUMIFS(Input!$E:$E,Input!$A:$A,'2.CC Trans-BB.RE collateral'!$A9,Input!$B:$B,'2.CC Trans-BB.RE collateral'!K$7&"*",Input!$F:$F,{"1-REAL";"SANTANDER";""},Input!$D:$D,'2.CC Trans-BB.RE collateral'!$D$18))/1000000,0) -> 76.93894 | L9: =IFERROR(SUM(SUMIFS(Input!$E:$E,Input!$A:$A,'2.CC Trans-BB.RE collateral'!$A9,Input!$B:$B,'2.CC Trans-BB.RE collateral'!L$7&"*",Input!$F:$F,{"1-REAL";"SANTANDER";""},Input!$D:$D,'2.CC Trans-BB.RE collateral'!$D$18))/1000000,0) -> 160.71633 | M9: =IFERROR(SUM(SUMIFS(Input!$E:$E,Input!$A:$A,'2.CC Trans-BB.RE collateral'!$A9,Input!$B:$B,'2.CC Trans-BB.RE collateral'!M$7,Input!$F:$F,{"1-REAL";"SANTANDER";""},Input!$D:$D,'2.CC Trans-BB.RE collateral'!$D$18))/1000000,0) -> 107.04453 | N9: =IFERROR(SUM(SUMIFS(Input!$E:$E,Input!$A:$A,'2.CC Trans-BB.RE collateral'!$A9,Input!$B:$B,'2.CC Trans-BB.RE collateral'!N$7,Input!$F:$F,{"1-REAL";"SANTANDER";""},Input!$D:$D,'2.CC Trans-BB.RE collateral'!$D$18))/1000000,0) -> 76.000791 | O9: =IFERROR(SUM(SUMIFS(Input!$E:$E,Input!$A:$A,'2.CC Trans-BB.RE collateral'!$A9,Input!$B:$B,'2.CC Trans-BB.RE collateral'!O$7,Input!$F:$F,{"1-REAL";"SANTANDER";""},Input!$D:$D,'2.CC Trans-BB.RE collateral'!$D$18))/1000000,0) -> 36.374197 | P9: =IFERROR(SUM(SUMIFS(Input!$E:$E,Input!$A:$A,'2.CC Trans-BB.RE collateral'!$A9,Input!$B:$B,'2.CC Trans-BB.RE collateral'!P$7,Input!$F:$F,{"1-REAL";"SANTANDER";""},Input!$D:$D,'2.CC Trans-BB.RE collateral'!$D$18))/1000000,0) -> 33.117265 | Q9: =IFERROR(SUM(SUMIFS(Input!$E:$E,Input!$A:$A,'2.CC Trans-BB.RE collateral'!$A9,Input!$B:$B,'2.CC Trans-BB.RE collateral'!Q$7,Input!$F:$F,{"1-REAL";"SANTANDER";""},Input!$D:$D,'2.CC Trans-BB.RE collateral'!$D$18))/1000000,0) -> 0.712814 | R9: =IFERROR(SUMIFS(Input!$E:$E,Input!$A:$A,'2.CC Trans-BB.RE collateral'!A9,Input!$F:$F,"<>"&K$18,Input!$F:$F,"<>"&K$19,Input!$F:$F,"<>"&"",Input!$D:$D,'2.CC Trans-BB.RE collateral'!$D$18)/1000000,0) -> 3073.5243 | S9: =((SUMIFS(Input!$E:$E,Input!$A:$A,$A9,Input!$F:$F,"<>"&M$18,Input!$F:$F,"<>",Input!$F:$F,"<>"&S$18,Input!$F:$F,"<>"&$M$19,Input!$F:$F,"<>"&$M$20,Input!$D:$D,'2.CC Trans-BB.RE collateral'!$D$18))/1000000)/R9 -> 0.92701625
A10: Garantia Residencial | B10: 3 | C10: Of which Loans collateralised by residential immovable property | D10: =IFERROR(SUMIFS(Input!$E:$E,Input!$A:$A,'2.CC Trans-BB.RE collateral'!$A10,Input!$D:$D,'2.CC Trans-BB.RE collateral'!$D$18)/1000000,0) -> 23269.568 | E10: =IFERROR(SUMIFS(Input!$E:$E,Input!$A:$A,'2.CC Trans-BB.RE collateral'!$A10,Input!$C:$C,'2.CC Trans-BB.RE collateral'!E$18,Input!$D:$D,'2.CC Trans-BB.RE collateral'!$D$18)/1000000,0) -> 7646.9493 | F10: =IFERROR(SUMIFS(Input!$E:$E,Input!$A:$A,'2.CC Trans-BB.RE collateral'!$A10,Input!$C:$C,'2.CC Trans-BB.RE collateral'!F$18,Input!$D:$D,'2.CC Trans-BB.RE collateral'!$D$18)/1000000,0) -> 4897.1426 | G10: =IFERROR(SUMIFS(Input!$E:$E,Input!$A:$A,'2.CC Trans-BB.RE collateral'!$A10,Input!$C:$C,'2.CC Trans-BB.RE collateral'!G$18,Input!$D:$D,'2.CC Trans-BB.RE collateral'!$D$18)/1000000,0) -> 1572.3996 | H10: =IFERROR(SUMIFS(Input!$E:$E,Input!$A:$A,'2.CC Trans-BB.RE collateral'!$A10,Input!$C:$C,'2.CC Trans-BB.RE collateral'!H$18,Input!$D:$D,'2.CC Trans-BB.RE collateral'!$D$18)/1000000,0) -> 239.35315 | I10: =IFERROR(SUMIFS(Input!$E:$E,Input!$A:$A,'2.CC Trans-BB.RE collateral'!$A10,Input!$C:$C,'2.CC Trans-BB.RE collateral'!I$18,Input!$D:$D,'2.CC Trans-BB.RE collateral'!$D$18)/1000000,0) -> 67.917334 | J10: =IFERROR(SUMIFS(Input!$E:$E,Input!$A:$A,'2.CC Trans-BB.RE collateral'!$A10,Input!$C:$C,'2.CC Trans-BB.RE collateral'!J$18,Input!$D:$D,'2.CC Trans-BB.RE collateral'!$D$18)/1000000,0) -> 74.010753 | K10: =IFERROR(SUM(SUMIFS(Input!$E:$E,Input!$A:$A,'2.CC Trans-BB.RE collateral'!$A10,Input!$B:$B,'2.CC Trans-BB.RE collateral'!K$7&"*",Input!$F:$F,{"1-REAL";"SANTANDER";""},Input!$D:$D,'2.CC Trans-BB.RE collateral'!$D$18))/1000000,0) -> 1668.5366 | L10: =IFERROR(SUM(SUMIFS(Input!$E:$E,Input!$A:$A,'2.CC Trans-BB.RE collateral'!$A10,Input!$B:$B,'2.CC Trans-BB.RE collateral'!L$7&"*",Input!$F:$F,{"1-REAL";"SANTANDER";""},Input!$D:$D,'2.CC Trans-BB.RE collateral'!$D$18))/1000000,0) -> 1653.4401 | M10: =IFERROR(SUM(SUMIFS(Input!$E:$E,Input!$A:$A,'2.CC Trans-BB.RE collateral'!$A10,Input!$B:$B,'2.CC Trans-BB.RE collateral'!M$7,Input!$F:$F,{"1-REAL";"SANTANDER";""},Input!$D:$D,'2.CC Trans-BB.RE collateral'!$D$18))/1000000,0) -> 3210.6805 | N10: =IFERROR(SUM(SUMIFS(Input!$E:$E,Input!$A:$A,'2.CC Trans-BB.RE collateral'!$A10,Input!$B:$B,'2.CC Trans-BB.RE collateral'!N$7,Input!$F:$F,{"1-REAL";"SANTANDER";""},Input!$D:$D,'2.CC Trans-BB.RE collateral'!$D$18))/1000000,0) -> 3213.7215 | O10: =IFERROR(SUM(SUMIFS(Input!$E:$E,Input!$A:$A,'2.CC Trans-BB.RE collateral'!$A10,Input!$B:$B,'2.CC Trans-BB.RE collateral'!O$7,Input!$F:$F,{"1-REAL";"SANTANDER";""},Input!$D:$D,'2.CC Trans-BB.RE collateral'!$D$18))/1000000,0) -> 1796.4857 | P10: =IFERROR(SUM(SUMIFS(Input!$E:$E,Input!$A:$A,'2.CC Trans-BB.RE collateral'!$A10,Input!$B:$B,'2.CC Trans-BB.RE collateral'!P$7,Input!$F:$F,{"1-REAL";"SANTANDER";""},Input!$D:$D,'2.CC Trans-BB.RE collateral'!$D$18))/1000000,0) -> 788.73487 | Q10: =IFERROR(SUM(SUMIFS(Input!$E:$E,Input!$A:$A,'2.CC Trans-BB.RE collateral'!$A10,Input!$B:$B,'2.CC Trans-BB.RE collateral'!Q$7,Input!$F:$F,{"1-REAL";"SANTANDER";""},Input!$D:$D,'2.CC Trans-BB.RE collateral'!$D$18))/1000000,0) -> 2.26636 | R10: =IFERROR(SUMIFS(Input!$E:$E,Input!$A:$A,'2.CC Trans-BB.RE collateral'!A10,Input!$F:$F,"<>"&K$18,Input!$F:$F,"<>"&K$19,Input!$F:$F,"<>"&"",Input!$D:$D,'2.CC Trans-BB.RE collateral'!$D$18)/1000000,0) -> 10935.702 | S10: =((SUMIFS(Input!$E:$E,Input!$A:$A,$A10,Input!$F:$F,"<>"&M$18,Input!$F:$F,"<>",Input!$F:$F,"<>"&S$18,Input!$F:$F,"<>"&$M$19,Input!$F:$F,"<>"&$M$20,Input!$D:$D,'2.CC Trans-BB.RE collateral'!$D$18))/1000000)/R10 -> 0.99675801
A11: Stock | B11: 4 | C11: Of which Collateral obtained by taking possession: residential and commercial immovable properties | D11: =IFERROR(SUMIFS(Input!$E:$E,Input!$A:$A,'2.CC Trans-BB.RE collateral'!$A11,Input!$D:$D,'2.CC Trans-BB.RE collateral'!$D$18)/1000000,0) -> 0 | E11: =IFERROR(SUMIFS(Input!$E:$E,Input!$A:$A,'2.CC Trans-BB.RE collateral'!$A11,Input!$C:$C,'2.CC Trans-BB.RE collateral'!E$18,Input!$D:$D,'2.CC Trans-BB.RE collateral'!$D$18)/1000000,0) -> 0 | F11: =IFERROR(SUMIFS(Input!$E:$E,Input!$A:$A,'2.CC Trans-BB.RE collateral'!$A11,Input!$C:$C,'2.CC Trans-BB.RE collateral'!F$18,Input!$D:$D,'2.CC Trans-BB.RE collateral'!$D$18)/1000000,0) -> 0 | G11: =IFERROR(SUMIFS(Input!$E:$E,Input!$A:$A,'2.CC Trans-BB.RE collateral'!$A11,Input!$C:$C,'2.CC Trans-BB.RE collateral'!G$18,Input!$D:$D,'2.CC Trans-BB.RE collateral'!$D$18)/1000000,0) -> 0 | H11: =IFERROR(SUMIFS(Input!$E:$E,Input!$A:$A,'2.CC Trans-BB.RE collateral'!$A11,Input!$C:$C,'2.CC Trans-BB.RE collateral'!H$18,Input!$D:$D,'2.CC Trans-BB.RE collateral'!$D$18)/1000000,0) -> 0 | I11: =IFERROR(SUMIFS(Input!$E:$E,Input!$A:$A,'2.CC Trans-BB.RE collateral'!$A11,Input!$C:$C,'2.CC Trans-BB.RE collateral'!I$18,Input!$D:$D,'2.CC Trans-BB.RE collateral'!$D$18)/1000000,0) -> 0 | J11: =IFERROR(SUMIFS(Input!$E:$E,Input!$A:$A,'2.CC Trans-BB.RE collateral'!$A11,Input!$C:$C,'2.CC Trans-BB.RE collateral'!J$18,Input!$D:$D,'2.CC Trans-BB.RE collateral'!$D$18)/1000000,0) -> 0 | K11: =IFERROR(SUM(SUMIFS(Input!$E:$E,Input!$A:$A,'2.CC Trans-BB.RE collateral'!$A11,Input!$B:$B,'2.CC Trans-BB.RE collateral'!K$7&"*",Input!$F:$F,{"1-REAL";"SANTANDER";""},Input!$D:$D,'2.CC Trans-BB.RE collateral'!$D$18))/1000000,0) -> 0 | L11: =IFERROR(SUM(SUMIFS(Input!$E:$E,Input!$A:$A,'2.CC Trans-BB.RE collateral'!$A11,Input!$B:$B,'2.CC Trans-BB.RE collateral'!L$7&"*",Input!$F:$F,{"1-REAL";"SANTANDER";""},Input!$D:$D,'2.CC Trans-BB.RE collateral'!$D$18))/1000000,0) -> 0 | M11: =IFERROR(SUM(SUMIFS(Input!$E:$E,Input!$A:$A,'2.CC Trans-BB.RE collateral'!$A11,Input!$B:$B,'2.CC Trans-BB.RE collateral'!M$7,Input!$F:$F,{"1-REAL";"SANTANDER";""},Input!$D:$D,'2.CC Trans-BB.RE collateral'!$D$18))/1000000,0) -> 0 | N11: =IFERROR(SUM(SUMIFS(Input!$E:$E,Input!$A:$A,'2.CC Trans-BB.RE collateral'!$A11,Input!$B:$B,'2.CC Trans-BB.RE collateral'!N$7,Input!$F:$F,{"1-REAL";"SANTANDER";""},Input!$D:$D,'2.CC Trans-BB.RE collateral'!$D$18))/1000000,0) -> 0 | O11: =IFERROR(SUM(SUMIFS(Input!$E:$E,Input!$A:$A,'2.CC Trans-BB.RE collateral'!$A11,Input!$B:$B,'2.CC Trans-BB.RE collateral'!O$7,Input!$F:$F,{"1-REAL";"SANTANDER";""},Input!$D:$D,'2.CC Trans-BB.RE collateral'!$D$18))/1000000,0) -> 0 | P11: =IFERROR(SUM(SUMIFS(Input!$E:$E,Input!$A:$A,'2.CC Trans-BB.RE collateral'!$A11,Input!$B:$B,'2.CC Trans-BB.RE collateral'!P$7,Input!$F:$F,{"1-REAL";"SANTANDER";""},Input!$D:$D,'2.CC Trans-BB.RE collateral'!$D$18))/1000000,0) -> 0 | Q11: =IFERROR(SUM(SUMIFS(Input!$E:$E,Input!$A:$A,'2.CC Trans-BB.RE collateral'!$A11,Input!$B:$B,'2.CC Trans-BB.RE collateral'!Q$7,Input!$F:$F,{"1-REAL";"SANTANDER";""},Input!$D:$D,'2.CC Trans-BB.RE collateral'!$D$18))/1000000,0) -> 0 | R11: =IFERROR(SUMIFS(Input!$E:$E,Input!$A:$A,'2.CC Trans-BB.RE collateral'!A11,Input!$F:$F,"<>"&K$18,Input!$F:$F,"<>"&K$19,Input!$F:$F,"<>"&"",Input!$D:$D,'2.CC Trans-BB.RE collateral'!$D$18)/1000000,0) -> 0 | S11: =IFERROR(((SUMIFS(Input!$E:$E,Input!$A:$A,$A11,Input!$F:$F,"<>"&M$18,Input!$F:$F,"<>",Input!$F:$F,"<>"&S$18,Input!$F:$F,"<>"&$M$19,Input!$F:$F,"<>"&$M$20,Input!$D:$D,'2.CC Trans-BB.RE collateral'!$D$18))/1000000)/R11,0) -> 0
A12: Sem dados | B12: 5 | C12: Of which Level of energy efficiency (EP score in kWh/m² of collateral) estimated | D12: =IFERROR(SUM(SUMIFS(Input!E:E,Input!A:A,{"Garantia Comercial";"Garantia Residencial";"Stock"},Input!C:C,"<>"&'2.CC Trans-BB.RE collateral'!$A12,Input!$D:$D,'2.CC Trans-BB.RE collateral'!$D$18))/1000000,0) -> 17628.363 | E12: =IFERROR(SUM(SUMIFS(Input!$E:$E,Input!$A:$A,{"Garantia Comercial";"Garantia Residencial";"Stock"},Input!$C:$C,"<>"&$A$12,Input!$C:$C,E$18,Input!$D:$D,'2.CC Trans-BB.RE collateral'!$D$18))/1000000,0) -> 8842.7385 | F12: =IFERROR(SUM(SUMIFS(Input!$E:$E,Input!$A:$A,{"Garantia Comercial";"Garantia Residencial";"Stock"},Input!$C:$C,"<>"&$A$12,Input!$C:$C,F$18,Input!$D:$D,'2.CC Trans-BB.RE collateral'!$D$18))/1000000,0) -> 6594.472 | G12: =IFERROR(SUM(SUMIFS(Input!$E:$E,Input!$A:$A,{"Garantia Comercial";"Garantia Residencial";"Stock"},Input!$C:$C,"<>"&$A$12,Input!$C:$C,G$18,Input!$D:$D,'2.CC Trans-BB.RE collateral'!$D$18))/1000000,0) -> 1780.6512 | H12: =IFERROR(SUM(SUMIFS(Input!$E:$E,Input!$A:$A,{"Garantia Comercial";"Garantia Residencial";"Stock"},Input!$C:$C,"<>"&$A$12,Input!$C:$C,H$18,Input!$D:$D,'2.CC Trans-BB.RE collateral'!$D$18))/1000000,0) -> 249.81568 | I12: =IFERROR(SUM(SUMIFS(Input!$E:$E,Input!$A:$A,{"Garantia Comercial";"Garantia Residencial";"Stock"},Input!$C:$C,"<>"&$A$12,Input!$C:$C,I$18,Input!$D:$D,'2.CC Trans-BB.RE collateral'!$D$18))/1000000,0) -> 73.330776 | J12: =IFERROR(SUM(SUMIFS(Input!$E:$E,Input!$A:$A,{"Garantia Comercial";"Garantia Residencial";"Stock"},Input!$C:$C,"<>"&$A$12,Input!$C:$C,J$18,Input!$D:$D,'2.CC Trans-BB.RE collateral'!$D$18))/1000000,0) -> 87.354293 | R12: =IFERROR(SUM(SUMIFS(Input!$E:$E,Input!$A:$A,{"Garantia Comercial";"Garantia Residencial";"Stock"},Input!$F:$F,"<>"&M$18,Input!$F:$F,"<>",Input!$F:$F,"<>"&$M$19,Input!$C:$C,"<>"&$A$12,Input!$D:$D,'2.CC Trans-BB.RE collateral'!$D$18))/1000000,0) -> 13749.273 | S12: =(SUM(SUMIFS(Input!$E:$E,Input!$A:$A,{"Garantia Comercial";"Garantia Residencial";"Stock"},Input!$F:$F,"<>"&M$18,Input!$F:$F,"<>",Input!$F:$F,"<>"&S$18,Input!$F:$F,"<>"&$M$19,Input!$F:$F,"<>"&$M$20,Input!$D:$D,'2.CC Trans-BB.RE collateral'!$D$18))/1000000)/R12 -> 1.0000133
B13: 6 | C13: Total non-EU area | D13: =SUM(D14:D16) -> 22.179551 | E13: =+SUM(E14:E16) -> 10.931941 | F13: =+SUM(F14:F16) -> 3.517605 | G13: =+SUM(G14:G16) -> 2.41924 | H13: =+SUM(H14:H16) -> 0.941389 | I13: =+SUM(I14:I16) -> 0.437974 | J13: =+SUM(J14:J16) -> 0.135323 | K13: =+SUM(K14:K16) -> 3.06369 | L13: =+SUM(L14:L16) -> 7.041839 | ... Q13: =+SUM(Q14:Q16) -> 0 | R13: =SUM(R14:R16) -> 4.020702 | S13: =(SUM(SUMIFS(Input!$E:$E,Input!$A:$A,{"Garantia Comercial";"Garantia Residencial";"Stock"},Input!$F:$F,"<>"&M$18,Input!$F:$F,"<>",Input!$F:$F,"<>"&S$18,Input!$F:$F,"<>"&$M$19,Input!$F:$F,"<>"&$M$20,Input!$D:$D,'2.CC Trans-BB.RE collateral'!$D$19))/1000000)/R13 -> 0.58363191
A14: Garantia Comercial | B14: 7 | C14: Of which Loans collateralised by commercial immovable property | D14: =IFERROR(SUMIFS(Input!$E:$E,Input!$A:$A,'2.CC Trans-BB.RE collateral'!$A14,Input!$D:$D,'2.CC Trans-BB.RE collateral'!$D$19)/1000000,0) -> 0 | E14: =IFERROR(SUMIFS(Input!$E:$E,Input!$A:$A,'2.CC Trans-BB.RE collateral'!$A14,Input!$C:$C,'2.CC Trans-BB.RE collateral'!E$18,Input!$D:$D,'2.CC Trans-BB.RE collateral'!$D$19)/1000000,0) -> 0 | F14: =IFERROR(SUMIFS(Input!$E:$E,Input!$A:$A,'2.CC Trans-BB.RE collateral'!$A14,Input!$C:$C,'2.CC Trans-BB.RE collateral'!F$18,Input!$D:$D,'2.CC Trans-BB.RE collateral'!$D$19)/1000000,0) -> 0 | G14: =IFERROR(SUMIFS(Input!$E:$E,Input!$A:$A,'2.CC Trans-BB.RE collateral'!$A14,Input!$C:$C,'2.CC Trans-BB.RE collateral'!G$18,Input!$D:$D,'2.CC Trans-BB.RE collateral'!$D$19)/1000000,0) -> 0 | H14: =IFERROR(SUMIFS(Input!$E:$E,Input!$A:$A,'2.CC Trans-BB.RE collateral'!$A14,Input!$C:$C,'2.CC Trans-BB.RE collateral'!H$18,Input!$D:$D,'2.CC Trans-BB.RE collateral'!$D$19)/1000000,0) -> 0 | I14: =IFERROR(SUMIFS(Input!$E:$E,Input!$A:$A,'2.CC Trans-BB.RE collateral'!$A14,Input!$C:$C,'2.CC Trans-BB.RE collateral'!I$18,Input!$D:$D,'2.CC Trans-BB.RE collateral'!$D$19)/1000000,0) -> 0 | J14: =IFERROR(SUMIFS(Input!$E:$E,Input!$A:$A,'2.CC Trans-BB.RE collateral'!$A14,Input!$C:$C,'2.CC Trans-BB.RE collateral'!J$18,Input!$D:$D,'2.CC Trans-BB.RE collateral'!$D$19)/1000000,0) -> 0 | K14: =IFERROR(SUM(SUMIFS(Input!$E:$E,Input!$A:$A,'2.CC Trans-BB.RE collateral'!$A14,Input!$B:$B,'2.CC Trans-BB.RE collateral'!K$7&"*",Input!$F:$F,{"1-REAL";"SANTANDER";""},Input!$D:$D,'2.CC Trans-BB.RE collateral'!$D$19))/1000000,0) -> 0 | L14: =IFERROR(SUM(SUMIFS(Input!$E:$E,Input!$A:$A,'2.CC Trans-BB.RE collateral'!$A14,Input!$B:$B,'2.CC Trans-BB.RE collateral'!L$7&"*",Input!$F:$F,{"1-REAL";"SANTANDER";""},Input!$D:$D,'2.CC Trans-BB.RE collateral'!$D$19))/1000000,0) -> 0 | M14: =IFERROR(SUM(SUMIFS(Input!$E:$E,Input!$A:$A,'2.CC Trans-BB.RE collateral'!$A14,Input!$B:$B,'2.CC Trans-BB.RE collateral'!M$7,Input!$F:$F,{"1-REAL";"SANTANDER";""},Input!$D:$D,'2.CC Trans-BB.RE collateral'!$D$19))/1000000,0) -> 0 | N14: =IFERROR(SUM(SUMIFS(Input!$E:$E,Input!$A:$A,'2.CC Trans-BB.RE collateral'!$A14,Input!$B:$B,'2.CC Trans-BB.RE collateral'!N$7,Input!$F:$F,{"1-REAL";"SANTANDER";""},Input!$D:$D,'2.CC Trans-BB.RE collateral'!$D$19))/1000000,0) -> 0 | O14: =IFERROR(SUM(SUMIFS(Input!$E:$E,Input!$A:$A,'2.CC Trans-BB.RE collateral'!$A14,Input!$B:$B,'2.CC Trans-BB.RE collateral'!O$7,Input!$F:$F,{"1-REAL";"SANTANDER";""},Input!$D:$D,'2.CC Trans-BB.RE collateral'!$D$19))/1000000,0) -> 0 | P14: =IFERROR(SUM(SUMIFS(Input!$E:$E,Input!$A:$A,'2.CC Trans-BB.RE collateral'!$A14,Input!$B:$B,'2.CC Trans-BB.RE collateral'!P$7,Input!$F:$F,{"1-REAL";"SANTANDER";""},Input!$D:$D,'2.CC Trans-BB.RE collateral'!$D$19))/1000000,0) -> 0 | Q14: =IFERROR(SUM(SUMIFS(Input!$E:$E,Input!$A:$A,'2.CC Trans-BB.RE collateral'!$A14,Input!$B:$B,'2.CC Trans-BB.RE collateral'!Q$7,Input!$F:$F,{"1-REAL";"SANTANDER";""},Input!$D:$D,'2.CC Trans-BB.RE collateral'!$D$19))/1000000,0) -> 0 | R14: =IFERROR(SUMIFS(Input!$E:$E,Input!$A:$A,'2.CC Trans-BB.RE collateral'!A14,Input!$F:$F,"<>"&K$18,Input!$F:$F,"<>"&K$19,Input!$F:$F,"<>"&"",Input!$D:$D,'2.CC Trans-BB.RE collateral'!$D$19)/1000000,0) -> 0 | S14: =IFERROR(((SUMIFS(Input!$E:$E,Input!$A:$A,$A14,Input!$F:$F,"<>"&M$18,Input!$F:$F,"<>",Input!$F:$F,"<>"&S$18,Input!$F:$F,"<>"&$M$19,Input!$F:$F,"<>"&$M$20,Input!$D:$D,'2.CC Trans-BB.RE collateral'!$D$19))/1000000)/R14,0) -> 0
A15: Garantia Residencial | B15: 8 | C15: Of which Loans collateralised by residential immovable property | D15: =IFERROR(SUMIFS(Input!$E:$E,Input!$A:$A,'2.CC Trans-BB.RE collateral'!$A15,Input!$D:$D,'2.CC Trans-BB.RE collateral'!$D$19)/1000000,0) -> 22.179551 | E15: =IFERROR(SUMIFS(Input!$E:$E,Input!$A:$A,'2.CC Trans-BB.RE collateral'!$A15,Input!$C:$C,'2.CC Trans-BB.RE collateral'!E$18,Input!$D:$D,'2.CC Trans-BB.RE collateral'!$D$19)/1000000,0) -> 10.931941 | F15: =IFERROR(SUMIFS(Input!$E:$E,Input!$A:$A,'2.CC Trans-BB.RE collateral'!$A15,Input!$C:$C,'2.CC Trans-BB.RE collateral'!F$18,Input!$D:$D,'2.CC Trans-BB.RE collateral'!$D$19)/1000000,0) -> 3.517605 | G15: =IFERROR(SUMIFS(Input!$E:$E,Input!$A:$A,'2.CC Trans-BB.RE collateral'!$A15,Input!$C:$C,'2.CC Trans-BB.RE collateral'!G$18,Input!$D:$D,'2.CC Trans-BB.RE collateral'!$D$19)/1000000,0) -> 2.41924 | H15: =IFERROR(SUMIFS(Input!$E:$E,Input!$A:$A,'2.CC Trans-BB.RE collateral'!$A15,Input!$C:$C,'2.CC Trans-BB.RE collateral'!H$18,Input!$D:$D,'2.CC Trans-BB.RE collateral'!$D$19)/1000000,0) -> 0.941389 | I15: =IFERROR(SUMIFS(Input!$E:$E,Input!$A:$A,'2.CC Trans-BB.RE collateral'!$A15,Input!$C:$C,'2.CC Trans-BB.RE collateral'!I$18,Input!$D:$D,'2.CC Trans-BB.RE collateral'!$D$19)/1000000,0) -> 0.437974 | J15: =IFERROR(SUMIFS(Input!$E:$E,Input!$A:$A,'2.CC Trans-BB.RE collateral'!$A15,Input!$C:$C,'2.CC Trans-BB.RE collateral'!J$18,Input!$D:$D,'2.CC Trans-BB.RE collateral'!$D$19)/1000000,0) -> 0.135323 | K15: =IFERROR(SUM(SUMIFS(Input!$E:$E,Input!$A:$A,'2.CC Trans-BB.RE collateral'!$A15,Input!$B:$B,'2.CC Trans-BB.RE collateral'!K$7&"*",Input!$F:$F,{"1-REAL";"SANTANDER";""},Input!$D:$D,'2.CC Trans-BB.RE collateral'!$D$19))/1000000,0) -> 3.06369 | L15: =IFERROR(SUM(SUMIFS(Input!$E:$E,Input!$A:$A,'2.CC Trans-BB.RE collateral'!$A15,Input!$B:$B,'2.CC Trans-BB.RE collateral'!L$7&"*",Input!$F:$F,{"1-REAL";"SANTANDER";""},Input!$D:$D,'2.CC Trans-BB.RE collateral'!$D$19))/1000000,0) -> 7.041839 | M15: =IFERROR(SUM(SUMIFS(Input!$E:$E,Input!$A:$A,'2.CC Trans-BB.RE collateral'!$A15,Input!$B:$B,'2.CC Trans-BB.RE collateral'!M$7,Input!$F:$F,{"1-REAL";"SANTANDER";""},Input!$D:$D,'2.CC Trans-BB.RE collateral'!$D$19))/1000000,0) -> 2.354883 | N15: =IFERROR(SUM(SUMIFS(Input!$E:$E,Input!$A:$A,'2.CC Trans-BB.RE collateral'!$A15,Input!$B:$B,'2.CC Trans-BB.RE collateral'!N$7,Input!$F:$F,{"1-REAL";"SANTANDER";""},Input!$D:$D,'2.CC Trans-BB.RE collateral'!$D$19))/1000000,0) -> 2.103447 | O15: =IFERROR(SUM(SUMIFS(Input!$E:$E,Input!$A:$A,'2.CC Trans-BB.RE collateral'!$A15,Input!$B:$B,'2.CC Trans-BB.RE collateral'!O$7,Input!$F:$F,{"1-REAL";"SANTANDER";""},Input!$D:$D,'2.CC Trans-BB.RE collateral'!$D$19))/1000000,0) -> 2.369308 | P15: =IFERROR(SUM(SUMIFS(Input!$E:$E,Input!$A:$A,'2.CC Trans-BB.RE collateral'!$A15,Input!$B:$B,'2.CC Trans-BB.RE collateral'!P$7,Input!$F:$F,{"1-REAL";"SANTANDER";""},Input!$D:$D,'2.CC Trans-BB.RE collateral'!$D$19))/1000000,0) -> 1.225682 | Q15: =IFERROR(SUM(SUMIFS(Input!$E:$E,Input!$A:$A,'2.CC Trans-BB.RE collateral'!$A15,Input!$B:$B,'2.CC Trans-BB.RE collateral'!Q$7,Input!$F:$F,{"1-REAL";"SANTANDER";""},Input!$D:$D,'2.CC Trans-BB.RE collateral'!$D$19))/1000000,0) -> 0 | R15: =IFERROR(SUMIFS(Input!$E:$E,Input!$A:$A,'2.CC Trans-BB.RE collateral'!A15,Input!$F:$F,"<>"&K$18,Input!$F:$F,"<>"&K$19,Input!$F:$F,"<>"&"",Input!$D:$D,'2.CC Trans-BB.RE collateral'!$D$19)/1000000,0) -> 4.020702 | S15: =IFERROR(((SUMIFS(Input!$E:$E,Input!$A:$A,$A15,Input!$F:$F,"<>"&M$18,Input!$F:$F,"<>",Input!$F:$F,"<>"&S$18,Input!$F:$F,"<>"&$M$19,Input!$F:$F,"<>"&$M$20,Input!$D:$D,'2.CC Trans-BB.RE collateral'!$D$19))/1000000)/R15,0) -> 0.58363191
A16: Stock | B16: 9 | C16: Of which Collateral obtained by taking possession: residential and commercial immovable properties | D16: =IFERROR(SUMIFS(Input!$E:$E,Input!$A:$A,'2.CC Trans-BB.RE collateral'!$A16,Input!$D:$D,'2.CC Trans-BB.RE collateral'!$D$19)/1000000,0) -> 0 | E16: =IFERROR(SUMIFS(Input!$E:$E,Input!$A:$A,'2.CC Trans-BB.RE collateral'!$A16,Input!$C:$C,'2.CC Trans-BB.RE collateral'!E$18,Input!$D:$D,'2.CC Trans-BB.RE collateral'!$D$19)/1000000,0) -> 0 | F16: =IFERROR(SUMIFS(Input!$E:$E,Input!$A:$A,'2.CC Trans-BB.RE collateral'!$A16,Input!$C:$C,'2.CC Trans-BB.RE collateral'!F$18,Input!$D:$D,'2.CC Trans-BB.RE collateral'!$D$19)/1000000,0) -> 0 | G16: =IFERROR(SUMIFS(Input!$E:$E,Input!$A:$A,'2.CC Trans-BB.RE collateral'!$A16,Input!$C:$C,'2.CC Trans-BB.RE collateral'!G$18,Input!$D:$D,'2.CC Trans-BB.RE collateral'!$D$19)/1000000,0) -> 0 | H16: =IFERROR(SUMIFS(Input!$E:$E,Input!$A:$A,'2.CC Trans-BB.RE collateral'!$A16,Input!$C:$C,'2.CC Trans-BB.RE collateral'!H$18,Input!$D:$D,'2.CC Trans-BB.RE collateral'!$D$19)/1000000,0) -> 0 | I16: =IFERROR(SUMIFS(Input!$E:$E,Input!$A:$A,'2.CC Trans-BB.RE collateral'!$A16,Input!$C:$C,'2.CC Trans-BB.RE collateral'!I$18,Input!$D:$D,'2.CC Trans-BB.RE collateral'!$D$19)/1000000,0) -> 0 | J16: =IFERROR(SUMIFS(Input!$E:$E,Input!$A:$A,'2.CC Trans-BB.RE collateral'!$A16,Input!$C:$C,'2.CC Trans-BB.RE collateral'!J$18,Input!$D:$D,'2.CC Trans-BB.RE collateral'!$D$19)/1000000,0) -> 0 | K16: =IFERROR(SUM(SUMIFS(Input!$E:$E,Input!$A:$A,'2.CC Trans-BB.RE collateral'!$A16,Input!$B:$B,'2.CC Trans-BB.RE collateral'!K$7&"*",Input!$F:$F,{"1-REAL";"SANTANDER";""},Input!$D:$D,'2.CC Trans-BB.RE collateral'!$D$19))/1000000,0) -> 0 | L16: =IFERROR(SUM(SUMIFS(Input!$E:$E,Input!$A:$A,'2.CC Trans-BB.RE collateral'!$A16,Input!$B:$B,'2.CC Trans-BB.RE collateral'!L$7&"*",Input!$F:$F,{"1-REAL";"SANTANDER";""},Input!$D:$D,'2.CC Trans-BB.RE collateral'!$D$19))/1000000,0) -> 0 | M16: =IFERROR(SUM(SUMIFS(Input!$E:$E,Input!$A:$A,'2.CC Trans-BB.RE collateral'!$A16,Input!$B:$B,'2.CC Trans-BB.RE collateral'!M$7,Input!$F:$F,{"1-REAL";"SANTANDER";""},Input!$D:$D,'2.CC Trans-BB.RE collateral'!$D$19))/1000000,0) -> 0 | N16: =IFERROR(SUM(SUMIFS(Input!$E:$E,Input!$A:$A,'2.CC Trans-BB.RE collateral'!$A16,Input!$B:$B,'2.CC Trans-BB.RE collateral'!N$7,Input!$F:$F,{"1-REAL";"SANTANDER";""},Input!$D:$D,'2.CC Trans-BB.RE collateral'!$D$19))/1000000,0) -> 0 | O16: =IFERROR(SUM(SUMIFS(Input!$E:$E,Input!$A:$A,'2.CC Trans-BB.RE collateral'!$A16,Input!$B:$B,'2.CC Trans-BB.RE collateral'!O$7,Input!$F:$F,{"1-REAL";"SANTANDER";""},Input!$D:$D,'2.CC Trans-BB.RE collateral'!$D$19))/1000000,0) -> 0 | P16: =IFERROR(SUM(SUMIFS(Input!$E:$E,Input!$A:$A,'2.CC Trans-BB.RE collateral'!$A16,Input!$B:$B,'2.CC Trans-BB.RE collateral'!P$7,Input!$F:$F,{"1-REAL";"SANTANDER";""},Input!$D:$D,'2.CC Trans-BB.RE collateral'!$D$19))/1000000,0) -> 0 | Q16: =IFERROR(SUM(SUMIFS(Input!$E:$E,Input!$A:$A,'2.CC Trans-BB.RE collateral'!$A16,Input!$B:$B,'2.CC Trans-BB.RE collateral'!Q$7,Input!$F:$F,{"1-REAL";"SANTANDER";""},Input!$D:$D,'2.CC Trans-BB.RE collateral'!$D$19))/1000000,0) -> 0 | R16: =IFERROR(SUMIFS(Input!$E:$E,Input!$A:$A,'2.CC Trans-BB.RE collateral'!A16,Input!$F:$F,"<>"&K$18,Input!$F:$F,"<>"&K$19,Input!$F:$F,"<>"&"",Input!$D:$D,'2.CC Trans-BB.RE collateral'!$D$19)/1000000,0) -> 0 | S16: =IFERROR(((SUMIFS(Input!$E:$E,Input!$A:$A,$A16,Input!$F:$F,"<>"&M$18,Input!$F:$F,"<>",Input!$F:$F,"<>"&S$18,Input!$F:$F,"<>"&$M$19,Input!$F:$F,"<>"&$M$20,Input!$D:$D,'2.CC Trans-BB.RE collateral'!$D$19))/1000000)/R16,0) -> 0
A17: Sem dados | B17: 10 | C17: Of which Level of energy efficiency (EP score in kWh/m² of collateral) estimated | D17: =IFERROR(SUM(SUMIFS(Input!E:E,Input!A:A,{"Garantia Comercial";"Garantia Residencial";"Stock"},Input!C:C,"<>"&'2.CC Trans-BB.RE collateral'!$A17,Input!$D:$D,'2.CC Trans-BB.RE collateral'!$D$19))/1000000,0) -> 18.383472 | E17: =IFERROR(SUM(SUMIFS(Input!$E:$E,Input!$A:$A,{"Garantia Comercial";"Garantia Residencial";"Stock"},Input!$C:$C,"<>"&$A$12,Input!$C:$C,E$18,Input!$D:$D,'2.CC Trans-BB.RE collateral'!$D$19))/1000000,0) -> 10.931941 | F17: =IFERROR(SUM(SUMIFS(Input!$E:$E,Input!$A:$A,{"Garantia Comercial";"Garantia Residencial";"Stock"},Input!$C:$C,"<>"&$A$12,Input!$C:$C,F$18,Input!$D:$D,'2.CC Trans-BB.RE collateral'!$D$19))/1000000,0) -> 3.517605 | G17: =IFERROR(SUM(SUMIFS(Input!$E:$E,Input!$A:$A,{"Garantia Comercial";"Garantia Residencial";"Stock"},Input!$C:$C,"<>"&$A$12,Input!$C:$C,G$18,Input!$D:$D,'2.CC Trans-BB.RE collateral'!$D$19))/1000000,0) -> 2.41924 | H17: =IFERROR(SUM(SUMIFS(Input!$E:$E,Input!$A:$A,{"Garantia Comercial";"Garantia Residencial";"Stock"},Input!$C:$C,"<>"&$A$12,Input!$C:$C,H$18,Input!$D:$D,'2.CC Trans-BB.RE collateral'!$D$19))/1000000,0) -> 0.941389 | I17: =IFERROR(SUM(SUMIFS(Input!$E:$E,Input!$A:$A,{"Garantia Comercial";"Garantia Residencial";"Stock"},Input!$C:$C,"<>"&$A$12,Input!$C:$C,I$18,Input!$D:$D,'2.CC Trans-BB.RE collateral'!$D$19))/1000000,0) -> 0.437974 | J17: =IFERROR(SUM(SUMIFS(Input!$E:$E,Input!$A:$A,{"Garantia Comercial";"Garantia Residencial";"Stock"},Input!$C:$C,"<>"&$A$12,Input!$C:$C,J$18,Input!$D:$D,'2.CC Trans-BB.RE collateral'!$D$19))/1000000,0) -> 0.135323 | R17: =IFERROR(SUM(SUMIFS(Input!$E:$E,Input!$A:$A,{"Garantia Comercial";"Garantia Residencial";"Stock"},Input!$F:$F,"<>"&M$18,Input!$F:$F,"<>",Input!$F:$F,"<>"&$M$19,Input!$C:$C,"<>"&$A$12,Input!$D:$D,'2.CC Trans-BB.RE collateral'!$D$19))/1000000,0) -> 2.34661 | S17: =(SUM(SUMIFS(Input!$E:$E,Input!$A:$A,{"Garantia Comercial";"Garantia Residencial";"Stock"},Input!$F:$F,"<>"&M$18,Input!$F:$F,"<>",Input!$F:$F,"<>"&S$18,Input!$F:$F,"<>"&$M$19,Input!$F:$F,"<>"&$M$20,Input!$D:$D,'2.CC Trans-BB.RE collateral'!$D$19))/1000000)/R17 -> 1
D18: EU-area | E18: menor_100 | F18: menor_200 | G18: menor_300 | H18: menor_400 | I18: menor_500 | J18: maior_500 | K18: 1-REAL | L18: 1-REAL | M18: 1-REAL | N18: 1-REAL | O18: 1-REAL | P18: 1-REAL | Q18: 1-REAL | R18: Sem dados | S18: 7-SIN DATO
D19: Non EU-area | K19: SANTANDER | L19: SANTANDER | M19: SANTANDER | N19: SANTANDER | O19: SANTANDER | P19: SANTANDER | Q19: SANTANDER
K20: NULL | L20: NULL | M20: NULL | N20: NULL | O20: NULL | P20: NULL | Q20: NULL
