Workbook

Sheet 0. Instruções
B6: 0. Instruções
B8: Projeto | D8: Testes GD & Pilar 3
B9: Âmbito | D9: Análise dos campo da Loan Tape Pilar III
B11: Para a validação dos campos da Loan Tape Pilar III é necessário percorrer os seguintes steps:
B14: 1. Atualizar o script de simulação com o campo em análise.
B15: 1.1. Verificar a especificação do campo em análise. Se aplicável, verificar se é necessário reportar valor para ajustes.
B16: 1.2. Montar a simulação do campo tendo atenção aos seguintes pormenores:
B17: a) Não vamos fazer JOIN com a tabela de parametrização (LT803). Em alternativa, montamos um CASE WHEN ou importamos a parametrização.
B18: b) Para operações de ajustes verificar se o campo deve reportar valor.
B19: c) Se for necessário aplicar algum filtro (ou tratamento) que não está na especificação deixar um comentário no código.
B20: d) Garantir que não existem duplicados e deixar no código o número de registos de cada LEFT JOIN.
B21: 2. Executar no HUE (em HIVE) o CREATE TABLE do script de simulação.
B22: 3. Executar no HUE o script de controlo de universo.
B23: a) O número de registos em comum tem de ser igual ao número de registos do teste de coerência. Caso tenhamos registos que não são comuns é necessário ver exemplos para ver o que está a acontecer.
B24: 4. Verificar com IT o nome da tabela a testar e filtros. Caso seja necessário, atualizar as tabelas infra:
C26: Nome da Tabela | D26: Tabela Loan Tape Pilar 3 | E26: Tabela Simulada | F26: Chave 1 | G26: Chave 2
C27: Entity | D27: lt003_entity | E27: LT003_ENTTY_P3_NOV24 | F27: entty_id
C28: Instrument | D28: lt002_instrument | E28: LT002_INSTRUMENT_P3_NOV24 | F28: instrmnt_id
C29: Protection | D29: lt004_protection | E29: LT004_PROTECTION_P3_NOV24 | F29: prtctn_id
C30: Instr_Ent | D30: lt005_instr_ent | F30: instrmnt_id | G30: entty_id
C31: Instr_Prot | D31: lt006_instr_prot | F31: instrmnt_id | G31: prtctn_id
C33: Schema Loan Tape Pilar 3 | D33: bu_loantape_work
C34: Schema Simulada | D34: bu_loantape_work
C35: nome_perimetro | D35: Individual Corporativo
C36: segmento | D36: ESTR
C37: ambito (Pilar 3) | D37: PILAR3
C38: ambito (PM) | D38: PM
C39: entidade | D39: 00100
C40: Filtro Loan Tape Pilar 3 | D40: =+"ref_date='${ref_date}'"&" AND "&C35&"='"&D35&"' AND "&C36&"='"&D36&"' AND ambito='"&D37&"'" -> ref_date='${ref_date}' AND nome_perimetro='Individual Corporativo' AND segmento='ESTR' AND ambito='PILAR3'
B42: 5. Executar no HUE a bateria de testes da sheet 2. Script para o campo em análise
B43: a) Analisar resultados. Caso no teste de coerência conste diferenças é necessário ver exemplos. Deixo abaixo uma query de exemplo:
C45: SELECT *
C46: FROM
C47: (SELECT instrmnt_id,
C48: LNS_CLLTRLZD_CLSSFCTN
C49: FROM BU_LOANTAPE_WORK.LT002_INSTRUMENT
C50: WHERE ref_date='${ref_date}'
C51: AND nome_perimetro='Individual Corporativo'
C52: AND segmento='ESTR'
C53: AND ambito='PILAR3')X
C54: INNER JOIN
C55: (SELECT instrmnt_id AS instrmnt_id_SIMUL,
C56: LNS_CLLTRLZD_CLSSFCTN AS LNS_CLLTRLZD_CLSSFCTN_SIMUL
... C58: WHERE COALESCE(CAST(X.LNS_CLLTRLZD_CLSSFCTN AS STRING),'')<>COALESCE(CAST(Y.LNS_CLLTRLZD_CLSSFCTN_SIMUL AS STRING),'')
B66: 6. XXX
B67: 7. XXX

Sheet 1. Status
H6: 1. Status dos Testes
H8: REF_DATE | I8: 45596
B9: Auxiliar
B10: Coerência | C10: Validade | D10: Caracteres Especiais | E10: Missings | F10: Not applicable | H10: Tabela | I10: Campo | J10: Testes Corridos (#) | K10: Número de Registos ID1. (#) | L10: ID Exec. 1. | M10: 1. Erros de Coerência (#) | N10: Número de Registos ID2&9 (#) | O10: ID Exec. 2 | P10: 2. Erros de Valores Admitidos (#) | Q10: ID Exec. 3. | R10: 3. Erros de Caract. Especiais (#) | S10: ID Exec. 4. | T10: 4. Registos com Missing (#) | U10: ID Exec. 5. | V10: 5. Registos com N/A (#) | W10: 6. Valor Mínimo | X10: 7. Valor Máximo | Y10: Comentário | Z10: Status
A11: =+H11&I11&$I$8 -> ENTITYNACE_ESG45596 | B11: {=+MAX(IF('ID1&5'!A:A='1. Status'!A11&'1. Status'!$B$10,'ID1&5'!K:K))} -> 0 | C11: {=+MAX(IF('ID1&5'!A:A='1. Status'!A11&'1. Status'!$C$10,'ID1&5'!K:K))} -> 0 | D11: {=+MAX(IF('ID1&5'!A:A='1. Status'!A11&'1. Status'!$D$10,'ID1&5'!K:K))} -> 0 | E11: {=+MAX(IF('ID1&5'!A:A='1. Status'!A11&'1. Status'!$E$10,'ID1&5'!K:K))} -> 0 | F11: {=+MAX(IF('ID1&5'!A:A='1. Status'!A11&'1. Status'!$F$10,'ID1&5'!K:K))} -> 0 | H11: ENTITY | I11: NACE_ESG | J11: =+COUNTIF('ID1&5'!G:G,'1. Status'!I11) -> 5 | K11: =+IFERROR(VLOOKUP(CONCATENATE(A11,$B$10,B11),'ID1&5'!B:J,8,FALSE),"-") -> - | L11: =+IFERROR(VLOOKUP(B11,'ID1&5'!K:L,2,FALSE),"-") -> - | M11: =+IFERROR(VLOOKUP(CONCATENATE(A11,$B$10,B11),'ID1&5'!B:J,9,FALSE),"-") -> - | N11: =+IFERROR(VLOOKUP(CONCATENATE(A11,$C$10,C11),'ID1&5'!B:J,8,FALSE),"-") -> - | O11: =+IFERROR(VLOOKUP(C11,'ID1&5'!K:L,2,FALSE),"-") -> - | P11: =+IFERROR(VLOOKUP(CONCATENATE(A11,$C$10,C11),'ID1&5'!B:J,9,FALSE),"-") -> - | Q11: =+IFERROR(VLOOKUP(D11,'ID1&5'!K:L,2,FALSE),"-") -> - | R11: =+IFERROR(VLOOKUP(CONCATENATE(A11,$D$10,D11),'ID1&5'!B:J,9,FALSE),"-") -> - | S11: =+IFERROR(VLOOKUP(E11,'ID1&5'!K:L,2,FALSE),"-") -> - | T11: =+IFERROR(VLOOKUP(CONCATENATE(A11,$E$10,E11),'ID1&5'!B:J,9,FALSE),"-") -> - | U11: =+IFERROR(VLOOKUP(F11,'ID1&5'!K:L,2,FALSE),"-") -> - | V11: =+IFERROR(VLOOKUP(CONCATENATE(A11,$F$10,F11),'ID1&5'!B:J,9,FALSE),"-") -> - | W11: =+IFERROR(VLOOKUP(A11,'ID6&7'!A:I,9,FALSE),"-") -> - | X11: =+IFERROR(VLOOKUP(A11,'ID6&7'!A:J,10,FALSE),"-") -> - | Z11: =+IF(J11=0,"Por iniciar",IF(OR(K11="-",M11="-",P11="-",R11="-",T11="-",V11="-"),"Em testes",IF(AND(M11=0,P11=0,R11=0,T11<>K11,V11<>K11),"OK","NOK"))) -> Em testes
A12: =+H12&I12&$I$8 -> ENTITYTXNMY_ELGBL_CAPEX_CCM45596 | B12: {=+MAX(IF('ID1&5'!A:A='1. Status'!A12&'1. Status'!$B$10,'ID1&5'!K:K))} -> 9 | C12: {=+MAX(IF('ID1&5'!A:A='1. Status'!A12&'1. Status'!$C$10,'ID1&5'!K:K))} -> 9 | D12: {=+MAX(IF('ID1&5'!A:A='1. Status'!A12&'1. Status'!$D$10,'ID1&5'!K:K))} -> 9 | E12: {=+MAX(IF('ID1&5'!A:A='1. Status'!A12&'1. Status'!$E$10,'ID1&5'!K:K))} -> 9 | F12: {=+MAX(IF('ID1&5'!A:A='1. Status'!A12&'1. Status'!$F$10,'ID1&5'!K:K))} -> 9 | H12: ENTITY | I12: TXNMY_ELGBL_CAPEX_CCM | J12: =+COUNTIF('ID1&5'!G:G,'1. Status'!I12) -> 5 | K12: =+IFERROR(VLOOKUP(CONCATENATE(A12,$B$10,B12),'ID1&5'!B:J,8,FALSE),"-") -> 1117455 | L12: =+IFERROR(VLOOKUP(B12,'ID1&5'!K:L,2,FALSE),"-") -> 2024-12-10 12:15:23.230637000 | M12: =+IFERROR(VLOOKUP(CONCATENATE(A12,$B$10,B12),'ID1&5'!B:J,9,FALSE),"-") -> 0 | N12: =+IFERROR(VLOOKUP(CONCATENATE(A12,$C$10,C12),'ID1&5'!B:J,8,FALSE),"-") -> 1117487 | O12: =+IFERROR(VLOOKUP(C12,'ID1&5'!K:L,2,FALSE),"-") -> 2024-12-10 12:15:23.230637000 | P12: =+IFERROR(VLOOKUP(CONCATENATE(A12,$C$10,C12),'ID1&5'!B:J,9,FALSE),"-") -> 0 | Q12: =+IFERROR(VLOOKUP(D12,'ID1&5'!K:L,2,FALSE),"-") -> 2024-12-10 12:15:23.230637000 | R12: =+IFERROR(VLOOKUP(CONCATENATE(A12,$D$10,D12),'ID1&5'!B:J,9,FALSE),"-") -> 0 | S12: =+IFERROR(VLOOKUP(E12,'ID1&5'!K:L,2,FALSE),"-") -> 2024-12-10 12:15:23.230637000 | T12: =+IFERROR(VLOOKUP(CONCATENATE(A12,$E$10,E12),'ID1&5'!B:J,9,FALSE),"-") -> 79452 | U12: =+IFERROR(VLOOKUP(F12,'ID1&5'!K:L,2,FALSE),"-") -> 2024-12-10 12:15:23.230637000 | V12: =+IFERROR(VLOOKUP(CONCATENATE(A12,$F$10,F12),'ID1&5'!B:J,9,FALSE),"-") -> 1037626 | W12: =+IFERROR(VLOOKUP(A12,'ID6&7'!A:I,9,FALSE),"-") -> 0.000000 | X12: =+IFERROR(VLOOKUP(A12,'ID6&7'!A:J,10,FALSE),"-") -> 100.000000 | Z12: =+IF(J12=0,"Por iniciar",IF(OR(K12="-",M12="-",P12="-",R12="-",T12="-",V12="-"),"Em testes",IF(AND(M12=0,P12=0,R12=0,T12<>K12,V12<>K12),"OK","NOK"))) -> OK
A13: =+H13&I13&$I$8 -> ENTITYTXNMY_ELGBL_TRNVR_CCM45596 | B13: {=+MAX(IF('ID1&5'!A:A='1. Status'!A13&'1. Status'!$B$10,'ID1&5'!K:K))} -> 9 | C13: {=+MAX(IF('ID1&5'!A:A='1. Status'!A13&'1. Status'!$C$10,'ID1&5'!K:K))} -> 9 | D13: {=+MAX(IF('ID1&5'!A:A='1. Status'!A13&'1. Status'!$D$10,'ID1&5'!K:K))} -> 9 | E13: {=+MAX(IF('ID1&5'!A:A='1. Status'!A13&'1. Status'!$E$10,'ID1&5'!K:K))} -> 9 | F13: {=+MAX(IF('ID1&5'!A:A='1. Status'!A13&'1. Status'!$F$10,'ID1&5'!K:K))} -> 9 | H13: ENTITY | I13: TXNMY_ELGBL_TRNVR_CCM | J13: =+COUNTIF('ID1&5'!G:G,'1. Status'!I13) -> 5 | K13: =+IFERROR(VLOOKUP(CONCATENATE(A13,$B$10,B13),'ID1&5'!B:J,8,FALSE),"-") -> 1117455 | L13: =+IFERROR(VLOOKUP(B13,'ID1&5'!K:L,2,FALSE),"-") -> 2024-12-10 12:15:23.230637000 | M13: =+IFERROR(VLOOKUP(CONCATENATE(A13,$B$10,B13),'ID1&5'!B:J,9,FALSE),"-") -> 2 | N13: =+IFERROR(VLOOKUP(CONCATENATE(A13,$C$10,C13),'ID1&5'!B:J,8,FALSE),"-") -> 1117487 | O13: =+IFERROR(VLOOKUP(C13,'ID1&5'!K:L,2,FALSE),"-") -> 2024-12-10 12:15:23.230637000 | P13: =+IFERROR(VLOOKUP(CONCATENATE(A13,$C$10,C13),'ID1&5'!B:J,9,FALSE),"-") -> 0 | Q13: =+IFERROR(VLOOKUP(D13,'ID1&5'!K:L,2,FALSE),"-") -> 2024-12-10 12:15:23.230637000 | R13: =+IFERROR(VLOOKUP(CONCATENATE(A13,$D$10,D13),'ID1&5'!B:J,9,FALSE),"-") -> 0 | S13: =+IFERROR(VLOOKUP(E13,'ID1&5'!K:L,2,FALSE),"-") -> 2024-12-10 12:15:23.230637000 | T13: =+IFERROR(VLOOKUP(CONCATENATE(A13,$E$10,E13),'ID1&5'!B:J,9,FALSE),"-") -> 79311 | U13: =+IFERROR(VLOOKUP(F13,'ID1&5'!K:L,2,FALSE),"-") -> 2024-12-10 12:15:23.230637000 | V13: =+IFERROR(VLOOKUP(CONCATENATE(A13,$F$10,F13),'ID1&5'!B:J,9,FALSE),"-") -> 1037626 | W13: =+IFERROR(VLOOKUP(A13,'ID6&7'!A:I,9,FALSE),"-") -> 0.000000 | X13: =+IFERROR(VLOOKUP(A13,'ID6&7'!A:J,10,FALSE),"-") -> 100.000000 | Y13: 29/11: Estes 2 casos é devido ao arredondamento a 6º casa decimal (7400296972 e 8007799082) | Z13: OK
A14: =+H14&I14&$I$8 -> ENTITYTXNMY_ELGBL_CAPEX_CCA45596 | B14: {=+MAX(IF('ID1&5'!A:A='1. Status'!A14&'1. Status'!$B$10,'ID1&5'!K:K))} -> 9 | C14: {=+MAX(IF('ID1&5'!A:A='1. Status'!A14&'1. Status'!$C$10,'ID1&5'!K:K))} -> 9 | D14: {=+MAX(IF('ID1&5'!A:A='1. Status'!A14&'1. Status'!$D$10,'ID1&5'!K:K))} -> 9 | E14: {=+MAX(IF('ID1&5'!A:A='1. Status'!A14&'1. Status'!$E$10,'ID1&5'!K:K))} -> 9 | F14: {=+MAX(IF('ID1&5'!A:A='1. Status'!A14&'1. Status'!$F$10,'ID1&5'!K:K))} -> 9 | H14: ENTITY | I14: TXNMY_ELGBL_CAPEX_CCA | J14: =+COUNTIF('ID1&5'!G:G,'1. Status'!I14) -> 5 | K14: =+IFERROR(VLOOKUP(CONCATENATE(A14,$B$10,B14),'ID1&5'!B:J,8,FALSE),"-") -> 1117455 | L14: =+IFERROR(VLOOKUP(B14,'ID1&5'!K:L,2,FALSE),"-") -> 2024-12-10 12:15:23.230637000 | M14: =+IFERROR(VLOOKUP(CONCATENATE(A14,$B$10,B14),'ID1&5'!B:J,9,FALSE),"-") -> 0 | N14: =+IFERROR(VLOOKUP(CONCATENATE(A14,$C$10,C14),'ID1&5'!B:J,8,FALSE),"-") -> 1117487 | O14: =+IFERROR(VLOOKUP(C14,'ID1&5'!K:L,2,FALSE),"-") -> 2024-12-10 12:15:23.230637000 | P14: =+IFERROR(VLOOKUP(CONCATENATE(A14,$C$10,C14),'ID1&5'!B:J,9,FALSE),"-") -> 0 | Q14: =+IFERROR(VLOOKUP(D14,'ID1&5'!K:L,2,FALSE),"-") -> 2024-12-10 12:15:23.230637000 | R14: =+IFERROR(VLOOKUP(CONCATENATE(A14,$D$10,D14),'ID1&5'!B:J,9,FALSE),"-") -> 0 | S14: =+IFERROR(VLOOKUP(E14,'ID1&5'!K:L,2,FALSE),"-") -> 2024-12-10 12:15:23.230637000 | T14: =+IFERROR(VLOOKUP(CONCATENATE(A14,$E$10,E14),'ID1&5'!B:J,9,FALSE),"-") -> 79452 | U14: =+IFERROR(VLOOKUP(F14,'ID1&5'!K:L,2,FALSE),"-") -> 2024-12-10 12:15:23.230637000 | V14: =+IFERROR(VLOOKUP(CONCATENATE(A14,$F$10,F14),'ID1&5'!B:J,9,FALSE),"-") -> 1037626 | W14: =+IFERROR(VLOOKUP(A14,'ID6&7'!A:I,9,FALSE),"-") -> 0.000000 | X14: =+IFERROR(VLOOKUP(A14,'ID6&7'!A:J,10,FALSE),"-") -> 78.600000 | Z14: =+IF(J14=0,"Por iniciar",IF(OR(K14="-",M14="-",P14="-",R14="-",T14="-",V14="-"),"Em testes",IF(AND(M14=0,P14=0,R14=0,T14<>K14,V14<>K14),"OK","NOK"))) -> OK
A15: =+H15&I15&$I$8 -> ENTITYTXNMY_ELGBL_TRNVR_CCA45596 | B15: {=+MAX(IF('ID1&5'!A:A='1. Status'!A15&'1. Status'!$B$10,'ID1&5'!K:K))} -> 9 | C15: {=+MAX(IF('ID1&5'!A:A='1. Status'!A15&'1. Status'!$C$10,'ID1&5'!K:K))} -> 9 | D15: {=+MAX(IF('ID1&5'!A:A='1. Status'!A15&'1. Status'!$D$10,'ID1&5'!K:K))} -> 9 | E15: {=+MAX(IF('ID1&5'!A:A='1. Status'!A15&'1. Status'!$E$10,'ID1&5'!K:K))} -> 9 | F15: {=+MAX(IF('ID1&5'!A:A='1. Status'!A15&'1. Status'!$F$10,'ID1&5'!K:K))} -> 9 | H15: ENTITY | I15: TXNMY_ELGBL_TRNVR_CCA | J15: =+COUNTIF('ID1&5'!G:G,'1. Status'!I15) -> 5 | K15: =+IFERROR(VLOOKUP(CONCATENATE(A15,$B$10,B15),'ID1&5'!B:J,8,FALSE),"-") -> 1117455 | L15: =+IFERROR(VLOOKUP(B15,'ID1&5'!K:L,2,FALSE),"-") -> 2024-12-10 12:15:23.230637000 | M15: =+IFERROR(VLOOKUP(CONCATENATE(A15,$B$10,B15),'ID1&5'!B:J,9,FALSE),"-") -> 0 | N15: =+IFERROR(VLOOKUP(CONCATENATE(A15,$C$10,C15),'ID1&5'!B:J,8,FALSE),"-") -> 1117487 | O15: =+IFERROR(VLOOKUP(C15,'ID1&5'!K:L,2,FALSE),"-") -> 2024-12-10 12:15:23.230637000 | P15: =+IFERROR(VLOOKUP(CONCATENATE(A15,$C$10,C15),'ID1&5'!B:J,9,FALSE),"-") -> 0 | Q15: =+IFERROR(VLOOKUP(D15,'ID1&5'!K:L,2,FALSE),"-") -> 2024-12-10 12:15:23.230637000 | R15: =+IFERROR(VLOOKUP(CONCATENATE(A15,$D$10,D15),'ID1&5'!B:J,9,FALSE),"-") -> 0 | S15: =+IFERROR(VLOOKUP(E15,'ID1&5'!K:L,2,FALSE),"-") -> 2024-12-10 12:15:23.230637000 | T15: =+IFERROR(VLOOKUP(CONCATENATE(A15,$E$10,E15),'ID1&5'!B:J,9,FALSE),"-") -> 79311 | U15: =+IFERROR(VLOOKUP(F15,'ID1&5'!K:L,2,FALSE),"-") -> 2024-12-10 12:15:23.230637000 | V15: =+IFERROR(VLOOKUP(CONCATENATE(A15,$F$10,F15),'ID1&5'!B:J,9,FALSE),"-") -> 1037626 | W15: =+IFERROR(VLOOKUP(A15,'ID6&7'!A:I,9,FALSE),"-") -> 0.000000 | X15: =+IFERROR(VLOOKUP(A15,'ID6&7'!A:J,10,FALSE),"-") -> 100.000000 | Z15: =+IF(J15=0,"Por iniciar",IF(OR(K15="-",M15="-",P15="-",R15="-",T15="-",V15="-"),"Em testes",IF(AND(M15=0,P15=0,R15=0,T15<>K15,V15<>K15),"OK","NOK"))) -> OK
A16: =+H16&I16&$I$8 -> ENTITYENBLNG_CAPEX_CCM45596 | B16: {=+MAX(IF('ID1&5'!A:A='1. Status'!A16&'1. Status'!$B$10,'ID1&5'!K:K))} -> 9 | C16: {=+MAX(IF('ID1&5'!A:A='1. Status'!A16&'1. Status'!$C$10,'ID1&5'!K:K))} -> 9 | D16: {=+MAX(IF('ID1&5'!A:A='1. Status'!A16&'1. Status'!$D$10,'ID1&5'!K:K))} -> 9 | E16: {=+MAX(IF('ID1&5'!A:A='1. Status'!A16&'1. Status'!$E$10,'ID1&5'!K:K))} -> 9 | F16: {=+MAX(IF('ID1&5'!A:A='1. Status'!A16&'1. Status'!$F$10,'ID1&5'!K:K))} -> 9 | H16: ENTITY | I16: ENBLNG_CAPEX_CCM | J16: =+COUNTIF('ID1&5'!G:G,'1. Status'!I16) -> 5 | K16: =+IFERROR(VLOOKUP(CONCATENATE(A16,$B$10,B16),'ID1&5'!B:J,8,FALSE),"-") -> 1117455 | L16: =+IFERROR(VLOOKUP(B16,'ID1&5'!K:L,2,FALSE),"-") -> 2024-12-10 12:15:23.230637000 | M16: =+IFERROR(VLOOKUP(CONCATENATE(A16,$B$10,B16),'ID1&5'!B:J,9,FALSE),"-") -> 0 | N16: =+IFERROR(VLOOKUP(CONCATENATE(A16,$C$10,C16),'ID1&5'!B:J,8,FALSE),"-") -> 1117487 | O16: =+IFERROR(VLOOKUP(C16,'ID1&5'!K:L,2,FALSE),"-") -> 2024-12-10 12:15:23.230637000 | P16: =+IFERROR(VLOOKUP(CONCATENATE(A16,$C$10,C16),'ID1&5'!B:J,9,FALSE),"-") -> 0 | Q16: =+IFERROR(VLOOKUP(D16,'ID1&5'!K:L,2,FALSE),"-") -> 2024-12-10 12:15:23.230637000 | R16: =+IFERROR(VLOOKUP(CONCATENATE(A16,$D$10,D16),'ID1&5'!B:J,9,FALSE),"-") -> 0 | S16: =+IFERROR(VLOOKUP(E16,'ID1&5'!K:L,2,FALSE),"-") -> 2024-12-10 12:15:23.230637000 | T16: =+IFERROR(VLOOKUP(CONCATENATE(A16,$E$10,E16),'ID1&5'!B:J,9,FALSE),"-") -> 79452 | U16: =+IFERROR(VLOOKUP(F16,'ID1&5'!K:L,2,FALSE),"-") -> 2024-12-10 12:15:23.230637000 | V16: =+IFERROR(VLOOKUP(CONCATENATE(A16,$F$10,F16),'ID1&5'!B:J,9,FALSE),"-") -> 1037626 | W16: =+IFERROR(VLOOKUP(A16,'ID6&7'!A:I,9,FALSE),"-") -> 0.000000 | X16: =+IFERROR(VLOOKUP(A16,'ID6&7'!A:J,10,FALSE),"-") -> 78.400000 | Z16: =+IF(J16=0,"Por iniciar",IF(OR(K16="-",M16="-",P16="-",R16="-",T16="-",V16="-"),"Em testes",IF(AND(M16=0,P16=0,R16=0,T16<>K16,V16<>K16),"OK","NOK"))) -> OK
A17: =+H17&I17&$I$8 -> ENTITYENBLNG_CAPEX_CCA45596 | B17: {=+MAX(IF('ID1&5'!A:A='1. Status'!A17&'1. Status'!$B$10,'ID1&5'!K:K))} -> 9 | C17: {=+MAX(IF('ID1&5'!A:A='1. Status'!A17&'1. Status'!$C$10,'ID1&5'!K:K))} -> 9 | D17: {=+MAX(IF('ID1&5'!A:A='1. Status'!A17&'1. Status'!$D$10,'ID1&5'!K:K))} -> 9 | E17: {=+MAX(IF('ID1&5'!A:A='1. Status'!A17&'1. Status'!$E$10,'ID1&5'!K:K))} -> 9 | F17: {=+MAX(IF('ID1&5'!A:A='1. Status'!A17&'1. Status'!$F$10,'ID1&5'!K:K))} -> 9 | H17: ENTITY | I17: ENBLNG_CAPEX_CCA | J17: =+COUNTIF('ID1&5'!G:G,'1. Status'!I17) -> 5 | K17: =+IFERROR(VLOOKUP(CONCATENATE(A17,$B$10,B17),'ID1&5'!B:J,8,FALSE),"-") -> 1117455 | L17: =+IFERROR(VLOOKUP(B17,'ID1&5'!K:L,2,FALSE),"-") -> 2024-12-10 12:15:23.230637000 | M17: =+IFERROR(VLOOKUP(CONCATENATE(A17,$B$10,B17),'ID1&5'!B:J,9,FALSE),"-") -> 0 | N17: =+IFERROR(VLOOKUP(CONCATENATE(A17,$C$10,C17),'ID1&5'!B:J,8,FALSE),"-") -> 1117487 | O17: =+IFERROR(VLOOKUP(C17,'ID1&5'!K:L,2,FALSE),"-") -> 2024-12-10 12:15:23.230637000 | P17: =+IFERROR(VLOOKUP(CONCATENATE(A17,$C$10,C17),'ID1&5'!B:J,9,FALSE),"-") -> 0 | Q17: =+IFERROR(VLOOKUP(D17,'ID1&5'!K:L,2,FALSE),"-") -> 2024-12-10 12:15:23.230637000 | R17: =+IFERROR(VLOOKUP(CONCATENATE(A17,$D$10,D17),'ID1&5'!B:J,9,FALSE),"-") -> 0 | S17: =+IFERROR(VLOOKUP(E17,'ID1&5'!K:L,2,FALSE),"-") -> 2024-12-10 12:15:23.230637000 | T17: =+IFERROR(VLOOKUP(CONCATENATE(A17,$E$10,E17),'ID1&5'!B:J,9,FALSE),"-") -> 79452 | U17: =+IFERROR(VLOOKUP(F17,'ID1&5'!K:L,2,FALSE),"-") -> 2024-12-10 12:15:23.230637000 | V17: =+IFERROR(VLOOKUP(CONCATENATE(A17,$F$10,F17),'ID1&5'!B:J,9,FALSE),"-") -> 1037626 | W17: =+IFERROR(VLOOKUP(A17,'ID6&7'!A:I,9,FALSE),"-") -> 0.000000 | X17: =+IFERROR(VLOOKUP(A17,'ID6&7'!A:J,10,FALSE),"-") -> 2.100000 | Z17: =+IF(J17=0,"Por iniciar",IF(OR(K17="-",M17="-",P17="-",R17="-",T17="-",V17="-"),"Em testes",IF(AND(M17=0,P17=0,R17=0,T17<>K17,V17<>K17),"OK","NOK"))) -> OK
A18: =+H18&I18&$I$8 -> ENTITYTRNSTNL_CAPEX45596 | B18: {=+MAX(IF('ID1&5'!A:A='1. Status'!A18&'1. Status'!$B$10,'ID1&5'!K:K))} -> 9 | C18: {=+MAX(IF('ID1&5'!A:A='1. Status'!A18&'1. Status'!$C$10,'ID1&5'!K:K))} -> 9 | D18: {=+MAX(IF('ID1&5'!A:A='1. Status'!A18&'1. Status'!$D$10,'ID1&5'!K:K))} -> 9 | E18: {=+MAX(IF('ID1&5'!A:A='1. Status'!A18&'1. Status'!$E$10,'ID1&5'!K:K))} -> 9 | F18: {=+MAX(IF('ID1&5'!A:A='1. Status'!A18&'1. Status'!$F$10,'ID1&5'!K:K))} -> 9 | H18: ENTITY | I18: TRNSTNL_CAPEX | J18: =+COUNTIF('ID1&5'!G:G,'1. Status'!I18) -> 5 | K18: =+IFERROR(VLOOKUP(CONCATENATE(A18,$B$10,B18),'ID1&5'!B:J,8,FALSE),"-") -> 1117455 | L18: =+IFERROR(VLOOKUP(B18,'ID1&5'!K:L,2,FALSE),"-") -> 2024-12-10 12:15:23.230637000 | M18: =+IFERROR(VLOOKUP(CONCATENATE(A18,$B$10,B18),'ID1&5'!B:J,9,FALSE),"-") -> 0 | N18: =+IFERROR(VLOOKUP(CONCATENATE(A18,$C$10,C18),'ID1&5'!B:J,8,FALSE),"-") -> 1117487 | O18: =+IFERROR(VLOOKUP(C18,'ID1&5'!K:L,2,FALSE),"-") -> 2024-12-10 12:15:23.230637000 | P18: =+IFERROR(VLOOKUP(CONCATENATE(A18,$C$10,C18),'ID1&5'!B:J,9,FALSE),"-") -> 0 | Q18: =+IFERROR(VLOOKUP(D18,'ID1&5'!K:L,2,FALSE),"-") -> 2024-12-10 12:15:23.230637000 | R18: =+IFERROR(VLOOKUP(CONCATENATE(A18,$D$10,D18),'ID1&5'!B:J,9,FALSE),"-") -> 0 | S18: =+IFERROR(VLOOKUP(E18,'ID1&5'!K:L,2,FALSE),"-") -> 2024-12-10 12:15:23.230637000 | T18: =+IFERROR(VLOOKUP(CONCATENATE(A18,$E$10,E18),'ID1&5'!B:J,9,FALSE),"-") -> 79452 | U18: =+IFERROR(VLOOKUP(F18,'ID1&5'!K:L,2,FALSE),"-") -> 2024-12-10 12:15:23.230637000 | V18: =+IFERROR(VLOOKUP(CONCATENATE(A18,$F$10,F18),'ID1&5'!B:J,9,FALSE),"-") -> 1037626 | W18: =+IFERROR(VLOOKUP(A18,'ID6&7'!A:I,9,FALSE),"-") -> 0.000000 | X18: =+IFERROR(VLOOKUP(A18,'ID6&7'!A:J,10,FALSE),"-") -> 14.325843 | Z18: =+IF(J18=0,"Por iniciar",IF(OR(K18="-",M18="-",P18="-",R18="-",T18="-",V18="-"),"Em testes",IF(AND(M18=0,P18=0,R18=0,T18<>K18,V18<>K18),"OK","NOK"))) -> OK
A19: =+H19&I19&$I$8 -> ENTITYPURE_CAPEX_CCM45596 | B19: {=+MAX(IF('ID1&5'!A:A='1. Status'!A19&'1. Status'!$B$10,'ID1&5'!K:K))} -> 9 | C19: {=+MAX(IF('ID1&5'!A:A='1. Status'!A19&'1. Status'!$C$10,'ID1&5'!K:K))} -> 9 | D19: {=+MAX(IF('ID1&5'!A:A='1. Status'!A19&'1. Status'!$D$10,'ID1&5'!K:K))} -> 9 | E19: {=+MAX(IF('ID1&5'!A:A='1. Status'!A19&'1. Status'!$E$10,'ID1&5'!K:K))} -> 9 | F19: {=+MAX(IF('ID1&5'!A:A='1. Status'!A19&'1. Status'!$F$10,'ID1&5'!K:K))} -> 9 | H19: ENTITY | I19: PURE_CAPEX_CCM | J19: =+COUNTIF('ID1&5'!G:G,'1. Status'!I19) -> 5 | K19: =+IFERROR(VLOOKUP(CONCATENATE(A19,$B$10,B19),'ID1&5'!B:J,8,FALSE),"-") -> 1117455 | L19: =+IFERROR(VLOOKUP(B19,'ID1&5'!K:L,2,FALSE),"-") -> 2024-12-10 12:15:23.230637000 | M19: =+IFERROR(VLOOKUP(CONCATENATE(A19,$B$10,B19),'ID1&5'!B:J,9,FALSE),"-") -> 0 | N19: =+IFERROR(VLOOKUP(CONCATENATE(A19,$C$10,C19),'ID1&5'!B:J,8,FALSE),"-") -> 1117487 | O19: =+IFERROR(VLOOKUP(C19,'ID1&5'!K:L,2,FALSE),"-") -> 2024-12-10 12:15:23.230637000 | P19: =+IFERROR(VLOOKUP(CONCATENATE(A19,$C$10,C19),'ID1&5'!B:J,9,FALSE),"-") -> 0 | Q19: =+IFERROR(VLOOKUP(D19,'ID1&5'!K:L,2,FALSE),"-") -> 2024-12-10 12:15:23.230637000 | R19: =+IFERROR(VLOOKUP(CONCATENATE(A19,$D$10,D19),'ID1&5'!B:J,9,FALSE),"-") -> 0 | S19: =+IFERROR(VLOOKUP(E19,'ID1&5'!K:L,2,FALSE),"-") -> 2024-12-10 12:15:23.230637000 | T19: =+IFERROR(VLOOKUP(CONCATENATE(A19,$E$10,E19),'ID1&5'!B:J,9,FALSE),"-") -> 79452 | U19: =+IFERROR(VLOOKUP(F19,'ID1&5'!K:L,2,FALSE),"-") -> 2024-12-10 12:15:23.230637000 | V19: =+IFERROR(VLOOKUP(CONCATENATE(A19,$F$10,F19),'ID1&5'!B:J,9,FALSE),"-") -> 1037626 | W19: =+IFERROR(VLOOKUP(A19,'ID6&7'!A:I,9,FALSE),"-") -> 0.000000 | X19: =+IFERROR(VLOOKUP(A19,'ID6&7'!A:J,10,FALSE),"-") -> 96.000000 | Z19: =+IF(J19=0,"Por iniciar",IF(OR(K19="-",M19="-",P19="-",R19="-",T19="-",V19="-"),"Em testes",IF(AND(M19=0,P19=0,R19=0,T19<>K19,V19<>K19),"OK","NOK"))) -> OK
A20: =+H20&I20&$I$8 -> ENTITYPURE_CAPEX_CCA45596 | B20: {=+MAX(IF('ID1&5'!A:A='1. Status'!A20&'1. Status'!$B$10,'ID1&5'!K:K))} -> 9 | C20: {=+MAX(IF('ID1&5'!A:A='1. Status'!A20&'1. Status'!$C$10,'ID1&5'!K:K))} -> 9 | D20: {=+MAX(IF('ID1&5'!A:A='1. Status'!A20&'1. Status'!$D$10,'ID1&5'!K:K))} -> 9 | E20: {=+MAX(IF('ID1&5'!A:A='1. Status'!A20&'1. Status'!$E$10,'ID1&5'!K:K))} -> 9 | F20: {=+MAX(IF('ID1&5'!A:A='1. Status'!A20&'1. Status'!$F$10,'ID1&5'!K:K))} -> 9 | H20: ENTITY | I20: PURE_CAPEX_CCA | J20: =+COUNTIF('ID1&5'!G:G,'1. Status'!I20) -> 5 | K20: =+IFERROR(VLOOKUP(CONCATENATE(A20,$B$10,B20),'ID1&5'!B:J,8,FALSE),"-") -> 1117455 | L20: =+IFERROR(VLOOKUP(B20,'ID1&5'!K:L,2,FALSE),"-") -> 2024-12-10 12:15:23.230637000 | M20: =+IFERROR(VLOOKUP(CONCATENATE(A20,$B$10,B20),'ID1&5'!B:J,9,FALSE),"-") -> 0 | N20: =+IFERROR(VLOOKUP(CONCATENATE(A20,$C$10,C20),'ID1&5'!B:J,8,FALSE),"-") -> 1117487 | O20: =+IFERROR(VLOOKUP(C20,'ID1&5'!K:L,2,FALSE),"-") -> 2024-12-10 12:15:23.230637000 | P20: =+IFERROR(VLOOKUP(CONCATENATE(A20,$C$10,C20),'ID1&5'!B:J,9,FALSE),"-") -> 0 | Q20: =+IFERROR(VLOOKUP(D20,'ID1&5'!K:L,2,FALSE),"-") -> 2024-12-10 12:15:23.230637000 | R20: =+IFERROR(VLOOKUP(CONCATENATE(A20,$D$10,D20),'ID1&5'!B:J,9,FALSE),"-") -> 0 | S20: =+IFERROR(VLOOKUP(E20,'ID1&5'!K:L,2,FALSE),"-") -> 2024-12-10 12:15:23.230637000 | T20: =+IFERROR(VLOOKUP(CONCATENATE(A20,$E$10,E20),'ID1&5'!B:J,9,FALSE),"-") -> 79452 | U20: =+IFERROR(VLOOKUP(F20,'ID1&5'!K:L,2,FALSE),"-") -> 2024-12-10 12:15:23.230637000 | V20: =+IFERROR(VLOOKUP(CONCATENATE(A20,$F$10,F20),'ID1&5'!B:J,9,FALSE),"-") -> 1037626 | W20: =+IFERROR(VLOOKUP(A20,'ID6&7'!A:I,9,FALSE),"-") -> 0.000000 | X20: =+IFERROR(VLOOKUP(A20,'ID6&7'!A:J,10,FALSE),"-") -> 0.000000 | Z20: =+IF(J20=0,"Por iniciar",IF(OR(K20="-",M20="-",P20="-",R20="-",T20="-",V20="-"),"Em testes",IF(AND(M20=0,P20=0,R20=0,T20<>K20,V20<>K20),"OK","NOK"))) -> OK
A21: =+H21&I21&$I$8 -> ENTITYENBLNG_TRNVR_CCM45596 | B21: {=+MAX(IF('ID1&5'!A:A='1. Status'!A21&'1. Status'!$B$10,'ID1&5'!K:K))} -> 9 | C21: {=+MAX(IF('ID1&5'!A:A='1. Status'!A21&'1. Status'!$C$10,'ID1&5'!K:K))} -> 9 | D21: {=+MAX(IF('ID1&5'!A:A='1. Status'!A21&'1. Status'!$D$10,'ID1&5'!K:K))} -> 9 | E21: {=+MAX(IF('ID1&5'!A:A='1. Status'!A21&'1. Status'!$E$10,'ID1&5'!K:K))} -> 9 | F21: {=+MAX(IF('ID1&5'!A:A='1. Status'!A21&'1. Status'!$F$10,'ID1&5'!K:K))} -> 9 | H21: ENTITY | I21: ENBLNG_TRNVR_CCM | J21: =+COUNTIF('ID1&5'!G:G,'1. Status'!I21) -> 5 | K21: =+IFERROR(VLOOKUP(CONCATENATE(A21,$B$10,B21),'ID1&5'!B:J,8,FALSE),"-") -> 1117455 | L21: =+IFERROR(VLOOKUP(B21,'ID1&5'!K:L,2,FALSE),"-") -> 2024-12-10 12:15:23.230637000 | M21: =+IFERROR(VLOOKUP(CONCATENATE(A21,$B$10,B21),'ID1&5'!B:J,9,FALSE),"-") -> 0 | N21: =+IFERROR(VLOOKUP(CONCATENATE(A21,$C$10,C21),'ID1&5'!B:J,8,FALSE),"-") -> 1117487 | O21: =+IFERROR(VLOOKUP(C21,'ID1&5'!K:L,2,FALSE),"-") -> 2024-12-10 12:15:23.230637000 | P21: =+IFERROR(VLOOKUP(CONCATENATE(A21,$C$10,C21),'ID1&5'!B:J,9,FALSE),"-") -> 0 | Q21: =+IFERROR(VLOOKUP(D21,'ID1&5'!K:L,2,FALSE),"-") -> 2024-12-10 12:15:23.230637000 | R21: =+IFERROR(VLOOKUP(CONCATENATE(A21,$D$10,D21),'ID1&5'!B:J,9,FALSE),"-") -> 0 | S21: =+IFERROR(VLOOKUP(E21,'ID1&5'!K:L,2,FALSE),"-") -> 2024-12-10 12:15:23.230637000 | T21: =+IFERROR(VLOOKUP(CONCATENATE(A21,$E$10,E21),'ID1&5'!B:J,9,FALSE),"-") -> 79311 | U21: =+IFERROR(VLOOKUP(F21,'ID1&5'!K:L,2,FALSE),"-") -> 2024-12-10 12:15:23.230637000 | V21: =+IFERROR(VLOOKUP(CONCATENATE(A21,$F$10,F21),'ID1&5'!B:J,9,FALSE),"-") -> 1037626 | W21: =+IFERROR(VLOOKUP(A21,'ID6&7'!A:I,9,FALSE),"-") -> 0.000000 | X21: =+IFERROR(VLOOKUP(A21,'ID6&7'!A:J,10,FALSE),"-") -> 63.500000 | Z21: =+IF(J21=0,"Por iniciar",IF(OR(K21="-",M21="-",P21="-",R21="-",T21="-",V21="-"),"Em testes",IF(AND(M21=0,P21=0,R21=0,T21<>K21,V21<>K21),"OK","NOK"))) -> OK
A22: =+H22&I22&$I$8 -> ENTITYENBLNG_TRNVR_CCA45596 | B22: {=+MAX(IF('ID1&5'!A:A='1. Status'!A22&'1. Status'!$B$10,'ID1&5'!K:K))} -> 9 | C22: {=+MAX(IF('ID1&5'!A:A='1. Status'!A22&'1. Status'!$C$10,'ID1&5'!K:K))} -> 9 | D22: {=+MAX(IF('ID1&5'!A:A='1. Status'!A22&'1. Status'!$D$10,'ID1&5'!K:K))} -> 9 | E22: {=+MAX(IF('ID1&5'!A:A='1. Status'!A22&'1. Status'!$E$10,'ID1&5'!K:K))} -> 9 | F22: {=+MAX(IF('ID1&5'!A:A='1. Status'!A22&'1. Status'!$F$10,'ID1&5'!K:K))} -> 9 | H22: ENTITY | I22: ENBLNG_TRNVR_CCA | J22: =+COUNTIF('ID1&5'!G:G,'1. Status'!I22) -> 5 | K22: =+IFERROR(VLOOKUP(CONCATENATE(A22,$B$10,B22),'ID1&5'!B:J,8,FALSE),"-") -> 1117455 | L22: =+IFERROR(VLOOKUP(B22,'ID1&5'!K:L,2,FALSE),"-") -> 2024-12-10 12:15:23.230637000 | M22: =+IFERROR(VLOOKUP(CONCATENATE(A22,$B$10,B22),'ID1&5'!B:J,9,FALSE),"-") -> 0 | N22: =+IFERROR(VLOOKUP(CONCATENATE(A22,$C$10,C22),'ID1&5'!B:J,8,FALSE),"-") -> 1117487 | O22: =+IFERROR(VLOOKUP(C22,'ID1&5'!K:L,2,FALSE),"-") -> 2024-12-10 12:15:23.230637000 | P22: =+IFERROR(VLOOKUP(CONCATENATE(A22,$C$10,C22),'ID1&5'!B:J,9,FALSE),"-") -> 0 | Q22: =+IFERROR(VLOOKUP(D22,'ID1&5'!K:L,2,FALSE),"-") -> 2024-12-10 12:15:23.230637000 | R22: =+IFERROR(VLOOKUP(CONCATENATE(A22,$D$10,D22),'ID1&5'!B:J,9,FALSE),"-") -> 0 | S22: =+IFERROR(VLOOKUP(E22,'ID1&5'!K:L,2,FALSE),"-") -> 2024-12-10 12:15:23.230637000 | T22: =+IFERROR(VLOOKUP(CONCATENATE(A22,$E$10,E22),'ID1&5'!B:J,9,FALSE),"-") -> 79311 | U22: =+IFERROR(VLOOKUP(F22,'ID1&5'!K:L,2,FALSE),"-") -> 2024-12-10 12:15:23.230637000 | V22: =+IFERROR(VLOOKUP(CONCATENATE(A22,$F$10,F22),'ID1&5'!B:J,9,FALSE),"-") -> 1037626 | W22: =+IFERROR(VLOOKUP(A22,'ID6&7'!A:I,9,FALSE),"-") -> 0.000000 | X22: =+IFERROR(VLOOKUP(A22,'ID6&7'!A:J,10,FALSE),"-") -> 5.590234 | Z22: =+IF(J22=0,"Por iniciar",IF(OR(K22="-",M22="-",P22="-",R22="-",T22="-",V22="-"),"Em testes",IF(AND(M22=0,P22=0,R22=0,T22<>K22,V22<>K22),"OK","NOK"))) -> OK
A23: =+H23&I23&$I$8 -> ENTITYTRNSTNL_TRNVR45596 | B23: {=+MAX(IF('ID1&5'!A:A='1. Status'!A23&'1. Status'!$B$10,'ID1&5'!K:K))} -> 9 | C23: {=+MAX(IF('ID1&5'!A:A='1. Status'!A23&'1. Status'!$C$10,'ID1&5'!K:K))} -> 9 | D23: {=+MAX(IF('ID1&5'!A:A='1. Status'!A23&'1. Status'!$D$10,'ID1&5'!K:K))} -> 9 | E23: {=+MAX(IF('ID1&5'!A:A='1. Status'!A23&'1. Status'!$E$10,'ID1&5'!K:K))} -> 9 | F23: {=+MAX(IF('ID1&5'!A:A='1. Status'!A23&'1. Status'!$F$10,'ID1&5'!K:K))} -> 9 | H23: ENTITY | I23: TRNSTNL_TRNVR | J23: =+COUNTIF('ID1&5'!G:G,'1. Status'!I23) -> 5 | K23: =+IFERROR(VLOOKUP(CONCATENATE(A23,$B$10,B23),'ID1&5'!B:J,8,FALSE),"-") -> 1117455 | L23: =+IFERROR(VLOOKUP(B23,'ID1&5'!K:L,2,FALSE),"-") -> 2024-12-10 12:15:23.230637000 | M23: =+IFERROR(VLOOKUP(CONCATENATE(A23,$B$10,B23),'ID1&5'!B:J,9,FALSE),"-") -> 0 | N23: =+IFERROR(VLOOKUP(CONCATENATE(A23,$C$10,C23),'ID1&5'!B:J,8,FALSE),"-") -> 1117487 | O23: =+IFERROR(VLOOKUP(C23,'ID1&5'!K:L,2,FALSE),"-") -> 2024-12-10 12:15:23.230637000 | P23: =+IFERROR(VLOOKUP(CONCATENATE(A23,$C$10,C23),'ID1&5'!B:J,9,FALSE),"-") -> 0 | Q23: =+IFERROR(VLOOKUP(D23,'ID1&5'!K:L,2,FALSE),"-") -> 2024-12-10 12:15:23.230637000 | R23: =+IFERROR(VLOOKUP(CONCATENATE(A23,$D$10,D23),'ID1&5'!B:J,9,FALSE),"-") -> 0 | S23: =+IFERROR(VLOOKUP(E23,'ID1&5'!K:L,2,FALSE),"-") -> 2024-12-10 12:15:23.230637000 | T23: =+IFERROR(VLOOKUP(CONCATENATE(A23,$E$10,E23),'ID1&5'!B:J,9,FALSE),"-") -> 79311 | U23: =+IFERROR(VLOOKUP(F23,'ID1&5'!K:L,2,FALSE),"-") -> 2024-12-10 12:15:23.230637000 | V23: =+IFERROR(VLOOKUP(CONCATENATE(A23,$F$10,F23),'ID1&5'!B:J,9,FALSE),"-") -> 1037626 | W23: =+IFERROR(VLOOKUP(A23,'ID6&7'!A:I,9,FALSE),"-") -> 0.000000 | X23: =+IFERROR(VLOOKUP(A23,'ID6&7'!A:J,10,FALSE),"-") -> 45.652640 | Z23: =+IF(J23=0,"Por iniciar",IF(OR(K23="-",M23="-",P23="-",R23="-",T23="-",V23="-"),"Em testes",IF(AND(M23=0,P23=0,R23=0,T23<>K23,V23<>K23),"OK","NOK"))) -> OK
A24: =+H24&I24&$I$8 -> ENTITYPURE_TRNVR_CCM45596 | B24: {=+MAX(IF('ID1&5'!A:A='1. Status'!A24&'1. Status'!$B$10,'ID1&5'!K:K))} -> 9 | C24: {=+MAX(IF('ID1&5'!A:A='1. Status'!A24&'1. Status'!$C$10,'ID1&5'!K:K))} -> 9 | D24: {=+MAX(IF('ID1&5'!A:A='1. Status'!A24&'1. Status'!$D$10,'ID1&5'!K:K))} -> 9 | E24: {=+MAX(IF('ID1&5'!A:A='1. Status'!A24&'1. Status'!$E$10,'ID1&5'!K:K))} -> 9 | F24: {=+MAX(IF('ID1&5'!A:A='1. Status'!A24&'1. Status'!$F$10,'ID1&5'!K:K))} -> 9 | H24: ENTITY | I24: PURE_TRNVR_CCM | J24: =+COUNTIF('ID1&5'!G:G,'1. Status'!I24) -> 5 | K24: =+IFERROR(VLOOKUP(CONCATENATE(A24,$B$10,B24),'ID1&5'!B:J,8,FALSE),"-") -> 1117455 | L24: =+IFERROR(VLOOKUP(B24,'ID1&5'!K:L,2,FALSE),"-") -> 2024-12-10 12:15:23.230637000 | M24: =+IFERROR(VLOOKUP(CONCATENATE(A24,$B$10,B24),'ID1&5'!B:J,9,FALSE),"-") -> 0 | N24: =+IFERROR(VLOOKUP(CONCATENATE(A24,$C$10,C24),'ID1&5'!B:J,8,FALSE),"-") -> 1117487 | O24: =+IFERROR(VLOOKUP(C24,'ID1&5'!K:L,2,FALSE),"-") -> 2024-12-10 12:15:23.230637000 | P24: =+IFERROR(VLOOKUP(CONCATENATE(A24,$C$10,C24),'ID1&5'!B:J,9,FALSE),"-") -> 0 | Q24: =+IFERROR(VLOOKUP(D24,'ID1&5'!K:L,2,FALSE),"-") -> 2024-12-10 12:15:23.230637000 | R24: =+IFERROR(VLOOKUP(CONCATENATE(A24,$D$10,D24),'ID1&5'!B:J,9,FALSE),"-") -> 0 | S24: =+IFERROR(VLOOKUP(E24,'ID1&5'!K:L,2,FALSE),"-") -> 2024-12-10 12:15:23.230637000 | T24: =+IFERROR(VLOOKUP(CONCATENATE(A24,$E$10,E24),'ID1&5'!B:J,9,FALSE),"-") -> 79311 | U24: =+IFERROR(VLOOKUP(F24,'ID1&5'!K:L,2,FALSE),"-") -> 2024-12-10 12:15:23.230637000 | V24: =+IFERROR(VLOOKUP(CONCATENATE(A24,$F$10,F24),'ID1&5'!B:J,9,FALSE),"-") -> 1037626 | W24: =+IFERROR(VLOOKUP(A24,'ID6&7'!A:I,9,FALSE),"-") -> 0.000000 | X24: =+IFERROR(VLOOKUP(A24,'ID6&7'!A:J,10,FALSE),"-") -> 49.000000 | Z24: =+IF(J24=0,"Por iniciar",IF(OR(K24="-",M24="-",P24="-",R24="-",T24="-",V24="-"),"Em testes",IF(AND(M24=0,P24=0,R24=0,T24<>K24,V24<>K24),"OK","NOK"))) -> OK
A25: =+H25&I25&$I$8 -> ENTITYPURE_TRNVR_CCA45596 | B25: {=+MAX(IF('ID1&5'!A:A='1. Status'!A25&'1. Status'!$B$10,'ID1&5'!K:K))} -> 9 | C25: {=+MAX(IF('ID1&5'!A:A='1. Status'!A25&'1. Status'!$C$10,'ID1&5'!K:K))} -> 9 | D25: {=+MAX(IF('ID1&5'!A:A='1. Status'!A25&'1. Status'!$D$10,'ID1&5'!K:K))} -> 9 | E25: {=+MAX(IF('ID1&5'!A:A='1. Status'!A25&'1. Status'!$E$10,'ID1&5'!K:K))} -> 9 | F25: {=+MAX(IF('ID1&5'!A:A='1. Status'!A25&'1. Status'!$F$10,'ID1&5'!K:K))} -> 9 | H25: ENTITY | I25: PURE_TRNVR_CCA | J25: =+COUNTIF('ID1&5'!G:G,'1. Status'!I25) -> 5 | K25: =+IFERROR(VLOOKUP(CONCATENATE(A25,$B$10,B25),'ID1&5'!B:J,8,FALSE),"-") -> 1117455 | L25: =+IFERROR(VLOOKUP(B25,'ID1&5'!K:L,2,FALSE),"-") -> 2024-12-10 12:15:23.230637000 | M25: =+IFERROR(VLOOKUP(CONCATENATE(A25,$B$10,B25),'ID1&5'!B:J,9,FALSE),"-") -> 0 | N25: =+IFERROR(VLOOKUP(CONCATENATE(A25,$C$10,C25),'ID1&5'!B:J,8,FALSE),"-") -> 1117487 | O25: =+IFERROR(VLOOKUP(C25,'ID1&5'!K:L,2,FALSE),"-") -> 2024-12-10 12:15:23.230637000 | P25: =+IFERROR(VLOOKUP(CONCATENATE(A25,$C$10,C25),'ID1&5'!B:J,9,FALSE),"-") -> 0 | Q25: =+IFERROR(VLOOKUP(D25,'ID1&5'!K:L,2,FALSE),"-") -> 2024-12-10 12:15:23.230637000 | R25: =+IFERROR(VLOOKUP(CONCATENATE(A25,$D$10,D25),'ID1&5'!B:J,9,FALSE),"-") -> 0 | S25: =+IFERROR(VLOOKUP(E25,'ID1&5'!K:L,2,FALSE),"-") -> 2024-12-10 12:15:23.230637000 | T25: =+IFERROR(VLOOKUP(CONCATENATE(A25,$E$10,E25),'ID1&5'!B:J,9,FALSE),"-") -> 79311 | U25: =+IFERROR(VLOOKUP(F25,'ID1&5'!K:L,2,FALSE),"-") -> 2024-12-10 12:15:23.230637000 | V25: =+IFERROR(VLOOKUP(CONCATENATE(A25,$F$10,F25),'ID1&5'!B:J,9,FALSE),"-") -> 1037626 | W25: =+IFERROR(VLOOKUP(A25,'ID6&7'!A:I,9,FALSE),"-") -> 0.000000 | X25: =+IFERROR(VLOOKUP(A25,'ID6&7'!A:J,10,FALSE),"-") -> 0.000000 | Z25: =+IF(J25=0,"Por iniciar",IF(OR(K25="-",M25="-",P25="-",R25="-",T25="-",V25="-"),"Em testes",IF(AND(M25=0,P25=0,R25=0,T25<>K25,V25<>K25),"OK","NOK"))) -> OK
... A32: =+H32&I32&$I$8 -> ENTITYFLG_CHRNC_PHYSCL_RSK45596 | B32: {=+MAX(IF('ID1&5'!A:A='1. Status'!A32&'1. Status'!$B$10,'ID1&5'!K:K))} -> 0 | C32: {=+MAX(IF('ID1&5'!A:A='1. Status'!A32&'1. Status'!$C$10,'ID1&5'!K:K))} -> 0 | D32: {=+MAX(IF('ID1&5'!A:A='1. Status'!A32&'1. Status'!$D$10,'ID1&5'!K:K))} -> 0 | E32: {=+MAX(IF('ID1&5'!A:A='1. Status'!A32&'1. Status'!$E$10,'ID1&5'!K:K))} -> 0 | F32: {=+MAX(IF('ID1&5'!A:A='1. Status'!A32&'1. Status'!$F$10,'ID1&5'!K:K))} -> 0 | H32: ENTITY | I32: FLG_CHRNC_PHYSCL_RSK | J32: =+COUNTIF('ID1&5'!G:G,'1. Status'!I32) -> 5 | K32: =+IFERROR(VLOOKUP(CONCATENATE(A32,$B$10,B32),'ID1&5'!B:J,8,FALSE),"-") -> - | L32: =+IFERROR(VLOOKUP(B32,'ID1&5'!K:L,2,FALSE),"-") -> - | M32: =+IFERROR(VLOOKUP(CONCATENATE(A32,$B$10,B32),'ID1&5'!B:J,9,FALSE),"-") -> - | N32: =+IFERROR(VLOOKUP(CONCATENATE(A32,$C$10,C32),'ID1&5'!B:J,8,FALSE),"-") -> - | O32: =+IFERROR(VLOOKUP(C32,'ID1&5'!K:L,2,FALSE),"-") -> - | P32: =+IFERROR(VLOOKUP(CONCATENATE(A32,$C$10,C32),'ID1&5'!B:J,9,FALSE),"-") -> - | Q32: =+IFERROR(VLOOKUP(D32,'ID1&5'!K:L,2,FALSE),"-") -> - | R32: =+IFERROR(VLOOKUP(CONCATENATE(A32,$D$10,D32),'ID1&5'!B:J,9,FALSE),"-") -> - | S32: =+IFERROR(VLOOKUP(E32,'ID1&5'!K:L,2,FALSE),"-") -> - | T32: =+IFERROR(VLOOKUP(CONCATENATE(A32,$E$10,E32),'ID1&5'!B:J,9,FALSE),"-") -> - | U32: =+IFERROR(VLOOKUP(F32,'ID1&5'!K:L,2,FALSE),"-") -> - | V32: =+IFERROR(VLOOKUP(CONCATENATE(A32,$F$10,F32),'ID1&5'!B:J,9,FALSE),"-") -> - | W32: =+IFERROR(VLOOKUP(A32,'ID6&7'!A:I,9,FALSE),"-") -> - | X32: =+IFERROR(VLOOKUP(A32,'ID6&7'!A:J,10,FALSE),"-") -> - | Z32: =+IF(J32=0,"Por iniciar",IF(OR(K32="-",M32="-",P32="-",R32="-",T32="-",V32="-"),"Em testes",IF(AND(M32=0,P32=0,R32=0,T32<>K32,V32<>K32),"OK","NOK"))) -> Em testes
A33: =+H33&I33&$I$8 -> ENTITYPST_CD45596 | B33: {=+MAX(IF('ID1&5'!A:A='1. Status'!A33&'1. Status'!$B$10,'ID1&5'!K:K))} -> 1 | C33: {=+MAX(IF('ID1&5'!A:A='1. Status'!A33&'1. Status'!$C$10,'ID1&5'!K:K))} -> 1 | D33: {=+MAX(IF('ID1&5'!A:A='1. Status'!A33&'1. Status'!$D$10,'ID1&5'!K:K))} -> 1 | E33: {=+MAX(IF('ID1&5'!A:A='1. Status'!A33&'1. Status'!$E$10,'ID1&5'!K:K))} -> 1 | F33: {=+MAX(IF('ID1&5'!A:A='1. Status'!A33&'1. Status'!$F$10,'ID1&5'!K:K))} -> 1 | H33: ENTITY | I33: PST_CD | J33: =+COUNTIF('ID1&5'!G:G,'1. Status'!I33) -> 5 | K33: =+IFERROR(VLOOKUP(CONCATENATE(A33,$B$10,B33),'ID1&5'!B:J,8,FALSE),"-") -> 1113839 | L33: =+IFERROR(VLOOKUP(B33,'ID1&5'!K:L,2,FALSE),"-") -> 2024-11-08 12:06:55.054517000 | M33: =+IFERROR(VLOOKUP(CONCATENATE(A33,$B$10,B33),'ID1&5'!B:J,9,FALSE),"-") -> 0 | N33: =+IFERROR(VLOOKUP(CONCATENATE(A33,$C$10,C33),'ID1&5'!B:J,8,FALSE),"-") -> 1113801 | O33: =+IFERROR(VLOOKUP(C33,'ID1&5'!K:L,2,FALSE),"-") -> 2024-11-08 12:06:55.054517000 | P33: =+IFERROR(VLOOKUP(CONCATENATE(A33,$C$10,C33),'ID1&5'!B:J,9,FALSE),"-") -> 0 | Q33: =+IFERROR(VLOOKUP(D33,'ID1&5'!K:L,2,FALSE),"-") -> 2024-11-08 12:06:55.054517000 | R33: =+IFERROR(VLOOKUP(CONCATENATE(A33,$D$10,D33),'ID1&5'!B:J,9,FALSE),"-") -> 0 | S33: =+IFERROR(VLOOKUP(E33,'ID1&5'!K:L,2,FALSE),"-") -> 2024-11-08 12:06:55.054517000 | T33: =+IFERROR(VLOOKUP(CONCATENATE(A33,$E$10,E33),'ID1&5'!B:J,9,FALSE),"-") -> 29 | U33: =+IFERROR(VLOOKUP(F33,'ID1&5'!K:L,2,FALSE),"-") -> 2024-11-08 12:06:55.054517000 | V33: =+IFERROR(VLOOKUP(CONCATENATE(A33,$F$10,F33),'ID1&5'!B:J,9,FALSE),"-") -> 0 | W33: =+IFERROR(VLOOKUP(A33,'ID6&7'!A:I,9,FALSE),"-") -> - | X33: =+IFERROR(VLOOKUP(A33,'ID6&7'!A:J,10,FALSE),"-") -> - | Y33: 08/11 - Os testes foram corridos para a data de referência 30/09/2024. | Z33: =+IF(J33=0,"Por iniciar",IF(OR(K33="-",M33="-",P33="-",R33="-",T33="-",V33="-"),"Em testes",IF(AND(M33=0,P33=0,R33=0,T33<>K33,V33<>K33),"OK","NOK"))) -> OK
A34: =+H34&I34&$I$8 -> ENTITYESG_SBSCTR45596 | B34: {=+MAX(IF('ID1&5'!A:A='1. Status'!A34&'1. Status'!$B$10,'ID1&5'!K:K))} -> 7 | C34: {=+MAX(IF('ID1&5'!A:A='1. Status'!A34&'1. Status'!$C$10,'ID1&5'!K:K))} -> 0 | D34: {=+MAX(IF('ID1&5'!A:A='1. Status'!A34&'1. Status'!$D$10,'ID1&5'!K:K))} -> 0 | E34: {=+MAX(IF('ID1&5'!A:A='1. Status'!A34&'1. Status'!$E$10,'ID1&5'!K:K))} -> 0 | F34: {=+MAX(IF('ID1&5'!A:A='1. Status'!A34&'1. Status'!$F$10,'ID1&5'!K:K))} -> 0 | H34: ENTITY | I34: ESG_SBSCTR | J34: =+COUNTIF('ID1&5'!G:G,'1. Status'!I34) -> 6 | K34: =+IFERROR(VLOOKUP(CONCATENATE(A34,$B$10,B34),'ID1&5'!B:J,8,FALSE),"-") -> 1117455 | L34: =+IFERROR(VLOOKUP(B34,'ID1&5'!K:L,2,FALSE),"-") -> 2024-12-09 23:51:42.406642000 | M34: =+IFERROR(VLOOKUP(CONCATENATE(A34,$B$10,B34),'ID1&5'!B:J,9,FALSE),"-") -> 104 | N34: =+IFERROR(VLOOKUP(CONCATENATE(A34,$C$10,C34),'ID1&5'!B:J,8,FALSE),"-") -> - | O34: =+IFERROR(VLOOKUP(C34,'ID1&5'!K:L,2,FALSE),"-") -> - | P34: =+IFERROR(VLOOKUP(CONCATENATE(A34,$C$10,C34),'ID1&5'!B:J,9,FALSE),"-") -> - | Q34: =+IFERROR(VLOOKUP(D34,'ID1&5'!K:L,2,FALSE),"-") -> - | R34: =+IFERROR(VLOOKUP(CONCATENATE(A34,$D$10,D34),'ID1&5'!B:J,9,FALSE),"-") -> - | S34: =+IFERROR(VLOOKUP(E34,'ID1&5'!K:L,2,FALSE),"-") -> - | T34: =+IFERROR(VLOOKUP(CONCATENATE(A34,$E$10,E34),'ID1&5'!B:J,9,FALSE),"-") -> - | U34: =+IFERROR(VLOOKUP(F34,'ID1&5'!K:L,2,FALSE),"-") -> - | V34: =+IFERROR(VLOOKUP(CONCATENATE(A34,$F$10,F34),'ID1&5'!B:J,9,FALSE),"-") -> - | W34: =+IFERROR(VLOOKUP(A34,'ID6&7'!A:I,9,FALSE),"-") -> ESGS1 | X34: =+IFERROR(VLOOKUP(A34,'ID6&7'!A:J,10,FALSE),"-") -> ESGS5 | Z34: =+IF(J34=0,"Por iniciar",IF(OR(K34="-",M34="-",P34="-",R34="-",T34="-",V34="-"),"Em testes",IF(AND(M34=0,P34=0,R34=0,T34<>K34,V34<>K34),"OK","NOK"))) -> Em testes
A35: =+H35&I35&$I$8 -> ENTITYTTL_LBLTY45596 | B35: {=+MAX(IF('ID1&5'!A:A='1. Status'!A35&'1. Status'!$B$10,'ID1&5'!K:K))} -> 7 | C35: {=+MAX(IF('ID1&5'!A:A='1. Status'!A35&'1. Status'!$C$10,'ID1&5'!K:K))} -> 0 | D35: {=+MAX(IF('ID1&5'!A:A='1. Status'!A35&'1. Status'!$D$10,'ID1&5'!K:K))} -> 0 | E35: {=+MAX(IF('ID1&5'!A:A='1. Status'!A35&'1. Status'!$E$10,'ID1&5'!K:K))} -> 0 | F35: {=+MAX(IF('ID1&5'!A:A='1. Status'!A35&'1. Status'!$F$10,'ID1&5'!K:K))} -> 0 | H35: ENTITY | I35: TTL_LBLTY | J35: =+COUNTIF('ID1&5'!G:G,'1. Status'!I35) -> 6 | K35: =+IFERROR(VLOOKUP(CONCATENATE(A35,$B$10,B35),'ID1&5'!B:J,8,FALSE),"-") -> 1117455 | L35: =+IFERROR(VLOOKUP(B35,'ID1&5'!K:L,2,FALSE),"-") -> 2024-12-09 23:51:42.406642000 | M35: =+IFERROR(VLOOKUP(CONCATENATE(A35,$B$10,B35),'ID1&5'!B:J,9,FALSE),"-") -> 124 | N35: =+IFERROR(VLOOKUP(CONCATENATE(A35,$C$10,C35),'ID1&5'!B:J,8,FALSE),"-") -> - | O35: =+IFERROR(VLOOKUP(C35,'ID1&5'!K:L,2,FALSE),"-") -> - | P35: =+IFERROR(VLOOKUP(CONCATENATE(A35,$C$10,C35),'ID1&5'!B:J,9,FALSE),"-") -> - | Q35: =+IFERROR(VLOOKUP(D35,'ID1&5'!K:L,2,FALSE),"-") -> - | R35: =+IFERROR(VLOOKUP(CONCATENATE(A35,$D$10,D35),'ID1&5'!B:J,9,FALSE),"-") -> - | S35: =+IFERROR(VLOOKUP(E35,'ID1&5'!K:L,2,FALSE),"-") -> - | T35: =+IFERROR(VLOOKUP(CONCATENATE(A35,$E$10,E35),'ID1&5'!B:J,9,FALSE),"-") -> - | U35: =+IFERROR(VLOOKUP(F35,'ID1&5'!K:L,2,FALSE),"-") -> - | V35: =+IFERROR(VLOOKUP(CONCATENATE(A35,$F$10,F35),'ID1&5'!B:J,9,FALSE),"-") -> - | W35: =+IFERROR(VLOOKUP(A35,'ID6&7'!A:I,9,FALSE),"-") -> - | X35: =+IFERROR(VLOOKUP(A35,'ID6&7'!A:J,10,FALSE),"-") -> - | Z35: =+IF(J35=0,"Por iniciar",IF(OR(K35="-",M35="-",P35="-",R35="-",T35="-",V35="-"),"Em testes",IF(AND(M35=0,P35=0,R35=0,T35<>K35,V35<>K35),"OK","NOK"))) -> Em testes
A36: =+H36&I36&$I$8 -> ENTITYISIN45596 | B36: {=+MAX(IF('ID1&5'!A:A='1. Status'!A36&'1. Status'!$B$10,'ID1&5'!K:K))} -> 7 | C36: {=+MAX(IF('ID1&5'!A:A='1. Status'!A36&'1. Status'!$C$10,'ID1&5'!K:K))} -> 0 | D36: {=+MAX(IF('ID1&5'!A:A='1. Status'!A36&'1. Status'!$D$10,'ID1&5'!K:K))} -> 0 | E36: {=+MAX(IF('ID1&5'!A:A='1. Status'!A36&'1. Status'!$E$10,'ID1&5'!K:K))} -> 0 | F36: {=+MAX(IF('ID1&5'!A:A='1. Status'!A36&'1. Status'!$F$10,'ID1&5'!K:K))} -> 0 | H36: ENTITY | I36: ISIN | J36: =+COUNTIF('ID1&5'!G:G,'1. Status'!I36) -> 6 | K36: =+IFERROR(VLOOKUP(CONCATENATE(A36,$B$10,B36),'ID1&5'!B:J,8,FALSE),"-") -> 1117455 | L36: =+IFERROR(VLOOKUP(B36,'ID1&5'!K:L,2,FALSE),"-") -> 2024-12-09 23:51:42.406642000 | M36: =+IFERROR(VLOOKUP(CONCATENATE(A36,$B$10,B36),'ID1&5'!B:J,9,FALSE),"-") -> 14 | N36: =+IFERROR(VLOOKUP(CONCATENATE(A36,$C$10,C36),'ID1&5'!B:J,8,FALSE),"-") -> - | O36: =+IFERROR(VLOOKUP(C36,'ID1&5'!K:L,2,FALSE),"-") -> - | P36: =+IFERROR(VLOOKUP(CONCATENATE(A36,$C$10,C36),'ID1&5'!B:J,9,FALSE),"-") -> - | Q36: =+IFERROR(VLOOKUP(D36,'ID1&5'!K:L,2,FALSE),"-") -> - | R36: =+IFERROR(VLOOKUP(CONCATENATE(A36,$D$10,D36),'ID1&5'!B:J,9,FALSE),"-") -> - | S36: =+IFERROR(VLOOKUP(E36,'ID1&5'!K:L,2,FALSE),"-") -> - | T36: =+IFERROR(VLOOKUP(CONCATENATE(A36,$E$10,E36),'ID1&5'!B:J,9,FALSE),"-") -> - | U36: =+IFERROR(VLOOKUP(F36,'ID1&5'!K:L,2,FALSE),"-") -> - | V36: =+IFERROR(VLOOKUP(CONCATENATE(A36,$F$10,F36),'ID1&5'!B:J,9,FALSE),"-") -> - | W36: =+IFERROR(VLOOKUP(A36,'ID6&7'!A:I,9,FALSE),"-") -> - | X36: =+IFERROR(VLOOKUP(A36,'ID6&7'!A:J,10,FALSE),"-") -> - | Z36: =+IF(J36=0,"Por iniciar",IF(OR(K36="-",M36="-",P36="-",R36="-",T36="-",V36="-"),"Em testes",IF(AND(M36=0,P36=0,R36=0,T36<>K36,V36<>K36),"OK","NOK"))) -> Em testes
A37: =+H37&I37&$I$8 -> ENTITYGRP_ANNL_TRNVR_LE45596 | B37: {=+MAX(IF('ID1&5'!A:A='1. Status'!A37&'1. Status'!$B$10,'ID1&5'!K:K))} -> 8 | C37: {=+MAX(IF('ID1&5'!A:A='1. Status'!A37&'1. Status'!$C$10,'ID1&5'!K:K))} -> 8 | D37: {=+MAX(IF('ID1&5'!A:A='1. Status'!A37&'1. Status'!$D$10,'ID1&5'!K:K))} -> 8 | E37: {=+MAX(IF('ID1&5'!A:A='1. Status'!A37&'1. Status'!$E$10,'ID1&5'!K:K))} -> 8 | F37: {=+MAX(IF('ID1&5'!A:A='1. Status'!A37&'1. Status'!$F$10,'ID1&5'!K:K))} -> 8 | H37: ENTITY | I37: GRP_ANNL_TRNVR_LE | J37: =+COUNTIF('ID1&5'!G:G,'1. Status'!I37) -> 10 | K37: =+IFERROR(VLOOKUP(CONCATENATE(A37,$B$10,B37),'ID1&5'!B:J,8,FALSE),"-") -> 1117455 | L37: =+IFERROR(VLOOKUP(B37,'ID1&5'!K:L,2,FALSE),"-") -> 2024-12-10 12:03:41.044650000 | M37: =+IFERROR(VLOOKUP(CONCATENATE(A37,$B$10,B37),'ID1&5'!B:J,9,FALSE),"-") -> 0 | N37: =+IFERROR(VLOOKUP(CONCATENATE(A37,$C$10,C37),'ID1&5'!B:J,8,FALSE),"-") -> 1117487 | O37: =+IFERROR(VLOOKUP(C37,'ID1&5'!K:L,2,FALSE),"-") -> 2024-12-10 12:03:41.044650000 | P37: =+IFERROR(VLOOKUP(CONCATENATE(A37,$C$10,C37),'ID1&5'!B:J,9,FALSE),"-") -> 0 | Q37: =+IFERROR(VLOOKUP(D37,'ID1&5'!K:L,2,FALSE),"-") -> 2024-12-10 12:03:41.044650000 | R37: =+IFERROR(VLOOKUP(CONCATENATE(A37,$D$10,D37),'ID1&5'!B:J,9,FALSE),"-") -> 0 | S37: =+IFERROR(VLOOKUP(E37,'ID1&5'!K:L,2,FALSE),"-") -> 2024-12-10 12:03:41.044650000 | T37: =+IFERROR(VLOOKUP(CONCATENATE(A37,$E$10,E37),'ID1&5'!B:J,9,FALSE),"-") -> 77252 | U37: =+IFERROR(VLOOKUP(F37,'ID1&5'!K:L,2,FALSE),"-") -> 2024-12-10 12:03:41.044650000 | V37: =+IFERROR(VLOOKUP(CONCATENATE(A37,$F$10,F37),'ID1&5'!B:J,9,FALSE),"-") -> 1037356 | W37: =+IFERROR(VLOOKUP(A37,'ID6&7'!A:I,9,FALSE),"-") -> 0.00 | X37: =+IFERROR(VLOOKUP(A37,'ID6&7'!A:J,10,FALSE),"-") -> 58991300000.00 | Z37: =+IF(J37=0,"Por iniciar",IF(OR(K37="-",M37="-",P37="-",R37="-",T37="-",V37="-"),"Em testes",IF(AND(M37=0,P37=0,R37=0,T37<>K37,V37<>K37),"OK","NOK"))) -> OK
A38: =+H38&I38&$I$8 -> ENTITYGRP_TTL_LBLTY45596 | B38: {=+MAX(IF('ID1&5'!A:A='1. Status'!A38&'1. Status'!$B$10,'ID1&5'!K:K))} -> 0 | C38: {=+MAX(IF('ID1&5'!A:A='1. Status'!A38&'1. Status'!$C$10,'ID1&5'!K:K))} -> 0 | D38: {=+MAX(IF('ID1&5'!A:A='1. Status'!A38&'1. Status'!$D$10,'ID1&5'!K:K))} -> 0 | E38: {=+MAX(IF('ID1&5'!A:A='1. Status'!A38&'1. Status'!$E$10,'ID1&5'!K:K))} -> 0 | F38: {=+MAX(IF('ID1&5'!A:A='1. Status'!A38&'1. Status'!$F$10,'ID1&5'!K:K))} -> 0 | H38: ENTITY | I38: GRP_TTL_LBLTY | J38: =+COUNTIF('ID1&5'!G:G,'1. Status'!I38) -> 5 | K38: =+IFERROR(VLOOKUP(CONCATENATE(A38,$B$10,B38),'ID1&5'!B:J,8,FALSE),"-") -> - | L38: =+IFERROR(VLOOKUP(B38,'ID1&5'!K:L,2,FALSE),"-") -> - | M38: =+IFERROR(VLOOKUP(CONCATENATE(A38,$B$10,B38),'ID1&5'!B:J,9,FALSE),"-") -> - | N38: =+IFERROR(VLOOKUP(CONCATENATE(A38,$C$10,C38),'ID1&5'!B:J,8,FALSE),"-") -> - | O38: =+IFERROR(VLOOKUP(C38,'ID1&5'!K:L,2,FALSE),"-") -> - | P38: =+IFERROR(VLOOKUP(CONCATENATE(A38,$C$10,C38),'ID1&5'!B:J,9,FALSE),"-") -> - | Q38: =+IFERROR(VLOOKUP(D38,'ID1&5'!K:L,2,FALSE),"-") -> - | R38: =+IFERROR(VLOOKUP(CONCATENATE(A38,$D$10,D38),'ID1&5'!B:J,9,FALSE),"-") -> - | S38: =+IFERROR(VLOOKUP(E38,'ID1&5'!K:L,2,FALSE),"-") -> - | T38: =+IFERROR(VLOOKUP(CONCATENATE(A38,$E$10,E38),'ID1&5'!B:J,9,FALSE),"-") -> - | U38: =+IFERROR(VLOOKUP(F38,'ID1&5'!K:L,2,FALSE),"-") -> - | V38: =+IFERROR(VLOOKUP(CONCATENATE(A38,$F$10,F38),'ID1&5'!B:J,9,FALSE),"-") -> - | W38: =+IFERROR(VLOOKUP(A38,'ID6&7'!A:I,9,FALSE),"-") -> - | X38: =+IFERROR(VLOOKUP(A38,'ID6&7'!A:J,10,FALSE),"-") -> - | Z38: =+IF(J38=0,"Por iniciar",IF(OR(K38="-",M38="-",P38="-",R38="-",T38="-",V38="-"),"Em testes",IF(AND(M38=0,P38=0,R38=0,T38<>K38,V38<>K38),"OK","NOK"))) -> Em testes
A39: =+H39&I39&$I$8 -> ENTITYFLG_GRP_NFRD_APPLCBLTY45596 | B39: {=+MAX(IF('ID1&5'!A:A='1. Status'!A39&'1. Status'!$B$10,'ID1&5'!K:K))} -> 0 | C39: {=+MAX(IF('ID1&5'!A:A='1. Status'!A39&'1. Status'!$C$10,'ID1&5'!K:K))} -> 0 | D39: {=+MAX(IF('ID1&5'!A:A='1. Status'!A39&'1. Status'!$D$10,'ID1&5'!K:K))} -> 0 | E39: {=+MAX(IF('ID1&5'!A:A='1. Status'!A39&'1. Status'!$E$10,'ID1&5'!K:K))} -> 0 | F39: {=+MAX(IF('ID1&5'!A:A='1. Status'!A39&'1. Status'!$F$10,'ID1&5'!K:K))} -> 0 | H39: ENTITY | I39: FLG_GRP_NFRD_APPLCBLTY | J39: =+COUNTIF('ID1&5'!G:G,'1. Status'!I39) -> 5 | K39: =+IFERROR(VLOOKUP(CONCATENATE(A39,$B$10,B39),'ID1&5'!B:J,8,FALSE),"-") -> - | L39: =+IFERROR(VLOOKUP(B39,'ID1&5'!K:L,2,FALSE),"-") -> - | M39: =+IFERROR(VLOOKUP(CONCATENATE(A39,$B$10,B39),'ID1&5'!B:J,9,FALSE),"-") -> - | N39: =+IFERROR(VLOOKUP(CONCATENATE(A39,$C$10,C39),'ID1&5'!B:J,8,FALSE),"-") -> - | O39: =+IFERROR(VLOOKUP(C39,'ID1&5'!K:L,2,FALSE),"-") -> - | P39: =+IFERROR(VLOOKUP(CONCATENATE(A39,$C$10,C39),'ID1&5'!B:J,9,FALSE),"-") -> - | Q39: =+IFERROR(VLOOKUP(D39,'ID1&5'!K:L,2,FALSE),"-") -> - | R39: =+IFERROR(VLOOKUP(CONCATENATE(A39,$D$10,D39),'ID1&5'!B:J,9,FALSE),"-") -> - | S39: =+IFERROR(VLOOKUP(E39,'ID1&5'!K:L,2,FALSE),"-") -> - | T39: =+IFERROR(VLOOKUP(CONCATENATE(A39,$E$10,E39),'ID1&5'!B:J,9,FALSE),"-") -> - | U39: =+IFERROR(VLOOKUP(F39,'ID1&5'!K:L,2,FALSE),"-") -> - | V39: =+IFERROR(VLOOKUP(CONCATENATE(A39,$F$10,F39),'ID1&5'!B:J,9,FALSE),"-") -> - | W39: =+IFERROR(VLOOKUP(A39,'ID6&7'!A:I,9,FALSE),"-") -> - | X39: =+IFERROR(VLOOKUP(A39,'ID6&7'!A:J,10,FALSE),"-") -> - | Z39: =+IF(J39=0,"Por iniciar",IF(OR(K39="-",M39="-",P39="-",R39="-",T39="-",V39="-"),"Em testes",IF(AND(M39=0,P39=0,R39=0,T39<>K39,V39<>K39),"OK","NOK"))) -> Em testes
A40: =+H40&I40&$I$8 -> ENTITYGRP_EMSSNS_SCP145596 | B40: {=+MAX(IF('ID1&5'!A:A='1. Status'!A40&'1. Status'!$B$10,'ID1&5'!K:K))} -> 0 | C40: {=+MAX(IF('ID1&5'!A:A='1. Status'!A40&'1. Status'!$C$10,'ID1&5'!K:K))} -> 0 | D40: {=+MAX(IF('ID1&5'!A:A='1. Status'!A40&'1. Status'!$D$10,'ID1&5'!K:K))} -> 0 | E40: {=+MAX(IF('ID1&5'!A:A='1. Status'!A40&'1. Status'!$E$10,'ID1&5'!K:K))} -> 0 | F40: {=+MAX(IF('ID1&5'!A:A='1. Status'!A40&'1. Status'!$F$10,'ID1&5'!K:K))} -> 0 | H40: ENTITY | I40: GRP_EMSSNS_SCP1 | J40: =+COUNTIF('ID1&5'!G:G,'1. Status'!I40) -> 5 | K40: =+IFERROR(VLOOKUP(CONCATENATE(A40,$B$10,B40),'ID1&5'!B:J,8,FALSE),"-") -> - | L40: =+IFERROR(VLOOKUP(B40,'ID1&5'!K:L,2,FALSE),"-") -> - | M40: =+IFERROR(VLOOKUP(CONCATENATE(A40,$B$10,B40),'ID1&5'!B:J,9,FALSE),"-") -> - | N40: =+IFERROR(VLOOKUP(CONCATENATE(A40,$C$10,C40),'ID1&5'!B:J,8,FALSE),"-") -> - | O40: =+IFERROR(VLOOKUP(C40,'ID1&5'!K:L,2,FALSE),"-") -> - | P40: =+IFERROR(VLOOKUP(CONCATENATE(A40,$C$10,C40),'ID1&5'!B:J,9,FALSE),"-") -> - | Q40: =+IFERROR(VLOOKUP(D40,'ID1&5'!K:L,2,FALSE),"-") -> - | R40: =+IFERROR(VLOOKUP(CONCATENATE(A40,$D$10,D40),'ID1&5'!B:J,9,FALSE),"-") -> - | S40: =+IFERROR(VLOOKUP(E40,'ID1&5'!K:L,2,FALSE),"-") -> - | T40: =+IFERROR(VLOOKUP(CONCATENATE(A40,$E$10,E40),'ID1&5'!B:J,9,FALSE),"-") -> - | U40: =+IFERROR(VLOOKUP(F40,'ID1&5'!K:L,2,FALSE),"-") -> - | V40: =+IFERROR(VLOOKUP(CONCATENATE(A40,$F$10,F40),'ID1&5'!B:J,9,FALSE),"-") -> - | W40: =+IFERROR(VLOOKUP(A40,'ID6&7'!A:I,9,FALSE),"-") -> - | X40: =+IFERROR(VLOOKUP(A40,'ID6&7'!A:J,10,FALSE),"-") -> - | Z40: =+IF(J40=0,"Por iniciar",IF(OR(K40="-",M40="-",P40="-",R40="-",T40="-",V40="-"),"Em testes",IF(AND(M40=0,P40=0,R40=0,T40<>K40,V40<>K40),"OK","NOK"))) -> Em testes
A41: =+H41&I41&$I$8 -> ENTITYGRP_EMSSNS_SCP245596 | B41: {=+MAX(IF('ID1&5'!A:A='1. Status'!A41&'1. Status'!$B$10,'ID1&5'!K:K))} -> 0 | C41: {=+MAX(IF('ID1&5'!A:A='1. Status'!A41&'1. Status'!$C$10,'ID1&5'!K:K))} -> 0 | D41: {=+MAX(IF('ID1&5'!A:A='1. Status'!A41&'1. Status'!$D$10,'ID1&5'!K:K))} -> 0 | E41: {=+MAX(IF('ID1&5'!A:A='1. Status'!A41&'1. Status'!$E$10,'ID1&5'!K:K))} -> 0 | F41: {=+MAX(IF('ID1&5'!A:A='1. Status'!A41&'1. Status'!$F$10,'ID1&5'!K:K))} -> 0 | H41: ENTITY | I41: GRP_EMSSNS_SCP2 | J41: =+COUNTIF('ID1&5'!G:G,'1. Status'!I41) -> 5 | K41: =+IFERROR(VLOOKUP(CONCATENATE(A41,$B$10,B41),'ID1&5'!B:J,8,FALSE),"-") -> - | L41: =+IFERROR(VLOOKUP(B41,'ID1&5'!K:L,2,FALSE),"-") -> - | M41: =+IFERROR(VLOOKUP(CONCATENATE(A41,$B$10,B41),'ID1&5'!B:J,9,FALSE),"-") -> - | N41: =+IFERROR(VLOOKUP(CONCATENATE(A41,$C$10,C41),'ID1&5'!B:J,8,FALSE),"-") -> - | O41: =+IFERROR(VLOOKUP(C41,'ID1&5'!K:L,2,FALSE),"-") -> - | P41: =+IFERROR(VLOOKUP(CONCATENATE(A41,$C$10,C41),'ID1&5'!B:J,9,FALSE),"-") -> - | Q41: =+IFERROR(VLOOKUP(D41,'ID1&5'!K:L,2,FALSE),"-") -> - | R41: =+IFERROR(VLOOKUP(CONCATENATE(A41,$D$10,D41),'ID1&5'!B:J,9,FALSE),"-") -> - | S41: =+IFERROR(VLOOKUP(E41,'ID1&5'!K:L,2,FALSE),"-") -> - | T41: =+IFERROR(VLOOKUP(CONCATENATE(A41,$E$10,E41),'ID1&5'!B:J,9,FALSE),"-") -> - | U41: =+IFERROR(VLOOKUP(F41,'ID1&5'!K:L,2,FALSE),"-") -> - | V41: =+IFERROR(VLOOKUP(CONCATENATE(A41,$F$10,F41),'ID1&5'!B:J,9,FALSE),"-") -> - | W41: =+IFERROR(VLOOKUP(A41,'ID6&7'!A:I,9,FALSE),"-") -> - | X41: =+IFERROR(VLOOKUP(A41,'ID6&7'!A:J,10,FALSE),"-") -> - | Z41: =+IF(J41=0,"Por iniciar",IF(OR(K41="-",M41="-",P41="-",R41="-",T41="-",V41="-"),"Em testes",IF(AND(M41=0,P41=0,R41=0,T41<>K41,V41<>K41),"OK","NOK"))) -> Em testes
A42: =+H42&I42&$I$8 -> ENTITYGRP_EMSSNS_SCP345596 | B42: {=+MAX(IF('ID1&5'!A:A='1. Status'!A42&'1. Status'!$B$10,'ID1&5'!K:K))} -> 0 | C42: {=+MAX(IF('ID1&5'!A:A='1. Status'!A42&'1. Status'!$C$10,'ID1&5'!K:K))} -> 0 | D42: {=+MAX(IF('ID1&5'!A:A='1. Status'!A42&'1. Status'!$D$10,'ID1&5'!K:K))} -> 0 | E42: {=+MAX(IF('ID1&5'!A:A='1. Status'!A42&'1. Status'!$E$10,'ID1&5'!K:K))} -> 0 | F42: {=+MAX(IF('ID1&5'!A:A='1. Status'!A42&'1. Status'!$F$10,'ID1&5'!K:K))} -> 0 | H42: ENTITY | I42: GRP_EMSSNS_SCP3 | J42: =+COUNTIF('ID1&5'!G:G,'1. Status'!I42) -> 5 | K42: =+IFERROR(VLOOKUP(CONCATENATE(A42,$B$10,B42),'ID1&5'!B:J,8,FALSE),"-") -> - | L42: =+IFERROR(VLOOKUP(B42,'ID1&5'!K:L,2,FALSE),"-") -> - | M42: =+IFERROR(VLOOKUP(CONCATENATE(A42,$B$10,B42),'ID1&5'!B:J,9,FALSE),"-") -> - | N42: =+IFERROR(VLOOKUP(CONCATENATE(A42,$C$10,C42),'ID1&5'!B:J,8,FALSE),"-") -> - | O42: =+IFERROR(VLOOKUP(C42,'ID1&5'!K:L,2,FALSE),"-") -> - | P42: =+IFERROR(VLOOKUP(CONCATENATE(A42,$C$10,C42),'ID1&5'!B:J,9,FALSE),"-") -> - | Q42: =+IFERROR(VLOOKUP(D42,'ID1&5'!K:L,2,FALSE),"-") -> - | R42: =+IFERROR(VLOOKUP(CONCATENATE(A42,$D$10,D42),'ID1&5'!B:J,9,FALSE),"-") -> - | S42: =+IFERROR(VLOOKUP(E42,'ID1&5'!K:L,2,FALSE),"-") -> - | T42: =+IFERROR(VLOOKUP(CONCATENATE(A42,$E$10,E42),'ID1&5'!B:J,9,FALSE),"-") -> - | U42: =+IFERROR(VLOOKUP(F42,'ID1&5'!K:L,2,FALSE),"-") -> - | V42: =+IFERROR(VLOOKUP(CONCATENATE(A42,$F$10,F42),'ID1&5'!B:J,9,FALSE),"-") -> - | W42: =+IFERROR(VLOOKUP(A42,'ID6&7'!A:I,9,FALSE),"-") -> - | X42: =+IFERROR(VLOOKUP(A42,'ID6&7'!A:J,10,FALSE),"-") -> - | Z42: =+IF(J42=0,"Por iniciar",IF(OR(K42="-",M42="-",P42="-",R42="-",T42="-",V42="-"),"Em testes",IF(AND(M42=0,P42=0,R42=0,T42<>K42,V42<>K42),"OK","NOK"))) -> Em testes
A43: =+H43&I43&$I$8 -> PROTECTIONTYP_EP_SCR45596 | B43: {=+MAX(IF('ID1&5'!A:A='1. Status'!A43&'1. Status'!$B$10,'ID1&5'!K:K))} -> 4 | C43: {=+MAX(IF('ID1&5'!A:A='1. Status'!A43&'1. Status'!$C$10,'ID1&5'!K:K))} -> 4 | D43: {=+MAX(IF('ID1&5'!A:A='1. Status'!A43&'1. Status'!$D$10,'ID1&5'!K:K))} -> 4 | E43: {=+MAX(IF('ID1&5'!A:A='1. Status'!A43&'1. Status'!$E$10,'ID1&5'!K:K))} -> 4 | F43: {=+MAX(IF('ID1&5'!A:A='1. Status'!A43&'1. Status'!$F$10,'ID1&5'!K:K))} -> 4 | H43: PROTECTION | I43: TYP_EP_SCR | J43: =+COUNTIF('ID1&5'!G:G,'1. Status'!I43) -> 5 | K43: =+IFERROR(VLOOKUP(CONCATENATE(A43,$B$10,B43),'ID1&5'!B:J,8,FALSE),"-") -> 475803 | L43: =+IFERROR(VLOOKUP(B43,'ID1&5'!K:L,2,FALSE),"-") -> 2024-12-04 18:14:01.919760000 | M43: =+IFERROR(VLOOKUP(CONCATENATE(A43,$B$10,B43),'ID1&5'!B:J,9,FALSE),"-") -> 0 | N43: =+IFERROR(VLOOKUP(CONCATENATE(A43,$C$10,C43),'ID1&5'!B:J,8,FALSE),"-") -> 475803 | O43: =+IFERROR(VLOOKUP(C43,'ID1&5'!K:L,2,FALSE),"-") -> 2024-12-04 18:14:01.919760000 | P43: =+IFERROR(VLOOKUP(CONCATENATE(A43,$C$10,C43),'ID1&5'!B:J,9,FALSE),"-") -> 0 | Q43: =+IFERROR(VLOOKUP(D43,'ID1&5'!K:L,2,FALSE),"-") -> 2024-12-04 18:14:01.919760000 | R43: =+IFERROR(VLOOKUP(CONCATENATE(A43,$D$10,D43),'ID1&5'!B:J,9,FALSE),"-") -> 0 | S43: =+IFERROR(VLOOKUP(E43,'ID1&5'!K:L,2,FALSE),"-") -> 2024-12-04 18:14:01.919760000 | T43: =+IFERROR(VLOOKUP(CONCATENATE(A43,$E$10,E43),'ID1&5'!B:J,9,FALSE),"-") -> 0 | U43: =+IFERROR(VLOOKUP(F43,'ID1&5'!K:L,2,FALSE),"-") -> 2024-12-04 18:14:01.919760000 | V43: =+IFERROR(VLOOKUP(CONCATENATE(A43,$F$10,F43),'ID1&5'!B:J,9,FALSE),"-") -> 201682 | W43: =+IFERROR(VLOOKUP(A43,'ID6&7'!A:I,9,FALSE),"-") -> EPSD2 | X43: =+IFERROR(VLOOKUP(A43,'ID6&7'!A:J,10,FALSE),"-") -> EPSD2 | Z43: =+IF(J43=0,"Por iniciar",IF(OR(K43="-",M43="-",P43="-",R43="-",T43="-",V43="-"),"Em testes",IF(AND(M43=0,P43=0,R43=0,T43<>K43,V43<>K43),"OK","NOK"))) -> OK
A44: =+H44&I44&$I$8 -> PROTECTIONEP_SCR45596 | B44: {=+MAX(IF('ID1&5'!A:A='1. Status'!A44&'1. Status'!$B$10,'ID1&5'!K:K))} -> 0 | C44: {=+MAX(IF('ID1&5'!A:A='1. Status'!A44&'1. Status'!$C$10,'ID1&5'!K:K))} -> 0 | D44: {=+MAX(IF('ID1&5'!A:A='1. Status'!A44&'1. Status'!$D$10,'ID1&5'!K:K))} -> 0 | E44: {=+MAX(IF('ID1&5'!A:A='1. Status'!A44&'1. Status'!$E$10,'ID1&5'!K:K))} -> 0 | F44: {=+MAX(IF('ID1&5'!A:A='1. Status'!A44&'1. Status'!$F$10,'ID1&5'!K:K))} -> 0 | H44: PROTECTION | I44: EP_SCR | J44: =+COUNTIF('ID1&5'!G:G,'1. Status'!I44) -> 0 | K44: =+IFERROR(VLOOKUP(CONCATENATE(A44,$B$10,B44),'ID1&5'!B:J,8,FALSE),"-") -> - | L44: =+IFERROR(VLOOKUP(B44,'ID1&5'!K:L,2,FALSE),"-") -> - | M44: =+IFERROR(VLOOKUP(CONCATENATE(A44,$B$10,B44),'ID1&5'!B:J,9,FALSE),"-") -> - | N44: =+IFERROR(VLOOKUP(CONCATENATE(A44,$C$10,C44),'ID1&5'!B:J,8,FALSE),"-") -> - | O44: =+IFERROR(VLOOKUP(C44,'ID1&5'!K:L,2,FALSE),"-") -> - | P44: =+IFERROR(VLOOKUP(CONCATENATE(A44,$C$10,C44),'ID1&5'!B:J,9,FALSE),"-") -> - | Q44: =+IFERROR(VLOOKUP(D44,'ID1&5'!K:L,2,FALSE),"-") -> - | R44: =+IFERROR(VLOOKUP(CONCATENATE(A44,$D$10,D44),'ID1&5'!B:J,9,FALSE),"-") -> - | S44: =+IFERROR(VLOOKUP(E44,'ID1&5'!K:L,2,FALSE),"-") -> - | T44: =+IFERROR(VLOOKUP(CONCATENATE(A44,$E$10,E44),'ID1&5'!B:J,9,FALSE),"-") -> - | U44: =+IFERROR(VLOOKUP(F44,'ID1&5'!K:L,2,FALSE),"-") -> - | V44: =+IFERROR(VLOOKUP(CONCATENATE(A44,$F$10,F44),'ID1&5'!B:J,9,FALSE),"-") -> - | W44: =+IFERROR(VLOOKUP(A44,'ID6&7'!A:I,9,FALSE),"-") -> EPSC1 | X44: =+IFERROR(VLOOKUP(A44,'ID6&7'!A:J,10,FALSE),"-") -> EPSC7 | Z44: =+IF(J44=0,"Por iniciar",IF(OR(K44="-",M44="-",P44="-",R44="-",T44="-",V44="-"),"Em testes",IF(AND(M44=0,P44=0,R44=0,T44<>K44,V44<>K44),"OK","NOK"))) -> Por iniciar
A45: =+H45&I45&$I$8 -> PROTECTIONTYP_EPC_LBL45596 | B45: {=+MAX(IF('ID1&5'!A:A='1. Status'!A45&'1. Status'!$B$10,'ID1&5'!K:K))} -> 0 | C45: {=+MAX(IF('ID1&5'!A:A='1. Status'!A45&'1. Status'!$C$10,'ID1&5'!K:K))} -> 0 | D45: {=+MAX(IF('ID1&5'!A:A='1. Status'!A45&'1. Status'!$D$10,'ID1&5'!K:K))} -> 0 | E45: {=+MAX(IF('ID1&5'!A:A='1. Status'!A45&'1. Status'!$E$10,'ID1&5'!K:K))} -> 0 | F45: {=+MAX(IF('ID1&5'!A:A='1. Status'!A45&'1. Status'!$F$10,'ID1&5'!K:K))} -> 0 | H45: PROTECTION | I45: TYP_EPC_LBL | J45: =+COUNTIF('ID1&5'!G:G,'1. Status'!I45) -> 5 | K45: =+IFERROR(VLOOKUP(CONCATENATE(A45,$B$10,B45),'ID1&5'!B:J,8,FALSE),"-") -> - | L45: =+IFERROR(VLOOKUP(B45,'ID1&5'!K:L,2,FALSE),"-") -> - | M45: =+IFERROR(VLOOKUP(CONCATENATE(A45,$B$10,B45),'ID1&5'!B:J,9,FALSE),"-") -> - | N45: =+IFERROR(VLOOKUP(CONCATENATE(A45,$C$10,C45),'ID1&5'!B:J,8,FALSE),"-") -> - | O45: =+IFERROR(VLOOKUP(C45,'ID1&5'!K:L,2,FALSE),"-") -> - | P45: =+IFERROR(VLOOKUP(CONCATENATE(A45,$C$10,C45),'ID1&5'!B:J,9,FALSE),"-") -> - | Q45: =+IFERROR(VLOOKUP(D45,'ID1&5'!K:L,2,FALSE),"-") -> - | R45: =+IFERROR(VLOOKUP(CONCATENATE(A45,$D$10,D45),'ID1&5'!B:J,9,FALSE),"-") -> - | S45: =+IFERROR(VLOOKUP(E45,'ID1&5'!K:L,2,FALSE),"-") -> - | T45: =+IFERROR(VLOOKUP(CONCATENATE(A45,$E$10,E45),'ID1&5'!B:J,9,FALSE),"-") -> - | U45: =+IFERROR(VLOOKUP(F45,'ID1&5'!K:L,2,FALSE),"-") -> - | V45: =+IFERROR(VLOOKUP(CONCATENATE(A45,$F$10,F45),'ID1&5'!B:J,9,FALSE),"-") -> - | W45: =+IFERROR(VLOOKUP(A45,'ID6&7'!A:I,9,FALSE),"-") -> - | X45: =+IFERROR(VLOOKUP(A45,'ID6&7'!A:J,10,FALSE),"-") -> - | Z45: =+IF(J45=0,"Por iniciar",IF(OR(K45="-",M45="-",P45="-",R45="-",T45="-",V45="-"),"Em testes",IF(AND(M45=0,P45=0,R45=0,T45<>K45,V45<>K45),"OK","NOK"))) -> Em testes
... A54: =+H54&I54&$I$8 -> PROTECTIONFLG_CHRNC_PHYSCL_RSK45596 | B54: {=+MAX(IF('ID1&5'!A:A='1. Status'!A54&'1. Status'!$B$10,'ID1&5'!K:K))} -> 0 | C54: {=+MAX(IF('ID1&5'!A:A='1. Status'!A54&'1. Status'!$C$10,'ID1&5'!K:K))} -> 0 | D54: {=+MAX(IF('ID1&5'!A:A='1. Status'!A54&'1. Status'!$D$10,'ID1&5'!K:K))} -> 0 | E54: {=+MAX(IF('ID1&5'!A:A='1. Status'!A54&'1. Status'!$E$10,'ID1&5'!K:K))} -> 0 | F54: {=+MAX(IF('ID1&5'!A:A='1. Status'!A54&'1. Status'!$F$10,'ID1&5'!K:K))} -> 0 | H54: PROTECTION | I54: FLG_CHRNC_PHYSCL_RSK | J54: =+COUNTIF('ID1&5'!G:G,'1. Status'!I54) -> 5 | K54: =+IFERROR(VLOOKUP(CONCATENATE(A54,$B$10,B54),'ID1&5'!B:J,8,FALSE),"-") -> - | L54: =+IFERROR(VLOOKUP(B54,'ID1&5'!K:L,2,FALSE),"-") -> - | M54: =+IFERROR(VLOOKUP(CONCATENATE(A54,$B$10,B54),'ID1&5'!B:J,9,FALSE),"-") -> - | N54: =+IFERROR(VLOOKUP(CONCATENATE(A54,$C$10,C54),'ID1&5'!B:J,8,FALSE),"-") -> - | O54: =+IFERROR(VLOOKUP(C54,'ID1&5'!K:L,2,FALSE),"-") -> - | P54: =+IFERROR(VLOOKUP(CONCATENATE(A54,$C$10,C54),'ID1&5'!B:J,9,FALSE),"-") -> - | Q54: =+IFERROR(VLOOKUP(D54,'ID1&5'!K:L,2,FALSE),"-") -> - | R54: =+IFERROR(VLOOKUP(CONCATENATE(A54,$D$10,D54),'ID1&5'!B:J,9,FALSE),"-") -> - | S54: =+IFERROR(VLOOKUP(E54,'ID1&5'!K:L,2,FALSE),"-") -> - | T54: =+IFERROR(VLOOKUP(CONCATENATE(A54,$E$10,E54),'ID1&5'!B:J,9,FALSE),"-") -> - | U54: =+IFERROR(VLOOKUP(F54,'ID1&5'!K:L,2,FALSE),"-") -> - | V54: =+IFERROR(VLOOKUP(CONCATENATE(A54,$F$10,F54),'ID1&5'!B:J,9,FALSE),"-") -> - | W54: =+IFERROR(VLOOKUP(A54,'ID6&7'!A:I,9,FALSE),"-") -> N | X54: =+IFERROR(VLOOKUP(A54,'ID6&7'!A:J,10,FALSE),"-") -> N | Z54: =+IF(J54=0,"Por iniciar",IF(OR(K54="-",M54="-",P54="-",R54="-",T54="-",V54="-"),"Em testes",IF(AND(M54=0,P54=0,R54=0,T54<>K54,V54<>K54),"OK","NOK"))) -> Em testes
A55: =+H55&I55&$I$8 -> INSTRUMENTRSK_MTGTD_CCT45596 | B55: {=+MAX(IF('ID1&5'!A:A='1. Status'!A55&'1. Status'!$B$10,'ID1&5'!K:K))} -> 2 | C55: {=+MAX(IF('ID1&5'!A:A='1. Status'!A55&'1. Status'!$C$10,'ID1&5'!K:K))} -> 2 | D55: {=+MAX(IF('ID1&5'!A:A='1. Status'!A55&'1. Status'!$D$10,'ID1&5'!K:K))} -> 2 | E55: {=+MAX(IF('ID1&5'!A:A='1. Status'!A55&'1. Status'!$E$10,'ID1&5'!K:K))} -> 2 | F55: {=+MAX(IF('ID1&5'!A:A='1. Status'!A55&'1. Status'!$F$10,'ID1&5'!K:K))} -> 2 | H55: INSTRUMENT | I55: RSK_MTGTD_CCT | J55: =+COUNTIF('ID1&5'!G:G,'1. Status'!I55) -> 5 | K55: =+IFERROR(VLOOKUP(CONCATENATE(A55,$B$10,B55),'ID1&5'!B:J,8,FALSE),"-") -> 2066889 | L55: =+IFERROR(VLOOKUP(B55,'ID1&5'!K:L,2,FALSE),"-") -> 2024-11-28 10:10:05.682076000 | M55: =+IFERROR(VLOOKUP(CONCATENATE(A55,$B$10,B55),'ID1&5'!B:J,9,FALSE),"-") -> 332 | N55: =+IFERROR(VLOOKUP(CONCATENATE(A55,$C$10,C55),'ID1&5'!B:J,8,FALSE),"-") -> 2067327 | O55: =+IFERROR(VLOOKUP(C55,'ID1&5'!K:L,2,FALSE),"-") -> 2024-11-28 10:10:05.682076000 | P55: =+IFERROR(VLOOKUP(CONCATENATE(A55,$C$10,C55),'ID1&5'!B:J,9,FALSE),"-") -> 2067327 | Q55: =+IFERROR(VLOOKUP(D55,'ID1&5'!K:L,2,FALSE),"-") -> 2024-11-28 10:10:05.682076000 | R55: =+IFERROR(VLOOKUP(CONCATENATE(A55,$D$10,D55),'ID1&5'!B:J,9,FALSE),"-") -> 0 | S55: =+IFERROR(VLOOKUP(E55,'ID1&5'!K:L,2,FALSE),"-") -> 2024-11-28 10:10:05.682076000 | T55: =+IFERROR(VLOOKUP(CONCATENATE(A55,$E$10,E55),'ID1&5'!B:J,9,FALSE),"-") -> 0 | U55: =+IFERROR(VLOOKUP(F55,'ID1&5'!K:L,2,FALSE),"-") -> 2024-11-28 10:10:05.682076000 | V55: =+IFERROR(VLOOKUP(CONCATENATE(A55,$F$10,F55),'ID1&5'!B:J,9,FALSE),"-") -> 0 | W55: =+IFERROR(VLOOKUP(A55,'ID6&7'!A:I,9,FALSE),"-") -> - | X55: =+IFERROR(VLOOKUP(A55,'ID6&7'!A:J,10,FALSE),"-") -> - | Y55: 28/11 - Os testes foram corridos para a data de referência 30/09/2024. | Z55: =+IF(J55=0,"Por iniciar",IF(OR(K55="-",M55="-",P55="-",R55="-",T55="-",V55="-"),"Em testes",IF(AND(M55=0,P55=0,R55=0,T55<>K55,V55<>K55),"OK","NOK"))) -> NOK
A56: =+H56&I56&$I$8 -> INSTRUMENTRSK_MTGTD_CCP45596 | B56: {=+MAX(IF('ID1&5'!A:A='1. Status'!A56&'1. Status'!$B$10,'ID1&5'!K:K))} -> 0 | C56: {=+MAX(IF('ID1&5'!A:A='1. Status'!A56&'1. Status'!$C$10,'ID1&5'!K:K))} -> 0 | D56: {=+MAX(IF('ID1&5'!A:A='1. Status'!A56&'1. Status'!$D$10,'ID1&5'!K:K))} -> 0 | E56: {=+MAX(IF('ID1&5'!A:A='1. Status'!A56&'1. Status'!$E$10,'ID1&5'!K:K))} -> 0 | F56: {=+MAX(IF('ID1&5'!A:A='1. Status'!A56&'1. Status'!$F$10,'ID1&5'!K:K))} -> 0 | H56: INSTRUMENT | I56: RSK_MTGTD_CCP | J56: =+COUNTIF('ID1&5'!G:G,'1. Status'!I56) -> 0 | K56: =+IFERROR(VLOOKUP(CONCATENATE(A56,$B$10,B56),'ID1&5'!B:J,8,FALSE),"-") -> - | L56: =+IFERROR(VLOOKUP(B56,'ID1&5'!K:L,2,FALSE),"-") -> - | M56: =+IFERROR(VLOOKUP(CONCATENATE(A56,$B$10,B56),'ID1&5'!B:J,9,FALSE),"-") -> - | N56: =+IFERROR(VLOOKUP(CONCATENATE(A56,$C$10,C56),'ID1&5'!B:J,8,FALSE),"-") -> - | O56: =+IFERROR(VLOOKUP(C56,'ID1&5'!K:L,2,FALSE),"-") -> - | P56: =+IFERROR(VLOOKUP(CONCATENATE(A56,$C$10,C56),'ID1&5'!B:J,9,FALSE),"-") -> - | Q56: =+IFERROR(VLOOKUP(D56,'ID1&5'!K:L,2,FALSE),"-") -> - | R56: =+IFERROR(VLOOKUP(CONCATENATE(A56,$D$10,D56),'ID1&5'!B:J,9,FALSE),"-") -> - | S56: =+IFERROR(VLOOKUP(E56,'ID1&5'!K:L,2,FALSE),"-") -> - | T56: =+IFERROR(VLOOKUP(CONCATENATE(A56,$E$10,E56),'ID1&5'!B:J,9,FALSE),"-") -> - | U56: =+IFERROR(VLOOKUP(F56,'ID1&5'!K:L,2,FALSE),"-") -> - | V56: =+IFERROR(VLOOKUP(CONCATENATE(A56,$F$10,F56),'ID1&5'!B:J,9,FALSE),"-") -> - | W56: =+IFERROR(VLOOKUP(A56,'ID6&7'!A:I,9,FALSE),"-") -> - | X56: =+IFERROR(VLOOKUP(A56,'ID6&7'!A:J,10,FALSE),"-") -> - | Z56: =+IF(J56=0,"Por iniciar",IF(OR(K56="-",M56="-",P56="-",R56="-",T56="-",V56="-"),"Em testes",IF(AND(M56=0,P56=0,R56=0,T56<>K56,V56<>K56),"OK","NOK"))) -> Por iniciar
A57: =+H57&I57&$I$8 -> INSTRUMENTENVRNMNTL_OBJCTV45596 | B57: {=+MAX(IF('ID1&5'!A:A='1. Status'!A57&'1. Status'!$B$10,'ID1&5'!K:K))} -> 0 | C57: {=+MAX(IF('ID1&5'!A:A='1. Status'!A57&'1. Status'!$C$10,'ID1&5'!K:K))} -> 0 | D57: {=+MAX(IF('ID1&5'!A:A='1. Status'!A57&'1. Status'!$D$10,'ID1&5'!K:K))} -> 0 | E57: {=+MAX(IF('ID1&5'!A:A='1. Status'!A57&'1. Status'!$E$10,'ID1&5'!K:K))} -> 0 | F57: {=+MAX(IF('ID1&5'!A:A='1. Status'!A57&'1. Status'!$F$10,'ID1&5'!K:K))} -> 0 | H57: INSTRUMENT | I57: ENVRNMNTL_OBJCTV | J57: =+COUNTIF('ID1&5'!G:G,'1. Status'!I57) -> 0 | K57: =+IFERROR(VLOOKUP(CONCATENATE(A57,$B$10,B57),'ID1&5'!B:J,8,FALSE),"-") -> - | L57: =+IFERROR(VLOOKUP(B57,'ID1&5'!K:L,2,FALSE),"-") -> - | M57: =+IFERROR(VLOOKUP(CONCATENATE(A57,$B$10,B57),'ID1&5'!B:J,9,FALSE),"-") -> - | N57: =+IFERROR(VLOOKUP(CONCATENATE(A57,$C$10,C57),'ID1&5'!B:J,8,FALSE),"-") -> - | O57: =+IFERROR(VLOOKUP(C57,'ID1&5'!K:L,2,FALSE),"-") -> - | P57: =+IFERROR(VLOOKUP(CONCATENATE(A57,$C$10,C57),'ID1&5'!B:J,9,FALSE),"-") -> - | Q57: =+IFERROR(VLOOKUP(D57,'ID1&5'!K:L,2,FALSE),"-") -> - | R57: =+IFERROR(VLOOKUP(CONCATENATE(A57,$D$10,D57),'ID1&5'!B:J,9,FALSE),"-") -> - | S57: =+IFERROR(VLOOKUP(E57,'ID1&5'!K:L,2,FALSE),"-") -> - | T57: =+IFERROR(VLOOKUP(CONCATENATE(A57,$E$10,E57),'ID1&5'!B:J,9,FALSE),"-") -> - | U57: =+IFERROR(VLOOKUP(F57,'ID1&5'!K:L,2,FALSE),"-") -> - | V57: =+IFERROR(VLOOKUP(CONCATENATE(A57,$F$10,F57),'ID1&5'!B:J,9,FALSE),"-") -> - | W57: =+IFERROR(VLOOKUP(A57,'ID6&7'!A:I,9,FALSE),"-") -> - | X57: =+IFERROR(VLOOKUP(A57,'ID6&7'!A:J,10,FALSE),"-") -> - | Z57: =+IF(J57=0,"Por iniciar",IF(OR(K57="-",M57="-",P57="-",R57="-",T57="-",V57="-"),"Em testes",IF(AND(M57=0,P57=0,R57=0,T57<>K57,V57<>K57),"OK","NOK"))) -> Por iniciar
A58: =+H58&I58&$I$8 -> INSTRUMENTTYP_ACTVTY45596 | B58: {=+MAX(IF('ID1&5'!A:A='1. Status'!A58&'1. Status'!$B$10,'ID1&5'!K:K))} -> 0 | C58: {=+MAX(IF('ID1&5'!A:A='1. Status'!A58&'1. Status'!$C$10,'ID1&5'!K:K))} -> 0 | D58: {=+MAX(IF('ID1&5'!A:A='1. Status'!A58&'1. Status'!$D$10,'ID1&5'!K:K))} -> 0 | E58: {=+MAX(IF('ID1&5'!A:A='1. Status'!A58&'1. Status'!$E$10,'ID1&5'!K:K))} -> 0 | F58: {=+MAX(IF('ID1&5'!A:A='1. Status'!A58&'1. Status'!$F$10,'ID1&5'!K:K))} -> 0 | H58: INSTRUMENT | I58: TYP_ACTVTY | J58: =+COUNTIF('ID1&5'!G:G,'1. Status'!I58) -> 0 | K58: =+IFERROR(VLOOKUP(CONCATENATE(A58,$B$10,B58),'ID1&5'!B:J,8,FALSE),"-") -> - | L58: =+IFERROR(VLOOKUP(B58,'ID1&5'!K:L,2,FALSE),"-") -> - | M58: =+IFERROR(VLOOKUP(CONCATENATE(A58,$B$10,B58),'ID1&5'!B:J,9,FALSE),"-") -> - | N58: =+IFERROR(VLOOKUP(CONCATENATE(A58,$C$10,C58),'ID1&5'!B:J,8,FALSE),"-") -> - | O58: =+IFERROR(VLOOKUP(C58,'ID1&5'!K:L,2,FALSE),"-") -> - | P58: =+IFERROR(VLOOKUP(CONCATENATE(A58,$C$10,C58),'ID1&5'!B:J,9,FALSE),"-") -> - | Q58: =+IFERROR(VLOOKUP(D58,'ID1&5'!K:L,2,FALSE),"-") -> - | R58: =+IFERROR(VLOOKUP(CONCATENATE(A58,$D$10,D58),'ID1&5'!B:J,9,FALSE),"-") -> - | S58: =+IFERROR(VLOOKUP(E58,'ID1&5'!K:L,2,FALSE),"-") -> - | T58: =+IFERROR(VLOOKUP(CONCATENATE(A58,$E$10,E58),'ID1&5'!B:J,9,FALSE),"-") -> - | U58: =+IFERROR(VLOOKUP(F58,'ID1&5'!K:L,2,FALSE),"-") -> - | V58: =+IFERROR(VLOOKUP(CONCATENATE(A58,$F$10,F58),'ID1&5'!B:J,9,FALSE),"-") -> - | W58: =+IFERROR(VLOOKUP(A58,'ID6&7'!A:I,9,FALSE),"-") -> - | X58: =+IFERROR(VLOOKUP(A58,'ID6&7'!A:J,10,FALSE),"-") -> - | Z58: =+IF(J58=0,"Por iniciar",IF(OR(K58="-",M58="-",P58="-",R58="-",T58="-",V58="-"),"Em testes",IF(AND(M58=0,P58=0,R58=0,T58<>K58,V58<>K58),"OK","NOK"))) -> Por iniciar
A59: =+H59&I59&$I$8 -> INSTRUMENTLNS_CLLTRLZD_CLSSFCTN45596 | B59: {=+MAX(IF('ID1&5'!A:A='1. Status'!A59&'1. Status'!$B$10,'ID1&5'!K:K))} -> 0 | C59: {=+MAX(IF('ID1&5'!A:A='1. Status'!A59&'1. Status'!$C$10,'ID1&5'!K:K))} -> 0 | D59: {=+MAX(IF('ID1&5'!A:A='1. Status'!A59&'1. Status'!$D$10,'ID1&5'!K:K))} -> 0 | E59: {=+MAX(IF('ID1&5'!A:A='1. Status'!A59&'1. Status'!$E$10,'ID1&5'!K:K))} -> 0 | F59: {=+MAX(IF('ID1&5'!A:A='1. Status'!A59&'1. Status'!$F$10,'ID1&5'!K:K))} -> 0 | H59: INSTRUMENT | I59: LNS_CLLTRLZD_CLSSFCTN | J59: =+COUNTIF('ID1&5'!G:G,'1. Status'!I59) -> 0 | K59: =+IFERROR(VLOOKUP(CONCATENATE(A59,$B$10,B59),'ID1&5'!B:J,8,FALSE),"-") -> - | L59: =+IFERROR(VLOOKUP(B59,'ID1&5'!K:L,2,FALSE),"-") -> - | M59: =+IFERROR(VLOOKUP(CONCATENATE(A59,$B$10,B59),'ID1&5'!B:J,9,FALSE),"-") -> - | N59: =+IFERROR(VLOOKUP(CONCATENATE(A59,$C$10,C59),'ID1&5'!B:J,8,FALSE),"-") -> - | O59: =+IFERROR(VLOOKUP(C59,'ID1&5'!K:L,2,FALSE),"-") -> - | P59: =+IFERROR(VLOOKUP(CONCATENATE(A59,$C$10,C59),'ID1&5'!B:J,9,FALSE),"-") -> - | Q59: =+IFERROR(VLOOKUP(D59,'ID1&5'!K:L,2,FALSE),"-") -> - | R59: =+IFERROR(VLOOKUP(CONCATENATE(A59,$D$10,D59),'ID1&5'!B:J,9,FALSE),"-") -> - | S59: =+IFERROR(VLOOKUP(E59,'ID1&5'!K:L,2,FALSE),"-") -> - | T59: =+IFERROR(VLOOKUP(CONCATENATE(A59,$E$10,E59),'ID1&5'!B:J,9,FALSE),"-") -> - | U59: =+IFERROR(VLOOKUP(F59,'ID1&5'!K:L,2,FALSE),"-") -> - | V59: =+IFERROR(VLOOKUP(CONCATENATE(A59,$F$10,F59),'ID1&5'!B:J,9,FALSE),"-") -> - | W59: =+IFERROR(VLOOKUP(A59,'ID6&7'!A:I,9,FALSE),"-") -> - | X59: =+IFERROR(VLOOKUP(A59,'ID6&7'!A:J,10,FALSE),"-") -> - | Z59: =+IF(J59=0,"Por iniciar",IF(OR(K59="-",M59="-",P59="-",R59="-",T59="-",V59="-"),"Em testes",IF(AND(M59=0,P59=0,R59=0,T59<>K59,V59<>K59),"OK","NOK"))) -> Por iniciar
A60: =+H60&I60&$I$8 -> INSTRUMENTMTHD_USD_INSTRMNT_SCP_145596 | B60: {=+MAX(IF('ID1&5'!A:A='1. Status'!A60&'1. Status'!$B$10,'ID1&5'!K:K))} -> 0 | C60: {=+MAX(IF('ID1&5'!A:A='1. Status'!A60&'1. Status'!$C$10,'ID1&5'!K:K))} -> 0 | D60: {=+MAX(IF('ID1&5'!A:A='1. Status'!A60&'1. Status'!$D$10,'ID1&5'!K:K))} -> 0 | E60: {=+MAX(IF('ID1&5'!A:A='1. Status'!A60&'1. Status'!$E$10,'ID1&5'!K:K))} -> 0 | F60: {=+MAX(IF('ID1&5'!A:A='1. Status'!A60&'1. Status'!$F$10,'ID1&5'!K:K))} -> 0 | H60: INSTRUMENT | I60: MTHD_USD_INSTRMNT_SCP_1 | J60: =+COUNTIF('ID1&5'!G:G,'1. Status'!I60) -> 0 | K60: =+IFERROR(VLOOKUP(CONCATENATE(A60,$B$10,B60),'ID1&5'!B:J,8,FALSE),"-") -> - | L60: =+IFERROR(VLOOKUP(B60,'ID1&5'!K:L,2,FALSE),"-") -> - | M60: =+IFERROR(VLOOKUP(CONCATENATE(A60,$B$10,B60),'ID1&5'!B:J,9,FALSE),"-") -> - | N60: =+IFERROR(VLOOKUP(CONCATENATE(A60,$C$10,C60),'ID1&5'!B:J,8,FALSE),"-") -> - | O60: =+IFERROR(VLOOKUP(C60,'ID1&5'!K:L,2,FALSE),"-") -> - | P60: =+IFERROR(VLOOKUP(CONCATENATE(A60,$C$10,C60),'ID1&5'!B:J,9,FALSE),"-") -> - | Q60: =+IFERROR(VLOOKUP(D60,'ID1&5'!K:L,2,FALSE),"-") -> - | R60: =+IFERROR(VLOOKUP(CONCATENATE(A60,$D$10,D60),'ID1&5'!B:J,9,FALSE),"-") -> - | S60: =+IFERROR(VLOOKUP(E60,'ID1&5'!K:L,2,FALSE),"-") -> - | T60: =+IFERROR(VLOOKUP(CONCATENATE(A60,$E$10,E60),'ID1&5'!B:J,9,FALSE),"-") -> - | U60: =+IFERROR(VLOOKUP(F60,'ID1&5'!K:L,2,FALSE),"-") -> - | V60: =+IFERROR(VLOOKUP(CONCATENATE(A60,$F$10,F60),'ID1&5'!B:J,9,FALSE),"-") -> - | W60: =+IFERROR(VLOOKUP(A60,'ID6&7'!A:I,9,FALSE),"-") -> - | X60: =+IFERROR(VLOOKUP(A60,'ID6&7'!A:J,10,FALSE),"-") -> - | Z60: =+IF(J60=0,"Por iniciar",IF(OR(K60="-",M60="-",P60="-",R60="-",T60="-",V60="-"),"Em testes",IF(AND(M60=0,P60=0,R60=0,T60<>K60,V60<>K60),"OK","NOK"))) -> Por iniciar
A61: =+H61&I61&$I$8 -> INSTRUMENTMTHD_USD_INSTRMNT_SCP_245596 | B61: {=+MAX(IF('ID1&5'!A:A='1. Status'!A61&'1. Status'!$B$10,'ID1&5'!K:K))} -> 0 | C61: {=+MAX(IF('ID1&5'!A:A='1. Status'!A61&'1. Status'!$C$10,'ID1&5'!K:K))} -> 0 | D61: {=+MAX(IF('ID1&5'!A:A='1. Status'!A61&'1. Status'!$D$10,'ID1&5'!K:K))} -> 0 | E61: {=+MAX(IF('ID1&5'!A:A='1. Status'!A61&'1. Status'!$E$10,'ID1&5'!K:K))} -> 0 | F61: {=+MAX(IF('ID1&5'!A:A='1. Status'!A61&'1. Status'!$F$10,'ID1&5'!K:K))} -> 0 | H61: INSTRUMENT | I61: MTHD_USD_INSTRMNT_SCP_2 | J61: =+COUNTIF('ID1&5'!G:G,'1. Status'!I61) -> 0 | K61: =+IFERROR(VLOOKUP(CONCATENATE(A61,$B$10,B61),'ID1&5'!B:J,8,FALSE),"-") -> - | L61: =+IFERROR(VLOOKUP(B61,'ID1&5'!K:L,2,FALSE),"-") -> - | M61: =+IFERROR(VLOOKUP(CONCATENATE(A61,$B$10,B61),'ID1&5'!B:J,9,FALSE),"-") -> - | N61: =+IFERROR(VLOOKUP(CONCATENATE(A61,$C$10,C61),'ID1&5'!B:J,8,FALSE),"-") -> - | O61: =+IFERROR(VLOOKUP(C61,'ID1&5'!K:L,2,FALSE),"-") -> - | P61: =+IFERROR(VLOOKUP(CONCATENATE(A61,$C$10,C61),'ID1&5'!B:J,9,FALSE),"-") -> - | Q61: =+IFERROR(VLOOKUP(D61,'ID1&5'!K:L,2,FALSE),"-") -> - | R61: =+IFERROR(VLOOKUP(CONCATENATE(A61,$D$10,D61),'ID1&5'!B:J,9,FALSE),"-") -> - | S61: =+IFERROR(VLOOKUP(E61,'ID1&5'!K:L,2,FALSE),"-") -> - | T61: =+IFERROR(VLOOKUP(CONCATENATE(A61,$E$10,E61),'ID1&5'!B:J,9,FALSE),"-") -> - | U61: =+IFERROR(VLOOKUP(F61,'ID1&5'!K:L,2,FALSE),"-") -> - | V61: =+IFERROR(VLOOKUP(CONCATENATE(A61,$F$10,F61),'ID1&5'!B:J,9,FALSE),"-") -> - | W61: =+IFERROR(VLOOKUP(A61,'ID6&7'!A:I,9,FALSE),"-") -> - | X61: =+IFERROR(VLOOKUP(A61,'ID6&7'!A:J,10,FALSE),"-") -> - | Z61: =+IF(J61=0,"Por iniciar",IF(OR(K61="-",M61="-",P61="-",R61="-",T61="-",V61="-"),"Em testes",IF(AND(M61=0,P61=0,R61=0,T61<>K61,V61<>K61),"OK","NOK"))) -> Por iniciar
A62: =+H62&I62&$I$8 -> INSTRUMENTMTHD_USD_INSTRMNT_SCP_345596 | B62: {=+MAX(IF('ID1&5'!A:A='1. Status'!A62&'1. Status'!$B$10,'ID1&5'!K:K))} -> 0 | C62: {=+MAX(IF('ID1&5'!A:A='1. Status'!A62&'1. Status'!$C$10,'ID1&5'!K:K))} -> 0 | D62: {=+MAX(IF('ID1&5'!A:A='1. Status'!A62&'1. Status'!$D$10,'ID1&5'!K:K))} -> 0 | E62: {=+MAX(IF('ID1&5'!A:A='1. Status'!A62&'1. Status'!$E$10,'ID1&5'!K:K))} -> 0 | F62: {=+MAX(IF('ID1&5'!A:A='1. Status'!A62&'1. Status'!$F$10,'ID1&5'!K:K))} -> 0 | H62: INSTRUMENT | I62: MTHD_USD_INSTRMNT_SCP_3 | J62: =+COUNTIF('ID1&5'!G:G,'1. Status'!I62) -> 0 | K62: =+IFERROR(VLOOKUP(CONCATENATE(A62,$B$10,B62),'ID1&5'!B:J,8,FALSE),"-") -> - | L62: =+IFERROR(VLOOKUP(B62,'ID1&5'!K:L,2,FALSE),"-") -> - | M62: =+IFERROR(VLOOKUP(CONCATENATE(A62,$B$10,B62),'ID1&5'!B:J,9,FALSE),"-") -> - | N62: =+IFERROR(VLOOKUP(CONCATENATE(A62,$C$10,C62),'ID1&5'!B:J,8,FALSE),"-") -> - | O62: =+IFERROR(VLOOKUP(C62,'ID1&5'!K:L,2,FALSE),"-") -> - | P62: =+IFERROR(VLOOKUP(CONCATENATE(A62,$C$10,C62),'ID1&5'!B:J,9,FALSE),"-") -> - | Q62: =+IFERROR(VLOOKUP(D62,'ID1&5'!K:L,2,FALSE),"-") -> - | R62: =+IFERROR(VLOOKUP(CONCATENATE(A62,$D$10,D62),'ID1&5'!B:J,9,FALSE),"-") -> - | S62: =+IFERROR(VLOOKUP(E62,'ID1&5'!K:L,2,FALSE),"-") -> - | T62: =+IFERROR(VLOOKUP(CONCATENATE(A62,$E$10,E62),'ID1&5'!B:J,9,FALSE),"-") -> - | U62: =+IFERROR(VLOOKUP(F62,'ID1&5'!K:L,2,FALSE),"-") -> - | V62: =+IFERROR(VLOOKUP(CONCATENATE(A62,$F$10,F62),'ID1&5'!B:J,9,FALSE),"-") -> - | W62: =+IFERROR(VLOOKUP(A62,'ID6&7'!A:I,9,FALSE),"-") -> - | X62: =+IFERROR(VLOOKUP(A62,'ID6&7'!A:J,10,FALSE),"-") -> - | Z62: =+IF(J62=0,"Por iniciar",IF(OR(K62="-",M62="-",P62="-",R62="-",T62="-",V62="-"),"Em testes",IF(AND(M62=0,P62=0,R62=0,T62<>K62,V62<>K62),"OK","NOK"))) -> Por iniciar
A63: =+H63&I63&$I$8 -> INSTRUMENTSSTNBL_CTGRY_TXNMY45596 | B63: {=+MAX(IF('ID1&5'!A:A='1. Status'!A63&'1. Status'!$B$10,'ID1&5'!K:K))} -> 3 | C63: {=+MAX(IF('ID1&5'!A:A='1. Status'!A63&'1. Status'!$C$10,'ID1&5'!K:K))} -> 0 | D63: {=+MAX(IF('ID1&5'!A:A='1. Status'!A63&'1. Status'!$D$10,'ID1&5'!K:K))} -> 0 | E63: {=+MAX(IF('ID1&5'!A:A='1. Status'!A63&'1. Status'!$E$10,'ID1&5'!K:K))} -> 0 | F63: {=+MAX(IF('ID1&5'!A:A='1. Status'!A63&'1. Status'!$F$10,'ID1&5'!K:K))} -> 0 | H63: INSTRUMENT | I63: SSTNBL_CTGRY_TXNMY | J63: =+COUNTIF('ID1&5'!G:G,'1. Status'!I63) -> 1 | K63: =+IFERROR(VLOOKUP(CONCATENATE(A63,$B$10,B63),'ID1&5'!B:J,8,FALSE),"-") -> 2066889 | L63: =+IFERROR(VLOOKUP(B63,'ID1&5'!K:L,2,FALSE),"-") -> 2024-11-28 12:34:29.503069000 | M63: =+IFERROR(VLOOKUP(CONCATENATE(A63,$B$10,B63),'ID1&5'!B:J,9,FALSE),"-") -> 332 | N63: =+IFERROR(VLOOKUP(CONCATENATE(A63,$C$10,C63),'ID1&5'!B:J,8,FALSE),"-") -> - | O63: =+IFERROR(VLOOKUP(C63,'ID1&5'!K:L,2,FALSE),"-") -> - | P63: =+IFERROR(VLOOKUP(CONCATENATE(A63,$C$10,C63),'ID1&5'!B:J,9,FALSE),"-") -> - | Q63: =+IFERROR(VLOOKUP(D63,'ID1&5'!K:L,2,FALSE),"-") -> - | R63: =+IFERROR(VLOOKUP(CONCATENATE(A63,$D$10,D63),'ID1&5'!B:J,9,FALSE),"-") -> - | S63: =+IFERROR(VLOOKUP(E63,'ID1&5'!K:L,2,FALSE),"-") -> - | T63: =+IFERROR(VLOOKUP(CONCATENATE(A63,$E$10,E63),'ID1&5'!B:J,9,FALSE),"-") -> - | U63: =+IFERROR(VLOOKUP(F63,'ID1&5'!K:L,2,FALSE),"-") -> - | V63: =+IFERROR(VLOOKUP(CONCATENATE(A63,$F$10,F63),'ID1&5'!B:J,9,FALSE),"-") -> - | W63: =+IFERROR(VLOOKUP(A63,'ID6&7'!A:I,9,FALSE),"-") -> - | X63: =+IFERROR(VLOOKUP(A63,'ID6&7'!A:J,10,FALSE),"-") -> - | Y63: 28/11 - Os testes foram corridos para a data de referência 30/09/2024. | Z63: =+IF(J63=0,"Por iniciar",IF(OR(K63="-",M63="-",P63="-",R63="-",T63="-",V63="-"),"Em testes",IF(AND(M63=0,P63=0,R63=0,T63<>K63,V63<>K63),"OK","NOK"))) -> Em testes
A64: =+H64&I64&$I$8 -> INSTRUMENTDT_RFRNC45596 | B64: {=+MAX(IF('ID1&5'!A:A='1. Status'!A64&'1. Status'!$B$10,'ID1&5'!K:K))} -> 0 | C64: {=+MAX(IF('ID1&5'!A:A='1. Status'!A64&'1. Status'!$C$10,'ID1&5'!K:K))} -> 0 | D64: {=+MAX(IF('ID1&5'!A:A='1. Status'!A64&'1. Status'!$D$10,'ID1&5'!K:K))} -> 0 | E64: {=+MAX(IF('ID1&5'!A:A='1. Status'!A64&'1. Status'!$E$10,'ID1&5'!K:K))} -> 0 | F64: {=+MAX(IF('ID1&5'!A:A='1. Status'!A64&'1. Status'!$F$10,'ID1&5'!K:K))} -> 0 | H64: INSTRUMENT | I64: DT_RFRNC | J64: =+COUNTIF('ID1&5'!G:G,'1. Status'!I64) -> 0 | K64: =+IFERROR(VLOOKUP(CONCATENATE(A64,$B$10,B64),'ID1&5'!B:J,8,FALSE),"-") -> - | L64: =+IFERROR(VLOOKUP(B64,'ID1&5'!K:L,2,FALSE),"-") -> - | M64: =+IFERROR(VLOOKUP(CONCATENATE(A64,$B$10,B64),'ID1&5'!B:J,9,FALSE),"-") -> - | N64: =+IFERROR(VLOOKUP(CONCATENATE(A64,$C$10,C64),'ID1&5'!B:J,8,FALSE),"-") -> - | O64: =+IFERROR(VLOOKUP(C64,'ID1&5'!K:L,2,FALSE),"-") -> - | P64: =+IFERROR(VLOOKUP(CONCATENATE(A64,$C$10,C64),'ID1&5'!B:J,9,FALSE),"-") -> - | Q64: =+IFERROR(VLOOKUP(D64,'ID1&5'!K:L,2,FALSE),"-") -> - | R64: =+IFERROR(VLOOKUP(CONCATENATE(A64,$D$10,D64),'ID1&5'!B:J,9,FALSE),"-") -> - | S64: =+IFERROR(VLOOKUP(E64,'ID1&5'!K:L,2,FALSE),"-") -> - | T64: =+IFERROR(VLOOKUP(CONCATENATE(A64,$E$10,E64),'ID1&5'!B:J,9,FALSE),"-") -> - | U64: =+IFERROR(VLOOKUP(F64,'ID1&5'!K:L,2,FALSE),"-") -> - | V64: =+IFERROR(VLOOKUP(CONCATENATE(A64,$F$10,F64),'ID1&5'!B:J,9,FALSE),"-") -> - | W64: =+IFERROR(VLOOKUP(A64,'ID6&7'!A:I,9,FALSE),"-") -> - | X64: =+IFERROR(VLOOKUP(A64,'ID6&7'!A:J,10,FALSE),"-") -> - | Z64: =+IF(J64=0,"Por iniciar",IF(OR(K64="-",M64="-",P64="-",R64="-",T64="-",V64="-"),"Em testes",IF(AND(M64=0,P64=0,R64=0,T64<>K64,V64<>K64),"OK","NOK"))) -> Por iniciar
A65: =+H65&I65&$I$8 -> INSTRUMENTINSTRMNT_ID45596 | B65: {=+MAX(IF('ID1&5'!A:A='1. Status'!A65&'1. Status'!$B$10,'ID1&5'!K:K))} -> 0 | C65: {=+MAX(IF('ID1&5'!A:A='1. Status'!A65&'1. Status'!$C$10,'ID1&5'!K:K))} -> 0 | D65: {=+MAX(IF('ID1&5'!A:A='1. Status'!A65&'1. Status'!$D$10,'ID1&5'!K:K))} -> 0 | E65: {=+MAX(IF('ID1&5'!A:A='1. Status'!A65&'1. Status'!$E$10,'ID1&5'!K:K))} -> 0 | F65: {=+MAX(IF('ID1&5'!A:A='1. Status'!A65&'1. Status'!$F$10,'ID1&5'!K:K))} -> 0 | H65: INSTRUMENT | I65: INSTRMNT_ID | J65: =+COUNTIF('ID1&5'!G:G,'1. Status'!I65) -> 0 | K65: =+IFERROR(VLOOKUP(CONCATENATE(A65,$B$10,B65),'ID1&5'!B:J,8,FALSE),"-") -> - | L65: =+IFERROR(VLOOKUP(B65,'ID1&5'!K:L,2,FALSE),"-") -> - | M65: =+IFERROR(VLOOKUP(CONCATENATE(A65,$B$10,B65),'ID1&5'!B:J,9,FALSE),"-") -> - | N65: =+IFERROR(VLOOKUP(CONCATENATE(A65,$C$10,C65),'ID1&5'!B:J,8,FALSE),"-") -> - | O65: =+IFERROR(VLOOKUP(C65,'ID1&5'!K:L,2,FALSE),"-") -> - | P65: =+IFERROR(VLOOKUP(CONCATENATE(A65,$C$10,C65),'ID1&5'!B:J,9,FALSE),"-") -> - | Q65: =+IFERROR(VLOOKUP(D65,'ID1&5'!K:L,2,FALSE),"-") -> - | R65: =+IFERROR(VLOOKUP(CONCATENATE(A65,$D$10,D65),'ID1&5'!B:J,9,FALSE),"-") -> - | S65: =+IFERROR(VLOOKUP(E65,'ID1&5'!K:L,2,FALSE),"-") -> - | T65: =+IFERROR(VLOOKUP(CONCATENATE(A65,$E$10,E65),'ID1&5'!B:J,9,FALSE),"-") -> - | U65: =+IFERROR(VLOOKUP(F65,'ID1&5'!K:L,2,FALSE),"-") -> - | V65: =+IFERROR(VLOOKUP(CONCATENATE(A65,$F$10,F65),'ID1&5'!B:J,9,FALSE),"-") -> - | W65: =+IFERROR(VLOOKUP(A65,'ID6&7'!A:I,9,FALSE),"-") -> - | X65: =+IFERROR(VLOOKUP(A65,'ID6&7'!A:J,10,FALSE),"-") -> - | Z65: =+IF(J65=0,"Por iniciar",IF(OR(K65="-",M65="-",P65="-",R65="-",T65="-",V65="-"),"Em testes",IF(AND(M65=0,P65=0,R65=0,T65<>K65,V65<>K65),"OK","NOK"))) -> Por iniciar
A66: =+H66&I66&$I$8 -> INSTRUMENTDT_INCPTN45596 | B66: {=+MAX(IF('ID1&5'!A:A='1. Status'!A66&'1. Status'!$B$10,'ID1&5'!K:K))} -> 0 | C66: {=+MAX(IF('ID1&5'!A:A='1. Status'!A66&'1. Status'!$C$10,'ID1&5'!K:K))} -> 0 | D66: {=+MAX(IF('ID1&5'!A:A='1. Status'!A66&'1. Status'!$D$10,'ID1&5'!K:K))} -> 0 | E66: {=+MAX(IF('ID1&5'!A:A='1. Status'!A66&'1. Status'!$E$10,'ID1&5'!K:K))} -> 0 | F66: {=+MAX(IF('ID1&5'!A:A='1. Status'!A66&'1. Status'!$F$10,'ID1&5'!K:K))} -> 0 | H66: INSTRUMENT | I66: DT_INCPTN | J66: =+COUNTIF('ID1&5'!G:G,'1. Status'!I66) -> 0 | K66: =+IFERROR(VLOOKUP(CONCATENATE(A66,$B$10,B66),'ID1&5'!B:J,8,FALSE),"-") -> - | L66: =+IFERROR(VLOOKUP(B66,'ID1&5'!K:L,2,FALSE),"-") -> - | M66: =+IFERROR(VLOOKUP(CONCATENATE(A66,$B$10,B66),'ID1&5'!B:J,9,FALSE),"-") -> - | N66: =+IFERROR(VLOOKUP(CONCATENATE(A66,$C$10,C66),'ID1&5'!B:J,8,FALSE),"-") -> - | O66: =+IFERROR(VLOOKUP(C66,'ID1&5'!K:L,2,FALSE),"-") -> - | P66: =+IFERROR(VLOOKUP(CONCATENATE(A66,$C$10,C66),'ID1&5'!B:J,9,FALSE),"-") -> - | Q66: =+IFERROR(VLOOKUP(D66,'ID1&5'!K:L,2,FALSE),"-") -> - | R66: =+IFERROR(VLOOKUP(CONCATENATE(A66,$D$10,D66),'ID1&5'!B:J,9,FALSE),"-") -> - | S66: =+IFERROR(VLOOKUP(E66,'ID1&5'!K:L,2,FALSE),"-") -> - | T66: =+IFERROR(VLOOKUP(CONCATENATE(A66,$E$10,E66),'ID1&5'!B:J,9,FALSE),"-") -> - | U66: =+IFERROR(VLOOKUP(F66,'ID1&5'!K:L,2,FALSE),"-") -> - | V66: =+IFERROR(VLOOKUP(CONCATENATE(A66,$F$10,F66),'ID1&5'!B:J,9,FALSE),"-") -> - | W66: =+IFERROR(VLOOKUP(A66,'ID6&7'!A:I,9,FALSE),"-") -> - | X66: =+IFERROR(VLOOKUP(A66,'ID6&7'!A:J,10,FALSE),"-") -> - | Z66: =+IF(J66=0,"Por iniciar",IF(OR(K66="-",M66="-",P66="-",R66="-",T66="-",V66="-"),"Em testes",IF(AND(M66=0,P66=0,R66=0,T66<>K66,V66<>K66),"OK","NOK"))) -> Por iniciar
A67: =+H67&I67&$I$8 -> INSTRUMENTDFLT_STTS_INSTRMNT45596 | B67: {=+MAX(IF('ID1&5'!A:A='1. Status'!A67&'1. Status'!$B$10,'ID1&5'!K:K))} -> 0 | C67: {=+MAX(IF('ID1&5'!A:A='1. Status'!A67&'1. Status'!$C$10,'ID1&5'!K:K))} -> 0 | D67: {=+MAX(IF('ID1&5'!A:A='1. Status'!A67&'1. Status'!$D$10,'ID1&5'!K:K))} -> 0 | E67: {=+MAX(IF('ID1&5'!A:A='1. Status'!A67&'1. Status'!$E$10,'ID1&5'!K:K))} -> 0 | F67: {=+MAX(IF('ID1&5'!A:A='1. Status'!A67&'1. Status'!$F$10,'ID1&5'!K:K))} -> 0 | H67: INSTRUMENT | I67: DFLT_STTS_INSTRMNT | J67: =+COUNTIF('ID1&5'!G:G,'1. Status'!I67) -> 0 | K67: =+IFERROR(VLOOKUP(CONCATENATE(A67,$B$10,B67),'ID1&5'!B:J,8,FALSE),"-") -> - | L67: =+IFERROR(VLOOKUP(B67,'ID1&5'!K:L,2,FALSE),"-") -> - | M67: =+IFERROR(VLOOKUP(CONCATENATE(A67,$B$10,B67),'ID1&5'!B:J,9,FALSE),"-") -> - | N67: =+IFERROR(VLOOKUP(CONCATENATE(A67,$C$10,C67),'ID1&5'!B:J,8,FALSE),"-") -> - | O67: =+IFERROR(VLOOKUP(C67,'ID1&5'!K:L,2,FALSE),"-") -> - | P67: =+IFERROR(VLOOKUP(CONCATENATE(A67,$C$10,C67),'ID1&5'!B:J,9,FALSE),"-") -> - | Q67: =+IFERROR(VLOOKUP(D67,'ID1&5'!K:L,2,FALSE),"-") -> - | R67: =+IFERROR(VLOOKUP(CONCATENATE(A67,$D$10,D67),'ID1&5'!B:J,9,FALSE),"-") -> - | S67: =+IFERROR(VLOOKUP(E67,'ID1&5'!K:L,2,FALSE),"-") -> - | T67: =+IFERROR(VLOOKUP(CONCATENATE(A67,$E$10,E67),'ID1&5'!B:J,9,FALSE),"-") -> - | U67: =+IFERROR(VLOOKUP(F67,'ID1&5'!K:L,2,FALSE),"-") -> - | V67: =+IFERROR(VLOOKUP(CONCATENATE(A67,$F$10,F67),'ID1&5'!B:J,9,FALSE),"-") -> - | W67: =+IFERROR(VLOOKUP(A67,'ID6&7'!A:I,9,FALSE),"-") -> - | X67: =+IFERROR(VLOOKUP(A67,'ID6&7'!A:J,10,FALSE),"-") -> - | Z67: =+IF(J67=0,"Por iniciar",IF(OR(K67="-",M67="-",P67="-",R67="-",T67="-",V67="-"),"Em testes",IF(AND(M67=0,P67=0,R67=0,T67<>K67,V67<>K67),"OK","NOK"))) -> Por iniciar
A68: =+H68&I68&$I$8 -> INSTRUMENTIMPRMNT_STTS45596 | B68: {=+MAX(IF('ID1&5'!A:A='1. Status'!A68&'1. Status'!$B$10,'ID1&5'!K:K))} -> 0 | C68: {=+MAX(IF('ID1&5'!A:A='1. Status'!A68&'1. Status'!$C$10,'ID1&5'!K:K))} -> 0 | D68: {=+MAX(IF('ID1&5'!A:A='1. Status'!A68&'1. Status'!$D$10,'ID1&5'!K:K))} -> 0 | E68: {=+MAX(IF('ID1&5'!A:A='1. Status'!A68&'1. Status'!$E$10,'ID1&5'!K:K))} -> 0 | F68: {=+MAX(IF('ID1&5'!A:A='1. Status'!A68&'1. Status'!$F$10,'ID1&5'!K:K))} -> 0 | H68: INSTRUMENT | I68: IMPRMNT_STTS | J68: =+COUNTIF('ID1&5'!G:G,'1. Status'!I68) -> 0 | K68: =+IFERROR(VLOOKUP(CONCATENATE(A68,$B$10,B68),'ID1&5'!B:J,8,FALSE),"-") -> - | L68: =+IFERROR(VLOOKUP(B68,'ID1&5'!K:L,2,FALSE),"-") -> - | M68: =+IFERROR(VLOOKUP(CONCATENATE(A68,$B$10,B68),'ID1&5'!B:J,9,FALSE),"-") -> - | N68: =+IFERROR(VLOOKUP(CONCATENATE(A68,$C$10,C68),'ID1&5'!B:J,8,FALSE),"-") -> - | O68: =+IFERROR(VLOOKUP(C68,'ID1&5'!K:L,2,FALSE),"-") -> - | P68: =+IFERROR(VLOOKUP(CONCATENATE(A68,$C$10,C68),'ID1&5'!B:J,9,FALSE),"-") -> - | Q68: =+IFERROR(VLOOKUP(D68,'ID1&5'!K:L,2,FALSE),"-") -> - | R68: =+IFERROR(VLOOKUP(CONCATENATE(A68,$D$10,D68),'ID1&5'!B:J,9,FALSE),"-") -> - | S68: =+IFERROR(VLOOKUP(E68,'ID1&5'!K:L,2,FALSE),"-") -> - | T68: =+IFERROR(VLOOKUP(CONCATENATE(A68,$E$10,E68),'ID1&5'!B:J,9,FALSE),"-") -> - | U68: =+IFERROR(VLOOKUP(F68,'ID1&5'!K:L,2,FALSE),"-") -> - | V68: =+IFERROR(VLOOKUP(CONCATENATE(A68,$F$10,F68),'ID1&5'!B:J,9,FALSE),"-") -> - | W68: =+IFERROR(VLOOKUP(A68,'ID6&7'!A:I,9,FALSE),"-") -> - | X68: =+IFERROR(VLOOKUP(A68,'ID6&7'!A:J,10,FALSE),"-") -> - | Z68: =+IF(J68=0,"Por iniciar",IF(OR(K68="-",M68="-",P68="-",R68="-",T68="-",V68="-"),"Em testes",IF(AND(M68=0,P68=0,R68=0,T68<>K68,V68<>K68),"OK","NOK"))) -> Por iniciar
A69: =+H69&I69&$I$8 -> INSTRUMENTPRFRMNG_STTS45596 | B69: {=+MAX(IF('ID1&5'!A:A='1. Status'!A69&'1. Status'!$B$10,'ID1&5'!K:K))} -> 0 | C69: {=+MAX(IF('ID1&5'!A:A='1. Status'!A69&'1. Status'!$C$10,'ID1&5'!K:K))} -> 0 | D69: {=+MAX(IF('ID1&5'!A:A='1. Status'!A69&'1. Status'!$D$10,'ID1&5'!K:K))} -> 0 | E69: {=+MAX(IF('ID1&5'!A:A='1. Status'!A69&'1. Status'!$E$10,'ID1&5'!K:K))} -> 0 | F69: {=+MAX(IF('ID1&5'!A:A='1. Status'!A69&'1. Status'!$F$10,'ID1&5'!K:K))} -> 0 | H69: INSTRUMENT | I69: PRFRMNG_STTS | J69: =+COUNTIF('ID1&5'!G:G,'1. Status'!I69) -> 0 | K69: =+IFERROR(VLOOKUP(CONCATENATE(A69,$B$10,B69),'ID1&5'!B:J,8,FALSE),"-") -> - | L69: =+IFERROR(VLOOKUP(B69,'ID1&5'!K:L,2,FALSE),"-") -> - | M69: =+IFERROR(VLOOKUP(CONCATENATE(A69,$B$10,B69),'ID1&5'!B:J,9,FALSE),"-") -> - | N69: =+IFERROR(VLOOKUP(CONCATENATE(A69,$C$10,C69),'ID1&5'!B:J,8,FALSE),"-") -> - | O69: =+IFERROR(VLOOKUP(C69,'ID1&5'!K:L,2,FALSE),"-") -> - | P69: =+IFERROR(VLOOKUP(CONCATENATE(A69,$C$10,C69),'ID1&5'!B:J,9,FALSE),"-") -> - | Q69: =+IFERROR(VLOOKUP(D69,'ID1&5'!K:L,2,FALSE),"-") -> - | R69: =+IFERROR(VLOOKUP(CONCATENATE(A69,$D$10,D69),'ID1&5'!B:J,9,FALSE),"-") -> - | S69: =+IFERROR(VLOOKUP(E69,'ID1&5'!K:L,2,FALSE),"-") -> - | T69: =+IFERROR(VLOOKUP(CONCATENATE(A69,$E$10,E69),'ID1&5'!B:J,9,FALSE),"-") -> - | U69: =+IFERROR(VLOOKUP(F69,'ID1&5'!K:L,2,FALSE),"-") -> - | V69: =+IFERROR(VLOOKUP(CONCATENATE(A69,$F$10,F69),'ID1&5'!B:J,9,FALSE),"-") -> - | W69: =+IFERROR(VLOOKUP(A69,'ID6&7'!A:I,9,FALSE),"-") -> - | X69: =+IFERROR(VLOOKUP(A69,'ID6&7'!A:J,10,FALSE),"-") -> - | Z69: =+IF(J69=0,"Por iniciar",IF(OR(K69="-",M69="-",P69="-",R69="-",T69="-",V69="-"),"Em testes",IF(AND(M69=0,P69=0,R69=0,T69<>K69,V69<>K69),"OK","NOK"))) -> Por iniciar
A70: =+H70&I70&$I$8 -> INSTRUMENTPRJCT_FNNC_LN45596 | B70: {=+MAX(IF('ID1&5'!A:A='1. Status'!A70&'1. Status'!$B$10,'ID1&5'!K:K))} -> 0 | C70: {=+MAX(IF('ID1&5'!A:A='1. Status'!A70&'1. Status'!$C$10,'ID1&5'!K:K))} -> 0 | D70: {=+MAX(IF('ID1&5'!A:A='1. Status'!A70&'1. Status'!$D$10,'ID1&5'!K:K))} -> 0 | E70: {=+MAX(IF('ID1&5'!A:A='1. Status'!A70&'1. Status'!$E$10,'ID1&5'!K:K))} -> 0 | F70: {=+MAX(IF('ID1&5'!A:A='1. Status'!A70&'1. Status'!$F$10,'ID1&5'!K:K))} -> 0 | H70: INSTRUMENT | I70: PRJCT_FNNC_LN | J70: =+COUNTIF('ID1&5'!G:G,'1. Status'!I70) -> 0 | K70: =+IFERROR(VLOOKUP(CONCATENATE(A70,$B$10,B70),'ID1&5'!B:J,8,FALSE),"-") -> - | L70: =+IFERROR(VLOOKUP(B70,'ID1&5'!K:L,2,FALSE),"-") -> - | M70: =+IFERROR(VLOOKUP(CONCATENATE(A70,$B$10,B70),'ID1&5'!B:J,9,FALSE),"-") -> - | N70: =+IFERROR(VLOOKUP(CONCATENATE(A70,$C$10,C70),'ID1&5'!B:J,8,FALSE),"-") -> - | O70: =+IFERROR(VLOOKUP(C70,'ID1&5'!K:L,2,FALSE),"-") -> - | P70: =+IFERROR(VLOOKUP(CONCATENATE(A70,$C$10,C70),'ID1&5'!B:J,9,FALSE),"-") -> - | Q70: =+IFERROR(VLOOKUP(D70,'ID1&5'!K:L,2,FALSE),"-") -> - | R70: =+IFERROR(VLOOKUP(CONCATENATE(A70,$D$10,D70),'ID1&5'!B:J,9,FALSE),"-") -> - | S70: =+IFERROR(VLOOKUP(E70,'ID1&5'!K:L,2,FALSE),"-") -> - | T70: =+IFERROR(VLOOKUP(CONCATENATE(A70,$E$10,E70),'ID1&5'!B:J,9,FALSE),"-") -> - | U70: =+IFERROR(VLOOKUP(F70,'ID1&5'!K:L,2,FALSE),"-") -> - | V70: =+IFERROR(VLOOKUP(CONCATENATE(A70,$F$10,F70),'ID1&5'!B:J,9,FALSE),"-") -> - | W70: =+IFERROR(VLOOKUP(A70,'ID6&7'!A:I,9,FALSE),"-") -> - | X70: =+IFERROR(VLOOKUP(A70,'ID6&7'!A:J,10,FALSE),"-") -> - | Z70: =+IF(J70=0,"Por iniciar",IF(OR(K70="-",M70="-",P70="-",R70="-",T70="-",V70="-"),"Em testes",IF(AND(M70=0,P70=0,R70=0,T70<>K70,V70<>K70),"OK","NOK"))) -> Por iniciar
A71: =+H71&I71&$I$8 -> INSTRUMENTTYP_INSTRMNT45596 | B71: {=+MAX(IF('ID1&5'!A:A='1. Status'!A71&'1. Status'!$B$10,'ID1&5'!K:K))} -> 0 | C71: {=+MAX(IF('ID1&5'!A:A='1. Status'!A71&'1. Status'!$C$10,'ID1&5'!K:K))} -> 0 | D71: {=+MAX(IF('ID1&5'!A:A='1. Status'!A71&'1. Status'!$D$10,'ID1&5'!K:K))} -> 0 | E71: {=+MAX(IF('ID1&5'!A:A='1. Status'!A71&'1. Status'!$E$10,'ID1&5'!K:K))} -> 0 | F71: {=+MAX(IF('ID1&5'!A:A='1. Status'!A71&'1. Status'!$F$10,'ID1&5'!K:K))} -> 0 | H71: INSTRUMENT | I71: TYP_INSTRMNT | J71: =+COUNTIF('ID1&5'!G:G,'1. Status'!I71) -> 0 | K71: =+IFERROR(VLOOKUP(CONCATENATE(A71,$B$10,B71),'ID1&5'!B:J,8,FALSE),"-") -> - | L71: =+IFERROR(VLOOKUP(B71,'ID1&5'!K:L,2,FALSE),"-") -> - | M71: =+IFERROR(VLOOKUP(CONCATENATE(A71,$B$10,B71),'ID1&5'!B:J,9,FALSE),"-") -> - | N71: =+IFERROR(VLOOKUP(CONCATENATE(A71,$C$10,C71),'ID1&5'!B:J,8,FALSE),"-") -> - | O71: =+IFERROR(VLOOKUP(C71,'ID1&5'!K:L,2,FALSE),"-") -> - | P71: =+IFERROR(VLOOKUP(CONCATENATE(A71,$C$10,C71),'ID1&5'!B:J,9,FALSE),"-") -> - | Q71: =+IFERROR(VLOOKUP(D71,'ID1&5'!K:L,2,FALSE),"-") -> - | R71: =+IFERROR(VLOOKUP(CONCATENATE(A71,$D$10,D71),'ID1&5'!B:J,9,FALSE),"-") -> - | S71: =+IFERROR(VLOOKUP(E71,'ID1&5'!K:L,2,FALSE),"-") -> - | T71: =+IFERROR(VLOOKUP(CONCATENATE(A71,$E$10,E71),'ID1&5'!B:J,9,FALSE),"-") -> - | U71: =+IFERROR(VLOOKUP(F71,'ID1&5'!K:L,2,FALSE),"-") -> - | V71: =+IFERROR(VLOOKUP(CONCATENATE(A71,$F$10,F71),'ID1&5'!B:J,9,FALSE),"-") -> - | W71: =+IFERROR(VLOOKUP(A71,'ID6&7'!A:I,9,FALSE),"-") -> - | X71: =+IFERROR(VLOOKUP(A71,'ID6&7'!A:J,10,FALSE),"-") -> - | Z71: =+IF(J71=0,"Por iniciar",IF(OR(K71="-",M71="-",P71="-",R71="-",T71="-",V71="-"),"Em testes",IF(AND(M71=0,P71=0,R71=0,T71<>K71,V71<>K71),"OK","NOK"))) -> Por iniciar
A72: =+H72&I72&$I$8 -> INSTRUMENTGRSS_CRRYNG_AMNT_INSTRMNT45596 | B72: {=+MAX(IF('ID1&5'!A:A='1. Status'!A72&'1. Status'!$B$10,'ID1&5'!K:K))} -> 0 | C72: {=+MAX(IF('ID1&5'!A:A='1. Status'!A72&'1. Status'!$C$10,'ID1&5'!K:K))} -> 0 | D72: {=+MAX(IF('ID1&5'!A:A='1. Status'!A72&'1. Status'!$D$10,'ID1&5'!K:K))} -> 0 | E72: {=+MAX(IF('ID1&5'!A:A='1. Status'!A72&'1. Status'!$E$10,'ID1&5'!K:K))} -> 0 | F72: {=+MAX(IF('ID1&5'!A:A='1. Status'!A72&'1. Status'!$F$10,'ID1&5'!K:K))} -> 0 | H72: INSTRUMENT | I72: GRSS_CRRYNG_AMNT_INSTRMNT | J72: =+COUNTIF('ID1&5'!G:G,'1. Status'!I72) -> 0 | K72: =+IFERROR(VLOOKUP(CONCATENATE(A72,$B$10,B72),'ID1&5'!B:J,8,FALSE),"-") -> - | L72: =+IFERROR(VLOOKUP(B72,'ID1&5'!K:L,2,FALSE),"-") -> - | M72: =+IFERROR(VLOOKUP(CONCATENATE(A72,$B$10,B72),'ID1&5'!B:J,9,FALSE),"-") -> - | N72: =+IFERROR(VLOOKUP(CONCATENATE(A72,$C$10,C72),'ID1&5'!B:J,8,FALSE),"-") -> - | O72: =+IFERROR(VLOOKUP(C72,'ID1&5'!K:L,2,FALSE),"-") -> - | P72: =+IFERROR(VLOOKUP(CONCATENATE(A72,$C$10,C72),'ID1&5'!B:J,9,FALSE),"-") -> - | Q72: =+IFERROR(VLOOKUP(D72,'ID1&5'!K:L,2,FALSE),"-") -> - | R72: =+IFERROR(VLOOKUP(CONCATENATE(A72,$D$10,D72),'ID1&5'!B:J,9,FALSE),"-") -> - | S72: =+IFERROR(VLOOKUP(E72,'ID1&5'!K:L,2,FALSE),"-") -> - | T72: =+IFERROR(VLOOKUP(CONCATENATE(A72,$E$10,E72),'ID1&5'!B:J,9,FALSE),"-") -> - | U72: =+IFERROR(VLOOKUP(F72,'ID1&5'!K:L,2,FALSE),"-") -> - | V72: =+IFERROR(VLOOKUP(CONCATENATE(A72,$F$10,F72),'ID1&5'!B:J,9,FALSE),"-") -> - | W72: =+IFERROR(VLOOKUP(A72,'ID6&7'!A:I,9,FALSE),"-") -> - | X72: =+IFERROR(VLOOKUP(A72,'ID6&7'!A:J,10,FALSE),"-") -> - | Z72: =+IF(J72=0,"Por iniciar",IF(OR(K72="-",M72="-",P72="-",R72="-",T72="-",V72="-"),"Em testes",IF(AND(M72=0,P72=0,R72=0,T72<>K72,V72<>K72),"OK","NOK"))) -> Por iniciar
A73: =+H73&I73&$I$8 -> INSTRUMENTACCMLTD_CHNGS_FV_CR_INSTRMNT45596 | B73: {=+MAX(IF('ID1&5'!A:A='1. Status'!A73&'1. Status'!$B$10,'ID1&5'!K:K))} -> 0 | C73: {=+MAX(IF('ID1&5'!A:A='1. Status'!A73&'1. Status'!$C$10,'ID1&5'!K:K))} -> 0 | D73: {=+MAX(IF('ID1&5'!A:A='1. Status'!A73&'1. Status'!$D$10,'ID1&5'!K:K))} -> 0 | E73: {=+MAX(IF('ID1&5'!A:A='1. Status'!A73&'1. Status'!$E$10,'ID1&5'!K:K))} -> 0 | F73: {=+MAX(IF('ID1&5'!A:A='1. Status'!A73&'1. Status'!$F$10,'ID1&5'!K:K))} -> 0 | H73: INSTRUMENT | I73: ACCMLTD_CHNGS_FV_CR_INSTRMNT | J73: =+COUNTIF('ID1&5'!G:G,'1. Status'!I73) -> 0 | K73: =+IFERROR(VLOOKUP(CONCATENATE(A73,$B$10,B73),'ID1&5'!B:J,8,FALSE),"-") -> - | L73: =+IFERROR(VLOOKUP(B73,'ID1&5'!K:L,2,FALSE),"-") -> - | M73: =+IFERROR(VLOOKUP(CONCATENATE(A73,$B$10,B73),'ID1&5'!B:J,9,FALSE),"-") -> - | N73: =+IFERROR(VLOOKUP(CONCATENATE(A73,$C$10,C73),'ID1&5'!B:J,8,FALSE),"-") -> - | O73: =+IFERROR(VLOOKUP(C73,'ID1&5'!K:L,2,FALSE),"-") -> - | P73: =+IFERROR(VLOOKUP(CONCATENATE(A73,$C$10,C73),'ID1&5'!B:J,9,FALSE),"-") -> - | Q73: =+IFERROR(VLOOKUP(D73,'ID1&5'!K:L,2,FALSE),"-") -> - | R73: =+IFERROR(VLOOKUP(CONCATENATE(A73,$D$10,D73),'ID1&5'!B:J,9,FALSE),"-") -> - | S73: =+IFERROR(VLOOKUP(E73,'ID1&5'!K:L,2,FALSE),"-") -> - | T73: =+IFERROR(VLOOKUP(CONCATENATE(A73,$E$10,E73),'ID1&5'!B:J,9,FALSE),"-") -> - | U73: =+IFERROR(VLOOKUP(F73,'ID1&5'!K:L,2,FALSE),"-") -> - | V73: =+IFERROR(VLOOKUP(CONCATENATE(A73,$F$10,F73),'ID1&5'!B:J,9,FALSE),"-") -> - | W73: =+IFERROR(VLOOKUP(A73,'ID6&7'!A:I,9,FALSE),"-") -> - | X73: =+IFERROR(VLOOKUP(A73,'ID6&7'!A:J,10,FALSE),"-") -> - | Z73: =+IF(J73=0,"Por iniciar",IF(OR(K73="-",M73="-",P73="-",R73="-",T73="-",V73="-"),"Em testes",IF(AND(M73=0,P73=0,R73=0,T73<>K73,V73<>K73),"OK","NOK"))) -> Por iniciar
A74: =+H74&I74&$I$8 -> INSTRUMENTACCNTNG_CLSSFCTN45596 | B74: {=+MAX(IF('ID1&5'!A:A='1. Status'!A74&'1. Status'!$B$10,'ID1&5'!K:K))} -> 0 | C74: {=+MAX(IF('ID1&5'!A:A='1. Status'!A74&'1. Status'!$C$10,'ID1&5'!K:K))} -> 0 | D74: {=+MAX(IF('ID1&5'!A:A='1. Status'!A74&'1. Status'!$D$10,'ID1&5'!K:K))} -> 0 | E74: {=+MAX(IF('ID1&5'!A:A='1. Status'!A74&'1. Status'!$E$10,'ID1&5'!K:K))} -> 0 | F74: {=+MAX(IF('ID1&5'!A:A='1. Status'!A74&'1. Status'!$F$10,'ID1&5'!K:K))} -> 0 | H74: INSTRUMENT | I74: ACCNTNG_CLSSFCTN | J74: =+COUNTIF('ID1&5'!G:G,'1. Status'!I74) -> 0 | K74: =+IFERROR(VLOOKUP(CONCATENATE(A74,$B$10,B74),'ID1&5'!B:J,8,FALSE),"-") -> - | L74: =+IFERROR(VLOOKUP(B74,'ID1&5'!K:L,2,FALSE),"-") -> - | M74: =+IFERROR(VLOOKUP(CONCATENATE(A74,$B$10,B74),'ID1&5'!B:J,9,FALSE),"-") -> - | N74: =+IFERROR(VLOOKUP(CONCATENATE(A74,$C$10,C74),'ID1&5'!B:J,8,FALSE),"-") -> - | O74: =+IFERROR(VLOOKUP(C74,'ID1&5'!K:L,2,FALSE),"-") -> - | P74: =+IFERROR(VLOOKUP(CONCATENATE(A74,$C$10,C74),'ID1&5'!B:J,9,FALSE),"-") -> - | Q74: =+IFERROR(VLOOKUP(D74,'ID1&5'!K:L,2,FALSE),"-") -> - | R74: =+IFERROR(VLOOKUP(CONCATENATE(A74,$D$10,D74),'ID1&5'!B:J,9,FALSE),"-") -> - | S74: =+IFERROR(VLOOKUP(E74,'ID1&5'!K:L,2,FALSE),"-") -> - | T74: =+IFERROR(VLOOKUP(CONCATENATE(A74,$E$10,E74),'ID1&5'!B:J,9,FALSE),"-") -> - | U74: =+IFERROR(VLOOKUP(F74,'ID1&5'!K:L,2,FALSE),"-") -> - | V74: =+IFERROR(VLOOKUP(CONCATENATE(A74,$F$10,F74),'ID1&5'!B:J,9,FALSE),"-") -> - | W74: =+IFERROR(VLOOKUP(A74,'ID6&7'!A:I,9,FALSE),"-") -> - | X74: =+IFERROR(VLOOKUP(A74,'ID6&7'!A:J,10,FALSE),"-") -> - | Z74: =+IF(J74=0,"Por iniciar",IF(OR(K74="-",M74="-",P74="-",R74="-",T74="-",V74="-"),"Em testes",IF(AND(M74=0,P74=0,R74=0,T74<>K74,V74<>K74),"OK","NOK"))) -> Por iniciar
A75: =+H75&I75&$I$8 -> INSTRUMENTDT_LGL_FNL_MTRTY45596 | B75: {=+MAX(IF('ID1&5'!A:A='1. Status'!A75&'1. Status'!$B$10,'ID1&5'!K:K))} -> 0 | C75: {=+MAX(IF('ID1&5'!A:A='1. Status'!A75&'1. Status'!$C$10,'ID1&5'!K:K))} -> 0 | D75: {=+MAX(IF('ID1&5'!A:A='1. Status'!A75&'1. Status'!$D$10,'ID1&5'!K:K))} -> 0 | E75: {=+MAX(IF('ID1&5'!A:A='1. Status'!A75&'1. Status'!$E$10,'ID1&5'!K:K))} -> 0 | F75: {=+MAX(IF('ID1&5'!A:A='1. Status'!A75&'1. Status'!$F$10,'ID1&5'!K:K))} -> 0 | H75: INSTRUMENT | I75: DT_LGL_FNL_MTRTY | J75: =+COUNTIF('ID1&5'!G:G,'1. Status'!I75) -> 0 | K75: =+IFERROR(VLOOKUP(CONCATENATE(A75,$B$10,B75),'ID1&5'!B:J,8,FALSE),"-") -> - | L75: =+IFERROR(VLOOKUP(B75,'ID1&5'!K:L,2,FALSE),"-") -> - | M75: =+IFERROR(VLOOKUP(CONCATENATE(A75,$B$10,B75),'ID1&5'!B:J,9,FALSE),"-") -> - | N75: =+IFERROR(VLOOKUP(CONCATENATE(A75,$C$10,C75),'ID1&5'!B:J,8,FALSE),"-") -> - | O75: =+IFERROR(VLOOKUP(C75,'ID1&5'!K:L,2,FALSE),"-") -> - | P75: =+IFERROR(VLOOKUP(CONCATENATE(A75,$C$10,C75),'ID1&5'!B:J,9,FALSE),"-") -> - | Q75: =+IFERROR(VLOOKUP(D75,'ID1&5'!K:L,2,FALSE),"-") -> - | R75: =+IFERROR(VLOOKUP(CONCATENATE(A75,$D$10,D75),'ID1&5'!B:J,9,FALSE),"-") -> - | S75: =+IFERROR(VLOOKUP(E75,'ID1&5'!K:L,2,FALSE),"-") -> - | T75: =+IFERROR(VLOOKUP(CONCATENATE(A75,$E$10,E75),'ID1&5'!B:J,9,FALSE),"-") -> - | U75: =+IFERROR(VLOOKUP(F75,'ID1&5'!K:L,2,FALSE),"-") -> - | V75: =+IFERROR(VLOOKUP(CONCATENATE(A75,$F$10,F75),'ID1&5'!B:J,9,FALSE),"-") -> - | W75: =+IFERROR(VLOOKUP(A75,'ID6&7'!A:I,9,FALSE),"-") -> - | X75: =+IFERROR(VLOOKUP(A75,'ID6&7'!A:J,10,FALSE),"-") -> - | Z75: =+IF(J75=0,"Por iniciar",IF(OR(K75="-",M75="-",P75="-",R75="-",T75="-",V75="-"),"Em testes",IF(AND(M75=0,P75=0,R75=0,T75<>K75,V75<>K75),"OK","NOK"))) -> Por iniciar
... A107: =+H107&I107&$I$8 -> PROTECTIONCOD_SOC45596 | B107: {=+MAX(IF('ID1&5'!A:A='1. Status'!A107&'1. Status'!$B$10,'ID1&5'!K:K))} -> 0 | C107: {=+MAX(IF('ID1&5'!A:A='1. Status'!A107&'1. Status'!$C$10,'ID1&5'!K:K))} -> 0 | D107: {=+MAX(IF('ID1&5'!A:A='1. Status'!A107&'1. Status'!$D$10,'ID1&5'!K:K))} -> 0 | E107: {=+MAX(IF('ID1&5'!A:A='1. Status'!A107&'1. Status'!$E$10,'ID1&5'!K:K))} -> 0 | F107: {=+MAX(IF('ID1&5'!A:A='1. Status'!A107&'1. Status'!$F$10,'ID1&5'!K:K))} -> 0 | H107: PROTECTION | I107: COD_SOC | J107: =+COUNTIF('ID1&5'!G:G,'1. Status'!I107) -> 0 | K107: =+IFERROR(VLOOKUP(CONCATENATE(A107,$B$10,B107),'ID1&5'!B:J,8,FALSE),"-") -> - | L107: =+IFERROR(VLOOKUP(B107,'ID1&5'!K:L,2,FALSE),"-") -> - | M107: =+IFERROR(VLOOKUP(CONCATENATE(A107,$B$10,B107),'ID1&5'!B:J,9,FALSE),"-") -> - | N107: =+IFERROR(VLOOKUP(CONCATENATE(A107,$C$10,C107),'ID1&5'!B:J,8,FALSE),"-") -> - | O107: =+IFERROR(VLOOKUP(C107,'ID1&5'!K:L,2,FALSE),"-") -> - | P107: =+IFERROR(VLOOKUP(CONCATENATE(A107,$C$10,C107),'ID1&5'!B:J,9,FALSE),"-") -> - | Q107: =+IFERROR(VLOOKUP(D107,'ID1&5'!K:L,2,FALSE),"-") -> - | R107: =+IFERROR(VLOOKUP(CONCATENATE(A107,$D$10,D107),'ID1&5'!B:J,9,FALSE),"-") -> - | S107: =+IFERROR(VLOOKUP(E107,'ID1&5'!K:L,2,FALSE),"-") -> - | T107: =+IFERROR(VLOOKUP(CONCATENATE(A107,$E$10,E107),'ID1&5'!B:J,9,FALSE),"-") -> - | U107: =+IFERROR(VLOOKUP(F107,'ID1&5'!K:L,2,FALSE),"-") -> - | V107: =+IFERROR(VLOOKUP(CONCATENATE(A107,$F$10,F107),'ID1&5'!B:J,9,FALSE),"-") -> - | W107: =+IFERROR(VLOOKUP(A107,'ID6&7'!A:I,9,FALSE),"-") -> - | X107: =+IFERROR(VLOOKUP(A107,'ID6&7'!A:J,10,FALSE),"-") -> - | Z107: =+IF(J107=0,"Por iniciar",IF(OR(K107="-",M107="-",P107="-",R107="-",T107="-",V107="-"),"Em testes",IF(AND(M107=0,P107=0,R107=0,T107<>K107,V107<>K107),"OK","NOK"))) -> Por iniciar

Sheet 2. Script 
B6: 2. Script de Controlos
B8: TABELA | C8: TIPOLOGIA_TESTE | D8: TABELA_LT_PILAR3 | E8: TABELA_SIMUL | F8: CAMPO | G8: FORMATO CAMPO | H8: VALORES CODE LIST | I8: UNIVERSO_PILAR3 | J8: UNIVERSO_SIMUL | K8: CRUZAMENTO | L8: QUERY 1 | M8: UNION ALL
B9: Instrument | C9: Coerência | D9: =+UPPER('0. Instruções'!$D$33&"."&VLOOKUP(B9,'0. Instruções'!$C$27:$D$31,2,FALSE)) -> BU_LOANTAPE_WORK.LT002_INSTRUMENT | E9: =+UPPER('0. Instruções'!$D$34&"."&VLOOKUP(B9,'0. Instruções'!$C$27:$E$31,3,FALSE)) -> BU_LOANTAPE_WORK.LT002_INSTRUMENT_P3_NOV24 | F9: LNS_CLLTRLZD_CLSSFCTN | G9: Code List | I9: ="(SELECT "&VLOOKUP(B9,'0. Instruções'!$C$27:$G$31,4,FALSE)&", "&F9&" FROM "&D9&" WHERE "&'0. Instruções'!$D$40&")X" -> (SELECT instrmnt_id, LNS_CLLTRLZD_CLSSFCTN FROM BU_LOANTAPE_WORK.LT002_INSTRUMENT WHERE ref_date='${ref_date}' AND nome_perimetro='Individual Corporativo' AND segmento='ESTR' AND ambito='PILAR3')X | J9: ="(SELECT "&VLOOKUP(B9,'0. Instruções'!$C$27:$G$31,4,FALSE)&" AS "&VLOOKUP(B9,'0. Instruções'!$C$27:$G$31,4,FALSE)&"_SIMUL, "&F9&" AS "&F9&"_SIMUL FROM "&E9&")Y" -> (SELECT instrmnt_id AS instrmnt_id_SIMUL, LNS_CLLTRLZD_CLSSFCTN AS LNS_CLLTRLZD_CLSSFCTN_SIMUL FROM BU_LOANTAPE_WORK.LT002_INSTRUMENT_P3_NOV24)Y | K9: =+UPPER("ON X."&VLOOKUP(B9,'0. Instruções'!$C$27:$G$31,4,FALSE)&"=Y."&VLOOKUP(B9,'0. Instruções'!$C$27:$G$31,4,FALSE)&"_SIMUL") -> ON X.INSTRMNT_ID=Y.INSTRMNT_ID_SIMUL | L9: =+IF(C9="Coerência", +IF(LEFT(G9,5)="FLOAT","SELECT '"&UPPER(B9)&"' AS TABELA, '"&UPPER(C9)&"' AS TIPOLOGIA_TESTE,'"&D9&"' AS TABELA_LT,'"&E9&"' AS TABELA_SIMUL,'"&F9&"' AS CAMPO, "&"'${ref_date}' AS REF_DATE, COUNT(*) AS NUM_REG, SUM(IF((ABS(COALESCE(X."&F9&",0)-COALESCE(Y."&F9&"_SIMUL,0))>0.0000000001) OR (X."&F9&" IS NULL AND Y."&F9&"_SIMUL IS NOT NULL ) OR (X."&F9&" IS NOT NULL AND Y."&F9&"_SIMUL IS NULL),1,0)) AS NUM_REG_DIF,'"&MAX('ID1&5'!K:K)+1&"' AS ID_EXEC, CURRENT_TIMESTAMP() AS TIME_EXEC FROM "&I9&" INNER JOIN "&J9&" "&K9,"SELECT '"&UPPER(B9)&"' AS TABELA, '"&UPPER(C9)&"' AS TIPOLOGIA_TESTE,'"&D9&"' AS TABELA_LT,'"&E9&"' AS TABELA_SIMUL,'"&F9&"' AS CAMPO, "&"'${ref_date}' AS REF_DATE, COUNT(*) AS NUM_REG, SUM(IF(COALESCE(CAST(X."&F9&" AS STRING),'')<>COALESCE(CAST(Y."&F9&"_SIMUL AS STRING),''),1,0)) AS NUM_REG_DIF,'"&MAX('ID1&5'!L:L)+1&"' AS ID_EXEC, CURRENT_TIMESTAMP() AS TIME_EXEC FROM "&I9&" INNER JOIN "&J9&" "&K9), IF(C9="Validade",+IF(G9="Code List","SELECT '"&UPPER(B9)&"' AS TABELA, '"&UPPER(C9)&"' AS TIPOLOGIA_TESTE,'"&D9&"' AS TABELA_LT,'N/A' AS TABELA_SIMUL,'"&F9&"' AS CAMPO, "&"'${ref_date}' AS REF_DATE, COUNT(*) AS NUM_REG, SUM(IF(TRIM(CAST(X."&F9&" AS STRING))='' OR TRIM(CAST(X."&F9&" AS STRING)) IS NULL OR CAST(X."&F9&" AS STRING) NOT "&H9&",1,0)) AS NUM_REG_DIF,'"&MAX('ID1&5'!K:K)+1&"' AS ID_EXEC, CURRENT_TIMESTAMP() AS TIME_EXEC FROM "&I9,"SELECT '"&UPPER(B9)&"' AS TABELA, '"&UPPER(C9)&"' AS TIPOLOGIA_TESTE,'"&D9&"' AS TABELA_LT,'N/A' AS TABELA_SIMUL,'"&F9&"' AS CAMPO, "&"'${ref_date}' AS REF_DATE, COUNT(*) AS NUM_REG, SUM(IF(TRIM(CAST(X."&F9&" AS STRING))='' OR TRIM(CAST(X."&F9&" AS STRING)) IS NULL,1,0)) AS NUM_REG_DIF,'"&MAX('ID1&5'!K:K)+1&"' AS ID_EXEC, CURRENT_TIMESTAMP() AS TIME_EXEC FROM "&I9), IF(C9="Caracteres Especiais",+"SELECT '"&UPPER(B9)&"' AS TABELA, '"&UPPER(C9)&"' AS TIPOLOGIA_TESTE,'"&D9&"' AS TABELA_LT,'N/A' AS TABELA_SIMUL,'"&F9&"' AS CAMPO, "&"'${ref_date}' AS REF_DATE, COUNT(*) AS NUM_REG, SUM(IF(INSTR(CAST(X."&F9&" AS STRING),'#')>0 OR INSTR(CAST(X."&F9&" AS STRING),'*')>0 OR INSTR(CAST(X."&F9&" AS STRING),'`')>0 OR INSTR(CAST(X."&F9&" AS STRING),'´')>0 OR INSTR(CAST(X."&F9&" AS STRING),'{')>0 OR INSTR(CAST(X."&F9&" AS STRING),'}')>0 OR INSTR(CAST(X."&F9&" AS STRING),'[')>0 OR INSTR(CAST(X."&F9&" AS STRING),'')>0 OR INSTR(CAST(X."&F9&" AS STRING),']')>0 OR INSTR(CAST(X."&F9&" AS STRING),'?')>0 OR INSTR(CAST(X."&F9&" AS STRING),'!')>0 OR INSTR(CAST(X."&F9&" AS STRING),'$')>0 OR INSTR(CAST(X."&F9&" AS STRING),'%')>0 OR INSTR(CAST(X."&F9&" AS STRING),'&')>0 OR INSTR(CAST(X."&F9&" AS STRING),'+')>0,1,0)) AS NUM_REG_DIF,'"&MAX('ID1&5'!K:K)+1&"' AS ID_EXEC, CURRENT_TIMESTAMP() AS TIME_EXEC FROM "&I9, IF(C9="Missings",+"SELECT '"&UPPER(B9)&"' AS TABELA, '"&UPPER(C9)&"' AS TIPOLOGIA_TESTE,'"&D9&"' AS TABELA_LT,'N/A' AS TABELA_SIMUL,'"&F9&"' AS CAMPO, "&"'${ref_date}' AS REF_DATE, COUNT(*) AS NUM_REG, SUM(IF(TRIM(CAST(X."&F9&" AS STRING)) IN ('0000-00-00','0001-01-01','9999-12-31','MISS','00000','99999999999','99999999999.00','99999999999.000000'),1,0)) AS NUM_REG_DIF,'"&MAX('ID1&5'!K:K)+1&"' AS ID_EXEC, CURRENT_TIMESTAMP() AS TIME_EXEC FROM "&I9, IF(C9="Not applicable",+"SELECT '"&UPPER(B9)&"' AS TABELA, '"&UPPER(C9)&"' AS TIPOLOGIA_TESTE,'"&D9&"' AS TABELA_LT,'N/A' AS TABELA_SIMUL,'"&F9&"' AS CAMPO, "&"'${ref_date}' AS REF_DATE, COUNT(*) AS NUM_REG, SUM(IF(TRIM(CAST(X."&F9&" AS STRING)) IN ('N/A','11111111111','11111111111.00','11111111111.000000','1111-11-11'),1,0)) AS NUM_REG_DIF,'"&MAX('ID1&5'!K:K)+1&"' AS ID_EXEC, CURRENT_TIMESTAMP() AS TIME_EXEC FROM "&I9, IF(C9="Valores extremos",+"SELECT '"&UPPER(B9)&"' AS TABELA, '"&UPPER(C9)&"' AS TIPOLOGIA_TESTE,'"&D9&"' AS TABELA_LT,'N/A' AS TABELA_SIMUL,'"&F9&"' AS CAMPO, "&"'${ref_date}' AS REF_DATE, CAST(MIN("&F9&") AS STRING) AS VALOR_MIN, CAST(MAX("&F9&") AS STRING) AS VALOR_MAX,'"&MAX('ID1&5'!K:K)+1&"' AS ID_EXEC, CURRENT_TIMESTAMP() AS TIME_EXEC FROM "&MID(I9,1,LEN(I9)-2)&" AND CAST("&F9&" AS STRING) NOT IN ('0000-00-00','0001-01-01','9999-12-31','MISS','00000','99999999999','99999999999.00','99999999999.000000','N/A','11111111111','11111111111.00','11111111111.000000','1111-11-11'))X")))))) -> SELECT 'INSTRUMENT' AS TABELA, 'COERÊNCIA' AS TIPOLOGIA_TESTE,'BU_LOANTAPE_WORK.LT002_INSTRUMENT' AS TABELA_LT,'BU_LOANTAPE_WORK.LT002_INSTRUMENT_P3_NOV24' AS TABELA_SIMUL,'LNS_CLLTRLZD_CLSSFCTN' AS CAMPO, '${ref_date}' AS REF_DATE, COUNT(*) AS NUM_REG, SUM(IF(COALESCE(CAST(X.LNS_CLLTRLZD_CLSSFCTN AS STRING),'')<>COALESCE(CAST(Y.LNS_CLLTRLZD_CLSSFCTN_SIMUL AS STRING),''),1,0)) AS NUM_REG_DIF,'1' AS ID_EXEC, CURRENT_TIMESTAMP() AS TIME_EXEC FROM (SELECT instrmnt_id, LNS_CLLTRLZD_CLSSFCTN FROM BU_LOANTAPE_WORK.LT002_INSTRUMENT WHERE ref_date='${ref_date}' AND nome_perimetro='Individual Corporativo' AND segmento='ESTR' AND ambito='PILAR3')X INNER JOIN (SELECT instrmnt_id AS instrmnt_id_SIMUL, LNS_CLLTRLZD_CLSSFCTN AS LNS_CLLTRLZD_CLSSFCTN_SIMUL FROM BU_LOANTAPE_WORK.LT002_INSTRUMENT_P3_NOV24)Y ON X.INSTRMNT_ID=Y.INSTRMNT_ID_SIMUL | M9: =+"UNION ALL "&L9 -> UNION ALL SELECT 'INSTRUMENT' AS TABELA, 'COERÊNCIA' AS TIPOLOGIA_TESTE,'BU_LOANTAPE_WORK.LT002_INSTRUMENT' AS TABELA_LT,'BU_LOANTAPE_WORK.LT002_INSTRUMENT_P3_NOV24' AS TABELA_SIMUL,'LNS_CLLTRLZD_CLSSFCTN' AS CAMPO, '${ref_date}' AS REF_DATE, COUNT(*) AS NUM_REG, SUM(IF(COALESCE(CAST(X.LNS_CLLTRLZD_CLSSFCTN AS STRING),'')<>COALESCE(CAST(Y.LNS_CLLTRLZD_CLSSFCTN_SIMUL AS STRING),''),1,0)) AS NUM_REG_DIF,'1' AS ID_EXEC, CURRENT_TIMESTAMP() AS TIME_EXEC FROM (SELECT instrmnt_id, LNS_CLLTRLZD_CLSSFCTN FROM BU_LOANTAPE_WORK.LT002_INSTRUMENT WHERE ref_date='${ref_date}' AND nome_perimetro='Individual Corporativo' AND segmento='ESTR' AND ambito='PILAR3')X INNER JOIN (SELECT instrmnt_id AS instrmnt_id_SIMUL, LNS_CLLTRLZD_CLSSFCTN AS LNS_CLLTRLZD_CLSSFCTN_SIMUL FROM BU_LOANTAPE_WORK.LT002_INSTRUMENT_P3_NOV24)Y ON X.INSTRMNT_ID=Y.INSTRMNT_ID_SIMUL
B10: Instrument | C10: Coerência | D10: =+UPPER('0. Instruções'!$D$33&"."&VLOOKUP(B10,'0. Instruções'!$C$27:$D$31,2,FALSE)) -> BU_LOANTAPE_WORK.LT002_INSTRUMENT | E10: =+UPPER('0. Instruções'!$D$34&"."&VLOOKUP(B10,'0. Instruções'!$C$27:$E$31,3,FALSE)) -> BU_LOANTAPE_WORK.LT002_INSTRUMENT_P3_NOV24 | F10: RSK_MTGTD_CCT | G10: Code List | I10: ="(SELECT "&VLOOKUP(B10,'0. Instruções'!$C$27:$G$31,4,FALSE)&", "&F10&" FROM "&D10&" WHERE "&'0. Instruções'!$D$40&")X" -> (SELECT instrmnt_id, RSK_MTGTD_CCT FROM BU_LOANTAPE_WORK.LT002_INSTRUMENT WHERE ref_date='${ref_date}' AND nome_perimetro='Individual Corporativo' AND segmento='ESTR' AND ambito='PILAR3')X | J10: ="(SELECT "&VLOOKUP(B10,'0. Instruções'!$C$27:$G$31,4,FALSE)&" AS "&VLOOKUP(B10,'0. Instruções'!$C$27:$G$31,4,FALSE)&"_SIMUL, "&F10&" AS "&F10&"_SIMUL FROM "&E10&")Y" -> (SELECT instrmnt_id AS instrmnt_id_SIMUL, RSK_MTGTD_CCT AS RSK_MTGTD_CCT_SIMUL FROM BU_LOANTAPE_WORK.LT002_INSTRUMENT_P3_NOV24)Y | K10: =+UPPER("ON X."&VLOOKUP(B10,'0. Instruções'!$C$27:$G$31,4,FALSE)&"=Y."&VLOOKUP(B10,'0. Instruções'!$C$27:$G$31,4,FALSE)&"_SIMUL") -> ON X.INSTRMNT_ID=Y.INSTRMNT_ID_SIMUL | L10: =+IF(C10="Coerência", +IF(LEFT(G10,5)="FLOAT","SELECT '"&UPPER(B10)&"' AS TABELA, '"&UPPER(C10)&"' AS TIPOLOGIA_TESTE,'"&D10&"' AS TABELA_LT,'"&E10&"' AS TABELA_SIMUL,'"&F10&"' AS CAMPO, "&"'${ref_date}' AS REF_DATE, COUNT(*) AS NUM_REG, SUM(IF((ABS(COALESCE(X."&F10&",0)-COALESCE(Y."&F10&"_SIMUL,0))>0.0000000001) OR (X."&F10&" IS NULL AND Y."&F10&"_SIMUL IS NOT NULL ) OR (X."&F10&" IS NOT NULL AND Y."&F10&"_SIMUL IS NULL),1,0)) AS NUM_REG_DIF,'"&MAX('ID1&5'!K:K)+1&"' AS ID_EXEC, CURRENT_TIMESTAMP() AS TIME_EXEC FROM "&I10&" INNER JOIN "&J10&" "&K10,"SELECT '"&UPPER(B10)&"' AS TABELA, '"&UPPER(C10)&"' AS TIPOLOGIA_TESTE,'"&D10&"' AS TABELA_LT,'"&E10&"' AS TABELA_SIMUL,'"&F10&"' AS CAMPO, "&"'${ref_date}' AS REF_DATE, COUNT(*) AS NUM_REG, SUM(IF(COALESCE(CAST(X."&F10&" AS STRING),'')<>COALESCE(CAST(Y."&F10&"_SIMUL AS STRING),''),1,0)) AS NUM_REG_DIF,'"&MAX('ID1&5'!L:L)+1&"' AS ID_EXEC, CURRENT_TIMESTAMP() AS TIME_EXEC FROM "&I10&" INNER JOIN "&J10&" "&K10), IF(C10="Validade",+IF(G10="Code List","SELECT '"&UPPER(B10)&"' AS TABELA, '"&UPPER(C10)&"' AS TIPOLOGIA_TESTE,'"&D10&"' AS TABELA_LT,'N/A' AS TABELA_SIMUL,'"&F10&"' AS CAMPO, "&"'${ref_date}' AS REF_DATE, COUNT(*) AS NUM_REG, SUM(IF(TRIM(CAST(X."&F10&" AS STRING))='' OR TRIM(CAST(X."&F10&" AS STRING)) IS NULL OR CAST(X."&F10&" AS STRING) NOT "&H10&",1,0)) AS NUM_REG_DIF,'"&MAX('ID1&5'!K:K)+1&"' AS ID_EXEC, CURRENT_TIMESTAMP() AS TIME_EXEC FROM "&I10,"SELECT '"&UPPER(B10)&"' AS TABELA, '"&UPPER(C10)&"' AS TIPOLOGIA_TESTE,'"&D10&"' AS TABELA_LT,'N/A' AS TABELA_SIMUL,'"&F10&"' AS CAMPO, "&"'${ref_date}' AS REF_DATE, COUNT(*) AS NUM_REG, SUM(IF(TRIM(CAST(X."&F10&" AS STRING))='' OR TRIM(CAST(X."&F10&" AS STRING)) IS NULL,1,0)) AS NUM_REG_DIF,'"&MAX('ID1&5'!K:K)+1&"' AS ID_EXEC, CURRENT_TIMESTAMP() AS TIME_EXEC FROM "&I10), IF(C10="Caracteres Especiais",+"SELECT '"&UPPER(B10)&"' AS TABELA, '"&UPPER(C10)&"' AS TIPOLOGIA_TESTE,'"&D10&"' AS TABELA_LT,'N/A' AS TABELA_SIMUL,'"&F10&"' AS CAMPO, "&"'${ref_date}' AS REF_DATE, COUNT(*) AS NUM_REG, SUM(IF(INSTR(CAST(X."&F10&" AS STRING),'#')>0 OR INSTR(CAST(X."&F10&" AS STRING),'*')>0 OR INSTR(CAST(X."&F10&" AS STRING),'`')>0 OR INSTR(CAST(X."&F10&" AS STRING),'´')>0 OR INSTR(CAST(X."&F10&" AS STRING),'{')>0 OR INSTR(CAST(X."&F10&" AS STRING),'}')>0 OR INSTR(CAST(X."&F10&" AS STRING),'[')>0 OR INSTR(CAST(X."&F10&" AS STRING),'')>0 OR INSTR(CAST(X."&F10&" AS STRING),']')>0 OR INSTR(CAST(X."&F10&" AS STRING),'?')>0 OR INSTR(CAST(X."&F10&" AS STRING),'!')>0 OR INSTR(CAST(X."&F10&" AS STRING),'$')>0 OR INSTR(CAST(X."&F10&" AS STRING),'%')>0 OR INSTR(CAST(X."&F10&" AS STRING),'&')>0 OR INSTR(CAST(X."&F10&" AS STRING),'+')>0,1,0)) AS NUM_REG_DIF,'"&MAX('ID1&5'!K:K)+1&"' AS ID_EXEC, CURRENT_TIMESTAMP() AS TIME_EXEC FROM "&I10, IF(C10="Missings",+"SELECT '"&UPPER(B10)&"' AS TABELA, '"&UPPER(C10)&"' AS TIPOLOGIA_TESTE,'"&D10&"' AS TABELA_LT,'N/A' AS TABELA_SIMUL,'"&F10&"' AS CAMPO, "&"'${ref_date}' AS REF_DATE, COUNT(*) AS NUM_REG, SUM(IF(TRIM(CAST(X."&F10&" AS STRING)) IN ('0000-00-00','0001-01-01','9999-12-31','MISS','00000','99999999999','99999999999.00','99999999999.000000'),1,0)) AS NUM_REG_DIF,'"&MAX('ID1&5'!K:K)+1&"' AS ID_EXEC, CURRENT_TIMESTAMP() AS TIME_EXEC FROM "&I10, IF(C10="Not applicable",+"SELECT '"&UPPER(B10)&"' AS TABELA, '"&UPPER(C10)&"' AS TIPOLOGIA_TESTE,'"&D10&"' AS TABELA_LT,'N/A' AS TABELA_SIMUL,'"&F10&"' AS CAMPO, "&"'${ref_date}' AS REF_DATE, COUNT(*) AS NUM_REG, SUM(IF(TRIM(CAST(X."&F10&" AS STRING)) IN ('N/A','11111111111','11111111111.00','11111111111.000000','1111-11-11'),1,0)) AS NUM_REG_DIF,'"&MAX('ID1&5'!K:K)+1&"' AS ID_EXEC, CURRENT_TIMESTAMP() AS TIME_EXEC FROM "&I10, IF(C10="Valores extremos",+"SELECT '"&UPPER(B10)&"' AS TABELA, '"&UPPER(C10)&"' AS TIPOLOGIA_TESTE,'"&D10&"' AS TABELA_LT,'N/A' AS TABELA_SIMUL,'"&F10&"' AS CAMPO, "&"'${ref_date}' AS REF_DATE, CAST(MIN("&F10&") AS STRING) AS VALOR_MIN, CAST(MAX("&F10&") AS STRING) AS VALOR_MAX,'"&MAX('ID1&5'!K:K)+1&"' AS ID_EXEC, CURRENT_TIMESTAMP() AS TIME_EXEC FROM "&MID(I10,1,LEN(I10)-2)&" AND CAST("&F10&" AS STRING) NOT IN ('0000-00-00','0001-01-01','9999-12-31','MISS','00000','99999999999','99999999999.00','99999999999.000000','N/A','11111111111','11111111111.00','11111111111.000000','1111-11-11'))X")))))) -> SELECT 'INSTRUMENT' AS TABELA, 'COERÊNCIA' AS TIPOLOGIA_TESTE,'BU_LOANTAPE_WORK.LT002_INSTRUMENT' AS TABELA_LT,'BU_LOANTAPE_WORK.LT002_INSTRUMENT_P3_NOV24' AS TABELA_SIMUL,'RSK_MTGTD_CCT' AS CAMPO, '${ref_date}' AS REF_DATE, COUNT(*) AS NUM_REG, SUM(IF(COALESCE(CAST(X.RSK_MTGTD_CCT AS STRING),'')<>COALESCE(CAST(Y.RSK_MTGTD_CCT_SIMUL AS STRING),''),1,0)) AS NUM_REG_DIF,'1' AS ID_EXEC, CURRENT_TIMESTAMP() AS TIME_EXEC FROM (SELECT instrmnt_id, RSK_MTGTD_CCT FROM BU_LOANTAPE_WORK.LT002_INSTRUMENT WHERE ref_date='${ref_date}' AND nome_perimetro='Individual Corporativo' AND segmento='ESTR' AND ambito='PILAR3')X INNER JOIN (SELECT instrmnt_id AS instrmnt_id_SIMUL, RSK_MTGTD_CCT AS RSK_MTGTD_CCT_SIMUL FROM BU_LOANTAPE_WORK.LT002_INSTRUMENT_P3_NOV24)Y ON X.INSTRMNT_ID=Y.INSTRMNT_ID_SIMUL | M10: =+"UNION ALL "&L10 -> UNION ALL SELECT 'INSTRUMENT' AS TABELA, 'COERÊNCIA' AS TIPOLOGIA_TESTE,'BU_LOANTAPE_WORK.LT002_INSTRUMENT' AS TABELA_LT,'BU_LOANTAPE_WORK.LT002_INSTRUMENT_P3_NOV24' AS TABELA_SIMUL,'RSK_MTGTD_CCT' AS CAMPO, '${ref_date}' AS REF_DATE, COUNT(*) AS NUM_REG, SUM(IF(COALESCE(CAST(X.RSK_MTGTD_CCT AS STRING),'')<>COALESCE(CAST(Y.RSK_MTGTD_CCT_SIMUL AS STRING),''),1,0)) AS NUM_REG_DIF,'1' AS ID_EXEC, CURRENT_TIMESTAMP() AS TIME_EXEC FROM (SELECT instrmnt_id, RSK_MTGTD_CCT FROM BU_LOANTAPE_WORK.LT002_INSTRUMENT WHERE ref_date='${ref_date}' AND nome_perimetro='Individual Corporativo' AND segmento='ESTR' AND ambito='PILAR3')X INNER JOIN (SELECT instrmnt_id AS instrmnt_id_SIMUL, RSK_MTGTD_CCT AS RSK_MTGTD_CCT_SIMUL FROM BU_LOANTAPE_WORK.LT002_INSTRUMENT_P3_NOV24)Y ON X.INSTRMNT_ID=Y.INSTRMNT_ID_SIMUL
B11: Instrument | C11: Coerência | D11: =+UPPER('0. Instruções'!$D$33&"."&VLOOKUP(B11,'0. Instruções'!$C$27:$D$31,2,FALSE)) -> BU_LOANTAPE_WORK.LT002_INSTRUMENT | E11: =+UPPER('0. Instruções'!$D$34&"."&VLOOKUP(B11,'0. Instruções'!$C$27:$E$31,3,FALSE)) -> BU_LOANTAPE_WORK.LT002_INSTRUMENT_P3_NOV24 | F11: RSK_MTGTD_CCP | G11: Code List | I11: ="(SELECT "&VLOOKUP(B11,'0. Instruções'!$C$27:$G$31,4,FALSE)&", "&F11&" FROM "&D11&" WHERE "&'0. Instruções'!$D$40&")X" -> (SELECT instrmnt_id, RSK_MTGTD_CCP FROM BU_LOANTAPE_WORK.LT002_INSTRUMENT WHERE ref_date='${ref_date}' AND nome_perimetro='Individual Corporativo' AND segmento='ESTR' AND ambito='PILAR3')X | J11: ="(SELECT "&VLOOKUP(B11,'0. Instruções'!$C$27:$G$31,4,FALSE)&" AS "&VLOOKUP(B11,'0. Instruções'!$C$27:$G$31,4,FALSE)&"_SIMUL, "&F11&" AS "&F11&"_SIMUL FROM "&E11&")Y" -> (SELECT instrmnt_id AS instrmnt_id_SIMUL, RSK_MTGTD_CCP AS RSK_MTGTD_CCP_SIMUL FROM BU_LOANTAPE_WORK.LT002_INSTRUMENT_P3_NOV24)Y | K11: =+UPPER("ON X."&VLOOKUP(B11,'0. Instruções'!$C$27:$G$31,4,FALSE)&"=Y."&VLOOKUP(B11,'0. Instruções'!$C$27:$G$31,4,FALSE)&"_SIMUL") -> ON X.INSTRMNT_ID=Y.INSTRMNT_ID_SIMUL | L11: =+IF(C11="Coerência", +IF(LEFT(G11,5)="FLOAT","SELECT '"&UPPER(B11)&"' AS TABELA, '"&UPPER(C11)&"' AS TIPOLOGIA_TESTE,'"&D11&"' AS TABELA_LT,'"&E11&"' AS TABELA_SIMUL,'"&F11&"' AS CAMPO, "&"'${ref_date}' AS REF_DATE, COUNT(*) AS NUM_REG, SUM(IF((ABS(COALESCE(X."&F11&",0)-COALESCE(Y."&F11&"_SIMUL,0))>0.0000000001) OR (X."&F11&" IS NULL AND Y."&F11&"_SIMUL IS NOT NULL ) OR (X."&F11&" IS NOT NULL AND Y."&F11&"_SIMUL IS NULL),1,0)) AS NUM_REG_DIF,'"&MAX('ID1&5'!K:K)+1&"' AS ID_EXEC, CURRENT_TIMESTAMP() AS TIME_EXEC FROM "&I11&" INNER JOIN "&J11&" "&K11,"SELECT '"&UPPER(B11)&"' AS TABELA, '"&UPPER(C11)&"' AS TIPOLOGIA_TESTE,'"&D11&"' AS TABELA_LT,'"&E11&"' AS TABELA_SIMUL,'"&F11&"' AS CAMPO, "&"'${ref_date}' AS REF_DATE, COUNT(*) AS NUM_REG, SUM(IF(COALESCE(CAST(X."&F11&" AS STRING),'')<>COALESCE(CAST(Y."&F11&"_SIMUL AS STRING),''),1,0)) AS NUM_REG_DIF,'"&MAX('ID1&5'!L:L)+1&"' AS ID_EXEC, CURRENT_TIMESTAMP() AS TIME_EXEC FROM "&I11&" INNER JOIN "&J11&" "&K11), IF(C11="Validade",+IF(G11="Code List","SELECT '"&UPPER(B11)&"' AS TABELA, '"&UPPER(C11)&"' AS TIPOLOGIA_TESTE,'"&D11&"' AS TABELA_LT,'N/A' AS TABELA_SIMUL,'"&F11&"' AS CAMPO, "&"'${ref_date}' AS REF_DATE, COUNT(*) AS NUM_REG, SUM(IF(TRIM(CAST(X."&F11&" AS STRING))='' OR TRIM(CAST(X."&F11&" AS STRING)) IS NULL OR CAST(X."&F11&" AS STRING) NOT "&H11&",1,0)) AS NUM_REG_DIF,'"&MAX('ID1&5'!K:K)+1&"' AS ID_EXEC, CURRENT_TIMESTAMP() AS TIME_EXEC FROM "&I11,"SELECT '"&UPPER(B11)&"' AS TABELA, '"&UPPER(C11)&"' AS TIPOLOGIA_TESTE,'"&D11&"' AS TABELA_LT,'N/A' AS TABELA_SIMUL,'"&F11&"' AS CAMPO, "&"'${ref_date}' AS REF_DATE, COUNT(*) AS NUM_REG, SUM(IF(TRIM(CAST(X."&F11&" AS STRING))='' OR TRIM(CAST(X."&F11&" AS STRING)) IS NULL,1,0)) AS NUM_REG_DIF,'"&MAX('ID1&5'!K:K)+1&"' AS ID_EXEC, CURRENT_TIMESTAMP() AS TIME_EXEC FROM "&I11), IF(C11="Caracteres Especiais",+"SELECT '"&UPPER(B11)&"' AS TABELA, '"&UPPER(C11)&"' AS TIPOLOGIA_TESTE,'"&D11&"' AS TABELA_LT,'N/A' AS TABELA_SIMUL,'"&F11&"' AS CAMPO, "&"'${ref_date}' AS REF_DATE, COUNT(*) AS NUM_REG, SUM(IF(INSTR(CAST(X."&F11&" AS STRING),'#')>0 OR INSTR(CAST(X."&F11&" AS STRING),'*')>0 OR INSTR(CAST(X."&F11&" AS STRING),'`')>0 OR INSTR(CAST(X."&F11&" AS STRING),'´')>0 OR INSTR(CAST(X."&F11&" AS STRING),'{')>0 OR INSTR(CAST(X."&F11&" AS STRING),'}')>0 OR INSTR(CAST(X."&F11&" AS STRING),'[')>0 OR INSTR(CAST(X."&F11&" AS STRING),'')>0 OR INSTR(CAST(X."&F11&" AS STRING),']')>0 OR INSTR(CAST(X."&F11&" AS STRING),'?')>0 OR INSTR(CAST(X."&F11&" AS STRING),'!')>0 OR INSTR(CAST(X."&F11&" AS STRING),'$')>0 OR INSTR(CAST(X."&F11&" AS STRING),'%')>0 OR INSTR(CAST(X."&F11&" AS STRING),'&')>0 OR INSTR(CAST(X."&F11&" AS STRING),'+')>0,1,0)) AS NUM_REG_DIF,'"&MAX('ID1&5'!K:K)+1&"' AS ID_EXEC, CURRENT_TIMESTAMP() AS TIME_EXEC FROM "&I11, IF(C11="Missings",+"SELECT '"&UPPER(B11)&"' AS TABELA, '"&UPPER(C11)&"' AS TIPOLOGIA_TESTE,'"&D11&"' AS TABELA_LT,'N/A' AS TABELA_SIMUL,'"&F11&"' AS CAMPO, "&"'${ref_date}' AS REF_DATE, COUNT(*) AS NUM_REG, SUM(IF(TRIM(CAST(X."&F11&" AS STRING)) IN ('0000-00-00','0001-01-01','9999-12-31','MISS','00000','99999999999','99999999999.00','99999999999.000000'),1,0)) AS NUM_REG_DIF,'"&MAX('ID1&5'!K:K)+1&"' AS ID_EXEC, CURRENT_TIMESTAMP() AS TIME_EXEC FROM "&I11, IF(C11="Not applicable",+"SELECT '"&UPPER(B11)&"' AS TABELA, '"&UPPER(C11)&"' AS TIPOLOGIA_TESTE,'"&D11&"' AS TABELA_LT,'N/A' AS TABELA_SIMUL,'"&F11&"' AS CAMPO, "&"'${ref_date}' AS REF_DATE, COUNT(*) AS NUM_REG, SUM(IF(TRIM(CAST(X."&F11&" AS STRING)) IN ('N/A','11111111111','11111111111.00','11111111111.000000','1111-11-11'),1,0)) AS NUM_REG_DIF,'"&MAX('ID1&5'!K:K)+1&"' AS ID_EXEC, CURRENT_TIMESTAMP() AS TIME_EXEC FROM "&I11, IF(C11="Valores extremos",+"SELECT '"&UPPER(B11)&"' AS TABELA, '"&UPPER(C11)&"' AS TIPOLOGIA_TESTE,'"&D11&"' AS TABELA_LT,'N/A' AS TABELA_SIMUL,'"&F11&"' AS CAMPO, "&"'${ref_date}' AS REF_DATE, CAST(MIN("&F11&") AS STRING) AS VALOR_MIN, CAST(MAX("&F11&") AS STRING) AS VALOR_MAX,'"&MAX('ID1&5'!K:K)+1&"' AS ID_EXEC, CURRENT_TIMESTAMP() AS TIME_EXEC FROM "&MID(I11,1,LEN(I11)-2)&" AND CAST("&F11&" AS STRING) NOT IN ('0000-00-00','0001-01-01','9999-12-31','MISS','00000','99999999999','99999999999.00','99999999999.000000','N/A','11111111111','11111111111.00','11111111111.000000','1111-11-11'))X")))))) -> SELECT 'INSTRUMENT' AS TABELA, 'COERÊNCIA' AS TIPOLOGIA_TESTE,'BU_LOANTAPE_WORK.LT002_INSTRUMENT' AS TABELA_LT,'BU_LOANTAPE_WORK.LT002_INSTRUMENT_P3_NOV24' AS TABELA_SIMUL,'RSK_MTGTD_CCP' AS CAMPO, '${ref_date}' AS REF_DATE, COUNT(*) AS NUM_REG, SUM(IF(COALESCE(CAST(X.RSK_MTGTD_CCP AS STRING),'')<>COALESCE(CAST(Y.RSK_MTGTD_CCP_SIMUL AS STRING),''),1,0)) AS NUM_REG_DIF,'1' AS ID_EXEC, CURRENT_TIMESTAMP() AS TIME_EXEC FROM (SELECT instrmnt_id, RSK_MTGTD_CCP FROM BU_LOANTAPE_WORK.LT002_INSTRUMENT WHERE ref_date='${ref_date}' AND nome_perimetro='Individual Corporativo' AND segmento='ESTR' AND ambito='PILAR3')X INNER JOIN (SELECT instrmnt_id AS instrmnt_id_SIMUL, RSK_MTGTD_CCP AS RSK_MTGTD_CCP_SIMUL FROM BU_LOANTAPE_WORK.LT002_INSTRUMENT_P3_NOV24)Y ON X.INSTRMNT_ID=Y.INSTRMNT_ID_SIMUL | M11: =+"UNION ALL "&L11 -> UNION ALL SELECT 'INSTRUMENT' AS TABELA, 'COERÊNCIA' AS TIPOLOGIA_TESTE,'BU_LOANTAPE_WORK.LT002_INSTRUMENT' AS TABELA_LT,'BU_LOANTAPE_WORK.LT002_INSTRUMENT_P3_NOV24' AS TABELA_SIMUL,'RSK_MTGTD_CCP' AS CAMPO, '${ref_date}' AS REF_DATE, COUNT(*) AS NUM_REG, SUM(IF(COALESCE(CAST(X.RSK_MTGTD_CCP AS STRING),'')<>COALESCE(CAST(Y.RSK_MTGTD_CCP_SIMUL AS STRING),''),1,0)) AS NUM_REG_DIF,'1' AS ID_EXEC, CURRENT_TIMESTAMP() AS TIME_EXEC FROM (SELECT instrmnt_id, RSK_MTGTD_CCP FROM BU_LOANTAPE_WORK.LT002_INSTRUMENT WHERE ref_date='${ref_date}' AND nome_perimetro='Individual Corporativo' AND segmento='ESTR' AND ambito='PILAR3')X INNER JOIN (SELECT instrmnt_id AS instrmnt_id_SIMUL, RSK_MTGTD_CCP AS RSK_MTGTD_CCP_SIMUL FROM BU_LOANTAPE_WORK.LT002_INSTRUMENT_P3_NOV24)Y ON X.INSTRMNT_ID=Y.INSTRMNT_ID_SIMUL
B12: Instrument | C12: Coerência | D12: =+UPPER('0. Instruções'!$D$33&"."&VLOOKUP(B12,'0. Instruções'!$C$27:$D$31,2,FALSE)) -> BU_LOANTAPE_WORK.LT002_INSTRUMENT | E12: =+UPPER('0. Instruções'!$D$34&"."&VLOOKUP(B12,'0. Instruções'!$C$27:$E$31,3,FALSE)) -> BU_LOANTAPE_WORK.LT002_INSTRUMENT_P3_NOV24 | F12: MTHD_USD_INSTRMNT_SCP_1 | G12: Code List | I12: ="(SELECT "&VLOOKUP(B12,'0. Instruções'!$C$27:$G$31,4,FALSE)&", "&F12&" FROM "&D12&" WHERE "&'0. Instruções'!$D$40&")X" -> (SELECT instrmnt_id, MTHD_USD_INSTRMNT_SCP_1 FROM BU_LOANTAPE_WORK.LT002_INSTRUMENT WHERE ref_date='${ref_date}' AND nome_perimetro='Individual Corporativo' AND segmento='ESTR' AND ambito='PILAR3')X | J12: ="(SELECT "&VLOOKUP(B12,'0. Instruções'!$C$27:$G$31,4,FALSE)&" AS "&VLOOKUP(B12,'0. Instruções'!$C$27:$G$31,4,FALSE)&"_SIMUL, "&F12&" AS "&F12&"_SIMUL FROM "&E12&")Y" -> (SELECT instrmnt_id AS instrmnt_id_SIMUL, MTHD_USD_INSTRMNT_SCP_1 AS MTHD_USD_INSTRMNT_SCP_1_SIMUL FROM BU_LOANTAPE_WORK.LT002_INSTRUMENT_P3_NOV24)Y | K12: =+UPPER("ON X."&VLOOKUP(B12,'0. Instruções'!$C$27:$G$31,4,FALSE)&"=Y."&VLOOKUP(B12,'0. Instruções'!$C$27:$G$31,4,FALSE)&"_SIMUL") -> ON X.INSTRMNT_ID=Y.INSTRMNT_ID_SIMUL | L12: =+IF(C12="Coerência", +IF(LEFT(G12,5)="FLOAT","SELECT '"&UPPER(B12)&"' AS TABELA, '"&UPPER(C12)&"' AS TIPOLOGIA_TESTE,'"&D12&"' AS TABELA_LT,'"&E12&"' AS TABELA_SIMUL,'"&F12&"' AS CAMPO, "&"'${ref_date}' AS REF_DATE, COUNT(*) AS NUM_REG, SUM(IF((ABS(COALESCE(X."&F12&",0)-COALESCE(Y."&F12&"_SIMUL,0))>0.0000000001) OR (X."&F12&" IS NULL AND Y."&F12&"_SIMUL IS NOT NULL ) OR (X."&F12&" IS NOT NULL AND Y."&F12&"_SIMUL IS NULL),1,0)) AS NUM_REG_DIF,'"&MAX('ID1&5'!K:K)+1&"' AS ID_EXEC, CURRENT_TIMESTAMP() AS TIME_EXEC FROM "&I12&" INNER JOIN "&J12&" "&K12,"SELECT '"&UPPER(B12)&"' AS TABELA, '"&UPPER(C12)&"' AS TIPOLOGIA_TESTE,'"&D12&"' AS TABELA_LT,'"&E12&"' AS TABELA_SIMUL,'"&F12&"' AS CAMPO, "&"'${ref_date}' AS REF_DATE, COUNT(*) AS NUM_REG, SUM(IF(COALESCE(CAST(X."&F12&" AS STRING),'')<>COALESCE(CAST(Y."&F12&"_SIMUL AS STRING),''),1,0)) AS NUM_REG_DIF,'"&MAX('ID1&5'!L:L)+1&"' AS ID_EXEC, CURRENT_TIMESTAMP() AS TIME_EXEC FROM "&I12&" INNER JOIN "&J12&" "&K12), IF(C12="Validade",+IF(G12="Code List","SELECT '"&UPPER(B12)&"' AS TABELA, '"&UPPER(C12)&"' AS TIPOLOGIA_TESTE,'"&D12&"' AS TABELA_LT,'N/A' AS TABELA_SIMUL,'"&F12&"' AS CAMPO, "&"'${ref_date}' AS REF_DATE, COUNT(*) AS NUM_REG, SUM(IF(TRIM(CAST(X."&F12&" AS STRING))='' OR TRIM(CAST(X."&F12&" AS STRING)) IS NULL OR CAST(X."&F12&" AS STRING) NOT "&H12&",1,0)) AS NUM_REG_DIF,'"&MAX('ID1&5'!K:K)+1&"' AS ID_EXEC, CURRENT_TIMESTAMP() AS TIME_EXEC FROM "&I12,"SELECT '"&UPPER(B12)&"' AS TABELA, '"&UPPER(C12)&"' AS TIPOLOGIA_TESTE,'"&D12&"' AS TABELA_LT,'N/A' AS TABELA_SIMUL,'"&F12&"' AS CAMPO, "&"'${ref_date}' AS REF_DATE, COUNT(*) AS NUM_REG, SUM(IF(TRIM(CAST(X."&F12&" AS STRING))='' OR TRIM(CAST(X."&F12&" AS STRING)) IS NULL,1,0)) AS NUM_REG_DIF,'"&MAX('ID1&5'!K:K)+1&"' AS ID_EXEC, CURRENT_TIMESTAMP() AS TIME_EXEC FROM "&I12), IF(C12="Caracteres Especiais",+"SELECT '"&UPPER(B12)&"' AS TABELA, '"&UPPER(C12)&"' AS TIPOLOGIA_TESTE,'"&D12&"' AS TABELA_LT,'N/A' AS TABELA_SIMUL,'"&F12&"' AS CAMPO, "&"'${ref_date}' AS REF_DATE, COUNT(*) AS NUM_REG, SUM(IF(INSTR(CAST(X."&F12&" AS STRING),'#')>0 OR INSTR(CAST(X."&F12&" AS STRING),'*')>0 OR INSTR(CAST(X."&F12&" AS STRING),'`')>0 OR INSTR(CAST(X."&F12&" AS STRING),'´')>0 OR INSTR(CAST(X."&F12&" AS STRING),'{')>0 OR INSTR(CAST(X."&F12&" AS STRING),'}')>0 OR INSTR(CAST(X."&F12&" AS STRING),'[')>0 OR INSTR(CAST(X."&F12&" AS STRING),'')>0 OR INSTR(CAST(X."&F12&" AS STRING),']')>0 OR INSTR(CAST(X."&F12&" AS STRING),'?')>0 OR INSTR(CAST(X."&F12&" AS STRING),'!')>0 OR INSTR(CAST(X."&F12&" AS STRING),'$')>0 OR INSTR(CAST(X."&F12&" AS STRING),'%')>0 OR INSTR(CAST(X."&F12&" AS STRING),'&')>0 OR INSTR(CAST(X."&F12&" AS STRING),'+')>0,1,0)) AS NUM_REG_DIF,'"&MAX('ID1&5'!K:K)+1&"' AS ID_EXEC, CURRENT_TIMESTAMP() AS TIME_EXEC FROM "&I12, IF(C12="Missings",+"SELECT '"&UPPER(B12)&"' AS TABELA, '"&UPPER(C12)&"' AS TIPOLOGIA_TESTE,'"&D12&"' AS TABELA_LT,'N/A' AS TABELA_SIMUL,'"&F12&"' AS CAMPO, "&"'${ref_date}' AS REF_DATE, COUNT(*) AS NUM_REG, SUM(IF(TRIM(CAST(X."&F12&" AS STRING)) IN ('0000-00-00','0001-01-01','9999-12-31','MISS','00000','99999999999','99999999999.00','99999999999.000000'),1,0)) AS NUM_REG_DIF,'"&MAX('ID1&5'!K:K)+1&"' AS ID_EXEC, CURRENT_TIMESTAMP() AS TIME_EXEC FROM "&I12, IF(C12="Not applicable",+"SELECT '"&UPPER(B12)&"' AS TABELA, '"&UPPER(C12)&"' AS TIPOLOGIA_TESTE,'"&D12&"' AS TABELA_LT,'N/A' AS TABELA_SIMUL,'"&F12&"' AS CAMPO, "&"'${ref_date}' AS REF_DATE, COUNT(*) AS NUM_REG, SUM(IF(TRIM(CAST(X."&F12&" AS STRING)) IN ('N/A','11111111111','11111111111.00','11111111111.000000','1111-11-11'),1,0)) AS NUM_REG_DIF,'"&MAX('ID1&5'!K:K)+1&"' AS ID_EXEC, CURRENT_TIMESTAMP() AS TIME_EXEC FROM "&I12, IF(C12="Valores extremos",+"SELECT '"&UPPER(B12)&"' AS TABELA, '"&UPPER(C12)&"' AS TIPOLOGIA_TESTE,'"&D12&"' AS TABELA_LT,'N/A' AS TABELA_SIMUL,'"&F12&"' AS CAMPO, "&"'${ref_date}' AS REF_DATE, CAST(MIN("&F12&") AS STRING) AS VALOR_MIN, CAST(MAX("&F12&") AS STRING) AS VALOR_MAX,'"&MAX('ID1&5'!K:K)+1&"' AS ID_EXEC, CURRENT_TIMESTAMP() AS TIME_EXEC FROM "&MID(I12,1,LEN(I12)-2)&" AND CAST("&F12&" AS STRING) NOT IN ('0000-00-00','0001-01-01','9999-12-31','MISS','00000','99999999999','99999999999.00','99999999999.000000','N/A','11111111111','11111111111.00','11111111111.000000','1111-11-11'))X")))))) -> SELECT 'INSTRUMENT' AS TABELA, 'COERÊNCIA' AS TIPOLOGIA_TESTE,'BU_LOANTAPE_WORK.LT002_INSTRUMENT' AS TABELA_LT,'BU_LOANTAPE_WORK.LT002_INSTRUMENT_P3_NOV24' AS TABELA_SIMUL,'MTHD_USD_INSTRMNT_SCP_1' AS CAMPO, '${ref_date}' AS REF_DATE, COUNT(*) AS NUM_REG, SUM(IF(COALESCE(CAST(X.MTHD_USD_INSTRMNT_SCP_1 AS STRING),'')<>COALESCE(CAST(Y.MTHD_USD_INSTRMNT_SCP_1_SIMUL AS STRING),''),1,0)) AS NUM_REG_DIF,'1' AS ID_EXEC, CURRENT_TIMESTAMP() AS TIME_EXEC FROM (SELECT instrmnt_id, MTHD_USD_INSTRMNT_SCP_1 FROM BU_LOANTAPE_WORK.LT002_INSTRUMENT WHERE ref_date='${ref_date}' AND nome_perimetro='Individual Corporativo' AND segmento='ESTR' AND ambito='PILAR3')X INNER JOIN (SELECT instrmnt_id AS instrmnt_id_SIMUL, MTHD_USD_INSTRMNT_SCP_1 AS MTHD_USD_INSTRMNT_SCP_1_SIMUL FROM BU_LOANTAPE_WORK.LT002_INSTRUMENT_P3_NOV24)Y ON X.INSTRMNT_ID=Y.INSTRMNT_ID_SIMUL | M12: =+"UNION ALL "&L12 -> UNION ALL SELECT 'INSTRUMENT' AS TABELA, 'COERÊNCIA' AS TIPOLOGIA_TESTE,'BU_LOANTAPE_WORK.LT002_INSTRUMENT' AS TABELA_LT,'BU_LOANTAPE_WORK.LT002_INSTRUMENT_P3_NOV24' AS TABELA_SIMUL,'MTHD_USD_INSTRMNT_SCP_1' AS CAMPO, '${ref_date}' AS REF_DATE, COUNT(*) AS NUM_REG, SUM(IF(COALESCE(CAST(X.MTHD_USD_INSTRMNT_SCP_1 AS STRING),'')<>COALESCE(CAST(Y.MTHD_USD_INSTRMNT_SCP_1_SIMUL AS STRING),''),1,0)) AS NUM_REG_DIF,'1' AS ID_EXEC, CURRENT_TIMESTAMP() AS TIME_EXEC FROM (SELECT instrmnt_id, MTHD_USD_INSTRMNT_SCP_1 FROM BU_LOANTAPE_WORK.LT002_INSTRUMENT WHERE ref_date='${ref_date}' AND nome_perimetro='Individual Corporativo' AND segmento='ESTR' AND ambito='PILAR3')X INNER JOIN (SELECT instrmnt_id AS instrmnt_id_SIMUL, MTHD_USD_INSTRMNT_SCP_1 AS MTHD_USD_INSTRMNT_SCP_1_SIMUL FROM BU_LOANTAPE_WORK.LT002_INSTRUMENT_P3_NOV24)Y ON X.INSTRMNT_ID=Y.INSTRMNT_ID_SIMUL
B13: Instrument | C13: Coerência | D13: =+UPPER('0. Instruções'!$D$33&"."&VLOOKUP(B13,'0. Instruções'!$C$27:$D$31,2,FALSE)) -> BU_LOANTAPE_WORK.LT002_INSTRUMENT | E13: =+UPPER('0. Instruções'!$D$34&"."&VLOOKUP(B13,'0. Instruções'!$C$27:$E$31,3,FALSE)) -> BU_LOANTAPE_WORK.LT002_INSTRUMENT_P3_NOV24 | F13: MTHD_USD_INSTRMNT_SCP_2 | G13: Code List | I13: ="(SELECT "&VLOOKUP(B13,'0. Instruções'!$C$27:$G$31,4,FALSE)&", "&F13&" FROM "&D13&" WHERE "&'0. Instruções'!$D$40&")X" -> (SELECT instrmnt_id, MTHD_USD_INSTRMNT_SCP_2 FROM BU_LOANTAPE_WORK.LT002_INSTRUMENT WHERE ref_date='${ref_date}' AND nome_perimetro='Individual Corporativo' AND segmento='ESTR' AND ambito='PILAR3')X | J13: ="(SELECT "&VLOOKUP(B13,'0. Instruções'!$C$27:$G$31,4,FALSE)&" AS "&VLOOKUP(B13,'0. Instruções'!$C$27:$G$31,4,FALSE)&"_SIMUL, "&F13&" AS "&F13&"_SIMUL FROM "&E13&")Y" -> (SELECT instrmnt_id AS instrmnt_id_SIMUL, MTHD_USD_INSTRMNT_SCP_2 AS MTHD_USD_INSTRMNT_SCP_2_SIMUL FROM BU_LOANTAPE_WORK.LT002_INSTRUMENT_P3_NOV24)Y | K13: =+UPPER("ON X."&VLOOKUP(B13,'0. Instruções'!$C$27:$G$31,4,FALSE)&"=Y."&VLOOKUP(B13,'0. Instruções'!$C$27:$G$31,4,FALSE)&"_SIMUL") -> ON X.INSTRMNT_ID=Y.INSTRMNT_ID_SIMUL | L13: =+IF(C13="Coerência", +IF(LEFT(G13,5)="FLOAT","SELECT '"&UPPER(B13)&"' AS TABELA, '"&UPPER(C13)&"' AS TIPOLOGIA_TESTE,'"&D13&"' AS TABELA_LT,'"&E13&"' AS TABELA_SIMUL,'"&F13&"' AS CAMPO, "&"'${ref_date}' AS REF_DATE, COUNT(*) AS NUM_REG, SUM(IF((ABS(COALESCE(X."&F13&",0)-COALESCE(Y."&F13&"_SIMUL,0))>0.0000000001) OR (X."&F13&" IS NULL AND Y."&F13&"_SIMUL IS NOT NULL ) OR (X."&F13&" IS NOT NULL AND Y."&F13&"_SIMUL IS NULL),1,0)) AS NUM_REG_DIF,'"&MAX('ID1&5'!K:K)+1&"' AS ID_EXEC, CURRENT_TIMESTAMP() AS TIME_EXEC FROM "&I13&" INNER JOIN "&J13&" "&K13,"SELECT '"&UPPER(B13)&"' AS TABELA, '"&UPPER(C13)&"' AS TIPOLOGIA_TESTE,'"&D13&"' AS TABELA_LT,'"&E13&"' AS TABELA_SIMUL,'"&F13&"' AS CAMPO, "&"'${ref_date}' AS REF_DATE, COUNT(*) AS NUM_REG, SUM(IF(COALESCE(CAST(X."&F13&" AS STRING),'')<>COALESCE(CAST(Y."&F13&"_SIMUL AS STRING),''),1,0)) AS NUM_REG_DIF,'"&MAX('ID1&5'!L:L)+1&"' AS ID_EXEC, CURRENT_TIMESTAMP() AS TIME_EXEC FROM "&I13&" INNER JOIN "&J13&" "&K13), IF(C13="Validade",+IF(G13="Code List","SELECT '"&UPPER(B13)&"' AS TABELA, '"&UPPER(C13)&"' AS TIPOLOGIA_TESTE,'"&D13&"' AS TABELA_LT,'N/A' AS TABELA_SIMUL,'"&F13&"' AS CAMPO, "&"'${ref_date}' AS REF_DATE, COUNT(*) AS NUM_REG, SUM(IF(TRIM(CAST(X."&F13&" AS STRING))='' OR TRIM(CAST(X."&F13&" AS STRING)) IS NULL OR CAST(X."&F13&" AS STRING) NOT "&H13&",1,0)) AS NUM_REG_DIF,'"&MAX('ID1&5'!K:K)+1&"' AS ID_EXEC, CURRENT_TIMESTAMP() AS TIME_EXEC FROM "&I13,"SELECT '"&UPPER(B13)&"' AS TABELA, '"&UPPER(C13)&"' AS TIPOLOGIA_TESTE,'"&D13&"' AS TABELA_LT,'N/A' AS TABELA_SIMUL,'"&F13&"' AS CAMPO, "&"'${ref_date}' AS REF_DATE, COUNT(*) AS NUM_REG, SUM(IF(TRIM(CAST(X."&F13&" AS STRING))='' OR TRIM(CAST(X."&F13&" AS STRING)) IS NULL,1,0)) AS NUM_REG_DIF,'"&MAX('ID1&5'!K:K)+1&"' AS ID_EXEC, CURRENT_TIMESTAMP() AS TIME_EXEC FROM "&I13), IF(C13="Caracteres Especiais",+"SELECT '"&UPPER(B13)&"' AS TABELA, '"&UPPER(C13)&"' AS TIPOLOGIA_TESTE,'"&D13&"' AS TABELA_LT,'N/A' AS TABELA_SIMUL,'"&F13&"' AS CAMPO, "&"'${ref_date}' AS REF_DATE, COUNT(*) AS NUM_REG, SUM(IF(INSTR(CAST(X."&F13&" AS STRING),'#')>0 OR INSTR(CAST(X."&F13&" AS STRING),'*')>0 OR INSTR(CAST(X."&F13&" AS STRING),'`')>0 OR INSTR(CAST(X."&F13&" AS STRING),'´')>0 OR INSTR(CAST(X."&F13&" AS STRING),'{')>0 OR INSTR(CAST(X."&F13&" AS STRING),'}')>0 OR INSTR(CAST(X."&F13&" AS STRING),'[')>0 OR INSTR(CAST(X."&F13&" AS STRING),'')>0 OR INSTR(CAST(X."&F13&" AS STRING),']')>0 OR INSTR(CAST(X."&F13&" AS STRING),'?')>0 OR INSTR(CAST(X."&F13&" AS STRING),'!')>0 OR INSTR(CAST(X."&F13&" AS STRING),'$')>0 OR INSTR(CAST(X."&F13&" AS STRING),'%')>0 OR INSTR(CAST(X."&F13&" AS STRING),'&')>0 OR INSTR(CAST(X."&F13&" AS STRING),'+')>0,1,0)) AS NUM_REG_DIF,'"&MAX('ID1&5'!K:K)+1&"' AS ID_EXEC, CURRENT_TIMESTAMP() AS TIME_EXEC FROM "&I13, IF(C13="Missings",+"SELECT '"&UPPER(B13)&"' AS TABELA, '"&UPPER(C13)&"' AS TIPOLOGIA_TESTE,'"&D13&"' AS TABELA_LT,'N/A' AS TABELA_SIMUL,'"&F13&"' AS CAMPO, "&"'${ref_date}' AS REF_DATE, COUNT(*) AS NUM_REG, SUM(IF(TRIM(CAST(X."&F13&" AS STRING)) IN ('0000-00-00','0001-01-01','9999-12-31','MISS','00000','99999999999','99999999999.00','99999999999.000000'),1,0)) AS NUM_REG_DIF,'"&MAX('ID1&5'!K:K)+1&"' AS ID_EXEC, CURRENT_TIMESTAMP() AS TIME_EXEC FROM "&I13, IF(C13="Not applicable",+"SELECT '"&UPPER(B13)&"' AS TABELA, '"&UPPER(C13)&"' AS TIPOLOGIA_TESTE,'"&D13&"' AS TABELA_LT,'N/A' AS TABELA_SIMUL,'"&F13&"' AS CAMPO, "&"'${ref_date}' AS REF_DATE, COUNT(*) AS NUM_REG, SUM(IF(TRIM(CAST(X."&F13&" AS STRING)) IN ('N/A','11111111111','11111111111.00','11111111111.000000','1111-11-11'),1,0)) AS NUM_REG_DIF,'"&MAX('ID1&5'!K:K)+1&"' AS ID_EXEC, CURRENT_TIMESTAMP() AS TIME_EXEC FROM "&I13, IF(C13="Valores extremos",+"SELECT '"&UPPER(B13)&"' AS TABELA, '"&UPPER(C13)&"' AS TIPOLOGIA_TESTE,'"&D13&"' AS TABELA_LT,'N/A' AS TABELA_SIMUL,'"&F13&"' AS CAMPO, "&"'${ref_date}' AS REF_DATE, CAST(MIN("&F13&") AS STRING) AS VALOR_MIN, CAST(MAX("&F13&") AS STRING) AS VALOR_MAX,'"&MAX('ID1&5'!K:K)+1&"' AS ID_EXEC, CURRENT_TIMESTAMP() AS TIME_EXEC FROM "&MID(I13,1,LEN(I13)-2)&" AND CAST("&F13&" AS STRING) NOT IN ('0000-00-00','0001-01-01','9999-12-31','MISS','00000','99999999999','99999999999.00','99999999999.000000','N/A','11111111111','11111111111.00','11111111111.000000','1111-11-11'))X")))))) -> SELECT 'INSTRUMENT' AS TABELA, 'COERÊNCIA' AS TIPOLOGIA_TESTE,'BU_LOANTAPE_WORK.LT002_INSTRUMENT' AS TABELA_LT,'BU_LOANTAPE_WORK.LT002_INSTRUMENT_P3_NOV24' AS TABELA_SIMUL,'MTHD_USD_INSTRMNT_SCP_2' AS CAMPO, '${ref_date}' AS REF_DATE, COUNT(*) AS NUM_REG, SUM(IF(COALESCE(CAST(X.MTHD_USD_INSTRMNT_SCP_2 AS STRING),'')<>COALESCE(CAST(Y.MTHD_USD_INSTRMNT_SCP_2_SIMUL AS STRING),''),1,0)) AS NUM_REG_DIF,'1' AS ID_EXEC, CURRENT_TIMESTAMP() AS TIME_EXEC FROM (SELECT instrmnt_id, MTHD_USD_INSTRMNT_SCP_2 FROM BU_LOANTAPE_WORK.LT002_INSTRUMENT WHERE ref_date='${ref_date}' AND nome_perimetro='Individual Corporativo' AND segmento='ESTR' AND ambito='PILAR3')X INNER JOIN (SELECT instrmnt_id AS instrmnt_id_SIMUL, MTHD_USD_INSTRMNT_SCP_2 AS MTHD_USD_INSTRMNT_SCP_2_SIMUL FROM BU_LOANTAPE_WORK.LT002_INSTRUMENT_P3_NOV24)Y ON X.INSTRMNT_ID=Y.INSTRMNT_ID_SIMUL | M13: =+"UNION ALL "&L13 -> UNION ALL SELECT 'INSTRUMENT' AS TABELA, 'COERÊNCIA' AS TIPOLOGIA_TESTE,'BU_LOANTAPE_WORK.LT002_INSTRUMENT' AS TABELA_LT,'BU_LOANTAPE_WORK.LT002_INSTRUMENT_P3_NOV24' AS TABELA_SIMUL,'MTHD_USD_INSTRMNT_SCP_2' AS CAMPO, '${ref_date}' AS REF_DATE, COUNT(*) AS NUM_REG, SUM(IF(COALESCE(CAST(X.MTHD_USD_INSTRMNT_SCP_2 AS STRING),'')<>COALESCE(CAST(Y.MTHD_USD_INSTRMNT_SCP_2_SIMUL AS STRING),''),1,0)) AS NUM_REG_DIF,'1' AS ID_EXEC, CURRENT_TIMESTAMP() AS TIME_EXEC FROM (SELECT instrmnt_id, MTHD_USD_INSTRMNT_SCP_2 FROM BU_LOANTAPE_WORK.LT002_INSTRUMENT WHERE ref_date='${ref_date}' AND nome_perimetro='Individual Corporativo' AND segmento='ESTR' AND ambito='PILAR3')X INNER JOIN (SELECT instrmnt_id AS instrmnt_id_SIMUL, MTHD_USD_INSTRMNT_SCP_2 AS MTHD_USD_INSTRMNT_SCP_2_SIMUL FROM BU_LOANTAPE_WORK.LT002_INSTRUMENT_P3_NOV24)Y ON X.INSTRMNT_ID=Y.INSTRMNT_ID_SIMUL
B14: Instrument | C14: Coerência | D14: =+UPPER('0. Instruções'!$D$33&"."&VLOOKUP(B14,'0. Instruções'!$C$27:$D$31,2,FALSE)) -> BU_LOANTAPE_WORK.LT002_INSTRUMENT | E14: =+UPPER('0. Instruções'!$D$34&"."&VLOOKUP(B14,'0. Instruções'!$C$27:$E$31,3,FALSE)) -> BU_LOANTAPE_WORK.LT002_INSTRUMENT_P3_NOV24 | F14: MTHD_USD_INSTRMNT_SCP_3 | G14: Code List | I14: ="(SELECT "&VLOOKUP(B14,'0. Instruções'!$C$27:$G$31,4,FALSE)&", "&F14&" FROM "&D14&" WHERE "&'0. Instruções'!$D$40&")X" -> (SELECT instrmnt_id, MTHD_USD_INSTRMNT_SCP_3 FROM BU_LOANTAPE_WORK.LT002_INSTRUMENT WHERE ref_date='${ref_date}' AND nome_perimetro='Individual Corporativo' AND segmento='ESTR' AND ambito='PILAR3')X | J14: ="(SELECT "&VLOOKUP(B14,'0. Instruções'!$C$27:$G$31,4,FALSE)&" AS "&VLOOKUP(B14,'0. Instruções'!$C$27:$G$31,4,FALSE)&"_SIMUL, "&F14&" AS "&F14&"_SIMUL FROM "&E14&")Y" -> (SELECT instrmnt_id AS instrmnt_id_SIMUL, MTHD_USD_INSTRMNT_SCP_3 AS MTHD_USD_INSTRMNT_SCP_3_SIMUL FROM BU_LOANTAPE_WORK.LT002_INSTRUMENT_P3_NOV24)Y | K14: =+UPPER("ON X."&VLOOKUP(B14,'0. Instruções'!$C$27:$G$31,4,FALSE)&"=Y."&VLOOKUP(B14,'0. Instruções'!$C$27:$G$31,4,FALSE)&"_SIMUL") -> ON X.INSTRMNT_ID=Y.INSTRMNT_ID_SIMUL | L14: =+IF(C14="Coerência", +IF(LEFT(G14,5)="FLOAT","SELECT '"&UPPER(B14)&"' AS TABELA, '"&UPPER(C14)&"' AS TIPOLOGIA_TESTE,'"&D14&"' AS TABELA_LT,'"&E14&"' AS TABELA_SIMUL,'"&F14&"' AS CAMPO, "&"'${ref_date}' AS REF_DATE, COUNT(*) AS NUM_REG, SUM(IF((ABS(COALESCE(X."&F14&",0)-COALESCE(Y."&F14&"_SIMUL,0))>0.0000000001) OR (X."&F14&" IS NULL AND Y."&F14&"_SIMUL IS NOT NULL ) OR (X."&F14&" IS NOT NULL AND Y."&F14&"_SIMUL IS NULL),1,0)) AS NUM_REG_DIF,'"&MAX('ID1&5'!K:K)+1&"' AS ID_EXEC, CURRENT_TIMESTAMP() AS TIME_EXEC FROM "&I14&" INNER JOIN "&J14&" "&K14,"SELECT '"&UPPER(B14)&"' AS TABELA, '"&UPPER(C14)&"' AS TIPOLOGIA_TESTE,'"&D14&"' AS TABELA_LT,'"&E14&"' AS TABELA_SIMUL,'"&F14&"' AS CAMPO, "&"'${ref_date}' AS REF_DATE, COUNT(*) AS NUM_REG, SUM(IF(COALESCE(CAST(X."&F14&" AS STRING),'')<>COALESCE(CAST(Y."&F14&"_SIMUL AS STRING),''),1,0)) AS NUM_REG_DIF,'"&MAX('ID1&5'!L:L)+1&"' AS ID_EXEC, CURRENT_TIMESTAMP() AS TIME_EXEC FROM "&I14&" INNER JOIN "&J14&" "&K14), IF(C14="Validade",+IF(G14="Code List","SELECT '"&UPPER(B14)&"' AS TABELA, '"&UPPER(C14)&"' AS TIPOLOGIA_TESTE,'"&D14&"' AS TABELA_LT,'N/A' AS TABELA_SIMUL,'"&F14&"' AS CAMPO, "&"'${ref_date}' AS REF_DATE, COUNT(*) AS NUM_REG, SUM(IF(TRIM(CAST(X."&F14&" AS STRING))='' OR TRIM(CAST(X."&F14&" AS STRING)) IS NULL OR CAST(X."&F14&" AS STRING) NOT "&H14&",1,0)) AS NUM_REG_DIF,'"&MAX('ID1&5'!K:K)+1&"' AS ID_EXEC, CURRENT_TIMESTAMP() AS TIME_EXEC FROM "&I14,"SELECT '"&UPPER(B14)&"' AS TABELA, '"&UPPER(C14)&"' AS TIPOLOGIA_TESTE,'"&D14&"' AS TABELA_LT,'N/A' AS TABELA_SIMUL,'"&F14&"' AS CAMPO, "&"'${ref_date}' AS REF_DATE, COUNT(*) AS NUM_REG, SUM(IF(TRIM(CAST(X."&F14&" AS STRING))='' OR TRIM(CAST(X."&F14&" AS STRING)) IS NULL,1,0)) AS NUM_REG_DIF,'"&MAX('ID1&5'!K:K)+1&"' AS ID_EXEC, CURRENT_TIMESTAMP() AS TIME_EXEC FROM "&I14), IF(C14="Caracteres Especiais",+"SELECT '"&UPPER(B14)&"' AS TABELA, '"&UPPER(C14)&"' AS TIPOLOGIA_TESTE,'"&D14&"' AS TABELA_LT,'N/A' AS TABELA_SIMUL,'"&F14&"' AS CAMPO, "&"'${ref_date}' AS REF_DATE, COUNT(*) AS NUM_REG, SUM(IF(INSTR(CAST(X."&F14&" AS STRING),'#')>0 OR INSTR(CAST(X."&F14&" AS STRING),'*')>0 OR INSTR(CAST(X."&F14&" AS STRING),'`')>0 OR INSTR(CAST(X."&F14&" AS STRING),'´')>0 OR INSTR(CAST(X."&F14&" AS STRING),'{')>0 OR INSTR(CAST(X."&F14&" AS STRING),'}')>0 OR INSTR(CAST(X."&F14&" AS STRING),'[')>0 OR INSTR(CAST(X."&F14&" AS STRING),'')>0 OR INSTR(CAST(X."&F14&" AS STRING),']')>0 OR INSTR(CAST(X."&F14&" AS STRING),'?')>0 OR INSTR(CAST(X."&F14&" AS STRING),'!')>0 OR INSTR(CAST(X."&F14&" AS STRING),'$')>0 OR INSTR(CAST(X."&F14&" AS STRING),'%')>0 OR INSTR(CAST(X."&F14&" AS STRING),'&')>0 OR INSTR(CAST(X."&F14&" AS STRING),'+')>0,1,0)) AS NUM_REG_DIF,'"&MAX('ID1&5'!K:K)+1&"' AS ID_EXEC, CURRENT_TIMESTAMP() AS TIME_EXEC FROM "&I14, IF(C14="Missings",+"SELECT '"&UPPER(B14)&"' AS TABELA, '"&UPPER(C14)&"' AS TIPOLOGIA_TESTE,'"&D14&"' AS TABELA_LT,'N/A' AS TABELA_SIMUL,'"&F14&"' AS CAMPO, "&"'${ref_date}' AS REF_DATE, COUNT(*) AS NUM_REG, SUM(IF(TRIM(CAST(X."&F14&" AS STRING)) IN ('0000-00-00','0001-01-01','9999-12-31','MISS','00000','99999999999','99999999999.00','99999999999.000000'),1,0)) AS NUM_REG_DIF,'"&MAX('ID1&5'!K:K)+1&"' AS ID_EXEC, CURRENT_TIMESTAMP() AS TIME_EXEC FROM "&I14, IF(C14="Not applicable",+"SELECT '"&UPPER(B14)&"' AS TABELA, '"&UPPER(C14)&"' AS TIPOLOGIA_TESTE,'"&D14&"' AS TABELA_LT,'N/A' AS TABELA_SIMUL,'"&F14&"' AS CAMPO, "&"'${ref_date}' AS REF_DATE, COUNT(*) AS NUM_REG, SUM(IF(TRIM(CAST(X."&F14&" AS STRING)) IN ('N/A','11111111111','11111111111.00','11111111111.000000','1111-11-11'),1,0)) AS NUM_REG_DIF,'"&MAX('ID1&5'!K:K)+1&"' AS ID_EXEC, CURRENT_TIMESTAMP() AS TIME_EXEC FROM "&I14, IF(C14="Valores extremos",+"SELECT '"&UPPER(B14)&"' AS TABELA, '"&UPPER(C14)&"' AS TIPOLOGIA_TESTE,'"&D14&"' AS TABELA_LT,'N/A' AS TABELA_SIMUL,'"&F14&"' AS CAMPO, "&"'${ref_date}' AS REF_DATE, CAST(MIN("&F14&") AS STRING) AS VALOR_MIN, CAST(MAX("&F14&") AS STRING) AS VALOR_MAX,'"&MAX('ID1&5'!K:K)+1&"' AS ID_EXEC, CURRENT_TIMESTAMP() AS TIME_EXEC FROM "&MID(I14,1,LEN(I14)-2)&" AND CAST("&F14&" AS STRING) NOT IN ('0000-00-00','0001-01-01','9999-12-31','MISS','00000','99999999999','99999999999.00','99999999999.000000','N/A','11111111111','11111111111.00','11111111111.000000','1111-11-11'))X")))))) -> SELECT 'INSTRUMENT' AS TABELA, 'COERÊNCIA' AS TIPOLOGIA_TESTE,'BU_LOANTAPE_WORK.LT002_INSTRUMENT' AS TABELA_LT,'BU_LOANTAPE_WORK.LT002_INSTRUMENT_P3_NOV24' AS TABELA_SIMUL,'MTHD_USD_INSTRMNT_SCP_3' AS CAMPO, '${ref_date}' AS REF_DATE, COUNT(*) AS NUM_REG, SUM(IF(COALESCE(CAST(X.MTHD_USD_INSTRMNT_SCP_3 AS STRING),'')<>COALESCE(CAST(Y.MTHD_USD_INSTRMNT_SCP_3_SIMUL AS STRING),''),1,0)) AS NUM_REG_DIF,'1' AS ID_EXEC, CURRENT_TIMESTAMP() AS TIME_EXEC FROM (SELECT instrmnt_id, MTHD_USD_INSTRMNT_SCP_3 FROM BU_LOANTAPE_WORK.LT002_INSTRUMENT WHERE ref_date='${ref_date}' AND nome_perimetro='Individual Corporativo' AND segmento='ESTR' AND ambito='PILAR3')X INNER JOIN (SELECT instrmnt_id AS instrmnt_id_SIMUL, MTHD_USD_INSTRMNT_SCP_3 AS MTHD_USD_INSTRMNT_SCP_3_SIMUL FROM BU_LOANTAPE_WORK.LT002_INSTRUMENT_P3_NOV24)Y ON X.INSTRMNT_ID=Y.INSTRMNT_ID_SIMUL | M14: =+"UNION ALL "&L14 -> UNION ALL SELECT 'INSTRUMENT' AS TABELA, 'COERÊNCIA' AS TIPOLOGIA_TESTE,'BU_LOANTAPE_WORK.LT002_INSTRUMENT' AS TABELA_LT,'BU_LOANTAPE_WORK.LT002_INSTRUMENT_P3_NOV24' AS TABELA_SIMUL,'MTHD_USD_INSTRMNT_SCP_3' AS CAMPO, '${ref_date}' AS REF_DATE, COUNT(*) AS NUM_REG, SUM(IF(COALESCE(CAST(X.MTHD_USD_INSTRMNT_SCP_3 AS STRING),'')<>COALESCE(CAST(Y.MTHD_USD_INSTRMNT_SCP_3_SIMUL AS STRING),''),1,0)) AS NUM_REG_DIF,'1' AS ID_EXEC, CURRENT_TIMESTAMP() AS TIME_EXEC FROM (SELECT instrmnt_id, MTHD_USD_INSTRMNT_SCP_3 FROM BU_LOANTAPE_WORK.LT002_INSTRUMENT WHERE ref_date='${ref_date}' AND nome_perimetro='Individual Corporativo' AND segmento='ESTR' AND ambito='PILAR3')X INNER JOIN (SELECT instrmnt_id AS instrmnt_id_SIMUL, MTHD_USD_INSTRMNT_SCP_3 AS MTHD_USD_INSTRMNT_SCP_3_SIMUL FROM BU_LOANTAPE_WORK.LT002_INSTRUMENT_P3_NOV24)Y ON X.INSTRMNT_ID=Y.INSTRMNT_ID_SIMUL
B15: Instrument | C15: Coerência | D15: =+UPPER('0. Instruções'!$D$33&"."&VLOOKUP(B15,'0. Instruções'!$C$27:$D$31,2,FALSE)) -> BU_LOANTAPE_WORK.LT002_INSTRUMENT | E15: =+UPPER('0. Instruções'!$D$34&"."&VLOOKUP(B15,'0. Instruções'!$C$27:$E$31,3,FALSE)) -> BU_LOANTAPE_WORK.LT002_INSTRUMENT_P3_NOV24 | F15: SSTNBL_CTGRY_TXNMY | G15: Code List | I15: ="(SELECT "&VLOOKUP(B15,'0. Instruções'!$C$27:$G$31,4,FALSE)&", "&F15&" FROM "&D15&" WHERE "&'0. Instruções'!$D$40&")X" -> (SELECT instrmnt_id, SSTNBL_CTGRY_TXNMY FROM BU_LOANTAPE_WORK.LT002_INSTRUMENT WHERE ref_date='${ref_date}' AND nome_perimetro='Individual Corporativo' AND segmento='ESTR' AND ambito='PILAR3')X | J15: ="(SELECT "&VLOOKUP(B15,'0. Instruções'!$C$27:$G$31,4,FALSE)&" AS "&VLOOKUP(B15,'0. Instruções'!$C$27:$G$31,4,FALSE)&"_SIMUL, "&F15&" AS "&F15&"_SIMUL FROM "&E15&")Y" -> (SELECT instrmnt_id AS instrmnt_id_SIMUL, SSTNBL_CTGRY_TXNMY AS SSTNBL_CTGRY_TXNMY_SIMUL FROM BU_LOANTAPE_WORK.LT002_INSTRUMENT_P3_NOV24)Y | K15: =+UPPER("ON X."&VLOOKUP(B15,'0. Instruções'!$C$27:$G$31,4,FALSE)&"=Y."&VLOOKUP(B15,'0. Instruções'!$C$27:$G$31,4,FALSE)&"_SIMUL") -> ON X.INSTRMNT_ID=Y.INSTRMNT_ID_SIMUL | L15: =+IF(C15="Coerência", +IF(LEFT(G15,5)="FLOAT","SELECT '"&UPPER(B15)&"' AS TABELA, '"&UPPER(C15)&"' AS TIPOLOGIA_TESTE,'"&D15&"' AS TABELA_LT,'"&E15&"' AS TABELA_SIMUL,'"&F15&"' AS CAMPO, "&"'${ref_date}' AS REF_DATE, COUNT(*) AS NUM_REG, SUM(IF((ABS(COALESCE(X."&F15&",0)-COALESCE(Y."&F15&"_SIMUL,0))>0.0000000001) OR (X."&F15&" IS NULL AND Y."&F15&"_SIMUL IS NOT NULL ) OR (X."&F15&" IS NOT NULL AND Y."&F15&"_SIMUL IS NULL),1,0)) AS NUM_REG_DIF,'"&MAX('ID1&5'!K:K)+1&"' AS ID_EXEC, CURRENT_TIMESTAMP() AS TIME_EXEC FROM "&I15&" INNER JOIN "&J15&" "&K15,"SELECT '"&UPPER(B15)&"' AS TABELA, '"&UPPER(C15)&"' AS TIPOLOGIA_TESTE,'"&D15&"' AS TABELA_LT,'"&E15&"' AS TABELA_SIMUL,'"&F15&"' AS CAMPO, "&"'${ref_date}' AS REF_DATE, COUNT(*) AS NUM_REG, SUM(IF(COALESCE(CAST(X."&F15&" AS STRING),'')<>COALESCE(CAST(Y."&F15&"_SIMUL AS STRING),''),1,0)) AS NUM_REG_DIF,'"&MAX('ID1&5'!L:L)+1&"' AS ID_EXEC, CURRENT_TIMESTAMP() AS TIME_EXEC FROM "&I15&" INNER JOIN "&J15&" "&K15), IF(C15="Validade",+IF(G15="Code List","SELECT '"&UPPER(B15)&"' AS TABELA, '"&UPPER(C15)&"' AS TIPOLOGIA_TESTE,'"&D15&"' AS TABELA_LT,'N/A' AS TABELA_SIMUL,'"&F15&"' AS CAMPO, "&"'${ref_date}' AS REF_DATE, COUNT(*) AS NUM_REG, SUM(IF(TRIM(CAST(X."&F15&" AS STRING))='' OR TRIM(CAST(X."&F15&" AS STRING)) IS NULL OR CAST(X."&F15&" AS STRING) NOT "&H15&",1,0)) AS NUM_REG_DIF,'"&MAX('ID1&5'!K:K)+1&"' AS ID_EXEC, CURRENT_TIMESTAMP() AS TIME_EXEC FROM "&I15,"SELECT '"&UPPER(B15)&"' AS TABELA, '"&UPPER(C15)&"' AS TIPOLOGIA_TESTE,'"&D15&"' AS TABELA_LT,'N/A' AS TABELA_SIMUL,'"&F15&"' AS CAMPO, "&"'${ref_date}' AS REF_DATE, COUNT(*) AS NUM_REG, SUM(IF(TRIM(CAST(X."&F15&" AS STRING))='' OR TRIM(CAST(X."&F15&" AS STRING)) IS NULL,1,0)) AS NUM_REG_DIF,'"&MAX('ID1&5'!K:K)+1&"' AS ID_EXEC, CURRENT_TIMESTAMP() AS TIME_EXEC FROM "&I15), IF(C15="Caracteres Especiais",+"SELECT '"&UPPER(B15)&"' AS TABELA, '"&UPPER(C15)&"' AS TIPOLOGIA_TESTE,'"&D15&"' AS TABELA_LT,'N/A' AS TABELA_SIMUL,'"&F15&"' AS CAMPO, "&"'${ref_date}' AS REF_DATE, COUNT(*) AS NUM_REG, SUM(IF(INSTR(CAST(X."&F15&" AS STRING),'#')>0 OR INSTR(CAST(X."&F15&" AS STRING),'*')>0 OR INSTR(CAST(X."&F15&" AS STRING),'`')>0 OR INSTR(CAST(X."&F15&" AS STRING),'´')>0 OR INSTR(CAST(X."&F15&" AS STRING),'{')>0 OR INSTR(CAST(X."&F15&" AS STRING),'}')>0 OR INSTR(CAST(X."&F15&" AS STRING),'[')>0 OR INSTR(CAST(X."&F15&" AS STRING),'')>0 OR INSTR(CAST(X."&F15&" AS STRING),']')>0 OR INSTR(CAST(X."&F15&" AS STRING),'?')>0 OR INSTR(CAST(X."&F15&" AS STRING),'!')>0 OR INSTR(CAST(X."&F15&" AS STRING),'$')>0 OR INSTR(CAST(X."&F15&" AS STRING),'%')>0 OR INSTR(CAST(X."&F15&" AS STRING),'&')>0 OR INSTR(CAST(X."&F15&" AS STRING),'+')>0,1,0)) AS NUM_REG_DIF,'"&MAX('ID1&5'!K:K)+1&"' AS ID_EXEC, CURRENT_TIMESTAMP() AS TIME_EXEC FROM "&I15, IF(C15="Missings",+"SELECT '"&UPPER(B15)&"' AS TABELA, '"&UPPER(C15)&"' AS TIPOLOGIA_TESTE,'"&D15&"' AS TABELA_LT,'N/A' AS TABELA_SIMUL,'"&F15&"' AS CAMPO, "&"'${ref_date}' AS REF_DATE, COUNT(*) AS NUM_REG, SUM(IF(TRIM(CAST(X."&F15&" AS STRING)) IN ('0000-00-00','0001-01-01','9999-12-31','MISS','00000','99999999999','99999999999.00','99999999999.000000'),1,0)) AS NUM_REG_DIF,'"&MAX('ID1&5'!K:K)+1&"' AS ID_EXEC, CURRENT_TIMESTAMP() AS TIME_EXEC FROM "&I15, IF(C15="Not applicable",+"SELECT '"&UPPER(B15)&"' AS TABELA, '"&UPPER(C15)&"' AS TIPOLOGIA_TESTE,'"&D15&"' AS TABELA_LT,'N/A' AS TABELA_SIMUL,'"&F15&"' AS CAMPO, "&"'${ref_date}' AS REF_DATE, COUNT(*) AS NUM_REG, SUM(IF(TRIM(CAST(X."&F15&" AS STRING)) IN ('N/A','11111111111','11111111111.00','11111111111.000000','1111-11-11'),1,0)) AS NUM_REG_DIF,'"&MAX('ID1&5'!K:K)+1&"' AS ID_EXEC, CURRENT_TIMESTAMP() AS TIME_EXEC FROM "&I15, IF(C15="Valores extremos",+"SELECT '"&UPPER(B15)&"' AS TABELA, '"&UPPER(C15)&"' AS TIPOLOGIA_TESTE,'"&D15&"' AS TABELA_LT,'N/A' AS TABELA_SIMUL,'"&F15&"' AS CAMPO, "&"'${ref_date}' AS REF_DATE, CAST(MIN("&F15&") AS STRING) AS VALOR_MIN, CAST(MAX("&F15&") AS STRING) AS VALOR_MAX,'"&MAX('ID1&5'!K:K)+1&"' AS ID_EXEC, CURRENT_TIMESTAMP() AS TIME_EXEC FROM "&MID(I15,1,LEN(I15)-2)&" AND CAST("&F15&" AS STRING) NOT IN ('0000-00-00','0001-01-01','9999-12-31','MISS','00000','99999999999','99999999999.00','99999999999.000000','N/A','11111111111','11111111111.00','11111111111.000000','1111-11-11'))X")))))) -> SELECT 'INSTRUMENT' AS TABELA, 'COERÊNCIA' AS TIPOLOGIA_TESTE,'BU_LOANTAPE_WORK.LT002_INSTRUMENT' AS TABELA_LT,'BU_LOANTAPE_WORK.LT002_INSTRUMENT_P3_NOV24' AS TABELA_SIMUL,'SSTNBL_CTGRY_TXNMY' AS CAMPO, '${ref_date}' AS REF_DATE, COUNT(*) AS NUM_REG, SUM(IF(COALESCE(CAST(X.SSTNBL_CTGRY_TXNMY AS STRING),'')<>COALESCE(CAST(Y.SSTNBL_CTGRY_TXNMY_SIMUL AS STRING),''),1,0)) AS NUM_REG_DIF,'1' AS ID_EXEC, CURRENT_TIMESTAMP() AS TIME_EXEC FROM (SELECT instrmnt_id, SSTNBL_CTGRY_TXNMY FROM BU_LOANTAPE_WORK.LT002_INSTRUMENT WHERE ref_date='${ref_date}' AND nome_perimetro='Individual Corporativo' AND segmento='ESTR' AND ambito='PILAR3')X INNER JOIN (SELECT instrmnt_id AS instrmnt_id_SIMUL, SSTNBL_CTGRY_TXNMY AS SSTNBL_CTGRY_TXNMY_SIMUL FROM BU_LOANTAPE_WORK.LT002_INSTRUMENT_P3_NOV24)Y ON X.INSTRMNT_ID=Y.INSTRMNT_ID_SIMUL | M15: =+"UNION ALL "&L15 -> UNION ALL SELECT 'INSTRUMENT' AS TABELA, 'COERÊNCIA' AS TIPOLOGIA_TESTE,'BU_LOANTAPE_WORK.LT002_INSTRUMENT' AS TABELA_LT,'BU_LOANTAPE_WORK.LT002_INSTRUMENT_P3_NOV24' AS TABELA_SIMUL,'SSTNBL_CTGRY_TXNMY' AS CAMPO, '${ref_date}' AS REF_DATE, COUNT(*) AS NUM_REG, SUM(IF(COALESCE(CAST(X.SSTNBL_CTGRY_TXNMY AS STRING),'')<>COALESCE(CAST(Y.SSTNBL_CTGRY_TXNMY_SIMUL AS STRING),''),1,0)) AS NUM_REG_DIF,'1' AS ID_EXEC, CURRENT_TIMESTAMP() AS TIME_EXEC FROM (SELECT instrmnt_id, SSTNBL_CTGRY_TXNMY FROM BU_LOANTAPE_WORK.LT002_INSTRUMENT WHERE ref_date='${ref_date}' AND nome_perimetro='Individual Corporativo' AND segmento='ESTR' AND ambito='PILAR3')X INNER JOIN (SELECT instrmnt_id AS instrmnt_id_SIMUL, SSTNBL_CTGRY_TXNMY AS SSTNBL_CTGRY_TXNMY_SIMUL FROM BU_LOANTAPE_WORK.LT002_INSTRUMENT_P3_NOV24)Y ON X.INSTRMNT_ID=Y.INSTRMNT_ID_SIMUL
B16: Instrument | C16: Coerência | D16: =+UPPER('0. Instruções'!$D$33&"."&VLOOKUP(B16,'0. Instruções'!$C$27:$D$31,2,FALSE)) -> BU_LOANTAPE_WORK.LT002_INSTRUMENT | E16: =+UPPER('0. Instruções'!$D$34&"."&VLOOKUP(B16,'0. Instruções'!$C$27:$E$31,3,FALSE)) -> BU_LOANTAPE_WORK.LT002_INSTRUMENT_P3_NOV24 | F16: DT_RFRNC | I16: ="(SELECT "&VLOOKUP(B16,'0. Instruções'!$C$27:$G$31,4,FALSE)&", "&F16&" FROM "&D16&" WHERE "&'0. Instruções'!$D$40&")X" -> (SELECT instrmnt_id, DT_RFRNC FROM BU_LOANTAPE_WORK.LT002_INSTRUMENT WHERE ref_date='${ref_date}' AND nome_perimetro='Individual Corporativo' AND segmento='ESTR' AND ambito='PILAR3')X | J16: ="(SELECT "&VLOOKUP(B16,'0. Instruções'!$C$27:$G$31,4,FALSE)&" AS "&VLOOKUP(B16,'0. Instruções'!$C$27:$G$31,4,FALSE)&"_SIMUL, "&F16&" AS "&F16&"_SIMUL FROM "&E16&")Y" -> (SELECT instrmnt_id AS instrmnt_id_SIMUL, DT_RFRNC AS DT_RFRNC_SIMUL FROM BU_LOANTAPE_WORK.LT002_INSTRUMENT_P3_NOV24)Y | K16: =+UPPER("ON X."&VLOOKUP(B16,'0. Instruções'!$C$27:$G$31,4,FALSE)&"=Y."&VLOOKUP(B16,'0. Instruções'!$C$27:$G$31,4,FALSE)&"_SIMUL") -> ON X.INSTRMNT_ID=Y.INSTRMNT_ID_SIMUL | L16: =+IF(C16="Coerência", +IF(LEFT(G16,5)="FLOAT","SELECT '"&UPPER(B16)&"' AS TABELA, '"&UPPER(C16)&"' AS TIPOLOGIA_TESTE,'"&D16&"' AS TABELA_LT,'"&E16&"' AS TABELA_SIMUL,'"&F16&"' AS CAMPO, "&"'${ref_date}' AS REF_DATE, COUNT(*) AS NUM_REG, SUM(IF((ABS(COALESCE(X."&F16&",0)-COALESCE(Y."&F16&"_SIMUL,0))>0.0000000001) OR (X."&F16&" IS NULL AND Y."&F16&"_SIMUL IS NOT NULL ) OR (X."&F16&" IS NOT NULL AND Y."&F16&"_SIMUL IS NULL),1,0)) AS NUM_REG_DIF,'"&MAX('ID1&5'!K:K)+1&"' AS ID_EXEC, CURRENT_TIMESTAMP() AS TIME_EXEC FROM "&I16&" INNER JOIN "&J16&" "&K16,"SELECT '"&UPPER(B16)&"' AS TABELA, '"&UPPER(C16)&"' AS TIPOLOGIA_TESTE,'"&D16&"' AS TABELA_LT,'"&E16&"' AS TABELA_SIMUL,'"&F16&"' AS CAMPO, "&"'${ref_date}' AS REF_DATE, COUNT(*) AS NUM_REG, SUM(IF(COALESCE(CAST(X."&F16&" AS STRING),'')<>COALESCE(CAST(Y."&F16&"_SIMUL AS STRING),''),1,0)) AS NUM_REG_DIF,'"&MAX('ID1&5'!L:L)+1&"' AS ID_EXEC, CURRENT_TIMESTAMP() AS TIME_EXEC FROM "&I16&" INNER JOIN "&J16&" "&K16), IF(C16="Validade",+IF(G16="Code List","SELECT '"&UPPER(B16)&"' AS TABELA, '"&UPPER(C16)&"' AS TIPOLOGIA_TESTE,'"&D16&"' AS TABELA_LT,'N/A' AS TABELA_SIMUL,'"&F16&"' AS CAMPO, "&"'${ref_date}' AS REF_DATE, COUNT(*) AS NUM_REG, SUM(IF(TRIM(CAST(X."&F16&" AS STRING))='' OR TRIM(CAST(X."&F16&" AS STRING)) IS NULL OR CAST(X."&F16&" AS STRING) NOT "&H16&",1,0)) AS NUM_REG_DIF,'"&MAX('ID1&5'!K:K)+1&"' AS ID_EXEC, CURRENT_TIMESTAMP() AS TIME_EXEC FROM "&I16,"SELECT '"&UPPER(B16)&"' AS TABELA, '"&UPPER(C16)&"' AS TIPOLOGIA_TESTE,'"&D16&"' AS TABELA_LT,'N/A' AS TABELA_SIMUL,'"&F16&"' AS CAMPO, "&"'${ref_date}' AS REF_DATE, COUNT(*) AS NUM_REG, SUM(IF(TRIM(CAST(X."&F16&" AS STRING))='' OR TRIM(CAST(X."&F16&" AS STRING)) IS NULL,1,0)) AS NUM_REG_DIF,'"&MAX('ID1&5'!K:K)+1&"' AS ID_EXEC, CURRENT_TIMESTAMP() AS TIME_EXEC FROM "&I16), IF(C16="Caracteres Especiais",+"SELECT '"&UPPER(B16)&"' AS TABELA, '"&UPPER(C16)&"' AS TIPOLOGIA_TESTE,'"&D16&"' AS TABELA_LT,'N/A' AS TABELA_SIMUL,'"&F16&"' AS CAMPO, "&"'${ref_date}' AS REF_DATE, COUNT(*) AS NUM_REG, SUM(IF(INSTR(CAST(X."&F16&" AS STRING),'#')>0 OR INSTR(CAST(X."&F16&" AS STRING),'*')>0 OR INSTR(CAST(X."&F16&" AS STRING),'`')>0 OR INSTR(CAST(X."&F16&" AS STRING),'´')>0 OR INSTR(CAST(X."&F16&" AS STRING),'{')>0 OR INSTR(CAST(X."&F16&" AS STRING),'}')>0 OR INSTR(CAST(X."&F16&" AS STRING),'[')>0 OR INSTR(CAST(X."&F16&" AS STRING),'')>0 OR INSTR(CAST(X."&F16&" AS STRING),']')>0 OR INSTR(CAST(X."&F16&" AS STRING),'?')>0 OR INSTR(CAST(X."&F16&" AS STRING),'!')>0 OR INSTR(CAST(X."&F16&" AS STRING),'$')>0 OR INSTR(CAST(X."&F16&" AS STRING),'%')>0 OR INSTR(CAST(X."&F16&" AS STRING),'&')>0 OR INSTR(CAST(X."&F16&" AS STRING),'+')>0,1,0)) AS NUM_REG_DIF,'"&MAX('ID1&5'!K:K)+1&"' AS ID_EXEC, CURRENT_TIMESTAMP() AS TIME_EXEC FROM "&I16, IF(C16="Missings",+"SELECT '"&UPPER(B16)&"' AS TABELA, '"&UPPER(C16)&"' AS TIPOLOGIA_TESTE,'"&D16&"' AS TABELA_LT,'N/A' AS TABELA_SIMUL,'"&F16&"' AS CAMPO, "&"'${ref_date}' AS REF_DATE, COUNT(*) AS NUM_REG, SUM(IF(TRIM(CAST(X."&F16&" AS STRING)) IN ('0000-00-00','0001-01-01','9999-12-31','MISS','00000','99999999999','99999999999.00','99999999999.000000'),1,0)) AS NUM_REG_DIF,'"&MAX('ID1&5'!K:K)+1&"' AS ID_EXEC, CURRENT_TIMESTAMP() AS TIME_EXEC FROM "&I16, IF(C16="Not applicable",+"SELECT '"&UPPER(B16)&"' AS TABELA, '"&UPPER(C16)&"' AS TIPOLOGIA_TESTE,'"&D16&"' AS TABELA_LT,'N/A' AS TABELA_SIMUL,'"&F16&"' AS CAMPO, "&"'${ref_date}' AS REF_DATE, COUNT(*) AS NUM_REG, SUM(IF(TRIM(CAST(X."&F16&" AS STRING)) IN ('N/A','11111111111','11111111111.00','11111111111.000000','1111-11-11'),1,0)) AS NUM_REG_DIF,'"&MAX('ID1&5'!K:K)+1&"' AS ID_EXEC, CURRENT_TIMESTAMP() AS TIME_EXEC FROM "&I16, IF(C16="Valores extremos",+"SELECT '"&UPPER(B16)&"' AS TABELA, '"&UPPER(C16)&"' AS TIPOLOGIA_TESTE,'"&D16&"' AS TABELA_LT,'N/A' AS TABELA_SIMUL,'"&F16&"' AS CAMPO, "&"'${ref_date}' AS REF_DATE, CAST(MIN("&F16&") AS STRING) AS VALOR_MIN, CAST(MAX("&F16&") AS STRING) AS VALOR_MAX,'"&MAX('ID1&5'!K:K)+1&"' AS ID_EXEC, CURRENT_TIMESTAMP() AS TIME_EXEC FROM "&MID(I16,1,LEN(I16)-2)&" AND CAST("&F16&" AS STRING) NOT IN ('0000-00-00','0001-01-01','9999-12-31','MISS','00000','99999999999','99999999999.00','99999999999.000000','N/A','11111111111','11111111111.00','11111111111.000000','1111-11-11'))X")))))) -> SELECT 'INSTRUMENT' AS TABELA, 'COERÊNCIA' AS TIPOLOGIA_TESTE,'BU_LOANTAPE_WORK.LT002_INSTRUMENT' AS TABELA_LT,'BU_LOANTAPE_WORK.LT002_INSTRUMENT_P3_NOV24' AS TABELA_SIMUL,'DT_RFRNC' AS CAMPO, '${ref_date}' AS REF_DATE, COUNT(*) AS NUM_REG, SUM(IF(COALESCE(CAST(X.DT_RFRNC AS STRING),'')<>COALESCE(CAST(Y.DT_RFRNC_SIMUL AS STRING),''),1,0)) AS NUM_REG_DIF,'1' AS ID_EXEC, CURRENT_TIMESTAMP() AS TIME_EXEC FROM (SELECT instrmnt_id, DT_RFRNC FROM BU_LOANTAPE_WORK.LT002_INSTRUMENT WHERE ref_date='${ref_date}' AND nome_perimetro='Individual Corporativo' AND segmento='ESTR' AND ambito='PILAR3')X INNER JOIN (SELECT instrmnt_id AS instrmnt_id_SIMUL, DT_RFRNC AS DT_RFRNC_SIMUL FROM BU_LOANTAPE_WORK.LT002_INSTRUMENT_P3_NOV24)Y ON X.INSTRMNT_ID=Y.INSTRMNT_ID_SIMUL | M16: =+"UNION ALL "&L16 -> UNION ALL SELECT 'INSTRUMENT' AS TABELA, 'COERÊNCIA' AS TIPOLOGIA_TESTE,'BU_LOANTAPE_WORK.LT002_INSTRUMENT' AS TABELA_LT,'BU_LOANTAPE_WORK.LT002_INSTRUMENT_P3_NOV24' AS TABELA_SIMUL,'DT_RFRNC' AS CAMPO, '${ref_date}' AS REF_DATE, COUNT(*) AS NUM_REG, SUM(IF(COALESCE(CAST(X.DT_RFRNC AS STRING),'')<>COALESCE(CAST(Y.DT_RFRNC_SIMUL AS STRING),''),1,0)) AS NUM_REG_DIF,'1' AS ID_EXEC, CURRENT_TIMESTAMP() AS TIME_EXEC FROM (SELECT instrmnt_id, DT_RFRNC FROM BU_LOANTAPE_WORK.LT002_INSTRUMENT WHERE ref_date='${ref_date}' AND nome_perimetro='Individual Corporativo' AND segmento='ESTR' AND ambito='PILAR3')X INNER JOIN (SELECT instrmnt_id AS instrmnt_id_SIMUL, DT_RFRNC AS DT_RFRNC_SIMUL FROM BU_LOANTAPE_WORK.LT002_INSTRUMENT_P3_NOV24)Y ON X.INSTRMNT_ID=Y.INSTRMNT_ID_SIMUL
B17: Instrument | C17: Coerência | D17: =+UPPER('0. Instruções'!$D$33&"."&VLOOKUP(B17,'0. Instruções'!$C$27:$D$31,2,FALSE)) -> BU_LOANTAPE_WORK.LT002_INSTRUMENT | E17: =+UPPER('0. Instruções'!$D$34&"."&VLOOKUP(B17,'0. Instruções'!$C$27:$E$31,3,FALSE)) -> BU_LOANTAPE_WORK.LT002_INSTRUMENT_P3_NOV24 | F17: INSTRMNT_ID | I17: ="(SELECT "&VLOOKUP(B17,'0. Instruções'!$C$27:$G$31,4,FALSE)&", "&F17&" FROM "&D17&" WHERE "&'0. Instruções'!$D$40&")X" -> (SELECT instrmnt_id, INSTRMNT_ID FROM BU_LOANTAPE_WORK.LT002_INSTRUMENT WHERE ref_date='${ref_date}' AND nome_perimetro='Individual Corporativo' AND segmento='ESTR' AND ambito='PILAR3')X | J17: ="(SELECT "&VLOOKUP(B17,'0. Instruções'!$C$27:$G$31,4,FALSE)&" AS "&VLOOKUP(B17,'0. Instruções'!$C$27:$G$31,4,FALSE)&"_SIMUL, "&F17&" AS "&F17&"_SIMUL FROM "&E17&")Y" -> (SELECT instrmnt_id AS instrmnt_id_SIMUL, INSTRMNT_ID AS INSTRMNT_ID_SIMUL FROM BU_LOANTAPE_WORK.LT002_INSTRUMENT_P3_NOV24)Y | K17: =+UPPER("ON X."&VLOOKUP(B17,'0. Instruções'!$C$27:$G$31,4,FALSE)&"=Y."&VLOOKUP(B17,'0. Instruções'!$C$27:$G$31,4,FALSE)&"_SIMUL") -> ON X.INSTRMNT_ID=Y.INSTRMNT_ID_SIMUL | L17: =+IF(C17="Coerência", +IF(LEFT(G17,5)="FLOAT","SELECT '"&UPPER(B17)&"' AS TABELA, '"&UPPER(C17)&"' AS TIPOLOGIA_TESTE,'"&D17&"' AS TABELA_LT,'"&E17&"' AS TABELA_SIMUL,'"&F17&"' AS CAMPO, "&"'${ref_date}' AS REF_DATE, COUNT(*) AS NUM_REG, SUM(IF((ABS(COALESCE(X."&F17&",0)-COALESCE(Y."&F17&"_SIMUL,0))>0.0000000001) OR (X."&F17&" IS NULL AND Y."&F17&"_SIMUL IS NOT NULL ) OR (X."&F17&" IS NOT NULL AND Y."&F17&"_SIMUL IS NULL),1,0)) AS NUM_REG_DIF,'"&MAX('ID1&5'!K:K)+1&"' AS ID_EXEC, CURRENT_TIMESTAMP() AS TIME_EXEC FROM "&I17&" INNER JOIN "&J17&" "&K17,"SELECT '"&UPPER(B17)&"' AS TABELA, '"&UPPER(C17)&"' AS TIPOLOGIA_TESTE,'"&D17&"' AS TABELA_LT,'"&E17&"' AS TABELA_SIMUL,'"&F17&"' AS CAMPO, "&"'${ref_date}' AS REF_DATE, COUNT(*) AS NUM_REG, SUM(IF(COALESCE(CAST(X."&F17&" AS STRING),'')<>COALESCE(CAST(Y."&F17&"_SIMUL AS STRING),''),1,0)) AS NUM_REG_DIF,'"&MAX('ID1&5'!L:L)+1&"' AS ID_EXEC, CURRENT_TIMESTAMP() AS TIME_EXEC FROM "&I17&" INNER JOIN "&J17&" "&K17), IF(C17="Validade",+IF(G17="Code List","SELECT '"&UPPER(B17)&"' AS TABELA, '"&UPPER(C17)&"' AS TIPOLOGIA_TESTE,'"&D17&"' AS TABELA_LT,'N/A' AS TABELA_SIMUL,'"&F17&"' AS CAMPO, "&"'${ref_date}' AS REF_DATE, COUNT(*) AS NUM_REG, SUM(IF(TRIM(CAST(X."&F17&" AS STRING))='' OR TRIM(CAST(X."&F17&" AS STRING)) IS NULL OR CAST(X."&F17&" AS STRING) NOT "&H17&",1,0)) AS NUM_REG_DIF,'"&MAX('ID1&5'!K:K)+1&"' AS ID_EXEC, CURRENT_TIMESTAMP() AS TIME_EXEC FROM "&I17,"SELECT '"&UPPER(B17)&"' AS TABELA, '"&UPPER(C17)&"' AS TIPOLOGIA_TESTE,'"&D17&"' AS TABELA_LT,'N/A' AS TABELA_SIMUL,'"&F17&"' AS CAMPO, "&"'${ref_date}' AS REF_DATE, COUNT(*) AS NUM_REG, SUM(IF(TRIM(CAST(X."&F17&" AS STRING))='' OR TRIM(CAST(X."&F17&" AS STRING)) IS NULL,1,0)) AS NUM_REG_DIF,'"&MAX('ID1&5'!K:K)+1&"' AS ID_EXEC, CURRENT_TIMESTAMP() AS TIME_EXEC FROM "&I17), IF(C17="Caracteres Especiais",+"SELECT '"&UPPER(B17)&"' AS TABELA, '"&UPPER(C17)&"' AS TIPOLOGIA_TESTE,'"&D17&"' AS TABELA_LT,'N/A' AS TABELA_SIMUL,'"&F17&"' AS CAMPO, "&"'${ref_date}' AS REF_DATE, COUNT(*) AS NUM_REG, SUM(IF(INSTR(CAST(X."&F17&" AS STRING),'#')>0 OR INSTR(CAST(X."&F17&" AS STRING),'*')>0 OR INSTR(CAST(X."&F17&" AS STRING),'`')>0 OR INSTR(CAST(X."&F17&" AS STRING),'´')>0 OR INSTR(CAST(X."&F17&" AS STRING),'{')>0 OR INSTR(CAST(X."&F17&" AS STRING),'}')>0 OR INSTR(CAST(X."&F17&" AS STRING),'[')>0 OR INSTR(CAST(X."&F17&" AS STRING),'')>0 OR INSTR(CAST(X."&F17&" AS STRING),']')>0 OR INSTR(CAST(X."&F17&" AS STRING),'?')>0 OR INSTR(CAST(X."&F17&" AS STRING),'!')>0 OR INSTR(CAST(X."&F17&" AS STRING),'$')>0 OR INSTR(CAST(X."&F17&" AS STRING),'%')>0 OR INSTR(CAST(X."&F17&" AS STRING),'&')>0 OR INSTR(CAST(X."&F17&" AS STRING),'+')>0,1,0)) AS NUM_REG_DIF,'"&MAX('ID1&5'!K:K)+1&"' AS ID_EXEC, CURRENT_TIMESTAMP() AS TIME_EXEC FROM "&I17, IF(C17="Missings",+"SELECT '"&UPPER(B17)&"' AS TABELA, '"&UPPER(C17)&"' AS TIPOLOGIA_TESTE,'"&D17&"' AS TABELA_LT,'N/A' AS TABELA_SIMUL,'"&F17&"' AS CAMPO, "&"'${ref_date}' AS REF_DATE, COUNT(*) AS NUM_REG, SUM(IF(TRIM(CAST(X."&F17&" AS STRING)) IN ('0000-00-00','0001-01-01','9999-12-31','MISS','00000','99999999999','99999999999.00','99999999999.000000'),1,0)) AS NUM_REG_DIF,'"&MAX('ID1&5'!K:K)+1&"' AS ID_EXEC, CURRENT_TIMESTAMP() AS TIME_EXEC FROM "&I17, IF(C17="Not applicable",+"SELECT '"&UPPER(B17)&"' AS TABELA, '"&UPPER(C17)&"' AS TIPOLOGIA_TESTE,'"&D17&"' AS TABELA_LT,'N/A' AS TABELA_SIMUL,'"&F17&"' AS CAMPO, "&"'${ref_date}' AS REF_DATE, COUNT(*) AS NUM_REG, SUM(IF(TRIM(CAST(X."&F17&" AS STRING)) IN ('N/A','11111111111','11111111111.00','11111111111.000000','1111-11-11'),1,0)) AS NUM_REG_DIF,'"&MAX('ID1&5'!K:K)+1&"' AS ID_EXEC, CURRENT_TIMESTAMP() AS TIME_EXEC FROM "&I17, IF(C17="Valores extremos",+"SELECT '"&UPPER(B17)&"' AS TABELA, '"&UPPER(C17)&"' AS TIPOLOGIA_TESTE,'"&D17&"' AS TABELA_LT,'N/A' AS TABELA_SIMUL,'"&F17&"' AS CAMPO, "&"'${ref_date}' AS REF_DATE, CAST(MIN("&F17&") AS STRING) AS VALOR_MIN, CAST(MAX("&F17&") AS STRING) AS VALOR_MAX,'"&MAX('ID1&5'!K:K)+1&"' AS ID_EXEC, CURRENT_TIMESTAMP() AS TIME_EXEC FROM "&MID(I17,1,LEN(I17)-2)&" AND CAST("&F17&" AS STRING) NOT IN ('0000-00-00','0001-01-01','9999-12-31','MISS','00000','99999999999','99999999999.00','99999999999.000000','N/A','11111111111','11111111111.00','11111111111.000000','1111-11-11'))X")))))) -> SELECT 'INSTRUMENT' AS TABELA, 'COERÊNCIA' AS TIPOLOGIA_TESTE,'BU_LOANTAPE_WORK.LT002_INSTRUMENT' AS TABELA_LT,'BU_LOANTAPE_WORK.LT002_INSTRUMENT_P3_NOV24' AS TABELA_SIMUL,'INSTRMNT_ID' AS CAMPO, '${ref_date}' AS REF_DATE, COUNT(*) AS NUM_REG, SUM(IF(COALESCE(CAST(X.INSTRMNT_ID AS STRING),'')<>COALESCE(CAST(Y.INSTRMNT_ID_SIMUL AS STRING),''),1,0)) AS NUM_REG_DIF,'1' AS ID_EXEC, CURRENT_TIMESTAMP() AS TIME_EXEC FROM (SELECT instrmnt_id, INSTRMNT_ID FROM BU_LOANTAPE_WORK.LT002_INSTRUMENT WHERE ref_date='${ref_date}' AND nome_perimetro='Individual Corporativo' AND segmento='ESTR' AND ambito='PILAR3')X INNER JOIN (SELECT instrmnt_id AS instrmnt_id_SIMUL, INSTRMNT_ID AS INSTRMNT_ID_SIMUL FROM BU_LOANTAPE_WORK.LT002_INSTRUMENT_P3_NOV24)Y ON X.INSTRMNT_ID=Y.INSTRMNT_ID_SIMUL | M17: =+"UNION ALL "&L17 -> UNION ALL SELECT 'INSTRUMENT' AS TABELA, 'COERÊNCIA' AS TIPOLOGIA_TESTE,'BU_LOANTAPE_WORK.LT002_INSTRUMENT' AS TABELA_LT,'BU_LOANTAPE_WORK.LT002_INSTRUMENT_P3_NOV24' AS TABELA_SIMUL,'INSTRMNT_ID' AS CAMPO, '${ref_date}' AS REF_DATE, COUNT(*) AS NUM_REG, SUM(IF(COALESCE(CAST(X.INSTRMNT_ID AS STRING),'')<>COALESCE(CAST(Y.INSTRMNT_ID_SIMUL AS STRING),''),1,0)) AS NUM_REG_DIF,'1' AS ID_EXEC, CURRENT_TIMESTAMP() AS TIME_EXEC FROM (SELECT instrmnt_id, INSTRMNT_ID FROM BU_LOANTAPE_WORK.LT002_INSTRUMENT WHERE ref_date='${ref_date}' AND nome_perimetro='Individual Corporativo' AND segmento='ESTR' AND ambito='PILAR3')X INNER JOIN (SELECT instrmnt_id AS instrmnt_id_SIMUL, INSTRMNT_ID AS INSTRMNT_ID_SIMUL FROM BU_LOANTAPE_WORK.LT002_INSTRUMENT_P3_NOV24)Y ON X.INSTRMNT_ID=Y.INSTRMNT_ID_SIMUL
B18: Instrument | C18: Coerência | D18: =+UPPER('0. Instruções'!$D$33&"."&VLOOKUP(B18,'0. Instruções'!$C$27:$D$31,2,FALSE)) -> BU_LOANTAPE_WORK.LT002_INSTRUMENT | E18: =+UPPER('0. Instruções'!$D$34&"."&VLOOKUP(B18,'0. Instruções'!$C$27:$E$31,3,FALSE)) -> BU_LOANTAPE_WORK.LT002_INSTRUMENT_P3_NOV24 | F18: DT_INCPTN | I18: ="(SELECT "&VLOOKUP(B18,'0. Instruções'!$C$27:$G$31,4,FALSE)&", "&F18&" FROM "&D18&" WHERE "&'0. Instruções'!$D$40&")X" -> (SELECT instrmnt_id, DT_INCPTN FROM BU_LOANTAPE_WORK.LT002_INSTRUMENT WHERE ref_date='${ref_date}' AND nome_perimetro='Individual Corporativo' AND segmento='ESTR' AND ambito='PILAR3')X | J18: ="(SELECT "&VLOOKUP(B18,'0. Instruções'!$C$27:$G$31,4,FALSE)&" AS "&VLOOKUP(B18,'0. Instruções'!$C$27:$G$31,4,FALSE)&"_SIMUL, "&F18&" AS "&F18&"_SIMUL FROM "&E18&")Y" -> (SELECT instrmnt_id AS instrmnt_id_SIMUL, DT_INCPTN AS DT_INCPTN_SIMUL FROM BU_LOANTAPE_WORK.LT002_INSTRUMENT_P3_NOV24)Y | K18: =+UPPER("ON X."&VLOOKUP(B18,'0. Instruções'!$C$27:$G$31,4,FALSE)&"=Y."&VLOOKUP(B18,'0. Instruções'!$C$27:$G$31,4,FALSE)&"_SIMUL") -> ON X.INSTRMNT_ID=Y.INSTRMNT_ID_SIMUL | L18: =+IF(C18="Coerência", +IF(LEFT(G18,5)="FLOAT","SELECT '"&UPPER(B18)&"' AS TABELA, '"&UPPER(C18)&"' AS TIPOLOGIA_TESTE,'"&D18&"' AS TABELA_LT,'"&E18&"' AS TABELA_SIMUL,'"&F18&"' AS CAMPO, "&"'${ref_date}' AS REF_DATE, COUNT(*) AS NUM_REG, SUM(IF((ABS(COALESCE(X."&F18&",0)-COALESCE(Y."&F18&"_SIMUL,0))>0.0000000001) OR (X."&F18&" IS NULL AND Y."&F18&"_SIMUL IS NOT NULL ) OR (X."&F18&" IS NOT NULL AND Y."&F18&"_SIMUL IS NULL),1,0)) AS NUM_REG_DIF,'"&MAX('ID1&5'!K:K)+1&"' AS ID_EXEC, CURRENT_TIMESTAMP() AS TIME_EXEC FROM "&I18&" INNER JOIN "&J18&" "&K18,"SELECT '"&UPPER(B18)&"' AS TABELA, '"&UPPER(C18)&"' AS TIPOLOGIA_TESTE,'"&D18&"' AS TABELA_LT,'"&E18&"' AS TABELA_SIMUL,'"&F18&"' AS CAMPO, "&"'${ref_date}' AS REF_DATE, COUNT(*) AS NUM_REG, SUM(IF(COALESCE(CAST(X."&F18&" AS STRING),'')<>COALESCE(CAST(Y."&F18&"_SIMUL AS STRING),''),1,0)) AS NUM_REG_DIF,'"&MAX('ID1&5'!L:L)+1&"' AS ID_EXEC, CURRENT_TIMESTAMP() AS TIME_EXEC FROM "&I18&" INNER JOIN "&J18&" "&K18), IF(C18="Validade",+IF(G18="Code List","SELECT '"&UPPER(B18)&"' AS TABELA, '"&UPPER(C18)&"' AS TIPOLOGIA_TESTE,'"&D18&"' AS TABELA_LT,'N/A' AS TABELA_SIMUL,'"&F18&"' AS CAMPO, "&"'${ref_date}' AS REF_DATE, COUNT(*) AS NUM_REG, SUM(IF(TRIM(CAST(X."&F18&" AS STRING))='' OR TRIM(CAST(X."&F18&" AS STRING)) IS NULL OR CAST(X."&F18&" AS STRING) NOT "&H18&",1,0)) AS NUM_REG_DIF,'"&MAX('ID1&5'!K:K)+1&"' AS ID_EXEC, CURRENT_TIMESTAMP() AS TIME_EXEC FROM "&I18,"SELECT '"&UPPER(B18)&"' AS TABELA, '"&UPPER(C18)&"' AS TIPOLOGIA_TESTE,'"&D18&"' AS TABELA_LT,'N/A' AS TABELA_SIMUL,'"&F18&"' AS CAMPO, "&"'${ref_date}' AS REF_DATE, COUNT(*) AS NUM_REG, SUM(IF(TRIM(CAST(X."&F18&" AS STRING))='' OR TRIM(CAST(X."&F18&" AS STRING)) IS NULL,1,0)) AS NUM_REG_DIF,'"&MAX('ID1&5'!K:K)+1&"' AS ID_EXEC, CURRENT_TIMESTAMP() AS TIME_EXEC FROM "&I18), IF(C18="Caracteres Especiais",+"SELECT '"&UPPER(B18)&"' AS TABELA, '"&UPPER(C18)&"' AS TIPOLOGIA_TESTE,'"&D18&"' AS TABELA_LT,'N/A' AS TABELA_SIMUL,'"&F18&"' AS CAMPO, "&"'${ref_date}' AS REF_DATE, COUNT(*) AS NUM_REG, SUM(IF(INSTR(CAST(X."&F18&" AS STRING),'#')>0 OR INSTR(CAST(X."&F18&" AS STRING),'*')>0 OR INSTR(CAST(X."&F18&" AS STRING),'`')>0 OR INSTR(CAST(X."&F18&" AS STRING),'´')>0 OR INSTR(CAST(X."&F18&" AS STRING),'{')>0 OR INSTR(CAST(X."&F18&" AS STRING),'}')>0 OR INSTR(CAST(X."&F18&" AS STRING),'[')>0 OR INSTR(CAST(X."&F18&" AS STRING),'')>0 OR INSTR(CAST(X."&F18&" AS STRING),']')>0 OR INSTR(CAST(X."&F18&" AS STRING),'?')>0 OR INSTR(CAST(X."&F18&" AS STRING),'!')>0 OR INSTR(CAST(X."&F18&" AS STRING),'$')>0 OR INSTR(CAST(X."&F18&" AS STRING),'%')>0 OR INSTR(CAST(X."&F18&" AS STRING),'&')>0 OR INSTR(CAST(X."&F18&" AS STRING),'+')>0,1,0)) AS NUM_REG_DIF,'"&MAX('ID1&5'!K:K)+1&"' AS ID_EXEC, CURRENT_TIMESTAMP() AS TIME_EXEC FROM "&I18, IF(C18="Missings",+"SELECT '"&UPPER(B18)&"' AS TABELA, '"&UPPER(C18)&"' AS TIPOLOGIA_TESTE,'"&D18&"' AS TABELA_LT,'N/A' AS TABELA_SIMUL,'"&F18&"' AS CAMPO, "&"'${ref_date}' AS REF_DATE, COUNT(*) AS NUM_REG, SUM(IF(TRIM(CAST(X."&F18&" AS STRING)) IN ('0000-00-00','0001-01-01','9999-12-31','MISS','00000','99999999999','99999999999.00','99999999999.000000'),1,0)) AS NUM_REG_DIF,'"&MAX('ID1&5'!K:K)+1&"' AS ID_EXEC, CURRENT_TIMESTAMP() AS TIME_EXEC FROM "&I18, IF(C18="Not applicable",+"SELECT '"&UPPER(B18)&"' AS TABELA, '"&UPPER(C18)&"' AS TIPOLOGIA_TESTE,'"&D18&"' AS TABELA_LT,'N/A' AS TABELA_SIMUL,'"&F18&"' AS CAMPO, "&"'${ref_date}' AS REF_DATE, COUNT(*) AS NUM_REG, SUM(IF(TRIM(CAST(X."&F18&" AS STRING)) IN ('N/A','11111111111','11111111111.00','11111111111.000000','1111-11-11'),1,0)) AS NUM_REG_DIF,'"&MAX('ID1&5'!K:K)+1&"' AS ID_EXEC, CURRENT_TIMESTAMP() AS TIME_EXEC FROM "&I18, IF(C18="Valores extremos",+"SELECT '"&UPPER(B18)&"' AS TABELA, '"&UPPER(C18)&"' AS TIPOLOGIA_TESTE,'"&D18&"' AS TABELA_LT,'N/A' AS TABELA_SIMUL,'"&F18&"' AS CAMPO, "&"'${ref_date}' AS REF_DATE, CAST(MIN("&F18&") AS STRING) AS VALOR_MIN, CAST(MAX("&F18&") AS STRING) AS VALOR_MAX,'"&MAX('ID1&5'!K:K)+1&"' AS ID_EXEC, CURRENT_TIMESTAMP() AS TIME_EXEC FROM "&MID(I18,1,LEN(I18)-2)&" AND CAST("&F18&" AS STRING) NOT IN ('0000-00-00','0001-01-01','9999-12-31','MISS','00000','99999999999','99999999999.00','99999999999.000000','N/A','11111111111','11111111111.00','11111111111.000000','1111-11-11'))X")))))) -> SELECT 'INSTRUMENT' AS TABELA, 'COERÊNCIA' AS TIPOLOGIA_TESTE,'BU_LOANTAPE_WORK.LT002_INSTRUMENT' AS TABELA_LT,'BU_LOANTAPE_WORK.LT002_INSTRUMENT_P3_NOV24' AS TABELA_SIMUL,'DT_INCPTN' AS CAMPO, '${ref_date}' AS REF_DATE, COUNT(*) AS NUM_REG, SUM(IF(COALESCE(CAST(X.DT_INCPTN AS STRING),'')<>COALESCE(CAST(Y.DT_INCPTN_SIMUL AS STRING),''),1,0)) AS NUM_REG_DIF,'1' AS ID_EXEC, CURRENT_TIMESTAMP() AS TIME_EXEC FROM (SELECT instrmnt_id, DT_INCPTN FROM BU_LOANTAPE_WORK.LT002_INSTRUMENT WHERE ref_date='${ref_date}' AND nome_perimetro='Individual Corporativo' AND segmento='ESTR' AND ambito='PILAR3')X INNER JOIN (SELECT instrmnt_id AS instrmnt_id_SIMUL, DT_INCPTN AS DT_INCPTN_SIMUL FROM BU_LOANTAPE_WORK.LT002_INSTRUMENT_P3_NOV24)Y ON X.INSTRMNT_ID=Y.INSTRMNT_ID_SIMUL | M18: =+"UNION ALL "&L18 -> UNION ALL SELECT 'INSTRUMENT' AS TABELA, 'COERÊNCIA' AS TIPOLOGIA_TESTE,'BU_LOANTAPE_WORK.LT002_INSTRUMENT' AS TABELA_LT,'BU_LOANTAPE_WORK.LT002_INSTRUMENT_P3_NOV24' AS TABELA_SIMUL,'DT_INCPTN' AS CAMPO, '${ref_date}' AS REF_DATE, COUNT(*) AS NUM_REG, SUM(IF(COALESCE(CAST(X.DT_INCPTN AS STRING),'')<>COALESCE(CAST(Y.DT_INCPTN_SIMUL AS STRING),''),1,0)) AS NUM_REG_DIF,'1' AS ID_EXEC, CURRENT_TIMESTAMP() AS TIME_EXEC FROM (SELECT instrmnt_id, DT_INCPTN FROM BU_LOANTAPE_WORK.LT002_INSTRUMENT WHERE ref_date='${ref_date}' AND nome_perimetro='Individual Corporativo' AND segmento='ESTR' AND ambito='PILAR3')X INNER JOIN (SELECT instrmnt_id AS instrmnt_id_SIMUL, DT_INCPTN AS DT_INCPTN_SIMUL FROM BU_LOANTAPE_WORK.LT002_INSTRUMENT_P3_NOV24)Y ON X.INSTRMNT_ID=Y.INSTRMNT_ID_SIMUL
B19: Instrument | C19: Coerência | D19: =+UPPER('0. Instruções'!$D$33&"."&VLOOKUP(B19,'0. Instruções'!$C$27:$D$31,2,FALSE)) -> BU_LOANTAPE_WORK.LT002_INSTRUMENT | E19: =+UPPER('0. Instruções'!$D$34&"."&VLOOKUP(B19,'0. Instruções'!$C$27:$E$31,3,FALSE)) -> BU_LOANTAPE_WORK.LT002_INSTRUMENT_P3_NOV24 | F19: DFLT_STTS_INSTRMNT | I19: ="(SELECT "&VLOOKUP(B19,'0. Instruções'!$C$27:$G$31,4,FALSE)&", "&F19&" FROM "&D19&" WHERE "&'0. Instruções'!$D$40&")X" -> (SELECT instrmnt_id, DFLT_STTS_INSTRMNT FROM BU_LOANTAPE_WORK.LT002_INSTRUMENT WHERE ref_date='${ref_date}' AND nome_perimetro='Individual Corporativo' AND segmento='ESTR' AND ambito='PILAR3')X | J19: ="(SELECT "&VLOOKUP(B19,'0. Instruções'!$C$27:$G$31,4,FALSE)&" AS "&VLOOKUP(B19,'0. Instruções'!$C$27:$G$31,4,FALSE)&"_SIMUL, "&F19&" AS "&F19&"_SIMUL FROM "&E19&")Y" -> (SELECT instrmnt_id AS instrmnt_id_SIMUL, DFLT_STTS_INSTRMNT AS DFLT_STTS_INSTRMNT_SIMUL FROM BU_LOANTAPE_WORK.LT002_INSTRUMENT_P3_NOV24)Y | K19: =+UPPER("ON X."&VLOOKUP(B19,'0. Instruções'!$C$27:$G$31,4,FALSE)&"=Y."&VLOOKUP(B19,'0. Instruções'!$C$27:$G$31,4,FALSE)&"_SIMUL") -> ON X.INSTRMNT_ID=Y.INSTRMNT_ID_SIMUL | L19: =+IF(C19="Coerência", +IF(LEFT(G19,5)="FLOAT","SELECT '"&UPPER(B19)&"' AS TABELA, '"&UPPER(C19)&"' AS TIPOLOGIA_TESTE,'"&D19&"' AS TABELA_LT,'"&E19&"' AS TABELA_SIMUL,'"&F19&"' AS CAMPO, "&"'${ref_date}' AS REF_DATE, COUNT(*) AS NUM_REG, SUM(IF((ABS(COALESCE(X."&F19&",0)-COALESCE(Y."&F19&"_SIMUL,0))>0.0000000001) OR (X."&F19&" IS NULL AND Y."&F19&"_SIMUL IS NOT NULL ) OR (X."&F19&" IS NOT NULL AND Y."&F19&"_SIMUL IS NULL),1,0)) AS NUM_REG_DIF,'"&MAX('ID1&5'!K:K)+1&"' AS ID_EXEC, CURRENT_TIMESTAMP() AS TIME_EXEC FROM "&I19&" INNER JOIN "&J19&" "&K19,"SELECT '"&UPPER(B19)&"' AS TABELA, '"&UPPER(C19)&"' AS TIPOLOGIA_TESTE,'"&D19&"' AS TABELA_LT,'"&E19&"' AS TABELA_SIMUL,'"&F19&"' AS CAMPO, "&"'${ref_date}' AS REF_DATE, COUNT(*) AS NUM_REG, SUM(IF(COALESCE(CAST(X."&F19&" AS STRING),'')<>COALESCE(CAST(Y."&F19&"_SIMUL AS STRING),''),1,0)) AS NUM_REG_DIF,'"&MAX('ID1&5'!L:L)+1&"' AS ID_EXEC, CURRENT_TIMESTAMP() AS TIME_EXEC FROM "&I19&" INNER JOIN "&J19&" "&K19), IF(C19="Validade",+IF(G19="Code List","SELECT '"&UPPER(B19)&"' AS TABELA, '"&UPPER(C19)&"' AS TIPOLOGIA_TESTE,'"&D19&"' AS TABELA_LT,'N/A' AS TABELA_SIMUL,'"&F19&"' AS CAMPO, "&"'${ref_date}' AS REF_DATE, COUNT(*) AS NUM_REG, SUM(IF(TRIM(CAST(X."&F19&" AS STRING))='' OR TRIM(CAST(X."&F19&" AS STRING)) IS NULL OR CAST(X."&F19&" AS STRING) NOT "&H19&",1,0)) AS NUM_REG_DIF,'"&MAX('ID1&5'!K:K)+1&"' AS ID_EXEC, CURRENT_TIMESTAMP() AS TIME_EXEC FROM "&I19,"SELECT '"&UPPER(B19)&"' AS TABELA, '"&UPPER(C19)&"' AS TIPOLOGIA_TESTE,'"&D19&"' AS TABELA_LT,'N/A' AS TABELA_SIMUL,'"&F19&"' AS CAMPO, "&"'${ref_date}' AS REF_DATE, COUNT(*) AS NUM_REG, SUM(IF(TRIM(CAST(X."&F19&" AS STRING))='' OR TRIM(CAST(X."&F19&" AS STRING)) IS NULL,1,0)) AS NUM_REG_DIF,'"&MAX('ID1&5'!K:K)+1&"' AS ID_EXEC, CURRENT_TIMESTAMP() AS TIME_EXEC FROM "&I19), IF(C19="Caracteres Especiais",+"SELECT '"&UPPER(B19)&"' AS TABELA, '"&UPPER(C19)&"' AS TIPOLOGIA_TESTE,'"&D19&"' AS TABELA_LT,'N/A' AS TABELA_SIMUL,'"&F19&"' AS CAMPO, "&"'${ref_date}' AS REF_DATE, COUNT(*) AS NUM_REG, SUM(IF(INSTR(CAST(X."&F19&" AS STRING),'#')>0 OR INSTR(CAST(X."&F19&" AS STRING),'*')>0 OR INSTR(CAST(X."&F19&" AS STRING),'`')>0 OR INSTR(CAST(X."&F19&" AS STRING),'´')>0 OR INSTR(CAST(X."&F19&" AS STRING),'{')>0 OR INSTR(CAST(X."&F19&" AS STRING),'}')>0 OR INSTR(CAST(X."&F19&" AS STRING),'[')>0 OR INSTR(CAST(X."&F19&" AS STRING),'')>0 OR INSTR(CAST(X."&F19&" AS STRING),']')>0 OR INSTR(CAST(X."&F19&" AS STRING),'?')>0 OR INSTR(CAST(X."&F19&" AS STRING),'!')>0 OR INSTR(CAST(X."&F19&" AS STRING),'$')>0 OR INSTR(CAST(X."&F19&" AS STRING),'%')>0 OR INSTR(CAST(X."&F19&" AS STRING),'&')>0 OR INSTR(CAST(X."&F19&" AS STRING),'+')>0,1,0)) AS NUM_REG_DIF,'"&MAX('ID1&5'!K:K)+1&"' AS ID_EXEC, CURRENT_TIMESTAMP() AS TIME_EXEC FROM "&I19, IF(C19="Missings",+"SELECT '"&UPPER(B19)&"' AS TABELA, '"&UPPER(C19)&"' AS TIPOLOGIA_TESTE,'"&D19&"' AS TABELA_LT,'N/A' AS TABELA_SIMUL,'"&F19&"' AS CAMPO, "&"'${ref_date}' AS REF_DATE, COUNT(*) AS NUM_REG, SUM(IF(TRIM(CAST(X."&F19&" AS STRING)) IN ('0000-00-00','0001-01-01','9999-12-31','MISS','00000','99999999999','99999999999.00','99999999999.000000'),1,0)) AS NUM_REG_DIF,'"&MAX('ID1&5'!K:K)+1&"' AS ID_EXEC, CURRENT_TIMESTAMP() AS TIME_EXEC FROM "&I19, IF(C19="Not applicable",+"SELECT '"&UPPER(B19)&"' AS TABELA, '"&UPPER(C19)&"' AS TIPOLOGIA_TESTE,'"&D19&"' AS TABELA_LT,'N/A' AS TABELA_SIMUL,'"&F19&"' AS CAMPO, "&"'${ref_date}' AS REF_DATE, COUNT(*) AS NUM_REG, SUM(IF(TRIM(CAST(X."&F19&" AS STRING)) IN ('N/A','11111111111','11111111111.00','11111111111.000000','1111-11-11'),1,0)) AS NUM_REG_DIF,'"&MAX('ID1&5'!K:K)+1&"' AS ID_EXEC, CURRENT_TIMESTAMP() AS TIME_EXEC FROM "&I19, IF(C19="Valores extremos",+"SELECT '"&UPPER(B19)&"' AS TABELA, '"&UPPER(C19)&"' AS TIPOLOGIA_TESTE,'"&D19&"' AS TABELA_LT,'N/A' AS TABELA_SIMUL,'"&F19&"' AS CAMPO, "&"'${ref_date}' AS REF_DATE, CAST(MIN("&F19&") AS STRING) AS VALOR_MIN, CAST(MAX("&F19&") AS STRING) AS VALOR_MAX,'"&MAX('ID1&5'!K:K)+1&"' AS ID_EXEC, CURRENT_TIMESTAMP() AS TIME_EXEC FROM "&MID(I19,1,LEN(I19)-2)&" AND CAST("&F19&" AS STRING) NOT IN ('0000-00-00','0001-01-01','9999-12-31','MISS','00000','99999999999','99999999999.00','99999999999.000000','N/A','11111111111','11111111111.00','11111111111.000000','1111-11-11'))X")))))) -> SELECT 'INSTRUMENT' AS TABELA, 'COERÊNCIA' AS TIPOLOGIA_TESTE,'BU_LOANTAPE_WORK.LT002_INSTRUMENT' AS TABELA_LT,'BU_LOANTAPE_WORK.LT002_INSTRUMENT_P3_NOV24' AS TABELA_SIMUL,'DFLT_STTS_INSTRMNT' AS CAMPO, '${ref_date}' AS REF_DATE, COUNT(*) AS NUM_REG, SUM(IF(COALESCE(CAST(X.DFLT_STTS_INSTRMNT AS STRING),'')<>COALESCE(CAST(Y.DFLT_STTS_INSTRMNT_SIMUL AS STRING),''),1,0)) AS NUM_REG_DIF,'1' AS ID_EXEC, CURRENT_TIMESTAMP() AS TIME_EXEC FROM (SELECT instrmnt_id, DFLT_STTS_INSTRMNT FROM BU_LOANTAPE_WORK.LT002_INSTRUMENT WHERE ref_date='${ref_date}' AND nome_perimetro='Individual Corporativo' AND segmento='ESTR' AND ambito='PILAR3')X INNER JOIN (SELECT instrmnt_id AS instrmnt_id_SIMUL, DFLT_STTS_INSTRMNT AS DFLT_STTS_INSTRMNT_SIMUL FROM BU_LOANTAPE_WORK.LT002_INSTRUMENT_P3_NOV24)Y ON X.INSTRMNT_ID=Y.INSTRMNT_ID_SIMUL | M19: =+"UNION ALL "&L19 -> UNION ALL SELECT 'INSTRUMENT' AS TABELA, 'COERÊNCIA' AS TIPOLOGIA_TESTE,'BU_LOANTAPE_WORK.LT002_INSTRUMENT' AS TABELA_LT,'BU_LOANTAPE_WORK.LT002_INSTRUMENT_P3_NOV24' AS TABELA_SIMUL,'DFLT_STTS_INSTRMNT' AS CAMPO, '${ref_date}' AS REF_DATE, COUNT(*) AS NUM_REG, SUM(IF(COALESCE(CAST(X.DFLT_STTS_INSTRMNT AS STRING),'')<>COALESCE(CAST(Y.DFLT_STTS_INSTRMNT_SIMUL AS STRING),''),1,0)) AS NUM_REG_DIF,'1' AS ID_EXEC, CURRENT_TIMESTAMP() AS TIME_EXEC FROM (SELECT instrmnt_id, DFLT_STTS_INSTRMNT FROM BU_LOANTAPE_WORK.LT002_INSTRUMENT WHERE ref_date='${ref_date}' AND nome_perimetro='Individual Corporativo' AND segmento='ESTR' AND ambito='PILAR3')X INNER JOIN (SELECT instrmnt_id AS instrmnt_id_SIMUL, DFLT_STTS_INSTRMNT AS DFLT_STTS_INSTRMNT_SIMUL FROM BU_LOANTAPE_WORK.LT002_INSTRUMENT_P3_NOV24)Y ON X.INSTRMNT_ID=Y.INSTRMNT_ID_SIMUL
B20: Instrument | C20: Coerência | D20: =+UPPER('0. Instruções'!$D$33&"."&VLOOKUP(B20,'0. Instruções'!$C$27:$D$31,2,FALSE)) -> BU_LOANTAPE_WORK.LT002_INSTRUMENT | E20: =+UPPER('0. Instruções'!$D$34&"."&VLOOKUP(B20,'0. Instruções'!$C$27:$E$31,3,FALSE)) -> BU_LOANTAPE_WORK.LT002_INSTRUMENT_P3_NOV24 | F20: IMPRMNT_STTS | I20: ="(SELECT "&VLOOKUP(B20,'0. Instruções'!$C$27:$G$31,4,FALSE)&", "&F20&" FROM "&D20&" WHERE "&'0. Instruções'!$D$40&")X" -> (SELECT instrmnt_id, IMPRMNT_STTS FROM BU_LOANTAPE_WORK.LT002_INSTRUMENT WHERE ref_date='${ref_date}' AND nome_perimetro='Individual Corporativo' AND segmento='ESTR' AND ambito='PILAR3')X | J20: ="(SELECT "&VLOOKUP(B20,'0. Instruções'!$C$27:$G$31,4,FALSE)&" AS "&VLOOKUP(B20,'0. Instruções'!$C$27:$G$31,4,FALSE)&"_SIMUL, "&F20&" AS "&F20&"_SIMUL FROM "&E20&")Y" -> (SELECT instrmnt_id AS instrmnt_id_SIMUL, IMPRMNT_STTS AS IMPRMNT_STTS_SIMUL FROM BU_LOANTAPE_WORK.LT002_INSTRUMENT_P3_NOV24)Y | K20: =+UPPER("ON X."&VLOOKUP(B20,'0. Instruções'!$C$27:$G$31,4,FALSE)&"=Y."&VLOOKUP(B20,'0. Instruções'!$C$27:$G$31,4,FALSE)&"_SIMUL") -> ON X.INSTRMNT_ID=Y.INSTRMNT_ID_SIMUL | L20: =+IF(C20="Coerência", +IF(LEFT(G20,5)="FLOAT","SELECT '"&UPPER(B20)&"' AS TABELA, '"&UPPER(C20)&"' AS TIPOLOGIA_TESTE,'"&D20&"' AS TABELA_LT,'"&E20&"' AS TABELA_SIMUL,'"&F20&"' AS CAMPO, "&"'${ref_date}' AS REF_DATE, COUNT(*) AS NUM_REG, SUM(IF((ABS(COALESCE(X."&F20&",0)-COALESCE(Y."&F20&"_SIMUL,0))>0.0000000001) OR (X."&F20&" IS NULL AND Y."&F20&"_SIMUL IS NOT NULL ) OR (X."&F20&" IS NOT NULL AND Y."&F20&"_SIMUL IS NULL),1,0)) AS NUM_REG_DIF,'"&MAX('ID1&5'!K:K)+1&"' AS ID_EXEC, CURRENT_TIMESTAMP() AS TIME_EXEC FROM "&I20&" INNER JOIN "&J20&" "&K20,"SELECT '"&UPPER(B20)&"' AS TABELA, '"&UPPER(C20)&"' AS TIPOLOGIA_TESTE,'"&D20&"' AS TABELA_LT,'"&E20&"' AS TABELA_SIMUL,'"&F20&"' AS CAMPO, "&"'${ref_date}' AS REF_DATE, COUNT(*) AS NUM_REG, SUM(IF(COALESCE(CAST(X."&F20&" AS STRING),'')<>COALESCE(CAST(Y."&F20&"_SIMUL AS STRING),''),1,0)) AS NUM_REG_DIF,'"&MAX('ID1&5'!L:L)+1&"' AS ID_EXEC, CURRENT_TIMESTAMP() AS TIME_EXEC FROM "&I20&" INNER JOIN "&J20&" "&K20), IF(C20="Validade",+IF(G20="Code List","SELECT '"&UPPER(B20)&"' AS TABELA, '"&UPPER(C20)&"' AS TIPOLOGIA_TESTE,'"&D20&"' AS TABELA_LT,'N/A' AS TABELA_SIMUL,'"&F20&"' AS CAMPO, "&"'${ref_date}' AS REF_DATE, COUNT(*) AS NUM_REG, SUM(IF(TRIM(CAST(X."&F20&" AS STRING))='' OR TRIM(CAST(X."&F20&" AS STRING)) IS NULL OR CAST(X."&F20&" AS STRING) NOT "&H20&",1,0)) AS NUM_REG_DIF,'"&MAX('ID1&5'!K:K)+1&"' AS ID_EXEC, CURRENT_TIMESTAMP() AS TIME_EXEC FROM "&I20,"SELECT '"&UPPER(B20)&"' AS TABELA, '"&UPPER(C20)&"' AS TIPOLOGIA_TESTE,'"&D20&"' AS TABELA_LT,'N/A' AS TABELA_SIMUL,'"&F20&"' AS CAMPO, "&"'${ref_date}' AS REF_DATE, COUNT(*) AS NUM_REG, SUM(IF(TRIM(CAST(X."&F20&" AS STRING))='' OR TRIM(CAST(X."&F20&" AS STRING)) IS NULL,1,0)) AS NUM_REG_DIF,'"&MAX('ID1&5'!K:K)+1&"' AS ID_EXEC, CURRENT_TIMESTAMP() AS TIME_EXEC FROM "&I20), IF(C20="Caracteres Especiais",+"SELECT '"&UPPER(B20)&"' AS TABELA, '"&UPPER(C20)&"' AS TIPOLOGIA_TESTE,'"&D20&"' AS TABELA_LT,'N/A' AS TABELA_SIMUL,'"&F20&"' AS CAMPO, "&"'${ref_date}' AS REF_DATE, COUNT(*) AS NUM_REG, SUM(IF(INSTR(CAST(X."&F20&" AS STRING),'#')>0 OR INSTR(CAST(X."&F20&" AS STRING),'*')>0 OR INSTR(CAST(X."&F20&" AS STRING),'`')>0 OR INSTR(CAST(X."&F20&" AS STRING),'´')>0 OR INSTR(CAST(X."&F20&" AS STRING),'{')>0 OR INSTR(CAST(X."&F20&" AS STRING),'}')>0 OR INSTR(CAST(X."&F20&" AS STRING),'[')>0 OR INSTR(CAST(X."&F20&" AS STRING),'')>0 OR INSTR(CAST(X."&F20&" AS STRING),']')>0 OR INSTR(CAST(X."&F20&" AS STRING),'?')>0 OR INSTR(CAST(X."&F20&" AS STRING),'!')>0 OR INSTR(CAST(X."&F20&" AS STRING),'$')>0 OR INSTR(CAST(X."&F20&" AS STRING),'%')>0 OR INSTR(CAST(X."&F20&" AS STRING),'&')>0 OR INSTR(CAST(X."&F20&" AS STRING),'+')>0,1,0)) AS NUM_REG_DIF,'"&MAX('ID1&5'!K:K)+1&"' AS ID_EXEC, CURRENT_TIMESTAMP() AS TIME_EXEC FROM "&I20, IF(C20="Missings",+"SELECT '"&UPPER(B20)&"' AS TABELA, '"&UPPER(C20)&"' AS TIPOLOGIA_TESTE,'"&D20&"' AS TABELA_LT,'N/A' AS TABELA_SIMUL,'"&F20&"' AS CAMPO, "&"'${ref_date}' AS REF_DATE, COUNT(*) AS NUM_REG, SUM(IF(TRIM(CAST(X."&F20&" AS STRING)) IN ('0000-00-00','0001-01-01','9999-12-31','MISS','00000','99999999999','99999999999.00','99999999999.000000'),1,0)) AS NUM_REG_DIF,'"&MAX('ID1&5'!K:K)+1&"' AS ID_EXEC, CURRENT_TIMESTAMP() AS TIME_EXEC FROM "&I20, IF(C20="Not applicable",+"SELECT '"&UPPER(B20)&"' AS TABELA, '"&UPPER(C20)&"' AS TIPOLOGIA_TESTE,'"&D20&"' AS TABELA_LT,'N/A' AS TABELA_SIMUL,'"&F20&"' AS CAMPO, "&"'${ref_date}' AS REF_DATE, COUNT(*) AS NUM_REG, SUM(IF(TRIM(CAST(X."&F20&" AS STRING)) IN ('N/A','11111111111','11111111111.00','11111111111.000000','1111-11-11'),1,0)) AS NUM_REG_DIF,'"&MAX('ID1&5'!K:K)+1&"' AS ID_EXEC, CURRENT_TIMESTAMP() AS TIME_EXEC FROM "&I20, IF(C20="Valores extremos",+"SELECT '"&UPPER(B20)&"' AS TABELA, '"&UPPER(C20)&"' AS TIPOLOGIA_TESTE,'"&D20&"' AS TABELA_LT,'N/A' AS TABELA_SIMUL,'"&F20&"' AS CAMPO, "&"'${ref_date}' AS REF_DATE, CAST(MIN("&F20&") AS STRING) AS VALOR_MIN, CAST(MAX("&F20&") AS STRING) AS VALOR_MAX,'"&MAX('ID1&5'!K:K)+1&"' AS ID_EXEC, CURRENT_TIMESTAMP() AS TIME_EXEC FROM "&MID(I20,1,LEN(I20)-2)&" AND CAST("&F20&" AS STRING) NOT IN ('0000-00-00','0001-01-01','9999-12-31','MISS','00000','99999999999','99999999999.00','99999999999.000000','N/A','11111111111','11111111111.00','11111111111.000000','1111-11-11'))X")))))) -> SELECT 'INSTRUMENT' AS TABELA, 'COERÊNCIA' AS TIPOLOGIA_TESTE,'BU_LOANTAPE_WORK.LT002_INSTRUMENT' AS TABELA_LT,'BU_LOANTAPE_WORK.LT002_INSTRUMENT_P3_NOV24' AS TABELA_SIMUL,'IMPRMNT_STTS' AS CAMPO, '${ref_date}' AS REF_DATE, COUNT(*) AS NUM_REG, SUM(IF(COALESCE(CAST(X.IMPRMNT_STTS AS STRING),'')<>COALESCE(CAST(Y.IMPRMNT_STTS_SIMUL AS STRING),''),1,0)) AS NUM_REG_DIF,'1' AS ID_EXEC, CURRENT_TIMESTAMP() AS TIME_EXEC FROM (SELECT instrmnt_id, IMPRMNT_STTS FROM BU_LOANTAPE_WORK.LT002_INSTRUMENT WHERE ref_date='${ref_date}' AND nome_perimetro='Individual Corporativo' AND segmento='ESTR' AND ambito='PILAR3')X INNER JOIN (SELECT instrmnt_id AS instrmnt_id_SIMUL, IMPRMNT_STTS AS IMPRMNT_STTS_SIMUL FROM BU_LOANTAPE_WORK.LT002_INSTRUMENT_P3_NOV24)Y ON X.INSTRMNT_ID=Y.INSTRMNT_ID_SIMUL | M20: =+"UNION ALL "&L20 -> UNION ALL SELECT 'INSTRUMENT' AS TABELA, 'COERÊNCIA' AS TIPOLOGIA_TESTE,'BU_LOANTAPE_WORK.LT002_INSTRUMENT' AS TABELA_LT,'BU_LOANTAPE_WORK.LT002_INSTRUMENT_P3_NOV24' AS TABELA_SIMUL,'IMPRMNT_STTS' AS CAMPO, '${ref_date}' AS REF_DATE, COUNT(*) AS NUM_REG, SUM(IF(COALESCE(CAST(X.IMPRMNT_STTS AS STRING),'')<>COALESCE(CAST(Y.IMPRMNT_STTS_SIMUL AS STRING),''),1,0)) AS NUM_REG_DIF,'1' AS ID_EXEC, CURRENT_TIMESTAMP() AS TIME_EXEC FROM (SELECT instrmnt_id, IMPRMNT_STTS FROM BU_LOANTAPE_WORK.LT002_INSTRUMENT WHERE ref_date='${ref_date}' AND nome_perimetro='Individual Corporativo' AND segmento='ESTR' AND ambito='PILAR3')X INNER JOIN (SELECT instrmnt_id AS instrmnt_id_SIMUL, IMPRMNT_STTS AS IMPRMNT_STTS_SIMUL FROM BU_LOANTAPE_WORK.LT002_INSTRUMENT_P3_NOV24)Y ON X.INSTRMNT_ID=Y.INSTRMNT_ID_SIMUL
B21: Instrument | C21: Coerência | D21: =+UPPER('0. Instruções'!$D$33&"."&VLOOKUP(B21,'0. Instruções'!$C$27:$D$31,2,FALSE)) -> BU_LOANTAPE_WORK.LT002_INSTRUMENT | E21: =+UPPER('0. Instruções'!$D$34&"."&VLOOKUP(B21,'0. Instruções'!$C$27:$E$31,3,FALSE)) -> BU_LOANTAPE_WORK.LT002_INSTRUMENT_P3_NOV24 | F21: PRFRMNG_STTS | I21: ="(SELECT "&VLOOKUP(B21,'0. Instruções'!$C$27:$G$31,4,FALSE)&", "&F21&" FROM "&D21&" WHERE "&'0. Instruções'!$D$40&")X" -> (SELECT instrmnt_id, PRFRMNG_STTS FROM BU_LOANTAPE_WORK.LT002_INSTRUMENT WHERE ref_date='${ref_date}' AND nome_perimetro='Individual Corporativo' AND segmento='ESTR' AND ambito='PILAR3')X | J21: ="(SELECT "&VLOOKUP(B21,'0. Instruções'!$C$27:$G$31,4,FALSE)&" AS "&VLOOKUP(B21,'0. Instruções'!$C$27:$G$31,4,FALSE)&"_SIMUL, "&F21&" AS "&F21&"_SIMUL FROM "&E21&")Y" -> (SELECT instrmnt_id AS instrmnt_id_SIMUL, PRFRMNG_STTS AS PRFRMNG_STTS_SIMUL FROM BU_LOANTAPE_WORK.LT002_INSTRUMENT_P3_NOV24)Y | K21: =+UPPER("ON X."&VLOOKUP(B21,'0. Instruções'!$C$27:$G$31,4,FALSE)&"=Y."&VLOOKUP(B21,'0. Instruções'!$C$27:$G$31,4,FALSE)&"_SIMUL") -> ON X.INSTRMNT_ID=Y.INSTRMNT_ID_SIMUL | L21: =+IF(C21="Coerência", +IF(LEFT(G21,5)="FLOAT","SELECT '"&UPPER(B21)&"' AS TABELA, '"&UPPER(C21)&"' AS TIPOLOGIA_TESTE,'"&D21&"' AS TABELA_LT,'"&E21&"' AS TABELA_SIMUL,'"&F21&"' AS CAMPO, "&"'${ref_date}' AS REF_DATE, COUNT(*) AS NUM_REG, SUM(IF((ABS(COALESCE(X."&F21&",0)-COALESCE(Y."&F21&"_SIMUL,0))>0.0000000001) OR (X."&F21&" IS NULL AND Y."&F21&"_SIMUL IS NOT NULL ) OR (X."&F21&" IS NOT NULL AND Y."&F21&"_SIMUL IS NULL),1,0)) AS NUM_REG_DIF,'"&MAX('ID1&5'!K:K)+1&"' AS ID_EXEC, CURRENT_TIMESTAMP() AS TIME_EXEC FROM "&I21&" INNER JOIN "&J21&" "&K21,"SELECT '"&UPPER(B21)&"' AS TABELA, '"&UPPER(C21)&"' AS TIPOLOGIA_TESTE,'"&D21&"' AS TABELA_LT,'"&E21&"' AS TABELA_SIMUL,'"&F21&"' AS CAMPO, "&"'${ref_date}' AS REF_DATE, COUNT(*) AS NUM_REG, SUM(IF(COALESCE(CAST(X."&F21&" AS STRING),'')<>COALESCE(CAST(Y."&F21&"_SIMUL AS STRING),''),1,0)) AS NUM_REG_DIF,'"&MAX('ID1&5'!L:L)+1&"' AS ID_EXEC, CURRENT_TIMESTAMP() AS TIME_EXEC FROM "&I21&" INNER JOIN "&J21&" "&K21), IF(C21="Validade",+IF(G21="Code List","SELECT '"&UPPER(B21)&"' AS TABELA, '"&UPPER(C21)&"' AS TIPOLOGIA_TESTE,'"&D21&"' AS TABELA_LT,'N/A' AS TABELA_SIMUL,'"&F21&"' AS CAMPO, "&"'${ref_date}' AS REF_DATE, COUNT(*) AS NUM_REG, SUM(IF(TRIM(CAST(X."&F21&" AS STRING))='' OR TRIM(CAST(X."&F21&" AS STRING)) IS NULL OR CAST(X."&F21&" AS STRING) NOT "&H21&",1,0)) AS NUM_REG_DIF,'"&MAX('ID1&5'!K:K)+1&"' AS ID_EXEC, CURRENT_TIMESTAMP() AS TIME_EXEC FROM "&I21,"SELECT '"&UPPER(B21)&"' AS TABELA, '"&UPPER(C21)&"' AS TIPOLOGIA_TESTE,'"&D21&"' AS TABELA_LT,'N/A' AS TABELA_SIMUL,'"&F21&"' AS CAMPO, "&"'${ref_date}' AS REF_DATE, COUNT(*) AS NUM_REG, SUM(IF(TRIM(CAST(X."&F21&" AS STRING))='' OR TRIM(CAST(X."&F21&" AS STRING)) IS NULL,1,0)) AS NUM_REG_DIF,'"&MAX('ID1&5'!K:K)+1&"' AS ID_EXEC, CURRENT_TIMESTAMP() AS TIME_EXEC FROM "&I21), IF(C21="Caracteres Especiais",+"SELECT '"&UPPER(B21)&"' AS TABELA, '"&UPPER(C21)&"' AS TIPOLOGIA_TESTE,'"&D21&"' AS TABELA_LT,'N/A' AS TABELA_SIMUL,'"&F21&"' AS CAMPO, "&"'${ref_date}' AS REF_DATE, COUNT(*) AS NUM_REG, SUM(IF(INSTR(CAST(X."&F21&" AS STRING),'#')>0 OR INSTR(CAST(X."&F21&" AS STRING),'*')>0 OR INSTR(CAST(X."&F21&" AS STRING),'`')>0 OR INSTR(CAST(X."&F21&" AS STRING),'´')>0 OR INSTR(CAST(X."&F21&" AS STRING),'{')>0 OR INSTR(CAST(X."&F21&" AS STRING),'}')>0 OR INSTR(CAST(X."&F21&" AS STRING),'[')>0 OR INSTR(CAST(X."&F21&" AS STRING),'')>0 OR INSTR(CAST(X."&F21&" AS STRING),']')>0 OR INSTR(CAST(X."&F21&" AS STRING),'?')>0 OR INSTR(CAST(X."&F21&" AS STRING),'!')>0 OR INSTR(CAST(X."&F21&" AS STRING),'$')>0 OR INSTR(CAST(X."&F21&" AS STRING),'%')>0 OR INSTR(CAST(X."&F21&" AS STRING),'&')>0 OR INSTR(CAST(X."&F21&" AS STRING),'+')>0,1,0)) AS NUM_REG_DIF,'"&MAX('ID1&5'!K:K)+1&"' AS ID_EXEC, CURRENT_TIMESTAMP() AS TIME_EXEC FROM "&I21, IF(C21="Missings",+"SELECT '"&UPPER(B21)&"' AS TABELA, '"&UPPER(C21)&"' AS TIPOLOGIA_TESTE,'"&D21&"' AS TABELA_LT,'N/A' AS TABELA_SIMUL,'"&F21&"' AS CAMPO, "&"'${ref_date}' AS REF_DATE, COUNT(*) AS NUM_REG, SUM(IF(TRIM(CAST(X."&F21&" AS STRING)) IN ('0000-00-00','0001-01-01','9999-12-31','MISS','00000','99999999999','99999999999.00','99999999999.000000'),1,0)) AS NUM_REG_DIF,'"&MAX('ID1&5'!K:K)+1&"' AS ID_EXEC, CURRENT_TIMESTAMP() AS TIME_EXEC FROM "&I21, IF(C21="Not applicable",+"SELECT '"&UPPER(B21)&"' AS TABELA, '"&UPPER(C21)&"' AS TIPOLOGIA_TESTE,'"&D21&"' AS TABELA_LT,'N/A' AS TABELA_SIMUL,'"&F21&"' AS CAMPO, "&"'${ref_date}' AS REF_DATE, COUNT(*) AS NUM_REG, SUM(IF(TRIM(CAST(X."&F21&" AS STRING)) IN ('N/A','11111111111','11111111111.00','11111111111.000000','1111-11-11'),1,0)) AS NUM_REG_DIF,'"&MAX('ID1&5'!K:K)+1&"' AS ID_EXEC, CURRENT_TIMESTAMP() AS TIME_EXEC FROM "&I21, IF(C21="Valores extremos",+"SELECT '"&UPPER(B21)&"' AS TABELA, '"&UPPER(C21)&"' AS TIPOLOGIA_TESTE,'"&D21&"' AS TABELA_LT,'N/A' AS TABELA_SIMUL,'"&F21&"' AS CAMPO, "&"'${ref_date}' AS REF_DATE, CAST(MIN("&F21&") AS STRING) AS VALOR_MIN, CAST(MAX("&F21&") AS STRING) AS VALOR_MAX,'"&MAX('ID1&5'!K:K)+1&"' AS ID_EXEC, CURRENT_TIMESTAMP() AS TIME_EXEC FROM "&MID(I21,1,LEN(I21)-2)&" AND CAST("&F21&" AS STRING) NOT IN ('0000-00-00','0001-01-01','9999-12-31','MISS','00000','99999999999','99999999999.00','99999999999.000000','N/A','11111111111','11111111111.00','11111111111.000000','1111-11-11'))X")))))) -> SELECT 'INSTRUMENT' AS TABELA, 'COERÊNCIA' AS TIPOLOGIA_TESTE,'BU_LOANTAPE_WORK.LT002_INSTRUMENT' AS TABELA_LT,'BU_LOANTAPE_WORK.LT002_INSTRUMENT_P3_NOV24' AS TABELA_SIMUL,'PRFRMNG_STTS' AS CAMPO, '${ref_date}' AS REF_DATE, COUNT(*) AS NUM_REG, SUM(IF(COALESCE(CAST(X.PRFRMNG_STTS AS STRING),'')<>COALESCE(CAST(Y.PRFRMNG_STTS_SIMUL AS STRING),''),1,0)) AS NUM_REG_DIF,'1' AS ID_EXEC, CURRENT_TIMESTAMP() AS TIME_EXEC FROM (SELECT instrmnt_id, PRFRMNG_STTS FROM BU_LOANTAPE_WORK.LT002_INSTRUMENT WHERE ref_date='${ref_date}' AND nome_perimetro='Individual Corporativo' AND segmento='ESTR' AND ambito='PILAR3')X INNER JOIN (SELECT instrmnt_id AS instrmnt_id_SIMUL, PRFRMNG_STTS AS PRFRMNG_STTS_SIMUL FROM BU_LOANTAPE_WORK.LT002_INSTRUMENT_P3_NOV24)Y ON X.INSTRMNT_ID=Y.INSTRMNT_ID_SIMUL | M21: =+"UNION ALL "&L21 -> UNION ALL SELECT 'INSTRUMENT' AS TABELA, 'COERÊNCIA' AS TIPOLOGIA_TESTE,'BU_LOANTAPE_WORK.LT002_INSTRUMENT' AS TABELA_LT,'BU_LOANTAPE_WORK.LT002_INSTRUMENT_P3_NOV24' AS TABELA_SIMUL,'PRFRMNG_STTS' AS CAMPO, '${ref_date}' AS REF_DATE, COUNT(*) AS NUM_REG, SUM(IF(COALESCE(CAST(X.PRFRMNG_STTS AS STRING),'')<>COALESCE(CAST(Y.PRFRMNG_STTS_SIMUL AS STRING),''),1,0)) AS NUM_REG_DIF,'1' AS ID_EXEC, CURRENT_TIMESTAMP() AS TIME_EXEC FROM (SELECT instrmnt_id, PRFRMNG_STTS FROM BU_LOANTAPE_WORK.LT002_INSTRUMENT WHERE ref_date='${ref_date}' AND nome_perimetro='Individual Corporativo' AND segmento='ESTR' AND ambito='PILAR3')X INNER JOIN (SELECT instrmnt_id AS instrmnt_id_SIMUL, PRFRMNG_STTS AS PRFRMNG_STTS_SIMUL FROM BU_LOANTAPE_WORK.LT002_INSTRUMENT_P3_NOV24)Y ON X.INSTRMNT_ID=Y.INSTRMNT_ID_SIMUL
B22: Instrument | C22: Coerência | D22: =+UPPER('0. Instruções'!$D$33&"."&VLOOKUP(B22,'0. Instruções'!$C$27:$D$31,2,FALSE)) -> BU_LOANTAPE_WORK.LT002_INSTRUMENT | E22: =+UPPER('0. Instruções'!$D$34&"."&VLOOKUP(B22,'0. Instruções'!$C$27:$E$31,3,FALSE)) -> BU_LOANTAPE_WORK.LT002_INSTRUMENT_P3_NOV24 | F22: PRJCT_FNNC_LN | I22: ="(SELECT "&VLOOKUP(B22,'0. Instruções'!$C$27:$G$31,4,FALSE)&", "&F22&" FROM "&D22&" WHERE "&'0. Instruções'!$D$40&")X" -> (SELECT instrmnt_id, PRJCT_FNNC_LN FROM BU_LOANTAPE_WORK.LT002_INSTRUMENT WHERE ref_date='${ref_date}' AND nome_perimetro='Individual Corporativo' AND segmento='ESTR' AND ambito='PILAR3')X | J22: ="(SELECT "&VLOOKUP(B22,'0. Instruções'!$C$27:$G$31,4,FALSE)&" AS "&VLOOKUP(B22,'0. Instruções'!$C$27:$G$31,4,FALSE)&"_SIMUL, "&F22&" AS "&F22&"_SIMUL FROM "&E22&")Y" -> (SELECT instrmnt_id AS instrmnt_id_SIMUL, PRJCT_FNNC_LN AS PRJCT_FNNC_LN_SIMUL FROM BU_LOANTAPE_WORK.LT002_INSTRUMENT_P3_NOV24)Y | K22: =+UPPER("ON X."&VLOOKUP(B22,'0. Instruções'!$C$27:$G$31,4,FALSE)&"=Y."&VLOOKUP(B22,'0. Instruções'!$C$27:$G$31,4,FALSE)&"_SIMUL") -> ON X.INSTRMNT_ID=Y.INSTRMNT_ID_SIMUL | L22: =+IF(C22="Coerência", +IF(LEFT(G22,5)="FLOAT","SELECT '"&UPPER(B22)&"' AS TABELA, '"&UPPER(C22)&"' AS TIPOLOGIA_TESTE,'"&D22&"' AS TABELA_LT,'"&E22&"' AS TABELA_SIMUL,'"&F22&"' AS CAMPO, "&"'${ref_date}' AS REF_DATE, COUNT(*) AS NUM_REG, SUM(IF((ABS(COALESCE(X."&F22&",0)-COALESCE(Y."&F22&"_SIMUL,0))>0.0000000001) OR (X."&F22&" IS NULL AND Y."&F22&"_SIMUL IS NOT NULL ) OR (X."&F22&" IS NOT NULL AND Y."&F22&"_SIMUL IS NULL),1,0)) AS NUM_REG_DIF,'"&MAX('ID1&5'!K:K)+1&"' AS ID_EXEC, CURRENT_TIMESTAMP() AS TIME_EXEC FROM "&I22&" INNER JOIN "&J22&" "&K22,"SELECT '"&UPPER(B22)&"' AS TABELA, '"&UPPER(C22)&"' AS TIPOLOGIA_TESTE,'"&D22&"' AS TABELA_LT,'"&E22&"' AS TABELA_SIMUL,'"&F22&"' AS CAMPO, "&"'${ref_date}' AS REF_DATE, COUNT(*) AS NUM_REG, SUM(IF(COALESCE(CAST(X."&F22&" AS STRING),'')<>COALESCE(CAST(Y."&F22&"_SIMUL AS STRING),''),1,0)) AS NUM_REG_DIF,'"&MAX('ID1&5'!L:L)+1&"' AS ID_EXEC, CURRENT_TIMESTAMP() AS TIME_EXEC FROM "&I22&" INNER JOIN "&J22&" "&K22), IF(C22="Validade",+IF(G22="Code List","SELECT '"&UPPER(B22)&"' AS TABELA, '"&UPPER(C22)&"' AS TIPOLOGIA_TESTE,'"&D22&"' AS TABELA_LT,'N/A' AS TABELA_SIMUL,'"&F22&"' AS CAMPO, "&"'${ref_date}' AS REF_DATE, COUNT(*) AS NUM_REG, SUM(IF(TRIM(CAST(X."&F22&" AS STRING))='' OR TRIM(CAST(X."&F22&" AS STRING)) IS NULL OR CAST(X."&F22&" AS STRING) NOT "&H22&",1,0)) AS NUM_REG_DIF,'"&MAX('ID1&5'!K:K)+1&"' AS ID_EXEC, CURRENT_TIMESTAMP() AS TIME_EXEC FROM "&I22,"SELECT '"&UPPER(B22)&"' AS TABELA, '"&UPPER(C22)&"' AS TIPOLOGIA_TESTE,'"&D22&"' AS TABELA_LT,'N/A' AS TABELA_SIMUL,'"&F22&"' AS CAMPO, "&"'${ref_date}' AS REF_DATE, COUNT(*) AS NUM_REG, SUM(IF(TRIM(CAST(X."&F22&" AS STRING))='' OR TRIM(CAST(X."&F22&" AS STRING)) IS NULL,1,0)) AS NUM_REG_DIF,'"&MAX('ID1&5'!K:K)+1&"' AS ID_EXEC, CURRENT_TIMESTAMP() AS TIME_EXEC FROM "&I22), IF(C22="Caracteres Especiais",+"SELECT '"&UPPER(B22)&"' AS TABELA, '"&UPPER(C22)&"' AS TIPOLOGIA_TESTE,'"&D22&"' AS TABELA_LT,'N/A' AS TABELA_SIMUL,'"&F22&"' AS CAMPO, "&"'${ref_date}' AS REF_DATE, COUNT(*) AS NUM_REG, SUM(IF(INSTR(CAST(X."&F22&" AS STRING),'#')>0 OR INSTR(CAST(X."&F22&" AS STRING),'*')>0 OR INSTR(CAST(X."&F22&" AS STRING),'`')>0 OR INSTR(CAST(X."&F22&" AS STRING),'´')>0 OR INSTR(CAST(X."&F22&" AS STRING),'{')>0 OR INSTR(CAST(X."&F22&" AS STRING),'}')>0 OR INSTR(CAST(X."&F22&" AS STRING),'[')>0 OR INSTR(CAST(X."&F22&" AS STRING),'')>0 OR INSTR(CAST(X."&F22&" AS STRING),']')>0 OR INSTR(CAST(X."&F22&" AS STRING),'?')>0 OR INSTR(CAST(X."&F22&" AS STRING),'!')>0 OR INSTR(CAST(X."&F22&" AS STRING),'$')>0 OR INSTR(CAST(X."&F22&" AS STRING),'%')>0 OR INSTR(CAST(X."&F22&" AS STRING),'&')>0 OR INSTR(CAST(X."&F22&" AS STRING),'+')>0,1,0)) AS NUM_REG_DIF,'"&MAX('ID1&5'!K:K)+1&"' AS ID_EXEC, CURRENT_TIMESTAMP() AS TIME_EXEC FROM "&I22, IF(C22="Missings",+"SELECT '"&UPPER(B22)&"' AS TABELA, '"&UPPER(C22)&"' AS TIPOLOGIA_TESTE,'"&D22&"' AS TABELA_LT,'N/A' AS TABELA_SIMUL,'"&F22&"' AS CAMPO, "&"'${ref_date}' AS REF_DATE, COUNT(*) AS NUM_REG, SUM(IF(TRIM(CAST(X."&F22&" AS STRING)) IN ('0000-00-00','0001-01-01','9999-12-31','MISS','00000','99999999999','99999999999.00','99999999999.000000'),1,0)) AS NUM_REG_DIF,'"&MAX('ID1&5'!K:K)+1&"' AS ID_EXEC, CURRENT_TIMESTAMP() AS TIME_EXEC FROM "&I22, IF(C22="Not applicable",+"SELECT '"&UPPER(B22)&"' AS TABELA, '"&UPPER(C22)&"' AS TIPOLOGIA_TESTE,'"&D22&"' AS TABELA_LT,'N/A' AS TABELA_SIMUL,'"&F22&"' AS CAMPO, "&"'${ref_date}' AS REF_DATE, COUNT(*) AS NUM_REG, SUM(IF(TRIM(CAST(X."&F22&" AS STRING)) IN ('N/A','11111111111','11111111111.00','11111111111.000000','1111-11-11'),1,0)) AS NUM_REG_DIF,'"&MAX('ID1&5'!K:K)+1&"' AS ID_EXEC, CURRENT_TIMESTAMP() AS TIME_EXEC FROM "&I22, IF(C22="Valores extremos",+"SELECT '"&UPPER(B22)&"' AS TABELA, '"&UPPER(C22)&"' AS TIPOLOGIA_TESTE,'"&D22&"' AS TABELA_LT,'N/A' AS TABELA_SIMUL,'"&F22&"' AS CAMPO, "&"'${ref_date}' AS REF_DATE, CAST(MIN("&F22&") AS STRING) AS VALOR_MIN, CAST(MAX("&F22&") AS STRING) AS VALOR_MAX,'"&MAX('ID1&5'!K:K)+1&"' AS ID_EXEC, CURRENT_TIMESTAMP() AS TIME_EXEC FROM "&MID(I22,1,LEN(I22)-2)&" AND CAST("&F22&" AS STRING) NOT IN ('0000-00-00','0001-01-01','9999-12-31','MISS','00000','99999999999','99999999999.00','99999999999.000000','N/A','11111111111','11111111111.00','11111111111.000000','1111-11-11'))X")))))) -> SELECT 'INSTRUMENT' AS TABELA, 'COERÊNCIA' AS TIPOLOGIA_TESTE,'BU_LOANTAPE_WORK.LT002_INSTRUMENT' AS TABELA_LT,'BU_LOANTAPE_WORK.LT002_INSTRUMENT_P3_NOV24' AS TABELA_SIMUL,'PRJCT_FNNC_LN' AS CAMPO, '${ref_date}' AS REF_DATE, COUNT(*) AS NUM_REG, SUM(IF(COALESCE(CAST(X.PRJCT_FNNC_LN AS STRING),'')<>COALESCE(CAST(Y.PRJCT_FNNC_LN_SIMUL AS STRING),''),1,0)) AS NUM_REG_DIF,'1' AS ID_EXEC, CURRENT_TIMESTAMP() AS TIME_EXEC FROM (SELECT instrmnt_id, PRJCT_FNNC_LN FROM BU_LOANTAPE_WORK.LT002_INSTRUMENT WHERE ref_date='${ref_date}' AND nome_perimetro='Individual Corporativo' AND segmento='ESTR' AND ambito='PILAR3')X INNER JOIN (SELECT instrmnt_id AS instrmnt_id_SIMUL, PRJCT_FNNC_LN AS PRJCT_FNNC_LN_SIMUL FROM BU_LOANTAPE_WORK.LT002_INSTRUMENT_P3_NOV24)Y ON X.INSTRMNT_ID=Y.INSTRMNT_ID_SIMUL | M22: =+"UNION ALL "&L22 -> UNION ALL SELECT 'INSTRUMENT' AS TABELA, 'COERÊNCIA' AS TIPOLOGIA_TESTE,'BU_LOANTAPE_WORK.LT002_INSTRUMENT' AS TABELA_LT,'BU_LOANTAPE_WORK.LT002_INSTRUMENT_P3_NOV24' AS TABELA_SIMUL,'PRJCT_FNNC_LN' AS CAMPO, '${ref_date}' AS REF_DATE, COUNT(*) AS NUM_REG, SUM(IF(COALESCE(CAST(X.PRJCT_FNNC_LN AS STRING),'')<>COALESCE(CAST(Y.PRJCT_FNNC_LN_SIMUL AS STRING),''),1,0)) AS NUM_REG_DIF,'1' AS ID_EXEC, CURRENT_TIMESTAMP() AS TIME_EXEC FROM (SELECT instrmnt_id, PRJCT_FNNC_LN FROM BU_LOANTAPE_WORK.LT002_INSTRUMENT WHERE ref_date='${ref_date}' AND nome_perimetro='Individual Corporativo' AND segmento='ESTR' AND ambito='PILAR3')X INNER JOIN (SELECT instrmnt_id AS instrmnt_id_SIMUL, PRJCT_FNNC_LN AS PRJCT_FNNC_LN_SIMUL FROM BU_LOANTAPE_WORK.LT002_INSTRUMENT_P3_NOV24)Y ON X.INSTRMNT_ID=Y.INSTRMNT_ID_SIMUL
