Workbook

Sheet Sheet
A1: chave | B1: scp1 | C1: scp2 | D1: =+SUM(D2:D949) -> 28110777 | E1: =+SUM(E2:E949) -> 28838525
A2: 89000000000247796000420000664413 | B2: 326326.48 | D2: =+B2+C2 -> 326326.48 | E2: =+VLOOKUP(A2,Sheet3!A:B,2,FALSE) -> 652653.36 | F2: =+ABS(E2-D2) -> 326326.88 | H2: Coluna A,B e C da tabela de emissões financiadas
A3: 89000000000251214000420000678581 | B3: 105641.3 | D3: =+B3+C3 -> 105641.3 | E3: =+VLOOKUP(A3,Sheet3!A:B,2,FALSE) -> 211282.82 | F3: =+ABS(E3-D3) -> 105641.52
A4: 89000000000244444000420000322385 | B4: 77053.132 | D4: =+B4+C4 -> 77053.132 | E4: =+VLOOKUP(A4,Sheet3!A:B,2,FALSE) -> 154107.1 | F4: =+ABS(E4-D4) -> 77053.968
A5: 89000000000249606000420000775937 | B5: 73304.762 | D5: =+B5+C5 -> 73304.762 | E5: =+VLOOKUP(A5,Sheet3!A:B,2,FALSE) -> 146609.54 | F5: =+ABS(E5-D5) -> 73304.778
A6: 89000000000242900000420000660098 | B6: 38735.955 | D6: =+B6+C6 -> 38735.955 | E6: =+VLOOKUP(A6,Sheet3!A:B,2,FALSE) -> 77472.12 | F6: =+ABS(E6-D6) -> 38736.165
A7: 89000000000229669000420000658958 | B7: 38282.142 | D7: =+B7+C7 -> 38282.142 | E7: =+VLOOKUP(A7,Sheet3!A:B,2,FALSE) -> 76564.6 | F7: =+ABS(E7-D7) -> 38282.458
A8: 89000000000241739000420000427267 | B8: 14591.333 | D8: =+B8+C8 -> 14591.333 | E8: =+VLOOKUP(A8,Sheet3!A:B,2,FALSE) -> 29182.76 | F8: =+ABS(E8-D8) -> 14591.427
A9: 89000000000226300000420000659907 | B9: 14244.319 | D9: =+B9+C9 -> 14244.319 | E9: =+VLOOKUP(A9,Sheet3!A:B,2,FALSE) -> 28488.74 | F9: =+ABS(E9-D9) -> 14244.421
A10: 89000000000237393000420000709714 | B10: 10734.942 | D10: =+B10+C10 -> 10734.942 | E10: =+VLOOKUP(A10,Sheet3!A:B,2,FALSE) -> 21470 | F10: =+ABS(E10-D10) -> 10735.058
A11: 89000000000247433000450000323361 | B11: 8673.065 | D11: =+B11+C11 -> 8673.065 | E11: =+VLOOKUP(A11,Sheet3!A:B,2,FALSE) -> 16094.7 | F11: =+ABS(E11-D11) -> 7421.635
A12: 89000000000220615000420000688408 | B12: 47946.713 | D12: =+B12+C12 -> 47946.713 | E12: =+VLOOKUP(A12,Sheet3!A:B,2,FALSE) -> 53274.4 | F12: =+ABS(E12-D12) -> 5327.687
A13: 89000000000236893000420000739549 | B13: 4103.1906 | D13: =+B13+C13 -> 4103.1906 | E13: =+VLOOKUP(A13,Sheet3!A:B,2,FALSE) -> 8206.52 | F13: =+ABS(E13-D13) -> 4103.3294
A14: 89000000000247318000450000408182 | B14: 3122.3659 | D14: =+B14+C14 -> 3122.3659 | E14: =+VLOOKUP(A14,Sheet3!A:B,2,FALSE) -> 6244.74 | F14: =+ABS(E14-D14) -> 3122.3741
... A624: 89000000000223389000420000695941 | B624: 6924.0408 | D624: =+B624+C624 -> 6924.0408 | E624: =+VLOOKUP(A624,Sheet3!A:B,2,FALSE) -> 6924.05 | F624: =+ABS(E624-D624) -> 0.009213
A625: 89000000000250728000450000474788 | C625: 920.48901 | D625: =+B625+C625 -> 920.48901 | E625: =+VLOOKUP(A625,Sheet3!A:B,2,FALSE) -> 920.48 | F625: =+ABS(E625-D625) -> 0.00901
A626: 89000000000241711000420000577193 | B626: 16215.051 | D626: =+B626+C626 -> 16215.051 | E626: =+VLOOKUP(A626,Sheet3!A:B,2,FALSE) -> 16215.06 | F626: =+ABS(E626-D626) -> 0.008991
A627: 89000000000248313000420000674810 | B627: 38416.711 | D627: =+B627+C627 -> 38416.711 | E627: =+VLOOKUP(A627,Sheet3!A:B,2,FALSE) -> 38416.72 | F627: =+ABS(E627-D627) -> 0.008982
A628: 89000000000242929000420000742118 | B628: 17062.521 | D628: =+B628+C628 -> 17062.521 | E628: =+VLOOKUP(A628,Sheet3!A:B,2,FALSE) -> 17062.53 | F628: =+ABS(E628-D628) -> 0.008608
A629: 89000000000248042000420000658159 | B629: 40296.191 | D629: =+B629+C629 -> 40296.191 | E629: =+VLOOKUP(A629,Sheet3!A:B,2,FALSE) -> 40296.2 | F629: =+ABS(E629-D629) -> 0.008519
A630: 89000000000248043000420000658159 | B630: 40296.191 | D630: =+B630+C630 -> 40296.191 | E630: =+VLOOKUP(A630,Sheet3!A:B,2,FALSE) -> 40296.2 | F630: =+ABS(E630-D630) -> 0.008519
A631: 89000000000248044000420000658159 | B631: 40296.191 | D631: =+B631+C631 -> 40296.191 | E631: =+VLOOKUP(A631,Sheet3!A:B,2,FALSE) -> 40296.2 | F631: =+ABS(E631-D631) -> 0.008519
A632: 89000000000248045000420000658159 | B632: 40296.191 | D632: =+B632+C632 -> 40296.191 | E632: =+VLOOKUP(A632,Sheet3!A:B,2,FALSE) -> 40296.2 | F632: =+ABS(E632-D632) -> 0.008519
A633: 89000000000248046000420000658159 | B633: 40296.191 | D633: =+B633+C633 -> 40296.191 | E633: =+VLOOKUP(A633,Sheet3!A:B,2,FALSE) -> 40296.2 | F633: =+ABS(E633-D633) -> 0.008519
A634: 89000000000239290000420000702302 | B634: 7916.6715 | D634: =+B634+C634 -> 7916.6715 | E634: =+VLOOKUP(A634,Sheet3!A:B,2,FALSE) -> 7916.68 | F634: =+ABS(E634-D634) -> 0.008465
A635: 89000000000247239000420000478253 | B635: 39170.622 | D635: =+B635+C635 -> 39170.622 | E635: =+VLOOKUP(A635,Sheet3!A:B,2,FALSE) -> 39170.63 | F635: =+ABS(E635-D635) -> 0.00846
A636: 89000000000244712000450000579367 | B636: 3432.1917 | D636: =+B636+C636 -> 3432.1917 | E636: =+VLOOKUP(A636,Sheet3!A:B,2,FALSE) -> 3432.2 | F636: =+ABS(E636-D636) -> 0.008276
A637: 89000000000232021000420000482273 | B637: 9083.5219 | D637: =+B637+C637 -> 9083.5219 | E637: =+VLOOKUP(A637,Sheet3!A:B,2,FALSE) -> 9083.53 | F637: =+ABS(E637-D637) -> 0.008121
... A679: 89000000000246263000450000656961 | B679: 1360.974 | D679: =+B679+C679 -> 1360.974 | E679: =+VLOOKUP(A679,Sheet3!A:B,2,FALSE) -> 1360.98 | F679: =+ABS(E679-D679) -> 0.005997
A680: 89000000000246095000450000587303 | B680: 483.9246 | C680: 411.06139 | D680: =+B680+C680 -> 894.98599 | E680: =+VLOOKUP(A680,Sheet3!A:B,2,FALSE) -> 894.98 | F680: =+ABS(E680-D680) -> 0.005991
A681: 89000000008046280000530000730704 | B681: 929.93607 | C681: 789.91814 | D681: =+B681+C681 -> 1719.8542 | E681: =+VLOOKUP(A681,Sheet3!A:B,2,FALSE) -> 1719.86 | F681: =+ABS(E681-D681) -> 0.005795
A682: 89000000000238587000450000694683 | B682: 1111.3642 | D682: =+B682+C682 -> 1111.3642 | E682: =+VLOOKUP(A682,Sheet3!A:B,2,FALSE) -> 1111.37 | F682: =+ABS(E682-D682) -> 0.005789
A683: 89000000000250980000450000769101 | B683: 1820.1343 | D683: =+B683+C683 -> 1820.1343 | E683: =+VLOOKUP(A683,Sheet3!A:B,2,FALSE) -> 1820.14 | F683: =+ABS(E683-D683) -> 0.005746
A684: 89000000000234069000450000517280 | B684: 840.77427 | D684: =+B684+C684 -> 840.77427 | E684: =+VLOOKUP(A684,Sheet3!A:B,2,FALSE) -> 840.78 | F684: =+ABS(E684-D684) -> 0.005733
A685: 89000000000248104000420000321896 | B685: 230944.51 | D685: =+B685+C685 -> 230944.51 | E685: =+VLOOKUP(A685,Sheet3!A:B,2,FALSE) -> 230944.5 | F685: =+ABS(E685-D685) -> 0.005715
A686: 89000000000248115000420000321896 | B686: 230944.51 | D686: =+B686+C686 -> 230944.51 | E686: =+VLOOKUP(A686,Sheet3!A:B,2,FALSE) -> 230944.5 | F686: =+ABS(E686-D686) -> 0.005715
A687: 89000000000241521000450000585395 | C687: 31.154298 | D687: =+B687+C687 -> 31.154298 | E687: =+VLOOKUP(A687,Sheet3!A:B,2,FALSE) -> 31.16 | F687: =+ABS(E687-D687) -> 0.005702
A688: 89000000000250666000420000666000 | B688: 47866.664 | D688: =+B688+C688 -> 47866.664 | E688: =+VLOOKUP(A688,Sheet3!A:B,2,FALSE) -> 47866.67 | F688: =+ABS(E688-D688) -> 0.005628
A689: 89000000000244899000450000754223 | B689: 400.51437 | C689: 340.21002 | D689: =+B689+C689 -> 740.72439 | E689: =+VLOOKUP(A689,Sheet3!A:B,2,FALSE) -> 740.73 | F689: =+ABS(E689-D689) -> 0.00561
A690: 89000000000247423000450000476117 | B690: 1028.1444 | D690: =+B690+C690 -> 1028.1444 | E690: =+VLOOKUP(A690,Sheet3!A:B,2,FALSE) -> 1028.15 | F690: =+ABS(E690-D690) -> 0.005581
A691: 89000000000231479000450000728759 | C691: 212.00446 | D691: =+B691+C691 -> 212.00446 | E691: =+VLOOKUP(A691,Sheet3!A:B,2,FALSE) -> 212.01 | F691: =+ABS(E691-D691) -> 0.005543
A692: 89000000000251356000420000476355 | B692: 47342.105 | D692: =+B692+C692 -> 47342.105 | E692: =+VLOOKUP(A692,Sheet3!A:B,2,FALSE) -> 47342.11 | F692: =+ABS(E692-D692) -> 0.005488
A693: 89000000000233485000450000464952 | B693: 536.29453 | D693: =+B693+C693 -> 536.29453 | E693: =+VLOOKUP(A693,Sheet3!A:B,2,FALSE) -> 536.3 | F693: =+ABS(E693-D693) -> 0.00547
A694: 89000000000229036000420000599212 | B694: 13938.315 | D694: =+B694+C694 -> 13938.315 | E694: =+VLOOKUP(A694,Sheet3!A:B,2,FALSE) -> 13938.32 | F694: =+ABS(E694-D694) -> 0.005439
A695: 89000000008043956000530000746962 | B695: 916.01458 | D695: =+B695+C695 -> 916.01458 | E695: =+VLOOKUP(A695,Sheet3!A:B,2,FALSE) -> 916.02 | F695: =+ABS(E695-D695) -> 0.005416
A696: 89000000000248935000450000728759 | B696: 2162.9046 | D696: =+B696+C696 -> 2162.9046 | E696: =+VLOOKUP(A696,Sheet3!A:B,2,FALSE) -> 2162.91 | F696: =+ABS(E696-D696) -> 0.005389
A697: 89000000000239838000450000692603 | B697: 513.78462 | D697: =+B697+C697 -> 513.78462 | E697: =+VLOOKUP(A697,Sheet3!A:B,2,FALSE) -> 513.79 | F697: =+ABS(E697-D697) -> 0.005383
A698: 89000000008045930000530000728933 | B698: 849.27917 | C698: 721.40552 | D698: =+B698+C698 -> 1570.6847 | E698: =+VLOOKUP(A698,Sheet3!A:B,2,FALSE) -> 1570.69 | F698: =+ABS(E698-D698) -> 0.00531
A699: 89000000000251108000450000653278 | B699: 5750.8553 | D699: =+B699+C699 -> 5750.8553 | E699: =+VLOOKUP(A699,Sheet3!A:B,2,FALSE) -> 5750.85 | F699: =+ABS(E699-D699) -> 0.005259
A700: 89000000000243951000420000761102 | B700: 21779.215 | D700: =+B700+C700 -> 21779.215 | E700: =+VLOOKUP(A700,Sheet3!A:B,2,FALSE) -> 21779.22 | F700: =+ABS(E700-D700) -> 0.00517
A701: 89000000000249591000450000687669 | B701: 437.2925 | C701: 558.42267 | D701: =+B701+C701 -> 995.71517 | E701: =+VLOOKUP(A701,Sheet3!A:B,2,FALSE) -> 995.71 | F701: =+ABS(E701-D701) -> 0.005168
A702: 89000000000250539000420000673677 | B702: 45386.785 | D702: =+B702+C702 -> 45386.785 | E702: =+VLOOKUP(A702,Sheet3!A:B,2,FALSE) -> 45386.79 | F702: =+ABS(E702-D702) -> 0.005113
A703: 89000000008046299000530000776733 | B703: 2967.3049 | D703: =+B703+C703 -> 2967.3049 | E703: =+VLOOKUP(A703,Sheet3!A:B,2,FALSE) -> 2967.31 | F703: =+ABS(E703-D703) -> 0.005076
A704: 89000000000231492000450000656519 | B704: 685.91498 | D704: =+B704+C704 -> 685.91498 | E704: =+VLOOKUP(A704,Sheet3!A:B,2,FALSE) -> 685.92 | F704: =+ABS(E704-D704) -> 0.005022
A705: 89000000000242619000450000585966 | B705: 1353.095 | D705: =+B705+C705 -> 1353.095 | E705: =+VLOOKUP(A705,Sheet3!A:B,2,FALSE) -> 1353.1 | F705: =+ABS(E705-D705) -> 0.004985
A706: 89000000000226468000450000656519 | B706: 696.17502 | D706: =+B706+C706 -> 696.17502 | E706: =+VLOOKUP(A706,Sheet3!A:B,2,FALSE) -> 696.18 | F706: =+ABS(E706-D706) -> 0.004978
A707: 89000000005109053000510000466079 | C707: 273.87503 | D707: =+B707+C707 -> 273.87503 | E707: =+VLOOKUP(A707,Sheet3!A:B,2,FALSE) -> 273.88 | F707: =+ABS(E707-D707) -> 0.004968
A708: 89000000000235609000450000599212 | B708: 42.035086 | D708: =+B708+C708 -> 42.035086 | E708: =+VLOOKUP(A708,Sheet3!A:B,2,FALSE) -> 42.04 | F708: =+ABS(E708-D708) -> 0.004914
A709: 89000000000235611000450000599212 | B709: 42.035086 | D709: =+B709+C709 -> 42.035086 | E709: =+VLOOKUP(A709,Sheet3!A:B,2,FALSE) -> 42.04 | F709: =+ABS(E709-D709) -> 0.004914
A710: 89000000000245054000450000474788 | C710: 710.66509 | D710: =+B710+C710 -> 710.66509 | E710: =+VLOOKUP(A710,Sheet3!A:B,2,FALSE) -> 710.67 | F710: =+ABS(E710-D710) -> 0.004914
A711: 89000000000240105000450000741124 | B711: 366.75509 | D711: =+B711+C711 -> 366.75509 | E711: =+VLOOKUP(A711,Sheet3!A:B,2,FALSE) -> 366.76 | F711: =+ABS(E711-D711) -> 0.004911
A712: 89000000008045381000530000678089 | B712: 727.03094 | C712: 617.56388 | D712: =+B712+C712 -> 1344.5948 | E712: =+VLOOKUP(A712,Sheet3!A:B,2,FALSE) -> 1344.59 | F712: =+ABS(E712-D712) -> 0.004816
A713: 89000000000224698000450000698852 | B713: 740.06521 | D713: =+B713+C713 -> 740.06521 | E713: =+VLOOKUP(A713,Sheet3!A:B,2,FALSE) -> 740.07 | F713: =+ABS(E713-D713) -> 0.004794
A714: 89000000000249691000450000476117 | B714: 1542.1052 | D714: =+B714+C714 -> 1542.1052 | E714: =+VLOOKUP(A714,Sheet3!A:B,2,FALSE) -> 1542.11 | F714: =+ABS(E714-D714) -> 0.00478
A715: 89000000000237168000450000599212 | B715: 182.95522 | D715: =+B715+C715 -> 182.95522 | E715: =+VLOOKUP(A715,Sheet3!A:B,2,FALSE) -> 182.96 | F715: =+ABS(E715-D715) -> 0.004776
A716: 89000000008047036000530000729521 | B716: 3312.2053 | D716: =+B716+C716 -> 3312.2053 | E716: =+VLOOKUP(A716,Sheet3!A:B,2,FALSE) -> 3312.21 | F716: =+ABS(E716-D716) -> 0.004744
A717: 89000000008047037000530000729521 | B717: 3312.2053 | D717: =+B717+C717 -> 3312.2053 | E717: =+VLOOKUP(A717,Sheet3!A:B,2,FALSE) -> 3312.21 | F717: =+ABS(E717-D717) -> 0.004744
A718: 89000000000242408000450000688572 | B718: 318.15537 | D718: =+B718+C718 -> 318.15537 | E718: =+VLOOKUP(A718,Sheet3!A:B,2,FALSE) -> 318.16 | F718: =+ABS(E718-D718) -> 0.004625
A719: 89000000000248786000450000774106 | B719: 2064.0254 | D719: =+B719+C719 -> 2064.0254 | E719: =+VLOOKUP(A719,Sheet3!A:B,2,FALSE) -> 2064.03 | F719: =+ABS(E719-D719) -> 0.004569
A720: 89000000000229361000450000470321 | B720: 191.53545 | D720: =+B720+C720 -> 191.53545 | E720: =+VLOOKUP(A720,Sheet3!A:B,2,FALSE) -> 191.54 | F720: =+ABS(E720-D720) -> 0.004547
A721: 89000000000238233000450000463964 | B721: 349.28452 | D721: =+B721+C721 -> 349.28452 | E721: =+VLOOKUP(A721,Sheet3!A:B,2,FALSE) -> 349.28 | F721: =+ABS(E721-D721) -> 0.004516
A722: 89000000000246302000420000105548 | B722: 39043.386 | D722: =+B722+C722 -> 39043.386 | E722: =+VLOOKUP(A722,Sheet3!A:B,2,FALSE) -> 39043.39 | F722: =+ABS(E722-D722) -> 0.00444
A723: 89000000000250178000420000748355 | B723: 37051.946 | D723: =+B723+C723 -> 37051.946 | E723: =+VLOOKUP(A723,Sheet3!A:B,2,FALSE) -> 37051.95 | F723: =+ABS(E723-D723) -> 0.004417
A724: 89000000000249097000450000640795 | C724: 636.35438 | D724: =+B724+C724 -> 636.35438 | E724: =+VLOOKUP(A724,Sheet3!A:B,2,FALSE) -> 636.35 | F724: =+ABS(E724-D724) -> 0.004376
A725: 89000000000225790000450000577934 | B725: 254.56566 | D725: =+B725+C725 -> 254.56566 | E725: =+VLOOKUP(A725,Sheet3!A:B,2,FALSE) -> 254.57 | F725: =+ABS(E725-D725) -> 0.004338
A726: 89000000000244789000450000323361 | B726: 541.42567 | D726: =+B726+C726 -> 541.42567 | E726: =+VLOOKUP(A726,Sheet3!A:B,2,FALSE) -> 541.43 | F726: =+ABS(E726-D726) -> 0.004333
A727: 89000000000250399000450000703859 | B727: 694.2646 | C727: 589.73108 | D727: =+B727+C727 -> 1283.9957 | E727: =+VLOOKUP(A727,Sheet3!A:B,2,FALSE) -> 1284 | F727: =+ABS(E727-D727) -> 0.004328
A728: 89000000000249647000420000664413 | B728: 46868.806 | D728: =+B728+C728 -> 46868.806 | E728: =+VLOOKUP(A728,Sheet3!A:B,2,FALSE) -> 46868.81 | F728: =+ABS(E728-D728) -> 0.004322
A729: 89000000000251599000450000474788 | C729: 499.06432 | D729: =+B729+C729 -> 499.06432 | E729: =+VLOOKUP(A729,Sheet3!A:B,2,FALSE) -> 499.06 | F729: =+ABS(E729-D729) -> 0.004316
A730: 89000000000251600000450000474788 | C730: 499.06432 | D730: =+B730+C730 -> 499.06432 | E730: =+VLOOKUP(A730,Sheet3!A:B,2,FALSE) -> 499.06 | F730: =+ABS(E730-D730) -> 0.004316
A731: 89000000000244924000450000480248 | B731: 951.02569 | D731: =+B731+C731 -> 951.02569 | E731: =+VLOOKUP(A731,Sheet3!A:B,2,FALSE) -> 951.03 | F731: =+ABS(E731-D731) -> 0.004314
A732: 89000000008044909000530000481291 | C732: 484.43575 | D732: =+B732+C732 -> 484.43575 | E732: =+VLOOKUP(A732,Sheet3!A:B,2,FALSE) -> 484.44 | F732: =+ABS(E732-D732) -> 0.004253
A733: 89000000000231540000450000577934 | B733: 634.78576 | D733: =+B733+C733 -> 634.78576 | E733: =+VLOOKUP(A733,Sheet3!A:B,2,FALSE) -> 634.79 | F733: =+ABS(E733-D733) -> 0.004237
A734: 89000000008043783000530000748671 | B734: 785.53585 | D734: =+B734+C734 -> 785.53585 | E734: =+VLOOKUP(A734,Sheet3!A:B,2,FALSE) -> 785.54 | F734: =+ABS(E734-D734) -> 0.004148
A735: 89000000008046033000530000763782 | B735: 2323.0759 | D735: =+B735+C735 -> 2323.0759 | E735: =+VLOOKUP(A735,Sheet3!A:B,2,FALSE) -> 2323.08 | F735: =+ABS(E735-D735) -> 0.004128
A736: 89000000000250480000450000470772 | B736: 1869.1441 | D736: =+B736+C736 -> 1869.1441 | E736: =+VLOOKUP(A736,Sheet3!A:B,2,FALSE) -> 1869.14 | F736: =+ABS(E736-D736) -> 0.004097
A737: 89000000008045944000530000760847 | B737: 2095.2459 | D737: =+B737+C737 -> 2095.2459 | E737: =+VLOOKUP(A737,Sheet3!A:B,2,FALSE) -> 2095.25 | F737: =+ABS(E737-D737) -> 0.004088
A738: 89000000000251773000450000779553 | C738: 743.73407 | D738: =+B738+C738 -> 743.73407 | E738: =+VLOOKUP(A738,Sheet3!A:B,2,FALSE) -> 743.73 | F738: =+ABS(E738-D738) -> 0.004068
A739: 89000000000251386000450000673843 | B739: 1750.936 | D739: =+B739+C739 -> 1750.936 | E739: =+VLOOKUP(A739,Sheet3!A:B,2,FALSE) -> 1750.94 | F739: =+ABS(E739-D739) -> 0.004037
A740: 89000000000251248000450000474024 | C740: 745.904 | D740: =+B740+C740 -> 745.904 | E740: =+VLOOKUP(A740,Sheet3!A:B,2,FALSE) -> 745.9 | F740: =+ABS(E740-D740) -> 0.004005
A741: 89000000005112287000510000766098 | B741: 1210.996 | D741: =+B741+C741 -> 1210.996 | E741: =+VLOOKUP(A741,Sheet3!A:B,2,FALSE) -> 1211 | F741: =+ABS(E741-D741) -> 0.003992
A742: 89000000000251015000450000768037 | B742: 1147.034 | D742: =+B742+C742 -> 1147.034 | E742: =+VLOOKUP(A742,Sheet3!A:B,2,FALSE) -> 1147.03 | F742: =+ABS(E742-D742) -> 0.003965
A743: 89000000000244926000450000764632 | B743: 883.35604 | D743: =+B743+C743 -> 883.35604 | E743: =+VLOOKUP(A743,Sheet3!A:B,2,FALSE) -> 883.36 | F743: =+ABS(E743-D743) -> 0.003963
A744: 89000000000249070000450000478372 | B744: 1739.694 | D744: =+B744+C744 -> 1739.694 | E744: =+VLOOKUP(A744,Sheet3!A:B,2,FALSE) -> 1739.69 | F744: =+ABS(E744-D744) -> 0.003961
A745: 89000000000239984000450000651716 | B745: 396.77608 | D745: =+B745+C745 -> 396.77608 | E745: =+VLOOKUP(A745,Sheet3!A:B,2,FALSE) -> 396.78 | F745: =+ABS(E745-D745) -> 0.003921
A746: 89000000008046130000530000737662 | B746: 2249.2761 | D746: =+B746+C746 -> 2249.2761 | E746: =+VLOOKUP(A746,Sheet3!A:B,2,FALSE) -> 2249.28 | F746: =+ABS(E746-D746) -> 0.003894
A747: 89000000000241565000420000481601 | B747: 28739.444 | D747: =+B747+C747 -> 28739.444 | E747: =+VLOOKUP(A747,Sheet3!A:B,2,FALSE) -> 28739.44 | F747: =+ABS(E747-D747) -> 0.003866
A748: 89000000000245559000450000764958 | B748: 1312.7363 | D748: =+B748+C748 -> 1312.7363 | E748: =+VLOOKUP(A748,Sheet3!A:B,2,FALSE) -> 1312.74 | F748: =+ABS(E748-D748) -> 0.003746
A749: 89000000005111681000510000753233 | B749: 769.87374 | D749: =+B749+C749 -> 769.87374 | E749: =+VLOOKUP(A749,Sheet3!A:B,2,FALSE) -> 769.87 | F749: =+ABS(E749-D749) -> 0.003741
A750: 89000000000249410000450000703703 | B750: 1642.0163 | D750: =+B750+C750 -> 1642.0163 | E750: =+VLOOKUP(A750,Sheet3!A:B,2,FALSE) -> 1642.02 | F750: =+ABS(E750-D750) -> 0.003723
...

Sheet Sheet3
A3: Row Labels | B3: Sum of GHG_FINANCED_EMISSIONS
A4: 89000000000213179000420000532622 | B4: 5511.8
A5: 89000000000216667000420000532622 | B5: 1862.75
A6: 89000000000220119000420000514177 | B6: 18908.75
A7: 89000000000220134000420000688408 | B7: 3757.91
A8: 89000000000220136000420000688408 | B8: 15639.8
A9: 89000000000220438000420000690115 | B9: 25621.69
A10: 89000000000220557000420000688408 | B10: 3880.34
A11: 89000000000220615000420000688408 | B11: 53274.4
A12: 89000000000220959000420000688408 | B12: 14672.6
A13: 89000000000221101000420000515640 | B13: 2207.98
A14: 89000000000221647000420000637589 | B14: 11023.05
A15: 89000000000221760000420000656779 | B15: 4024.33
... A952: Grand Total | B952: 28838525

Sheet Sheet1
A1: INSTRMNT_ID | B1: PRTCTN_ID | C1: TYP_VHCL | D1: DT_INCPTN | E1: IDCMB | F1: TYP_PRTCTN | G1: TYP_RLTN | H1: SCOPE_USED | I1: CALCULATION_APPROACH_LOC | J1: SOURCE_EMISSION_LOC | K1: DATA_QUALITY_SCORE_LOC | L1: GHG_FINANCED_EMISSIONS
A2: 89000000000213179000420000532622 | B2: M_0000_00000213179_000000000000001 | C2: VEH05 | D2: 2016-04-01 | E2: CONT1;HFS2;B01;MC02;PR0302;ACPF6;SC0303;STAG2;POCI2;SUBO2;DEFA2;FORB2;SSC4;PURP6;COLL4;TYVA01;FVAD3 | F2: 51 | G2: REL01 | H2: SCOPE_1 | I2: CAAP4 | J2: SOUR2 | K2: DQS4 | L2: 5511.8 | M2: =+SUMIF(A:A,A2,L:L) -> 5511.8
A3: 89000000000216667000420000532622 | B3: M_0000_00000216667_000000000000001 | C3: VEH16 | D3: 2016-12-15 | E3: CONT1;HFS2;B01;MC02;PR0302;ACPF6;SC0303;STAG2;POCI2;SUBO2;DEFA2;FORB2;SSC4;PURP6;COLL4;TYVA01;FVAD3 | F3: 51 | G3: REL01 | H3: SCOPE_1 | I3: CAAP4 | J3: SOUR2 | K3: DQS4 | L3: 1862.75 | M3: =+SUMIF(A:A,A3,L:L) -> 1862.75
A4: 89000000000220119000420000514177 | B4: M_0000_00000220119_000000000000003 | C4: VEH16 | D4: 2017-09-01 | E4: CONT1;HFS2;B01;MC02;PR0302;ACPF6;SC0303;STAG1;SUBO2;DEFA2;FORB2;SSC3;PURP6;COLL4;TYVA01;FVAD3 | F4: 51 | G4: REL01 | H4: SCOPE_1 | I4: CAAP4 | J4: SOUR2 | K4: DQS4 | L4: 3781.75 | M4: =+SUMIF(A:A,A4,L:L) -> 38306.46
A5: 89000000000220119000420000514177 | B5: M_0000_00000220119_000000000000007 | C5: VEH16 | D5: 2017-09-01 | E5: CONT1;HFS2;B01;MC02;PR0302;ACPF6;SC0303;STAG1;SUBO2;DEFA2;FORB2;SSC3;PURP6;COLL4;TYVA01;FVAD3 | F5: 51 | G5: REL01 | H5: SCOPE_1 | I5: CAAP4 | J5: SOUR2 | K5: DQS4 | L5: 3781.75 | M5: =+SUMIF(A:A,A5,L:L) -> 38306.46
A6: 89000000000220119000420000514177 | B6: M_0000_00000220119_000000000000001 | C6: VEH16 | D6: 2017-09-01 | E6: CONT1;HFS2;B01;MC02;PR0302;ACPF6;SC0303;STAG1;SUBO2;DEFA2;FORB2;SSC3;PURP6;COLL4;TYVA01;FVAD3 | F6: 51 | G6: REL01 | H6: SCOPE_1 | I6: CAAP4 | J6: SOUR2 | K6: DQS4 | L6: 3781.75 | M6: =+SUMIF(A:A,A6,L:L) -> 38306.46
A7: 89000000000220119000420000514177 | B7: M_0000_00000220119_000000000000009 | C7: VEH16 | D7: 2017-09-01 | E7: CONT1;HFS2;B01;MC02;PR0302;ACPF6;SC0303;STAG1;SUBO2;DEFA2;FORB2;SSC3;PURP6;COLL4;TYVA01;FVAD3 | F7: 51 | G7: REL01 | H7: SCOPE_1 | I7: CAAP4 | J7: SOUR2 | K7: DQS4 | L7: 3781.75 | M7: =+SUMIF(A:A,A7,L:L) -> 38306.46
A8: 89000000000220119000420000514177 | B8: M_0000_00000220119_000000000000005 | C8: VEH16 | D8: 2017-09-01 | E8: CONT1;HFS2;B01;MC02;PR0302;ACPF6;SC0303;STAG1;SUBO2;DEFA2;FORB2;SSC3;PURP6;COLL4;TYVA01;FVAD3 | F8: 51 | G8: REL01 | H8: SCOPE_1 | I8: CAAP4 | J8: SOUR2 | K8: DQS4 | L8: 3781.75 | M8: =+SUMIF(A:A,A8,L:L) -> 38306.46
A9: 89000000000220134000420000688408 | B9: M_0000_00000220134_000000000000001 | C9: VEH05 | D9: 2017-09-01 | E9: CONT1;HFS2;B01;MC02;PR0302;ACPF6;SC0303;STAG1;SUBO2;DEFA2;FORB2;SSC3;PURP6;COLL4;TYVA01;FVAD3 | F9: 51 | G9: REL01 | H9: SCOPE_1 | I9: CAAP4 | J9: SOUR2 | K9: DQS4 | L9: 3757.91 | M9: =+SUMIF(A:A,A9,L:L) -> 38306.46
A10: 89000000000220136000420000688408 | B10: M_0000_00000220136_000000000000013 | C10: VEH05 | D10: 2017-09-01 | E10: CONT1;HFS2;B01;MC02;PR0302;ACPF6;SC0303;STAG1;SUBO2;DEFA2;FORB2;SSC3;PURP6;COLL4;TYVA01;FVAD3 | F10: 51 | G10: REL01 | H10: SCOPE_1 | I10: CAAP4 | J10: SOUR2 | K10: DQS4 | L10: 3909.95 | M10: =+SUMIF(A:A,A10,L:L) -> 38306.46
A11: 89000000000220136000420000688408 | B11: M_0000_00000220136_000000000000005 | C11: VEH05 | D11: 2017-09-01 | E11: CONT1;HFS2;B01;MC02;PR0302;ACPF6;SC0303;STAG1;SUBO2;DEFA2;FORB2;SSC3;PURP6;COLL4;TYVA01;FVAD3 | F11: 51 | G11: REL01 | H11: SCOPE_1 | I11: CAAP4 | J11: SOUR2 | K11: DQS4 | L11: 3909.95 | M11: =+SUMIF(A:A,A11,L:L) -> 38306.46
A12: 89000000000220136000420000688408 | B12: M_0000_00000220136_000000000000001 | C12: VEH05 | D12: 2017-09-01 | E12: CONT1;HFS2;B01;MC02;PR0302;ACPF6;SC0303;STAG1;SUBO2;DEFA2;FORB2;SSC3;PURP6;COLL4;TYVA01;FVAD3 | F12: 51 | G12: REL01 | H12: SCOPE_1 | I12: CAAP4 | J12: SOUR2 | K12: DQS4 | L12: 3909.95 | M12: =+SUMIF(A:A,A12,L:L) -> 38306.46
A13: 89000000000220136000420000688408 | B13: M_0000_00000220136_000000000000009 | C13: VEH05 | D13: 2017-09-01 | E13: CONT1;HFS2;B01;MC02;PR0302;ACPF6;SC0303;STAG1;SUBO2;DEFA2;FORB2;SSC3;PURP6;COLL4;TYVA01;FVAD3 | F13: 51 | G13: REL01 | H13: SCOPE_1 | I13: CAAP4 | J13: SOUR2 | K13: DQS4 | L13: 3909.95 | M13: =+SUMIF(A:A,A13,L:L) -> 38306.46
... A1415: 89000000008047123000530000737662 | B1415: M_0000_00008047123_000000000000001 | C1415: VEH04 | D1415: 2025-06-27 | E1415: CONT1;HFS2;B01;MC02;PR0302;ACPF6;SC0303;STAG1;SUBO2;DEFA2;FORB2;SSC4;PURP6;COLL4;TYVA01;FVAD3 | F1415: 51 | G1415: REL01 | H1415: SCOPE_1 | I1415: CAAP4 | J1415: SOUR2 | K1415: DQS4 | L1415: 2590.92 | M1415: =+SUMIF(A:A,A1415,L:L) -> 2590.92

Sheet Sheet2
