Workbook
Name BM: #REF!
Name BM: #REF!
Name IQ_CH: 110000
Name IQ_CQ: 5000
Name IQ_CY: 10000
Name IQ_DAILY: 500000
Name IQ_FH: 100000
Name IQ_FQ: 500
Name IQ_FY: 1000
Name IQ_LTM: 2000
Name IQ_MONTH: 15000
Name IQ_NTM: 6000
Name IQ_WEEK: 50000
Name IQ_YTD: 3000

Sheet Comparativos granulares
B8: Métrica | C8: Casuística | D8: Montante
B9: Acute_changes | C9: Alteração da marcação de Acute changes | D9: 1.7667801e+08
B10: ACUT1 | C10: Antes era ACUT2 agora é ACUT1 | D10: 36330106
B11: ACUT2 | C11: Antes era ACUT1 agora é ACUT2 | D11: 1.403479e+08
B12: Chronic_changes | C12: Alteração da marcação de Chronic changes | D12: 2.3467663e+09
B13: CHRO1 | C13: Antes era CHRO2 agora é CHRO1 | D13: 3.9024938e+08
B14: CHRO2 | C14: Antes era CHRO1 agora é CHRO2 | D14: 1.9565169e+09
B15: Cod_nace_esg

Sheet Variação Absoluta
C8: Exposição | F8: <= 5 anos | I8: > 5 anos & <= 10 anos | L8: > 10 anos & <= 20 anos | O8: > 20 anos | R8: Average weighted maturity | U8: of which exposures sensitive to impact from chronic climate change events | X8: of which exposures sensitive to impact from acute climate change events | AA8: of which exposures sensitive to impact both from chronic and acute climate change events | AD8: Stage 2 | AG8: Non-Performing | AJ8: Accumulated impairment | AM8: Accumulated impairment Stage 2 | AP8: Accumulated impairment Non-Performing
B9: NACEs | C9: 45627 | D9: 45778 | E9: ∆ | F9: 45627 | G9: 45778 | H9: ∆ | I9: 45627 | J9: 45778 | K9: ∆ | L9: 45627 | M9: 45778 | N9: ∆ | O9: 45627 | P9: 45778 | Q9: ∆ | R9: 45627 | S9: 45778 | T9: ∆ | U9: 45627 | V9: 45778 | W9: ∆ | X9: 45627 | Y9: 45778 | Z9: ∆ | AA9: 45627 | AB9: 45778 | AC9: ∆ | AD9: 45627 | AE9: 45778 | AF9: ∆ | AG9: 45627 | AH9: 45778 | AI9: ∆ | AJ9: 45627 | AK9: 45778 | AL9: ∆ | AM9: 45627 | AN9: 45778 | AO9: ∆ | AP9: 45627 | AQ9: 45778 | AR9: ∆
B10: A - Agriculture, forestry and fishing | C10: =+'Dez24'!D15 -> 331.59961 | D10: =Paralelo!D15 -> 331.59963 | E10: =D10-C10 -> 1.8e-05 | F10: ='Dez24'!E15 -> 155.16153 | G10: =Paralelo!E15 -> 18.782904 | H10: =G10-F10 -> -136.37863 | I10: ='Dez24'!F15 -> 24.189874 | J10: =Paralelo!F15 -> 29.995382 | K10: =J10-I10 -> 5.805508 | L10: ='Dez24'!G15 -> 4.6835 | M10: =Paralelo!G15 -> 51.553634 | N10: =M10-L10 -> 46.870134 | O10: ='Dez24'!H15 -> 0 | P10: =Paralelo!H15 -> 0 | Q10: =P10-O10 -> 0 | R10: ='Dez24'!I15 -> 4 | S10: =Paralelo!I15 -> 10 | T10: =S10-R10 -> 6 | U10: ='Dez24'!J15 -> 177.51476 | V10: =Paralelo!J15 -> 99.654562 | W10: =V10-U10 -> -77.860195 | X10: ='Dez24'!K15 -> 0.102603 | Y10: =Paralelo!K15 -> 0 | Z10: =Y10-X10 -> -0.102603 | AA10: ='Dez24'!L15 -> 6.417547 | AB10: =Paralelo!L15 -> 0.677358 | AC10: =AB10-AA10 -> -5.740189 | AD10: ='Dez24'!M15 -> 25.000009 | AE10: =Paralelo!M15 -> 4.365008 | AF10: =AE10-AD10 -> -20.635001 | AG10: ='Dez24'!N15 -> 22.63617 | AH10: =Paralelo!N15 -> 1.016776 | AI10: =AH10-AG10 -> -21.619394 | AJ10: ='Dez24'!O15 -> -4.792709 | AK10: =Paralelo!O15 -> -0.682464 | AL10: =AK10-AJ10 -> 4.110245 | AM10: ='Dez24'!P15 -> -1.257683 | AN10: =Paralelo!P15 -> -0.21757 | AO10: =AN10-AM10 -> 1.040113 | AP10: ='Dez24'!Q15 -> -3.022079 | AQ10: =Paralelo!Q15 -> -0.314496 | AR10: =AQ10-AP10 -> 2.707583
B11: B - Mining and quarrying | C11: =+'Dez24'!D16 -> 14.172371 | D11: =Paralelo!D16 -> 14.172405 | E11: =D11-C11 -> 3.4e-05 | F11: ='Dez24'!E16 -> 11.577542 | G11: =Paralelo!E16 -> 0.779742 | H11: =G11-F11 -> -10.7978 | I11: ='Dez24'!F16 -> 0.523647 | J11: =Paralelo!F16 -> 0.576054 | K11: =J11-I11 -> 0.052407 | L11: ='Dez24'!G16 -> 0 | M11: =Paralelo!G16 -> 0 | N11: =M11-L11 -> 0 | O11: ='Dez24'!H16 -> 0 | P11: =Paralelo!H16 -> 0 | Q11: =P11-O11 -> 0 | R11: ='Dez24'!I16 -> 3 | S11: =Paralelo!I16 -> 4 | T11: =S11-R11 -> 1 | U11: ='Dez24'!J16 -> 12.101189 | V11: =Paralelo!J16 -> 1.355796 | W11: =V11-U11 -> -10.745393 | X11: ='Dez24'!K16 -> 0 | Y11: =Paralelo!K16 -> 0 | Z11: =Y11-X11 -> 0 | AA11: ='Dez24'!L16 -> 0 | AB11: =Paralelo!L16 -> 0 | AC11: =AB11-AA11 -> 0 | AD11: ='Dez24'!M16 -> 1.928225 | AE11: =Paralelo!M16 -> 1e-06 | AF11: =AE11-AD11 -> -1.928224 | AG11: ='Dez24'!N16 -> 1.592464 | AH11: =Paralelo!N16 -> 0.770197 | AI11: =AH11-AG11 -> -0.822267 | AJ11: ='Dez24'!O16 -> -1.200414 | AK11: =Paralelo!O16 -> -0.199802 | AL11: =AK11-AJ11 -> 1.000612 | AM11: ='Dez24'!P16 -> -0.101775 | AN11: =Paralelo!P16 -> 0 | AO11: =AN11-AM11 -> 0.101775 | AP11: ='Dez24'!Q16 -> -1.068163 | AQ11: =Paralelo!Q16 -> -0.198244 | AR11: =AQ11-AP11 -> 0.869919
B12: C - Manufacturing | C12: =+'Dez24'!D17 -> 2226.1042 | D12: =Paralelo!D17 -> 2088.251 | E12: =D12-C12 -> -137.85327 | F12: ='Dez24'!E17 -> 1042.5748 | G12: =Paralelo!E17 -> 21.799777 | H12: =G12-F12 -> -1020.775 | I12: ='Dez24'!F17 -> 44.035377 | J12: =Paralelo!F17 -> 38.473026 | K12: =J12-I12 -> -5.562351 | L12: ='Dez24'!G17 -> 15.754056 | M12: =Paralelo!G17 -> 18.556921 | N12: =M12-L12 -> 2.802865 | O12: ='Dez24'!H17 -> 0 | P12: =Paralelo!H17 -> 0 | Q12: =P12-O12 -> 0 | R12: ='Dez24'!I17 -> 3 | S12: =Paralelo!I17 -> 8 | T12: =S12-R12 -> 5 | U12: ='Dez24'!J17 -> 1080.7707 | V12: =Paralelo!J17 -> 74.579848 | W12: =V12-U12 -> -1006.1908 | X12: ='Dez24'!K17 -> 5.770381 | Y12: =Paralelo!K17 -> 1.593667 | Z12: =Y12-X12 -> -4.176714 | AA12: ='Dez24'!L17 -> 15.823189 | AB12: =Paralelo!L17 -> 2.656209 | AC12: =AB12-AA12 -> -13.16698 | AD12: ='Dez24'!M17 -> 129.84301 | AE12: =Paralelo!M17 -> 13.923206 | AF12: =AE12-AD12 -> -115.9198 | AG12: ='Dez24'!N17 -> 36.092693 | AH12: =Paralelo!N17 -> 5.435658 | AI12: =AH12-AG12 -> -30.657035 | AJ12: ='Dez24'!O17 -> -34.118223 | AK12: =Paralelo!O17 -> -3.729386 | AL12: =AK12-AJ12 -> 30.388837 | AM12: ='Dez24'!P17 -> -6.328334 | AN12: =Paralelo!P17 -> -0.746707 | AO12: =AN12-AM12 -> 5.581627 | AP12: ='Dez24'!Q17 -> -24.740666 | AQ12: =Paralelo!Q17 -> -2.842466 | AR12: =AQ12-AP12 -> 21.8982
B13: D - Electricity, gas, steam and air conditioning supply | C13: =+'Dez24'!D18 -> 526.82284 | D13: =Paralelo!D18 -> 656.07861 | E13: =D13-C13 -> 129.25577 | F13: ='Dez24'!E18 -> 277.05862 | G13: =Paralelo!E18 -> 0.842497 | H13: =G13-F13 -> -276.21612 | I13: ='Dez24'!F18 -> 139.37534 | J13: =Paralelo!F18 -> 0 | K13: =J13-I13 -> -139.37534 | L13: ='Dez24'!G18 -> 34.989387 | M13: =Paralelo!G18 -> 0 | N13: =M13-L13 -> -34.989387 | O13: ='Dez24'!H18 -> 0 | P13: =Paralelo!H18 -> 0 | Q13: =P13-O13 -> 0 | R13: ='Dez24'!I18 -> 4 | S13: =Paralelo!I18 -> 4 | T13: =S13-R13 -> 0 | U13: ='Dez24'!J18 -> 406.41288 | V13: =Paralelo!J18 -> 0 | W13: =V13-U13 -> -406.41288 | X13: ='Dez24'!K18 -> 45.010469 | Y13: =Paralelo!K18 -> 0.842497 | Z13: =Y13-X13 -> -44.167972 | AA13: ='Dez24'!L18 -> 0 | AB13: =Paralelo!L18 -> 0 | AC13: =AB13-AA13 -> 0 | AD13: ='Dez24'!M18 -> 0.5549 | AE13: =Paralelo!M18 -> 0 | AF13: =AE13-AD13 -> -0.5549 | AG13: ='Dez24'!N18 -> 0.004725 | AH13: =Paralelo!N18 -> 0 | AI13: =AH13-AG13 -> -0.004725 | AJ13: ='Dez24'!O18 -> -0.329821 | AK13: =Paralelo!O18 -> -0.005313 | AL13: =AK13-AJ13 -> 0.324508 | AM13: ='Dez24'!P18 -> -0.044111 | AN13: =Paralelo!P18 -> 0 | AO13: =AN13-AM13 -> 0.044111 | AP13: ='Dez24'!Q18 -> -0.003712 | AQ13: =Paralelo!Q18 -> 0 | AR13: =AQ13-AP13 -> 0.003712
B14: E - Water supply; sewerage, waste management and remediation activities | C14: =+'Dez24'!D19 -> 33.931312 | D14: =Paralelo!D19 -> 33.931317 | E14: =D14-C14 -> 5e-06 | F14: ='Dez24'!E19 -> 0.5097 | G14: =Paralelo!E19 -> 0 | H14: =G14-F14 -> -0.5097 | I14: ='Dez24'!F19 -> 0 | J14: =Paralelo!F19 -> 0 | K14: =J14-I14 -> 0 | L14: ='Dez24'!G19 -> 0 | M14: =Paralelo!G19 -> 0 | N14: =M14-L14 -> 0 | O14: ='Dez24'!H19 -> 0 | P14: =Paralelo!H19 -> 0 | Q14: =P14-O14 -> 0 | R14: ='Dez24'!I19 -> 4 | S14: =Paralelo!I19 -> 0 | T14: =S14-R14 -> -4 | U14: ='Dez24'!J19 -> 0 | V14: =Paralelo!J19 -> 0 | W14: =V14-U14 -> 0 | X14: ='Dez24'!K19 -> 0.5097 | Y14: =Paralelo!K19 -> 0 | Z14: =Y14-X14 -> -0.5097 | AA14: ='Dez24'!L19 -> 0 | AB14: =Paralelo!L19 -> 0 | AC14: =AB14-AA14 -> 0 | AD14: ='Dez24'!M19 -> 0.258445 | AE14: =Paralelo!M19 -> 0 | AF14: =AE14-AD14 -> -0.258445 | AG14: ='Dez24'!N19 -> 0 | AH14: =Paralelo!N19 -> 0 | AI14: =AH14-AG14 -> 0 | AJ14: ='Dez24'!O19 -> -0.012884 | AK14: =Paralelo!O19 -> 0 | AL14: =AK14-AJ14 -> 0.012884 | AM14: ='Dez24'!P19 -> -0.011192 | AN14: =Paralelo!P19 -> 0 | AO14: =AN14-AM14 -> 0.011192 | AP14: ='Dez24'!Q19 -> 0 | AQ14: =Paralelo!Q19 -> 0 | AR14: =AQ14-AP14 -> 0
B15: F - Construction | C15: =+'Dez24'!D20 -> 1044.2533 | D15: =Paralelo!D20 -> 969.68562 | E15: =D15-C15 -> -74.567663 | F15: ='Dez24'!E20 -> 40.05545 | G15: =Paralelo!E20 -> 4.243803 | H15: =G15-F15 -> -35.811647 | I15: ='Dez24'!F20 -> 0.443097 | J15: =Paralelo!F20 -> 1.741893 | K15: =J15-I15 -> 1.298796 | L15: ='Dez24'!G20 -> 0.18199 | M15: =Paralelo!G20 -> 0.466175 | N15: =M15-L15 -> 0.284185 | O15: ='Dez24'!H20 -> 0 | P15: =Paralelo!H20 -> 0 | Q15: =P15-O15 -> 0 | R15: ='Dez24'!I20 -> 3 | S15: =Paralelo!I20 -> 6 | T15: =S15-R15 -> 3 | U15: ='Dez24'!J20 -> 15.442708 | V15: =Paralelo!J20 -> 1.969824 | W15: =V15-U15 -> -13.472884 | X15: ='Dez24'!K20 -> 6.600601 | Y15: =Paralelo!K20 -> 3.573172 | Z15: =Y15-X15 -> -3.027429 | AA15: ='Dez24'!L20 -> 18.637228 | AB15: =Paralelo!L20 -> 0.908875 | AC15: =AB15-AA15 -> -17.728353 | AD15: ='Dez24'!M20 -> 6.847349 | AE15: =Paralelo!M20 -> 1.26474 | AF15: =AE15-AD15 -> -5.582609 | AG15: ='Dez24'!N20 -> 6.477465 | AH15: =Paralelo!N20 -> 2.466246 | AI15: =AH15-AG15 -> -4.011219 | AJ15: ='Dez24'!O20 -> -2.986251 | AK15: =Paralelo!O20 -> -2.49776 | AL15: =AK15-AJ15 -> 0.488491 | AM15: ='Dez24'!P20 -> -0.533823 | AN15: =Paralelo!P20 -> -0.03901 | AO15: =AN15-AM15 -> 0.494813 | AP15: ='Dez24'!Q20 -> -2.330677 | AQ15: =Paralelo!Q20 -> -2.453726 | AR15: =AQ15-AP15 -> -0.123049
B16: G - Wholesale and retail trade; repair of motor vehicles and motorcycles | C16: =+'Dez24'!D21 -> 2070.2229 | D16: =Paralelo!D21 -> 2070.1122 | E16: =D16-C16 -> -0.110666 | F16: ='Dez24'!E21 -> 257.4397 | G16: =Paralelo!E21 -> 3.987269 | H16: =G16-F16 -> -253.45243 | I16: ='Dez24'!F21 -> 13.605419 | J16: =Paralelo!F21 -> 6.511786 | K16: =J16-I16 -> -7.093633 | L16: ='Dez24'!G21 -> 0.401011 | M16: =Paralelo!G21 -> 3.410179 | N16: =M16-L16 -> 3.009168 | O16: ='Dez24'!H21 -> 0 | P16: =Paralelo!H21 -> 0 | Q16: =P16-O16 -> 0 | R16: ='Dez24'!I21 -> 3 | S16: =Paralelo!I21 -> 8 | T16: =S16-R16 -> 5 | U16: ='Dez24'!J21 -> 267.75639 | V16: =Paralelo!J21 -> 12.534431 | W16: =V16-U16 -> -255.22196 | X16: ='Dez24'!K21 -> 3.689738 | Y16: =Paralelo!K21 -> 1.374803 | Z16: =Y16-X16 -> -2.314935 | AA16: ='Dez24'!L21 -> 0 | AB16: =Paralelo!L21 -> 0 | AC16: =AB16-AA16 -> 0 | AD16: ='Dez24'!M21 -> 26.927718 | AE16: =Paralelo!M21 -> 2.342851 | AF16: =AE16-AD16 -> -24.584867 | AG16: ='Dez24'!N21 -> 4.88179 | AH16: =Paralelo!N21 -> 0.477171 | AI16: =AH16-AG16 -> -4.404619 | AJ16: ='Dez24'!O21 -> -4.790822 | AK16: =Paralelo!O21 -> -0.535255 | AL16: =AK16-AJ16 -> 4.255567 | AM16: ='Dez24'!P21 -> -1.520948 | AN16: =Paralelo!P21 -> -0.070458 | AO16: =AN16-AM16 -> 1.45049 | AP16: ='Dez24'!Q21 -> -2.776656 | AQ16: =Paralelo!Q21 -> -0.443389 | AR16: =AQ16-AP16 -> 2.333267
B17: H - Transportation and storage | C17: =+'Dez24'!D22 -> 721.84643 | D17: =Paralelo!D22 -> 759.80559 | E17: =D17-C17 -> 37.959162 | F17: ='Dez24'!E22 -> 44.182478 | G17: =Paralelo!E22 -> 0.028513 | H17: =G17-F17 -> -44.153965 | I17: ='Dez24'!F22 -> 0.010499 | J17: =Paralelo!F22 -> 0.074909 | K17: =J17-I17 -> 0.06441 | L17: ='Dez24'!G22 -> 4.551308 | M17: =Paralelo!G22 -> 0 | N17: =M17-L17 -> -4.551308 | O17: ='Dez24'!H22 -> 0 | P17: =Paralelo!H22 -> 0 | Q17: =P17-O17 -> 0 | R17: ='Dez24'!I22 -> 4 | S17: =Paralelo!I22 -> 6 | T17: =S17-R17 -> 2 | U17: ='Dez24'!J22 -> 2.609602 | V17: =Paralelo!J22 -> 0 | W17: =V17-U17 -> -2.609602 | X17: ='Dez24'!K22 -> 46.134683 | Y17: =Paralelo!K22 -> 0.103422 | Z17: =Y17-X17 -> -46.031261 | AA17: ='Dez24'!L22 -> 0 | AB17: =Paralelo!L22 -> 0 | AC17: =AB17-AA17 -> 0 | AD17: ='Dez24'!M22 -> 4.861282 | AE17: =Paralelo!M22 -> 0 | AF17: =AE17-AD17 -> -4.861282 | AG17: ='Dez24'!N22 -> 0.449504 | AH17: =Paralelo!N22 -> 0 | AI17: =AH17-AG17 -> -0.449504 | AJ17: ='Dez24'!O22 -> -1.198803 | AK17: =Paralelo!O22 -> -0.000152 | AL17: =AK17-AJ17 -> 1.198651 | AM17: ='Dez24'!P22 -> -0.689855 | AN17: =Paralelo!P22 -> 0 | AO17: =AN17-AM17 -> 0.689855 | AP17: ='Dez24'!Q22 -> -0.262107 | AQ17: =Paralelo!Q22 -> 0 | AR17: =AQ17-AP17 -> 0.262107
B18: L - Real estate activities | C18: =+'Dez24'!D23 -> 1116.2909 | D18: =Paralelo!D23 -> 1251.045 | E18: =D18-C18 -> 134.75409 | F18: ='Dez24'!E23 -> 2.001879 | G18: =Paralelo!E23 -> 15.361595 | H18: =G18-F18 -> 13.359716 | I18: ='Dez24'!F23 -> 2.079564 | J18: =Paralelo!F23 -> 2.146628 | K18: =J18-I18 -> 0.067064 | L18: ='Dez24'!G23 -> 0.143384 | M18: =Paralelo!G23 -> 0.143384 | N18: =M18-L18 -> 0 | O18: ='Dez24'!H23 -> 0 | P18: =Paralelo!H23 -> 0 | Q18: =P18-O18 -> 0 | R18: ='Dez24'!I23 -> 7 | S18: =Paralelo!I23 -> 5 | T18: =S18-R18 -> -2 | U18: ='Dez24'!J23 -> 0 | V18: =Paralelo!J23 -> 0 | W18: =V18-U18 -> 0 | X18: ='Dez24'!K23 -> 4.224827 | Y18: =Paralelo!K23 -> 17.651607 | Z18: =Y18-X18 -> 13.42678 | AA18: ='Dez24'!L23 -> 0 | AB18: =Paralelo!L23 -> 0 | AC18: =AB18-AA18 -> 0 | AD18: ='Dez24'!M23 -> 0.40316 | AE18: =Paralelo!M23 -> 0.067063 | AF18: =AE18-AD18 -> -0.336097 | AG18: ='Dez24'!N23 -> 0.565597 | AH18: =Paralelo!N23 -> 12.449708 | AI18: =AH18-AG18 -> 11.884111 | AJ18: ='Dez24'!O23 -> -0.517349 | AK18: =Paralelo!O23 -> -12.416869 | AL18: =AK18-AJ18 -> -11.89952 | AM18: ='Dez24'!P23 -> -0.004077 | AN18: =Paralelo!P23 -> -0.008592 | AO18: =AN18-AM18 -> -0.004515 | AP18: ='Dez24'!Q23 -> -0.504789 | AQ18: =Paralelo!Q23 -> -12.400323 | AR18: =AQ18-AP18 -> -11.895534
B19: Loans collateralised by residential immovable property | C19: =+'Dez24'!D24 -> 23291.747 | D19: =Paralelo!D24 -> 23291.747 | E19: =D19-C19 -> 0.000307 | F19: ='Dez24'!E24 -> 3.48646 | G19: =Paralelo!E24 -> 6.052976 | H19: =G19-F19 -> 2.566516 | I19: ='Dez24'!F24 -> 12.663439 | J19: =Paralelo!F24 -> 18.426415 | K19: =J19-I19 -> 5.762976 | L19: ='Dez24'!G24 -> 43.480873 | M19: =Paralelo!G24 -> 61.651435 | N19: =M19-L19 -> 18.170562 | O19: ='Dez24'!H24 -> 268.86395 | P19: =Paralelo!H24 -> 324.73496 | Q19: =P19-O19 -> 55.871004 | R19: ='Dez24'!I24 -> 28 | S19: =Paralelo!I24 -> 27 | T19: =S19-R19 -> -1 | U19: ='Dez24'!J24 -> 0 | V19: =Paralelo!J24 -> 65.2391 | W19: =V19-U19 -> 65.2391 | X19: ='Dez24'!K24 -> 328.49473 | Y19: =Paralelo!K24 -> 337.67818 | Z19: =Y19-X19 -> 9.183459 | AA19: ='Dez24'!L24 -> 0 | AB19: =Paralelo!L24 -> 7.948499 | AC19: =AB19-AA19 -> 7.948499 | AD19: ='Dez24'!M24 -> 24.062124 | AE19: =Paralelo!M24 -> 36.087415 | AF19: =AE19-AD19 -> 12.025291 | AG19: ='Dez24'!N24 -> 3.932683 | AH19: =Paralelo!N24 -> 6.368013 | AI19: =AH19-AG19 -> 2.43533 | AJ19: ='Dez24'!O24 -> -2.08414 | AK19: =Paralelo!O24 -> -3.305494 | AL19: =AK19-AJ19 -> -1.221354 | AM19: ='Dez24'!P24 -> -0.775134 | AN19: =Paralelo!P24 -> -1.076484 | AO19: =AN19-AM19 -> -0.30135 | AP19: ='Dez24'!Q24 -> -1.151627 | AQ19: =Paralelo!Q24 -> -2.021061 | AR19: =AQ19-AP19 -> -0.869434
B20: Loans collateralised by commercial immovable property | C20: =+'Dez24'!D25 -> 3579.2866 | D20: =Paralelo!D25 -> 3579.2886 | E20: =D20-C20 -> 0.002035 | F20: ='Dez24'!E25 -> 4.062157 | G20: =Paralelo!E25 -> 67.448936 | H20: =G20-F20 -> 63.386779 | I20: ='Dez24'!F25 -> 9.97401 | J20: =Paralelo!F25 -> 89.152346 | K20: =J20-I20 -> 79.178336 | L20: ='Dez24'!G25 -> 4.549703 | M20: =Paralelo!G25 -> 81.47398 | N20: =M20-L20 -> 76.924277 | O20: ='Dez24'!H25 -> 0.082302 | P20: =Paralelo!H25 -> 0.082302 | Q20: =P20-O20 -> 0 | R20: ='Dez24'!I25 -> 9 | S20: =Paralelo!I25 -> 9 | T20: =S20-R20 -> 0 | U20: ='Dez24'!J25 -> 0 | V20: =Paralelo!J25 -> 195.02356 | W20: =V20-U20 -> 195.02356 | X20: ='Dez24'!K25 -> 18.668172 | Y20: =Paralelo!K25 -> 38.848985 | Z20: =Y20-X20 -> 20.180813 | AA20: ='Dez24'!L25 -> 0 | AB20: =Paralelo!L25 -> 4.285023 | AC20: =AB20-AA20 -> 4.285023 | AD20: ='Dez24'!M25 -> 0.285193 | AE20: =Paralelo!M25 -> 22.77949 | AF20: =AE20-AD20 -> 22.494297 | AG20: ='Dez24'!N25 -> 0.590559 | AH20: =Paralelo!N25 -> 22.656877 | AI20: =AH20-AG20 -> 22.066318 | AJ20: ='Dez24'!O25 -> -0.562083 | AK20: =Paralelo!O25 -> -20.159057 | AL20: =AK20-AJ20 -> -19.596974 | AM20: ='Dez24'!P25 -> -0.013804 | AN20: =Paralelo!P25 -> -1.123027 | AO20: =AN20-AM20 -> -1.109223 | AP20: ='Dez24'!Q25 -> -0.512291 | AQ20: =Paralelo!Q25 -> -18.672039 | AR20: =AQ20-AP20 -> -18.159748
B21: Repossessed colalterals | C21: =+'Dez24'!D26 -> 48.45157 | D21: =Paralelo!D26 -> 0 | E21: =D21-C21 -> -48.45157 | F21: ='Dez24'!E26 -> 0 | G21: =Paralelo!E26 -> 0 | H21: =G21-F21 -> 0 | I21: ='Dez24'!F26 -> 0 | J21: =Paralelo!F26 -> 0 | K21: =J21-I21 -> 0 | L21: ='Dez24'!G26 -> 0 | M21: =Paralelo!G26 -> 0 | N21: =M21-L21 -> 0 | O21: ='Dez24'!H26 -> 0 | P21: =Paralelo!H26 -> 0 | Q21: =P21-O21 -> 0 | R21: ='Dez24'!I26 -> 0 | S21: =Paralelo!I26 -> 0 | T21: =S21-R21 -> 0 | U21: ='Dez24'!J26 -> 0 | V21: =Paralelo!J26 -> 0 | W21: =V21-U21 -> 0 | X21: ='Dez24'!K26 -> 0 | Y21: =Paralelo!K26 -> 0 | Z21: =Y21-X21 -> 0 | AA21: ='Dez24'!L26 -> 0 | AB21: =Paralelo!L26 -> 0 | AC21: =AB21-AA21 -> 0 | AD21: ='Dez24'!M26 -> 0 | AE21: =Paralelo!M26 -> 0 | AF21: =AE21-AD21 -> 0 | AG21: ='Dez24'!N26 -> 0 | AH21: =Paralelo!N26 -> 0 | AI21: =AH21-AG21 -> 0 | AJ21: ='Dez24'!O26 -> 0 | AK21: =Paralelo!O26 -> 0 | AL21: =AK21-AJ21 -> 0 | AM21: ='Dez24'!P26 -> 0 | AN21: =Paralelo!P26 -> 0 | AO21: =AN21-AM21 -> 0 | AP21: ='Dez24'!Q26 -> 0 | AQ21: =Paralelo!Q26 -> 0 | AR21: =AQ21-AP21 -> 0
... B24: Exposures to other sectors (NACE codes J, M - U) | C24: =+'Dez24'!D29 -> 3007.7491 | D24: =Paralelo!D29 -> 2828.6278 | E24: =D24-C24 -> -179.1213 | F24: ='Dez24'!E29 -> 0.081797 | G24: =Paralelo!E29 -> 0.081797 | H24: =G24-F24 -> 0 | I24: ='Dez24'!F29 -> 0.268021 | J24: =Paralelo!F29 -> 0.268021 | K24: =J24-I24 -> 0 | L24: ='Dez24'!G29 -> 0.267898 | M24: =Paralelo!G29 -> 0.267898 | N24: =M24-L24 -> 0 | O24: ='Dez24'!H29 -> 0 | P24: =Paralelo!H29 -> 0 | Q24: =P24-O24 -> 0 | R24: ='Dez24'!I29 -> 9.2468708 | S24: =Paralelo!I29 -> 9.2468708 | T24: =S24-R24 -> 0 | U24: ='Dez24'!J29 -> 0 | V24: =Paralelo!J29 -> 0 | W24: =V24-U24 -> 0 | X24: ='Dez24'!K29 -> 0.617716 | Y24: =Paralelo!K29 -> 0.617716 | Z24: =Y24-X24 -> 0 | AA24: ='Dez24'!L29 -> 0 | AB24: =Paralelo!L29 -> 0 | AC24: =AB24-AA24 -> 0 | AD24: ='Dez24'!M29 -> 0.068651 | AE24: =Paralelo!M29 -> 0.068651 | AF24: =AE24-AD24 -> 0 | AG24: ='Dez24'!N29 -> 0 | AH24: =Paralelo!N29 -> 0 | AI24: =AH24-AG24 -> 0 | AJ24: ='Dez24'!O29 -> -0.002884 | AK24: =Paralelo!O29 -> -0.002884 | AL24: =AK24-AJ24 -> 0 | AM24: ='Dez24'!P29 -> -0.002291 | AN24: =Paralelo!P29 -> -0.002291 | AO24: =AN24-AM24 -> 0 | AP24: ='Dez24'!Q29 -> 0 | AQ24: =Paralelo!Q29 -> 0 | AR24: =AQ24-AP24 -> 0
B25: TOTAL | C25: =+SUM(C10:C24) -> 39209.311 | D25: =+SUM(D10:D24) -> 39160.779 | E25: =+SUM(E10:E24) -> -48.532586 | F25: =+SUM(F10:F24) -> 1838.4142 | G25: =+SUM(G10:G24) -> 139.63193 | H25: =G25-F25 -> -1698.7823 | I25: =+SUM(I10:I24) -> 253.68091 | J25: =+SUM(J10:J24) -> 193.87908 | K25: =J25-I25 -> -59.801831 | L25: =+SUM(L10:L24) -> 109.70791 | M25: =+SUM(M10:M24) -> 218.22841 | N25: =M25-L25 -> 108.5205 | O25: =+SUM(O10:O24) -> 268.94626 | P25: =+SUM(P10:P24) -> 324.81726 | Q25: =P25-O25 -> 55.871004 | U25: =+SUM(U10:U24) -> 1962.6082 | V25: =+SUM(V10:V24) -> 450.35712 | W25: =V25-U25 -> -1512.2511 | X25: =+SUM(X10:X24) -> 467.26315 | Y25: =+SUM(Y10:Y24) -> 409.72359 | Z25: =Y25-X25 -> -57.539561 | AA25: =+SUM(AA10:AA24) -> 40.877964 | AB25: =+SUM(AB10:AB24) -> 16.475964 | AC25: =AB25-AA25 -> -24.402 | AD25: =+SUM(AD10:AD24) -> 221.04007 | AE25: =+SUM(AE10:AE24) -> 80.898425 | AF25: =AE25-AD25 -> -140.14164 | AG25: =+SUM(AG10:AG24) -> 77.254234 | AH25: =+SUM(AH10:AH24) -> 51.67123 | AI25: =AH25-AG25 -> -25.583004 | AJ25: =+SUM(AJ10:AJ24) -> -52.623832 | AK25: =+SUM(AK10:AK24) -> -43.561885 | AL25: =AK25-AJ25 -> 9.061947 | AM25: =+SUM(AM10:AM24) -> -11.283027 | AN25: =+SUM(AN10:AN24) -> -3.284139 | AO25: =AN25-AM25 -> 7.998888 | AP25: =+SUM(AP10:AP24) -> -36.386181 | AQ25: =+SUM(AQ10:AQ24) -> -39.359158 | AR25: =AQ25-AP25 -> -2.972977

Sheet Variação Percentual (pp)
C8: Exposição | H8: of which exposures sensitive to impact from chronic climate change events | M8: of which exposures sensitive to impact from acute climate change events | R8: of which exposures sensitive to impact both from chronic and acute climate change events | W8: Stage 2 | AB8: Non-Performing | AG8: Accumulated impairment | AL8: Accumulated impairment Stage 2 | AQ8: Accumulated impairment Non-Performing
B9: NACEs | C9: 45627 | D9: peso dez/24 | E9: 45778 | F9: peso mai/25 | G9: ∆ (pp) | H9: 45627 | I9: peso dez/24 | J9: 45778 | K9: peso mai/25 | L9: ∆ (pp) | M9: 45627 | N9: peso dez/24 | O9: 45778 | P9: peso mai/25 | Q9: ∆ (pp) | R9: 45627 | S9: peso dez/24 | T9: 45778 | U9: peso mai/25 | V9: ∆ (pp) | W9: 45627 | X9: peso dez/24 | Y9: 45778 | Z9: peso mai/25 | AA9: ∆ (pp) | AB9: 45627 | AC9: peso dez/24 | AD9: 45778 | AE9: peso mai/25 | AF9: ∆ (pp) | AG9: 45627 | AH9: peso dez/24 | AI9: 45778 | AJ9: peso mai/25 | AK9: ∆ (pp) | AL9: 45627 | AM9: peso dez/24 | AN9: 45778 | AO9: peso mai/25 | AP9: ∆ (pp) | AQ9: 45627 | AR9: peso dez/24 | AS9: 45778 | AT9: peso mai/25 | AU9: ∆ (pp)
B10: A - Agriculture, forestry and fishing | C10: ='Dez24'!D15 -> 331.59961 | D10: =+C10/C$25 -> 0.0084571648 | E10: =Paralelo!D15 -> 331.59963 | F10: =+E10/E$25 -> 0.0084676464 | G10: =+F10-D10 -> 1.0481561e-05 | H10: ='Dez24'!J15 -> 177.51476 | I10: =+H10/H$25 -> 0.090448393 | J10: =Paralelo!J15 -> 99.654562 | K10: =+J10/J$25 -> 0.22127898 | L10: =+K10-I10 -> 0.13083058 | M10: ='Dez24'!K15 -> 0.102603 | N10: =+M10/M$25 -> 0.00021958291 | O10: =Paralelo!K15 -> 0 | P10: =+O10/O$25 -> 0 | Q10: =+P10-N10 -> -0.00021958291 | R10: ='Dez24'!L15 -> 6.417547 | S10: =+R10/R$25 -> 0.15699282 | T10: =Paralelo!L15 -> 0.677358 | U10: =+T10/T$25 -> 0.041111889 | V10: =+U10-S10 -> -0.11588094 | W10: ='Dez24'!M15 -> 25.000009 | X10: =+W10/W$25 -> 0.11310171 | Y10: =Paralelo!M15 -> 4.365008 | Z10: =+Y10/Y$25 -> 0.05395665 | AA10: =+Z10-X10 -> -0.059145058 | AB10: ='Dez24'!N15 -> 22.63617 | AC10: =+AB10/AB$25 -> 0.29300879 | AD10: =Paralelo!N15 -> 1.016776 | AE10: =+AD10/AD$25 -> 0.019677797 | AF10: =+AE10-AC10 -> -0.273331 | AG10: ='Dez24'!O15 -> -4.792709 | AH10: =+AG10/AG$25 -> 0.091074876 | AI10: =Paralelo!O15 -> -0.682464 | AJ10: =+AI10/AI$25 -> 0.01566654 | AK10: =+AJ10-AH10 -> -0.075408337 | AL10: ='Dez24'!P15 -> -1.257683 | AM10: =+AL10/AL$25 -> 0.11146681 | AN10: =Paralelo!P15 -> -0.21757 | AO10: =+AN10/AN$25 -> 0.066248718 | AP10: =+AO10-AM10 -> -0.045218089 | AQ10: ='Dez24'!Q15 -> -3.022079 | AR10: =+AQ10/AQ$25 -> 0.08305568 | AS10: =Paralelo!Q15 -> -0.314496 | AT10: =+AS10/AS$25 -> 0.0079904148 | AU10: =+AT10-AR10 -> -0.075065265
B11: B - Mining and quarrying | C11: ='Dez24'!D16 -> 14.172371 | D11: =+C11/C$25 -> 0.00036145422 | E11: =Paralelo!D16 -> 14.172405 | F11: =+E11/E$25 -> 0.00036190304 | G11: =+F11-D11 -> 4.4882427e-07 | H11: ='Dez24'!J16 -> 12.101189 | I11: =+H11/H$25 -> 0.006165871 | J11: =Paralelo!J16 -> 1.355796 | K11: =+J11/J$25 -> 0.0030104909 | L11: =+K11-I11 -> -0.0031553802 | M11: ='Dez24'!K16 -> 0 | N11: =+M11/M$25 -> 0 | O11: =Paralelo!K16 -> 0 | P11: =+O11/O$25 -> 0 | Q11: =+P11-N11 -> 0 | R11: ='Dez24'!L16 -> 0 | S11: =+R11/R$25 -> 0 | T11: =Paralelo!L16 -> 0 | U11: =+T11/T$25 -> 0 | V11: =+U11-S11 -> 0 | W11: ='Dez24'!M16 -> 1.928225 | X11: =+W11/W$25 -> 0.0087234185 | Y11: =Paralelo!M16 -> 1e-06 | Z11: =+Y11/Y$25 -> 1.236118e-08 | AA11: =+Z11-X11 -> -0.0087234061 | AB11: ='Dez24'!N16 -> 1.592464 | AC11: =+AB11/AB$25 -> 0.020613291 | AD11: =Paralelo!N16 -> 0.770197 | AE11: =+AD11/AD$25 -> 0.014905722 | AF11: =+AE11-AC11 -> -0.0057075687 | AG11: ='Dez24'!O16 -> -1.200414 | AH11: =+AG11/AG$25 -> 0.022811224 | AI11: =Paralelo!O16 -> -0.199802 | AJ11: =+AI11/AI$25 -> 0.0045866243 | AK11: =+AJ11-AH11 -> -0.018224599 | AL11: ='Dez24'!P16 -> -0.101775 | AM11: =+AL11/AL$25 -> 0.0090201858 | AN11: =Paralelo!P16 -> 0 | AO11: =+AN11/AN$25 -> 0 | AP11: =+AO11-AM11 -> -0.0090201858 | AQ11: ='Dez24'!Q16 -> -1.068163 | AR11: =+AQ11/AQ$25 -> 0.029356282 | AS11: =Paralelo!Q16 -> -0.198244 | AT11: =+AS11/AS$25 -> 0.0050367947 | AU11: =+AT11-AR11 -> -0.024319488
B12: C - Manufacturing | C12: ='Dez24'!D17 -> 2226.1042 | D12: =+C12/C$25 -> 0.056774887 | E12: =Paralelo!D17 -> 2088.251 | F12: =+E12/E$25 -> 0.053325062 | G12: =+F12-D12 -> -0.003449825 | H12: ='Dez24'!J17 -> 1080.7707 | I12: =+H12/H$25 -> 0.55068081 | J12: =Paralelo!J17 -> 74.579848 | K12: =+J12/J$25 -> 0.16560158 | L12: =+K12-I12 -> -0.38507923 | M12: ='Dez24'!K17 -> 5.770381 | N12: =+M12/M$25 -> 0.012349318 | O12: =Paralelo!K17 -> 1.593667 | P12: =+O12/O$25 -> 0.003889615 | Q12: =+P12-N12 -> -0.0084597026 | R12: ='Dez24'!L17 -> 15.823189 | S12: =+R12/R$25 -> 0.38708359 | T12: =Paralelo!L17 -> 2.656209 | U12: =+T12/T$25 -> 0.16121721 | V12: =+U12-S12 -> -0.22586638 | W12: ='Dez24'!M17 -> 129.84301 | X12: =+W12/W$25 -> 0.58741844 | Y12: =Paralelo!M17 -> 13.923206 | Z12: =+Y12/Y$25 -> 0.17210726 | AA12: =+Z12-X12 -> -0.41531118 | AB12: ='Dez24'!N17 -> 36.092693 | AC12: =+AB12/AB$25 -> 0.46719372 | AD12: =Paralelo!N17 -> 5.435658 | AE12: =+AD12/AD$25 -> 0.10519699 | AF12: =+AE12-AC12 -> -0.36199673 | AG12: ='Dez24'!O17 -> -34.118223 | AH12: =+AG12/AG$25 -> 0.64834167 | AI12: =Paralelo!O17 -> -3.729386 | AJ12: =+AI12/AI$25 -> 0.085611217 | AK12: =+AJ12-AH12 -> -0.56273045 | AL12: ='Dez24'!P17 -> -6.328334 | AM12: =+AL12/AL$25 -> 0.56087201 | AN12: =Paralelo!P17 -> -0.746707 | AO12: =+AN12/AN$25 -> 0.22736766 | AP12: =+AO12-AM12 -> -0.33350435 | AQ12: ='Dez24'!Q17 -> -24.740666 | AR12: =+AQ12/AQ$25 -> 0.67994676 | AS12: =Paralelo!Q17 -> -2.842466 | AT12: =+AS12/AS$25 -> 0.072218669 | AU12: =+AT12-AR12 -> -0.60772809
B13: D - Electricity, gas, steam and air conditioning supply | C13: ='Dez24'!D18 -> 526.82284 | D13: =+C13/C$25 -> 0.013436167 | E13: =Paralelo!D18 -> 656.07861 | F13: =+E13/E$25 -> 0.016753462 | G13: =+F13-D13 -> 0.0033172951 | H13: ='Dez24'!J18 -> 406.41288 | I13: =+H13/H$25 -> 0.20707795 | J13: =Paralelo!J18 -> 0 | K13: =+J13/J$25 -> 0 | L13: =+K13-I13 -> -0.20707795 | M13: ='Dez24'!K18 -> 45.010469 | N13: =+M13/M$25 -> 0.096327881 | O13: =Paralelo!K18 -> 0.842497 | P13: =+O13/O$25 -> 0.002056257 | Q13: =+P13-N13 -> -0.094271624 | R13: ='Dez24'!L18 -> 0 | S13: =+R13/R$25 -> 0 | T13: =Paralelo!L18 -> 0 | U13: =+T13/T$25 -> 0 | V13: =+U13-S13 -> 0 | W13: ='Dez24'!M18 -> 0.5549 | X13: =+W13/W$25 -> 0.0025104046 | Y13: =Paralelo!M18 -> 0 | Z13: =+Y13/Y$25 -> 0 | AA13: =+Z13-X13 -> -0.0025104046 | AB13: ='Dez24'!N18 -> 0.004725 | AC13: =+AB13/AB$25 -> 6.1161696e-05 | AD13: =Paralelo!N18 -> 0 | AE13: =+AD13/AD$25 -> 0 | AF13: =+AE13-AC13 -> -6.1161696e-05 | AG13: ='Dez24'!O18 -> -0.329821 | AH13: =+AG13/AG$25 -> 0.0062675215 | AI13: =Paralelo!O18 -> -0.005313 | AJ13: =+AI13/AI$25 -> 0.00012196442 | AK13: =+AJ13-AH13 -> -0.0061455571 | AL13: ='Dez24'!P18 -> -0.044111 | AM13: =+AL13/AL$25 -> 0.0039095005 | AN13: =Paralelo!P18 -> 0 | AO13: =+AN13/AN$25 -> 0 | AP13: =+AO13-AM13 -> -0.0039095005 | AQ13: ='Dez24'!Q18 -> -0.003712 | AR13: =+AQ13/AQ$25 -> 0.00010201675 | AS13: =Paralelo!Q18 -> 0 | AT13: =+AS13/AS$25 -> 0 | AU13: =+AT13-AR13 -> -0.00010201675
B14: E - Water supply; sewerage, waste management and remediation activities | C14: ='Dez24'!D19 -> 33.931312 | D14: =+C14/C$25 -> 0.00086538913 | E14: =Paralelo!D19 -> 33.931317 | F14: =+E14/E$25 -> 0.00086646175 | G14: =+F14-D14 -> 1.0726184e-06 | H14: ='Dez24'!J19 -> 0 | I14: =+H14/H$25 -> 0 | J14: =Paralelo!J19 -> 0 | K14: =+J14/J$25 -> 0 | L14: =+K14-I14 -> 0 | M14: ='Dez24'!K19 -> 0.5097 | N14: =+M14/M$25 -> 0.00109082 | O14: =Paralelo!K19 -> 0 | P14: =+O14/O$25 -> 0 | Q14: =+P14-N14 -> -0.00109082 | R14: ='Dez24'!L19 -> 0 | S14: =+R14/R$25 -> 0 | T14: =Paralelo!L19 -> 0 | U14: =+T14/T$25 -> 0 | V14: =+U14-S14 -> 0 | W14: ='Dez24'!M19 -> 0.258445 | X14: =+W14/W$25 -> 0.0011692224 | Y14: =Paralelo!M19 -> 0 | Z14: =+Y14/Y$25 -> 0 | AA14: =+Z14-X14 -> -0.0011692224 | AB14: ='Dez24'!N19 -> 0 | AC14: =+AB14/AB$25 -> 0 | AD14: =Paralelo!N19 -> 0 | AE14: =+AD14/AD$25 -> 0 | AF14: =+AE14-AC14 -> 0 | AG14: ='Dez24'!O19 -> -0.012884 | AH14: =+AG14/AG$25 -> 0.00024483204 | AI14: =Paralelo!O19 -> 0 | AJ14: =+AI14/AI$25 -> 0 | AK14: =+AJ14-AH14 -> -0.00024483204 | AL14: ='Dez24'!P19 -> -0.011192 | AM14: =+AL14/AL$25 -> 0.0009919324 | AN14: =Paralelo!P19 -> 0 | AO14: =+AN14/AN$25 -> 0 | AP14: =+AO14-AM14 -> -0.0009919324 | AQ14: ='Dez24'!Q19 -> 0 | AR14: =+AQ14/AQ$25 -> 0 | AS14: =Paralelo!Q19 -> 0 | AT14: =+AS14/AS$25 -> 0 | AU14: =+AT14-AR14 -> 0
B15: F - Construction | C15: ='Dez24'!D20 -> 1044.2533 | D15: =+C15/C$25 -> 0.026632788 | E15: =Paralelo!D20 -> 969.68562 | F15: =+E15/E$25 -> 0.024761653 | G15: =+F15-D15 -> -0.001871135 | H15: ='Dez24'!J20 -> 15.442708 | I15: =+H15/H$25 -> 0.007868462 | J15: =Paralelo!J20 -> 1.969824 | K15: =+J15/J$25 -> 0.0043739156 | L15: =+K15-I15 -> -0.0034945465 | M15: ='Dez24'!K20 -> 6.600601 | N15: =+M15/M$25 -> 0.014126089 | O15: =Paralelo!K20 -> 3.573172 | P15: =+O15/O$25 -> 0.0087209331 | Q15: =+P15-N15 -> -0.0054051563 | R15: ='Dez24'!L20 -> 18.637228 | S15: =+R15/R$25 -> 0.45592359 | T15: =Paralelo!L20 -> 0.908875 | U15: =+T15/T$25 -> 0.055163692 | V15: =+U15-S15 -> -0.4007599 | W15: ='Dez24'!M20 -> 6.847349 | X15: =+W15/W$25 -> 0.030977864 | Y15: =Paralelo!M20 -> 1.26474 | Z15: =+Y15/Y$25 -> 0.015633679 | AA15: =+Z15-X15 -> -0.015344185 | AB15: ='Dez24'!N20 -> 6.477465 | AC15: =+AB15/AB$25 -> 0.083846084 | AD15: =Paralelo!N20 -> 2.466246 | AE15: =+AD15/AD$25 -> 0.047729578 | AF15: =+AE15-AC15 -> -0.036116506 | AG15: ='Dez24'!O20 -> -2.986251 | AH15: =+AG15/AG$25 -> 0.056747122 | AI15: =Paralelo!O20 -> -2.49776 | AJ15: =+AI15/AI$25 -> 0.057338198 | AK15: =+AJ15-AH15 -> 0.00059107657 | AL15: ='Dez24'!P20 -> -0.533823 | AM15: =+AL15/AL$25 -> 0.047312038 | AN15: =Paralelo!P20 -> -0.03901 | AO15: =+AN15/AN$25 -> 0.011878304 | AP15: =+AO15-AM15 -> -0.035433734 | AQ15: ='Dez24'!Q20 -> -2.330677 | AR15: =+AQ15/AQ$25 -> 0.064053906 | AS15: =Paralelo!Q20 -> -2.453726 | AT15: =+AS15/AS$25 -> 0.062341933 | AU15: =+AT15-AR15 -> -0.0017119723
B16: G - Wholesale and retail trade; repair of motor vehicles and motorcycles | C16: ='Dez24'!D21 -> 2070.2229 | D16: =+C16/C$25 -> 0.052799267 | E16: =Paralelo!D21 -> 2070.1122 | F16: =+E16/E$25 -> 0.052861876 | G16: =+F16-D16 -> 6.2609045e-05 | H16: ='Dez24'!J21 -> 267.75639 | I16: =+H16/H$25 -> 0.13642886 | J16: =Paralelo!J21 -> 12.534431 | K16: =+J16/J$25 -> 0.027832204 | L16: =+K16-I16 -> -0.10859665 | M16: ='Dez24'!K21 -> 3.689738 | N16: =+M16/M$25 -> 0.0078964883 | O16: =Paralelo!K21 -> 1.374803 | P16: =+O16/O$25 -> 0.0033554402 | Q16: =+P16-N16 -> -0.0045410481 | R16: ='Dez24'!L21 -> 0 | S16: =+R16/R$25 -> 0 | T16: =Paralelo!L21 -> 0 | U16: =+T16/T$25 -> 0 | V16: =+U16-S16 -> 0 | W16: ='Dez24'!M21 -> 26.927718 | X16: =+W16/W$25 -> 0.12182279 | Y16: =Paralelo!M21 -> 2.342851 | Z16: =+Y16/Y$25 -> 0.028960403 | AA16: =+Z16-X16 -> -0.092862389 | AB16: ='Dez24'!N21 -> 4.88179 | AC16: =+AB16/AB$25 -> 0.063191229 | AD16: =Paralelo!N21 -> 0.477171 | AE16: =+AD16/AD$25 -> 0.0092347521 | AF16: =+AE16-AC16 -> -0.053956477 | AG16: ='Dez24'!O21 -> -4.790822 | AH16: =+AG16/AG$25 -> 0.091039018 | AI16: =Paralelo!O21 -> -0.535255 | AJ16: =+AI16/AI$25 -> 0.012287232 | AK16: =+AJ16-AH16 -> -0.078751786 | AL16: ='Dez24'!P21 -> -1.520948 | AM16: =+AL16/AL$25 -> 0.13479964 | AN16: =Paralelo!P21 -> -0.070458 | AO16: =+AN16/AN$25 -> 0.021454025 | AP16: =+AO16-AM16 -> -0.11334562 | AQ16: ='Dez24'!Q21 -> -2.776656 | AR16: =+AQ16/AQ$25 -> 0.076310729 | AS16: =Paralelo!Q21 -> -0.443389 | AT16: =+AS16/AS$25 -> 0.011265205 | AU16: =+AT16-AR16 -> -0.065045524
B17: H - Transportation and storage | C17: ='Dez24'!D22 -> 721.84643 | D17: =+C17/C$25 -> 0.018410077 | E17: =Paralelo!D22 -> 759.80559 | F17: =+E17/E$25 -> 0.019402208 | G17: =+F17-D17 -> 0.00099213171 | H17: ='Dez24'!J22 -> 2.609602 | I17: =+H17/H$25 -> 0.0013296602 | J17: =Paralelo!J22 -> 0 | K17: =+J17/J$25 -> 0 | L17: =+K17-I17 -> -0.0013296602 | M17: ='Dez24'!K22 -> 46.134683 | N17: =+M17/M$25 -> 0.098733836 | O17: =Paralelo!K22 -> 0.103422 | P17: =+O17/O$25 -> 0.00025241896 | Q17: =+P17-N17 -> -0.098481417 | R17: ='Dez24'!L22 -> 0 | S17: =+R17/R$25 -> 0 | T17: =Paralelo!L22 -> 0 | U17: =+T17/T$25 -> 0 | V17: =+U17-S17 -> 0 | W17: ='Dez24'!M22 -> 4.861282 | X17: =+W17/W$25 -> 0.021992764 | Y17: =Paralelo!M22 -> 0 | Z17: =+Y17/Y$25 -> 0 | AA17: =+Z17-X17 -> -0.021992764 | AB17: ='Dez24'!N22 -> 0.449504 | AC17: =+AB17/AB$25 -> 0.0058185031 | AD17: =Paralelo!N22 -> 0 | AE17: =+AD17/AD$25 -> 0 | AF17: =+AE17-AC17 -> -0.0058185031 | AG17: ='Dez24'!O22 -> -1.198803 | AH17: =+AG17/AG$25 -> 0.02278061 | AI17: =Paralelo!O22 -> -0.000152 | AJ17: =+AI17/AI$25 -> 3.4892889e-06 | AK17: =+AJ17-AH17 -> -0.022777121 | AL17: ='Dez24'!P22 -> -0.689855 | AM17: =+AL17/AL$25 -> 0.061140951 | AN17: =Paralelo!P22 -> 0 | AO17: =+AN17/AN$25 -> 0 | AP17: =+AO17-AM17 -> -0.061140951 | AQ17: ='Dez24'!Q22 -> -0.262107 | AR17: =+AQ17/AQ$25 -> 0.0072034765 | AS17: =Paralelo!Q22 -> 0 | AT17: =+AS17/AS$25 -> 0 | AU17: =+AT17-AR17 -> -0.0072034765
B18: L - Real estate activities | C18: ='Dez24'!D23 -> 1116.2909 | D18: =+C18/C$25 -> 0.028470046 | E18: =Paralelo!D23 -> 1251.045 | F18: =+E18/E$25 -> 0.031946377 | G18: =+F18-D18 -> 0.0034763306 | H18: ='Dez24'!J23 -> 0 | I18: =+H18/H$25 -> 0 | J18: =Paralelo!J23 -> 0 | K18: =+J18/J$25 -> 0 | L18: =+K18-I18 -> 0 | M18: ='Dez24'!K23 -> 4.224827 | N18: =+M18/M$25 -> 0.0090416439 | O18: =Paralelo!K23 -> 17.651607 | P18: =+O18/O$25 -> 0.043081745 | Q18: =+P18-N18 -> 0.034040101 | R18: ='Dez24'!L23 -> 0 | S18: =+R18/R$25 -> 0 | T18: =Paralelo!L23 -> 0 | U18: =+T18/T$25 -> 0 | V18: =+U18-S18 -> 0 | W18: ='Dez24'!M23 -> 0.40316 | X18: =+W18/W$25 -> 0.0018239227 | Y18: =Paralelo!M23 -> 0.067063 | Z18: =+Y18/Y$25 -> 0.00082897782 | AA18: =+Z18-X18 -> -0.00099494491 | AB18: ='Dez24'!N23 -> 0.565597 | AC18: =+AB18/AB$25 -> 0.0073212427 | AD18: =Paralelo!N23 -> 12.449708 | AE18: =+AD18/AD$25 -> 0.24094081 | AF18: =+AE18-AC18 -> 0.23361957 | AG18: ='Dez24'!O23 -> -0.517349 | AH18: =+AG18/AG$25 -> 0.0098310781 | AI18: =Paralelo!O23 -> -12.416869 | AJ18: =+AI18/AI$25 -> 0.28503975 | AK18: =+AJ18-AH18 -> 0.27520868 | AL18: ='Dez24'!P23 -> -0.004077 | AM18: =+AL18/AL$25 -> 0.0003613392 | AN18: =Paralelo!P23 -> -0.008592 | AO18: =+AN18/AN$25 -> 0.0026162108 | AP18: =+AO18-AM18 -> 0.0022548716 | AQ18: ='Dez24'!Q23 -> -0.504789 | AR18: =+AQ18/AQ$25 -> 0.013873096 | AS18: =Paralelo!Q23 -> -12.400323 | AT18: =+AS18/AS$25 -> 0.3150556 | AU18: =+AT18-AR18 -> 0.3011825
B19: Loans collateralised by residential immovable property | C19: ='Dez24'!D24 -> 23291.747 | D19: =+C19/C$25 -> 0.59403611 | E19: =Paralelo!D24 -> 23291.747 | F19: =+E19/E$25 -> 0.59477232 | G19: =+F19-D19 -> 0.00073620639 | H19: ='Dez24'!J24 -> 0 | I19: =+H19/H$25 -> 0 | J19: =Paralelo!J24 -> 65.2391 | K19: =+J19/J$25 -> 0.14486082 | L19: =+K19-I19 -> 0.14486082 | M19: ='Dez24'!K24 -> 328.49473 | N19: =+M19/M$25 -> 0.70301869 | O19: =Paralelo!K24 -> 337.67818 | P19: =+O19/O$25 -> 0.82416096 | Q19: =+P19-N19 -> 0.12114227 | R19: ='Dez24'!L24 -> 0 | S19: =+R19/R$25 -> 0 | T19: =Paralelo!L24 -> 7.948499 | U19: =+T19/T$25 -> 0.48242998 | V19: =+U19-S19 -> 0.48242998 | W19: ='Dez24'!M24 -> 24.062124 | X19: =+W19/W$25 -> 0.10885865 | Y19: =Paralelo!M24 -> 36.087415 | Z19: =+Y19/Y$25 -> 0.44608304 | AA19: =+Z19-X19 -> 0.33722438 | AB19: ='Dez24'!N24 -> 3.932683 | AC19: =+AB19/AB$25 -> 0.050905728 | AD19: =Paralelo!N24 -> 6.368013 | AE19: =+AD19/AD$25 -> 0.12324098 | AF19: =+AE19-AC19 -> 0.072335252 | AG19: ='Dez24'!O24 -> -2.08414 | AH19: =+AG19/AG$25 -> 0.039604489 | AI19: =Paralelo!O24 -> -3.305494 | AJ19: =+AI19/AI$25 -> 0.075880417 | AK19: =+AJ19-AH19 -> 0.036275928 | AL19: ='Dez24'!P24 -> -0.775134 | AM19: =+AL19/AL$25 -> 0.068699118 | AN19: =Paralelo!P24 -> -1.076484 | AO19: =+AN19/AN$25 -> 0.32778272 | AP19: =+AO19-AM19 -> 0.2590836 | AQ19: ='Dez24'!Q24 -> -1.151627 | AR19: =+AQ19/AQ$25 -> 0.03165012 | AS19: =Paralelo!Q24 -> -2.021061 | AT19: =+AS19/AS$25 -> 0.051349193 | AU19: =+AT19-AR19 -> 0.019699073
B20: Loans collateralised by commercial immovable property | C20: ='Dez24'!D25 -> 3579.2866 | D20: =+C20/C$25 -> 0.091286647 | E20: =Paralelo!D25 -> 3579.2886 | F20: =+E20/E$25 -> 0.091399832 | G20: =+F20-D20 -> 0.00011318498 | H20: ='Dez24'!J25 -> 0 | I20: =+H20/H$25 -> 0 | J20: =Paralelo!J25 -> 195.02356 | K20: =+J20/J$25 -> 0.43304202 | L20: =+K20-I20 -> 0.43304202 | M20: ='Dez24'!K25 -> 18.668172 | N20: =+M20/M$25 -> 0.03995216 | O20: =Paralelo!K25 -> 38.848985 | P20: =+O20/O$25 -> 0.094817546 | Q20: =+P20-N20 -> 0.054865386 | R20: ='Dez24'!L25 -> 0 | S20: =+R20/R$25 -> 0 | T20: =Paralelo!L25 -> 4.285023 | U20: =+T20/T$25 -> 0.26007723 | V20: =+U20-S20 -> 0.26007723 | W20: ='Dez24'!M25 -> 0.285193 | X20: =+W20/W$25 -> 0.0012902322 | Y20: =Paralelo!M25 -> 22.77949 | Z20: =+Y20/Y$25 -> 0.28158138 | AA20: =+Z20-X20 -> 0.28029115 | AB20: ='Dez24'!N25 -> 0.590559 | AC20: =+AB20/AB$25 -> 0.0076443577 | AD20: =Paralelo!N25 -> 22.656877 | AE20: =+AD20/AD$25 -> 0.43848147 | AF20: =+AE20-AC20 -> 0.43083711 | AG20: ='Dez24'!O25 -> -0.562083 | AH20: =+AG20/AG$25 -> 0.010681149 | AI20: =Paralelo!O25 -> -20.159057 | AJ20: =+AI20/AI$25 -> 0.46276824 | AK20: =+AJ20-AH20 -> 0.45208709 | AL20: ='Dez24'!P25 -> -0.013804 | AM20: =+AL20/AL$25 -> 0.0012234306 | AN20: =Paralelo!P25 -> -1.123027 | AO20: =+AN20/AN$25 -> 0.34195477 | AP20: =+AO20-AM20 -> 0.34073134 | AQ20: ='Dez24'!Q25 -> -0.512291 | AR20: =+AQ20/AQ$25 -> 0.014079274 | AS20: =Paralelo!Q25 -> -18.672039 | AT20: =+AS20/AS$25 -> 0.47440138 | AU20: =+AT20-AR20 -> 0.46032211
B21: Repossessed colalterals | C21: ='Dez24'!D26 -> 48.45157 | D21: =+C21/C$25 -> 0.0012357159 | E21: =Paralelo!D26 -> 0 | F21: =+E21/E$25 -> 0 | G21: =+F21-D21 -> -0.0012357159 | H21: ='Dez24'!J26 -> 0 | I21: =+H21/H$25 -> 0 | J21: =Paralelo!J26 -> 0 | K21: =+J21/J$25 -> 0 | L21: =+K21-I21 -> 0 | M21: ='Dez24'!K26 -> 0 | N21: =+M21/M$25 -> 0 | O21: =Paralelo!K26 -> 0 | P21: =+O21/O$25 -> 0 | Q21: =+P21-N21 -> 0 | R21: ='Dez24'!L26 -> 0 | S21: =+R21/R$25 -> 0 | T21: =Paralelo!L26 -> 0 | U21: =+T21/T$25 -> 0 | V21: =+U21-S21 -> 0 | W21: ='Dez24'!M26 -> 0 | X21: =+W21/W$25 -> 0 | Y21: =Paralelo!M26 -> 0 | Z21: =+Y21/Y$25 -> 0 | AA21: =+Z21-X21 -> 0 | AB21: ='Dez24'!N26 -> 0 | AC21: =+AB21/AB$25 -> 0 | AD21: =Paralelo!N26 -> 0 | AE21: =+AD21/AD$25 -> 0 | AF21: =+AE21-AC21 -> 0 | AG21: ='Dez24'!O26 -> 0 | AH21: =+AG21/AG$25 -> 0 | AI21: =Paralelo!O26 -> 0 | AJ21: =+AI21/AI$25 -> 0 | AK21: =+AJ21-AH21 -> 0 | AL21: ='Dez24'!P26 -> 0 | AM21: =+AL21/AL$25 -> 0 | AN21: =Paralelo!P26 -> 0 | AO21: =+AN21/AN$25 -> 0 | AP21: =+AO21-AM21 -> 0 | AQ21: ='Dez24'!Q26 -> 0 | AR21: =+AQ21/AQ$25 -> 0 | AS21: =Paralelo!Q26 -> 0 | AT21: =+AS21/AS$25 -> 0 | AU21: =+AT21-AR21 -> 0
... B24: Exposures to other sectors (NACE codes J, M - U) | C24: ='Dez24'!D29 -> 3007.7491 | D24: =+C24/C$25 -> 0.076710071 | E24: =Paralelo!D29 -> 2828.6278 | F24: =+E24/E$25 -> 0.072231142 | G24: =+F24-D24 -> -0.0044789294 | H24: ='Dez24'!J29 -> 0 | I24: =+H24/H$25 -> 0 | J24: =Paralelo!J29 -> 0 | K24: =+J24/J$25 -> 0 | L24: =+K24-I24 -> 0 | M24: ='Dez24'!K29 -> 0.617716 | N24: =+M24/M$25 -> 0.0013219874 | O24: =Paralelo!K29 -> 0.617716 | P24: =+O24/O$25 -> 0.0015076408 | Q24: =+P24-N24 -> 0.0001856534 | R24: ='Dez24'!L29 -> 0 | S24: =+R24/R$25 -> 0 | T24: =Paralelo!L29 -> 0 | U24: =+T24/T$25 -> 0 | V24: =+U24-S24 -> 0 | W24: ='Dez24'!M29 -> 0.068651 | X24: =+W24/W$25 -> 0.0003105817 | Y24: =Paralelo!M29 -> 0.068651 | Z24: =+Y24/Y$25 -> 0.00084860737 | AA24: =+Z24-X24 -> 0.00053802567 | AB24: ='Dez24'!N29 -> 0 | AC24: =+AB24/AB$25 -> 0 | AD24: =Paralelo!N29 -> 0 | AE24: =+AD24/AD$25 -> 0 | AF24: =+AE24-AC24 -> 0 | AG24: ='Dez24'!O29 -> -0.002884 | AH24: =+AG24/AG$25 -> 5.4804067e-05 | AI24: =Paralelo!O29 -> -0.002884 | AJ24: =+AI24/AI$25 -> 6.6204665e-05 | AK24: =+AJ24-AH24 -> 1.1400598e-05 | AL24: ='Dez24'!P29 -> -0.002291 | AM24: =+AL24/AL$25 -> 0.00020304835 | AN24: =Paralelo!P29 -> -0.002291 | AO24: =+AN24/AN$25 -> 0.00069759532 | AP24: =+AO24-AM24 -> 0.00049454697 | AQ24: ='Dez24'!Q29 -> 0 | AR24: =+AQ24/AQ$25 -> 0 | AS24: =Paralelo!Q29 -> 0 | AT24: =+AS24/AS$25 -> 0 | AU24: =+AT24-AR24 -> 0
B25: TOTAL | C25: =SUM(C10:C24) -> 39209.311 | D25: =+C25/C$25 -> 1 | E25: =SUM(E10:E24) -> 39160.779 | F25: =+SUM(F10:F24) -> 1 | H25: =SUM(H10:H24) -> 1962.6082 | I25: =+H25/H$25 -> 1 | J25: =SUM(J10:J24) -> 450.35712 | K25: =+SUM(K10:K24) -> 1 | M25: =SUM(M10:M24) -> 467.26315 | N25: =+M25/M$25 -> 1 | O25: =SUM(O10:O24) -> 409.72359 | P25: =+SUM(P10:P24) -> 1 | R25: =SUM(R10:R24) -> 40.877964 | S25: =+R25/R$25 -> 1 | T25: =SUM(T10:T24) -> 16.475964 | U25: =+SUM(U10:U24) -> 1 | W25: =SUM(W10:W24) -> 221.04007 | X25: =+SUM(X10:X24) -> 1 | Y25: =SUM(Y10:Y24) -> 80.898425 | Z25: =+SUM(Z10:Z24) -> 1 | AB25: =SUM(AB10:AB24) -> 77.254234 | AC25: =+SUM(AC10:AC24) -> 1 | AD25: =SUM(AD10:AD24) -> 51.67123 | AE25: =+SUM(AE10:AE24) -> 1 | AG25: =SUM(AG10:AG24) -> -52.623832 | AH25: =+SUM(AH10:AH24) -> 1 | AI25: =SUM(AI10:AI24) -> -43.561885 | AJ25: =+SUM(AJ10:AJ24) -> 1 | AL25: =SUM(AL10:AL24) -> -11.283027 | AM25: =+SUM(AM10:AM24) -> 1 | AN25: =SUM(AN10:AN24) -> -3.284139 | AO25: =+SUM(AO10:AO24) -> 1 | AQ25: =SUM(AQ10:AQ24) -> -36.386181 | AR25: =+SUM(AR10:AR24) -> 1 | AS25: =SUM(AS10:AS24) -> -39.359158 | AT25: =+SUM(AT10:AT24) -> 1

Sheet Input >>

Sheet Paralelo
C8: Template 5: Banking book - Climate change physical risk: Exposures subject to physical risk
C10: a | D10: b | E10: c | F10: d | G10: e | H10: f | I10: g | J10: h | K10: i | L10: j | M10: k | N10: l | O10: m | P10: n | Q10: o
C11: Variable: Geographical area subject to climate change physical risk - acute and chronic events | D11: Gross carrying amount (Mln EUR)
E12: of which exposures sensitive to impact from climate change physical events
E13: Breakdown by maturity bucket | J13: of which exposures sensitive to impact from chronic climate change events | K13: of which exposures sensitive to impact from acute climate change events | L13: of which exposures sensitive to impact both from chronic and acute climate change events | M13: Of which Stage 2 exposures | N13: Of which non-performing exposures | O13: Accumulated impairment, accumulated negative changes in fair value due to credit risk and provisions
E14: <= 5 years | F14: > 5 year <= 10 years | G14: > 10 year <= 20 years | H14: > 20 years | I14: Average weighted maturity | P14: of which Stage 2 exposures | Q14: Of which non-performing exposures
A15: 1000000 | B15: 1 | C15: A - Agriculture, forestry and fishing | D15: 331.59963 | E15: 18.782904 | F15: 29.995382 | G15: 51.553634 | H15: 0 | I15: 10 | J15: 99.654562 | K15: 0 | L15: 0.677358 | M15: 4.365008 | N15: 1.016776 | O15: -0.682464 | P15: -0.21757 | Q15: -0.314496
B16: 2 | C16: B - Mining and quarrying | D16: 14.172405 | E16: 0.779742 | F16: 0.576054 | G16: 0 | H16: 0 | I16: 4 | J16: 1.355796 | K16: 0 | L16: 0 | M16: 1e-06 | N16: 0.770197 | O16: -0.199802 | P16: 0 | Q16: -0.198244
B17: 3 | C17: C - Manufacturing | D17: 2088.251 | E17: 21.799777 | F17: 38.473026 | G17: 18.556921 | H17: 0 | I17: 8 | J17: 74.579848 | K17: 1.593667 | L17: 2.656209 | M17: 13.923206 | N17: 5.435658 | O17: -3.729386 | P17: -0.746707 | Q17: -2.842466
B18: 4 | C18: D - Electricity, gas, steam and air conditioning supply | D18: 656.07861 | E18: 0.842497 | F18: 0 | G18: 0 | H18: 0 | I18: 4 | J18: 0 | K18: 0.842497 | L18: 0 | M18: 0 | N18: 0 | O18: -0.005313 | P18: 0 | Q18: 0
B19: 5 | C19: E - Water supply; sewerage, waste management and remediation activities | D19: 33.931317 | E19: 0 | F19: 0 | G19: 0 | H19: 0 | I19: 0 | J19: 0 | K19: 0 | L19: 0 | M19: 0 | N19: 0 | O19: 0 | P19: 0 | Q19: 0
B20: 6 | C20: F - Construction | D20: 969.68562 | E20: 4.243803 | F20: 1.741893 | G20: 0.466175 | H20: 0 | I20: 6 | J20: 1.969824 | K20: 3.573172 | L20: 0.908875 | M20: 1.26474 | N20: 2.466246 | O20: -2.49776 | P20: -0.03901 | Q20: -2.453726
B21: 7 | C21: G - Wholesale and retail trade; repair of motor vehicles and motorcycles | D21: 2070.1122 | E21: 3.987269 | F21: 6.511786 | G21: 3.410179 | H21: 0 | I21: 8 | J21: 12.534431 | K21: 1.374803 | L21: 0 | M21: 2.342851 | N21: 0.477171 | O21: -0.535255 | P21: -0.070458 | Q21: -0.443389
B22: 8 | C22: H - Transportation and storage | D22: 759.80559 | E22: 0.028513 | F22: 0.074909 | G22: 0 | H22: 0 | I22: 6 | J22: 0 | K22: 0.103422 | L22: 0 | M22: 0 | N22: 0 | O22: -0.000152 | P22: 0 | Q22: 0
B23: 9 | C23: L - Real estate activities | D23: 1251.045 | E23: 15.361595 | F23: 2.146628 | G23: 0.143384 | H23: 0 | I23: 5 | J23: 0 | K23: 17.651607 | L23: 0 | M23: 0.067063 | N23: 12.449708 | O23: -12.416869 | P23: -0.008592 | Q23: -12.400323
B24: 10 | C24: Loans collateralised by residential immovable property | D24: 23291.747 | E24: 6.052976 | F24: 18.426415 | G24: 61.651435 | H24: 324.73496 | I24: 27 | J24: 65.2391 | K24: 337.67818 | L24: 7.948499 | M24: 36.087415 | N24: 6.368013 | O24: -3.305494 | P24: -1.076484 | Q24: -2.021061
B25: 11 | C25: Loans collateralised by commercial immovable property | D25: 3579.2886 | E25: 67.448936 | F25: 89.152346 | G25: 81.47398 | H25: 0.082302 | I25: 9 | J25: 195.02356 | K25: 38.848985 | L25: 4.285023 | M25: 22.77949 | N25: 22.656877 | O25: -20.159057 | P25: -1.123027 | Q25: -18.672039
B26: 12 | C26: Repossessed colalterals | D26: 0 | E26: 0 | F26: 0 | G26: 0 | H26: 0 | I26: 0 | J26: 0 | K26: 0 | L26: 0 | M26: 0 | N26: 0 | O26: 0 | P26: 0 | Q26: 0
B27: 13 | C27: I - Accommodation and food service activities | D27: 1105.9237 | E27: 0.222117 | F27: 6.512618 | G27: 0.704799 | H27: 0 | I27: 10 | J27: 0 | K27: 7.439534 | L27: 0 | M27: 0 | N27: 0.030584 | O27: -0.027449 | P27: 0 | Q27: -0.013414
... B29: 13 | C29: Exposures to other sectors (NACE codes J, M - U) | D29: 2828.6278 | E29: 0.081797 | F29: 0.268021 | G29: 0.267898 | H29: 0 | I29: 9.2468708 | J29: 0 | K29: 0.617716 | L29: 0 | M29: 0.068651 | N29: 0 | O29: -0.002884 | P29: -0.002291 | Q29: 0

Sheet Dez24
C8: Template 5: Banking book - Climate change physical risk: Exposures subject to physical risk
C10: a | D10: b | E10: c | F10: d | G10: e | H10: f | I10: g | J10: h | K10: i | L10: j | M10: k | N10: l | O10: m | P10: n | Q10: o
C11: Variable: Geographical area subject to climate change physical risk - acute and chronic events | D11: Gross carrying amount (Mln EUR)
E12: of which exposures sensitive to impact from climate change physical events
E13: Breakdown by maturity bucket | J13: of which exposures sensitive to impact from chronic climate change events | K13: of which exposures sensitive to impact from acute climate change events | L13: of which exposures sensitive to impact both from chronic and acute climate change events | M13: Of which Stage 2 exposures | N13: Of which non-performing exposures | O13: Accumulated impairment, accumulated negative changes in fair value due to credit risk and provisions
E14: <= 5 years | F14: > 5 year <= 10 years | G14: > 10 year <= 20 years | H14: > 20 years | I14: Average weighted maturity | P14: of which Stage 2 exposures | Q14: Of which non-performing exposures
A15: 1000000 | B15: 1 | C15: A - Agriculture, forestry and fishing | D15: 331.59961 | E15: 155.16153 | F15: 24.189874 | G15: 4.6835 | H15: 0 | I15: 4 | J15: 177.51476 | K15: 0.102603 | L15: 6.417547 | M15: 25.000009 | N15: 22.63617 | O15: -4.792709 | P15: -1.257683 | Q15: -3.022079
B16: 2 | C16: B - Mining and quarrying | D16: 14.172371 | E16: 11.577542 | F16: 0.523647 | G16: 0 | H16: 0 | I16: 3 | J16: 12.101189 | K16: 0 | L16: 0 | M16: 1.928225 | N16: 1.592464 | O16: -1.200414 | P16: -0.101775 | Q16: -1.068163
B17: 3 | C17: C - Manufacturing | D17: 2226.1042 | E17: 1042.5748 | F17: 44.035377 | G17: 15.754056 | H17: 0 | I17: 3 | J17: 1080.7707 | K17: 5.770381 | L17: 15.823189 | M17: 129.84301 | N17: 36.092693 | O17: -34.118223 | P17: -6.328334 | Q17: -24.740666
B18: 4 | C18: D - Electricity, gas, steam and air conditioning supply | D18: 526.82284 | E18: 277.05862 | F18: 139.37534 | G18: 34.989387 | H18: 0 | I18: 4 | J18: 406.41288 | K18: 45.010469 | L18: 0 | M18: 0.5549 | N18: 0.004725 | O18: -0.329821 | P18: -0.044111 | Q18: -0.003712
B19: 5 | C19: E - Water supply; sewerage, waste management and remediation activities | D19: 33.931312 | E19: 0.5097 | F19: 0 | G19: 0 | H19: 0 | I19: 4 | J19: 0 | K19: 0.5097 | L19: 0 | M19: 0.258445 | N19: 0 | O19: -0.012884 | P19: -0.011192 | Q19: 0
B20: 6 | C20: F - Construction | D20: 1044.2533 | E20: 40.05545 | F20: 0.443097 | G20: 0.18199 | H20: 0 | I20: 3 | J20: 15.442708 | K20: 6.600601 | L20: 18.637228 | M20: 6.847349 | N20: 6.477465 | O20: -2.986251 | P20: -0.533823 | Q20: -2.330677
B21: 7 | C21: G - Wholesale and retail trade; repair of motor vehicles and motorcycles | D21: 2070.2229 | E21: 257.4397 | F21: 13.605419 | G21: 0.401011 | H21: 0 | I21: 3 | J21: 267.75639 | K21: 3.689738 | L21: 0 | M21: 26.927718 | N21: 4.88179 | O21: -4.790822 | P21: -1.520948 | Q21: -2.776656
B22: 8 | C22: H - Transportation and storage | D22: 721.84643 | E22: 44.182478 | F22: 0.010499 | G22: 4.551308 | H22: 0 | I22: 4 | J22: 2.609602 | K22: 46.134683 | L22: 0 | M22: 4.861282 | N22: 0.449504 | O22: -1.198803 | P22: -0.689855 | Q22: -0.262107
B23: 9 | C23: L - Real estate activities | D23: 1116.2909 | E23: 2.001879 | F23: 2.079564 | G23: 0.143384 | H23: 0 | I23: 7 | J23: 0 | K23: 4.224827 | L23: 0 | M23: 0.40316 | N23: 0.565597 | O23: -0.517349 | P23: -0.004077 | Q23: -0.504789
B24: 10 | C24: Loans collateralised by residential immovable property | D24: 23291.747 | E24: 3.48646 | F24: 12.663439 | G24: 43.480873 | H24: 268.86395 | I24: 28 | J24: 0 | K24: 328.49473 | L24: 0 | M24: 24.062124 | N24: 3.932683 | O24: -2.08414 | P24: -0.775134 | Q24: -1.151627
B25: 11 | C25: Loans collateralised by commercial immovable property | D25: 3579.2866 | E25: 4.062157 | F25: 9.97401 | G25: 4.549703 | H25: 0.082302 | I25: 9 | J25: 0 | K25: 18.668172 | L25: 0 | M25: 0.285193 | N25: 0.590559 | O25: -0.562083 | P25: -0.013804 | Q25: -0.512291
B26: 12 | C26: Repossessed colalterals | D26: 48.45157 | E26: 0 | F26: 0 | G26: 0 | H26: 0 | I26: 0 | J26: 0 | K26: 0 | L26: 0 | M26: 0 | N26: 0 | O26: 0 | P26: 0 | Q26: 0
B27: 13 | C27: I - Accommodation and food service activities | D27: 1192.7168 | E27: 0.222117 | F27: 6.512618 | G27: 0.704798 | H27: 0 | I27: 10 | J27: 0 | K27: 7.439533 | L27: 0 | M27: 0 | N27: 0.030584 | O27: -0.027449 | P27: 0 | Q27: -0.013414
... B29: 13 | C29: Exposures to other sectors (NACE codes J, M - U) | D29: 3007.7491 | E29: 0.081797 | F29: 0.268021 | G29: 0.267898 | H29: 0 | I29: 9.2468708 | J29: 0 | K29: 0.617716 | L29: 0 | M29: 0.068651 | N29: 0 | O29: -0.002884 | P29: -0.002291 | Q29: 0
