Workbook
Name asefadf: #REF!
Name bn: #REF!

Sheet Status Resumo
B7: Sumário Executivo | 16/mai a 22/mai
C10: Resumo das entregas da equipa de IT | N10: Highlights
D12: Entregas Semana Anterior 1 | G12: Entregas Semana Atual | J12: Entregas Semana Seguinte | N12: 1. As entregas da equipa de IT cumpriram os prazos estipulados em plano. 2. O foco da equipa de testes durante a semana atual foi: • Validação do universo da lt002_instrument • Validação dos campos provenientes da rentabilidade, referentes à tabela lt002_instrument
C13: Tabela | D13: Planeado | E13: Real | F13: ∆ | G13: Planeado | H13: Real | I13: ∆ | J13: Planeado | K13: Real | L13: ∆
C14: lt002_instrument | D14: 18 | E14: 18 | F14: =E14-D14 -> 0 | G14: 12 | H14: 12 | I14: =H14-G14 -> 0 | J14: 13 | K14: TBD | L14: TBD
C15: lt004_protection | D15: 1 | E15: 1 | F15: =E15-D15 -> 0 | G15: 0 | H15: 0 | I15: =H15-G15 -> 0 | J15: 6 | K15: TBD | L15: TBD
C16: lt006_instr_protection | D16: 0 | E16: 0 | F16: =E16-D16 -> 0 | G16: 0 | H16: 0 | I16: =H16-G16 -> 0 | J16: 5 | K16: TBD | L16: TBD
C17: lt007_instr_activity | D17: 5 | E17: 5 | F17: =E17-D17 -> 0 | G17: 0 | H17: 0 | I17: =H17-G17 -> 0 | J17: 1 | K17: TBD | L17: TBD
C18: Total | D18: =SUM(D14:D17) -> 24 | E18: =SUM(E14:E17) -> 24 | F18: =SUM(F14:F17) -> 0 | G18: =SUM(G14:G17) -> 12 | H18: =SUM(H14:H17) -> 12 | I18: =SUM(I14:I17) -> 0 | J18: =SUM(J14:J17) -> 25 | K18: =SUM(K14:K17) -> 0 | L18: =SUM(L14:L17) -> 0
C20: 1 Nas entregas da semana anterior foram incluidas as entregas estimadas nas semanas de 5/mai e 12/mai.
C22: Tracking das correções efetuadas pela equipa de IT
C24: Tema | D24: Descritivo | M24: Status
C25: lt002 - instrmnt_id | D25: Existiam instrmnt_id em falta devido à forma como estavam a ser efetuados os cruzamentos. | M25: Done
C26: lt002 - campos provenientes de rentabilidade | D26: Erro na forma como estava a ser aplicada a ponderação aos kpm para obtenção do valor em termos de chave FINREP. | M26: Done
C27: lt002 - campos "_CCRR" | D27: Preenchimento com os valores default para os campos com o sufixo "_CCRR". | M27: Done
B30: 1. LT002_INSTRUMENT
C33: Resumo | G33: Status (Campos) | I33: 45799 | J33: 45792 | K33: ∆ | M33: Highlights
G34: 1. Concluído | I34: =COUNTIFS('Detalhe Entregas e Status'!$I:$I,'Status Resumo'!G34,'Detalhe Entregas e Status'!$B:$B,"lt002_instrument",'Detalhe Entregas e Status'!$C:$C,"<>"&"UNIVERSO") -> 9 | J34: =COUNTIFS('Detalhe Entregas e Status'!$J:$J,'Status Resumo'!G34,'Detalhe Entregas e Status'!$B:$B,"lt002_instrument",'Detalhe Entregas e Status'!$C:$C,"<>"&"UNIVERSO") -> 0 | K34: =IF(I34-J34=0,"-",IF(I34-J34>0,_xlfn.CONCAT("+ ",I34-J34),_xlfn.CONCAT("- ",J34-I34))) -> + 9 | M34: Face à semana anterior, foram entreges para testes mais 13 campos referentes à tabela lt002_instrument. Desta amostra encontra-se em análise por parte da equipa de testes: • Universo e construção do instrmnt_id • Campos provenientes das tabelas de rentabilidade No decorrer das nossas análises, houve a necessidade de se re-especificar os seguintes campos (que serão formalizados até 23/mai): • nt_ln_lss_prvsn • cnclld_instrmnt_stts
G35: 2. Em Teste | I35: =COUNTIFS('Detalhe Entregas e Status'!$I:$I,'Status Resumo'!G35,'Detalhe Entregas e Status'!$B:$B,"lt002_instrument",'Detalhe Entregas e Status'!$C:$C,"<>"&"UNIVERSO") -> 9 | J35: =COUNTIFS('Detalhe Entregas e Status'!$J:$J,'Status Resumo'!G35,'Detalhe Entregas e Status'!$B:$B,"lt002_instrument",'Detalhe Entregas e Status'!$C:$C,"<>"&"UNIVERSO") -> 1 | K35: =IF(I35-J35=0,"-",IF(I35-J35>0,_xlfn.CONCAT("+ ",I35-J35),_xlfn.CONCAT("- ",J35-I35))) -> + 8
G36: 3. Em Re-especificação | I36: =COUNTIFS('Detalhe Entregas e Status'!$I:$I,'Status Resumo'!G36,'Detalhe Entregas e Status'!$B:$B,"lt002_instrument",'Detalhe Entregas e Status'!$C:$C,"<>"&"UNIVERSO") -> 2 | J36: =COUNTIFS('Detalhe Entregas e Status'!$J:$J,'Status Resumo'!G36,'Detalhe Entregas e Status'!$B:$B,"lt002_instrument",'Detalhe Entregas e Status'!$C:$C,"<>"&"UNIVERSO") -> 0 | K36: =IF(I36-J36=0,"-",IF(I36-J36>0,_xlfn.CONCAT("+ ",I36-J36),_xlfn.CONCAT("- ",J36-I36))) -> + 2
G37: 4. Em Correção | I37: =COUNTIFS('Detalhe Entregas e Status'!$I:$I,'Status Resumo'!G37,'Detalhe Entregas e Status'!$B:$B,"lt002_instrument",'Detalhe Entregas e Status'!$C:$C,"<>"&"UNIVERSO") -> 0 | J37: =COUNTIFS('Detalhe Entregas e Status'!$J:$J,'Status Resumo'!G37,'Detalhe Entregas e Status'!$B:$B,"lt002_instrument",'Detalhe Entregas e Status'!$C:$C,"<>"&"UNIVERSO") -> 0 | K37: =IF(I37-J37=0,"-",IF(I37-J37>0,_xlfn.CONCAT("+ ",I37-J37),_xlfn.CONCAT("- ",J37-I37))) -> -
G38: 5. Em Re-teste | I38: =COUNTIFS('Detalhe Entregas e Status'!$I:$I,'Status Resumo'!G38,'Detalhe Entregas e Status'!$B:$B,"lt002_instrument",'Detalhe Entregas e Status'!$C:$C,"<>"&"UNIVERSO") -> 0 | J38: =COUNTIFS('Detalhe Entregas e Status'!$J:$J,'Status Resumo'!G38,'Detalhe Entregas e Status'!$B:$B,"lt002_instrument",'Detalhe Entregas e Status'!$C:$C,"<>"&"UNIVERSO") -> 0 | K38: =IF(I38-J38=0,"-",IF(I38-J38>0,_xlfn.CONCAT("+ ",I38-J38),_xlfn.CONCAT("- ",J38-I38))) -> -
G39: 6. Por Iniciar | I39: =COUNTIFS('Detalhe Entregas e Status'!$I:$I,'Status Resumo'!G39,'Detalhe Entregas e Status'!$B:$B,"lt002_instrument",'Detalhe Entregas e Status'!$C:$C,"<>"&"UNIVERSO") -> 10 | J39: =COUNTIFS('Detalhe Entregas e Status'!$J:$J,'Status Resumo'!G39,'Detalhe Entregas e Status'!$B:$B,"lt002_instrument",'Detalhe Entregas e Status'!$C:$C,"<>"&"UNIVERSO") -> 17 | K39: =IF(I39-J39=0,"-",IF(I39-J39>0,_xlfn.CONCAT("+ ",I39-J39),_xlfn.CONCAT("- ",J39-I39))) -> - 7
G40: 7. Por Entregar | I40: =COUNTIFS('Detalhe Entregas e Status'!$I:$I,'Status Resumo'!G40,'Detalhe Entregas e Status'!$B:$B,"lt002_instrument",'Detalhe Entregas e Status'!$C:$C,"<>"&"UNIVERSO") -> 21 | J40: =COUNTIFS('Detalhe Entregas e Status'!$J:$J,'Status Resumo'!G40,'Detalhe Entregas e Status'!$B:$B,"lt002_instrument",'Detalhe Entregas e Status'!$C:$C,"<>"&"UNIVERSO") -> 33 | K40: =IF(I40-J40=0,"-",IF(I40-J40>0,_xlfn.CONCAT("+ ",I40-J40),_xlfn.CONCAT("- ",J40-I40))) -> - 12
G41: Total | I41: =SUM(I34:I40) -> 51 | J41: =SUM(J34:J40) -> 51
G43: Status (Universo) | I43: 45799
G44: lt002_instrument | I44: wip
B47: 2. LT004_PROTECTION
C50: Resumo | G50: Status (Campos) | I50: 45799 | J50: 45792 | K50: ∆ | M50: Highlights
G51: 1. Concluído | I51: =COUNTIFS('Detalhe Entregas e Status'!$I:$I,'Status Resumo'!G51,'Detalhe Entregas e Status'!$B:$B,"lt004_protection",'Detalhe Entregas e Status'!$C:$C,"<>"&"UNIVERSO") -> 0 | J51: =COUNTIFS('Detalhe Entregas e Status'!$J:$J,'Status Resumo'!G51,'Detalhe Entregas e Status'!$B:$B,"lt004_protection",'Detalhe Entregas e Status'!$C:$C,"<>"&"UNIVERSO") -> 0 | K51: =IF(I51-J51=0,"-",IF(I51-J51>0,_xlfn.CONCAT("+ ",I51-J51),_xlfn.CONCAT("- ",J51-I51))) -> - | M51: Relativamente ao campo typ_vhcl da tabela lt004_protection falta testar os valores entre o âmbito GD e o âmbito Pilar 3.
G52: 2. Em Teste | I52: =COUNTIFS('Detalhe Entregas e Status'!$I:$I,'Status Resumo'!G52,'Detalhe Entregas e Status'!$B:$B,"lt004_protection",'Detalhe Entregas e Status'!$C:$C,"<>"&"UNIVERSO") -> 1 | J52: =COUNTIFS('Detalhe Entregas e Status'!$J:$J,'Status Resumo'!G52,'Detalhe Entregas e Status'!$B:$B,"lt004_protection",'Detalhe Entregas e Status'!$C:$C,"<>"&"UNIVERSO") -> 1 | K52: =IF(I52-J52=0,"-",IF(I52-J52>0,_xlfn.CONCAT("+ ",I52-J52),_xlfn.CONCAT("- ",J52-I52))) -> -
G53: 3. Em Re-especificação | I53: =COUNTIFS('Detalhe Entregas e Status'!$I:$I,'Status Resumo'!G53,'Detalhe Entregas e Status'!$B:$B,"lt004_protection",'Detalhe Entregas e Status'!$C:$C,"<>"&"UNIVERSO") -> 0 | J53: =COUNTIFS('Detalhe Entregas e Status'!$J:$J,'Status Resumo'!G53,'Detalhe Entregas e Status'!$B:$B,"lt004_protection",'Detalhe Entregas e Status'!$C:$C,"<>"&"UNIVERSO") -> 0 | K53: =IF(I53-J53=0,"-",IF(I53-J53>0,_xlfn.CONCAT("+ ",I53-J53),_xlfn.CONCAT("- ",J53-I53))) -> -
G54: 4. Em Correção | I54: =COUNTIFS('Detalhe Entregas e Status'!$I:$I,'Status Resumo'!G54,'Detalhe Entregas e Status'!$B:$B,"lt004_protection",'Detalhe Entregas e Status'!$C:$C,"<>"&"UNIVERSO") -> 0 | J54: =COUNTIFS('Detalhe Entregas e Status'!$J:$J,'Status Resumo'!G54,'Detalhe Entregas e Status'!$B:$B,"lt004_protection",'Detalhe Entregas e Status'!$C:$C,"<>"&"UNIVERSO") -> 0 | K54: =IF(I54-J54=0,"-",IF(I54-J54>0,_xlfn.CONCAT("+ ",I54-J54),_xlfn.CONCAT("- ",J54-I54))) -> -
G55: 5. Em Re-teste | I55: =COUNTIFS('Detalhe Entregas e Status'!$I:$I,'Status Resumo'!G55,'Detalhe Entregas e Status'!$B:$B,"lt004_protection",'Detalhe Entregas e Status'!$C:$C,"<>"&"UNIVERSO") -> 0 | J55: =COUNTIFS('Detalhe Entregas e Status'!$J:$J,'Status Resumo'!G55,'Detalhe Entregas e Status'!$B:$B,"lt004_protection",'Detalhe Entregas e Status'!$C:$C,"<>"&"UNIVERSO") -> 0 | K55: =IF(I55-J55=0,"-",IF(I55-J55>0,_xlfn.CONCAT("+ ",I55-J55),_xlfn.CONCAT("- ",J55-I55))) -> -
G56: 6. Por Iniciar | I56: =COUNTIFS('Detalhe Entregas e Status'!$I:$I,'Status Resumo'!G56,'Detalhe Entregas e Status'!$B:$B,"lt004_protection",'Detalhe Entregas e Status'!$C:$C,"<>"&"UNIVERSO") -> 0 | J56: =COUNTIFS('Detalhe Entregas e Status'!$J:$J,'Status Resumo'!G56,'Detalhe Entregas e Status'!$B:$B,"lt004_protection",'Detalhe Entregas e Status'!$C:$C,"<>"&"UNIVERSO") -> 0 | K56: =IF(I56-J56=0,"-",IF(I56-J56>0,_xlfn.CONCAT("+ ",I56-J56),_xlfn.CONCAT("- ",J56-I56))) -> -
G57: 7. Por Entregar | I57: =COUNTIFS('Detalhe Entregas e Status'!$I:$I,'Status Resumo'!G57,'Detalhe Entregas e Status'!$B:$B,"lt004_protection",'Detalhe Entregas e Status'!$C:$C,"<>"&"UNIVERSO") -> 6 | J57: =COUNTIFS('Detalhe Entregas e Status'!$J:$J,'Status Resumo'!G57,'Detalhe Entregas e Status'!$B:$B,"lt004_protection",'Detalhe Entregas e Status'!$C:$C,"<>"&"UNIVERSO") -> 6 | K57: =IF(I57-J57=0,"-",IF(I57-J57>0,_xlfn.CONCAT("+ ",I57-J57),_xlfn.CONCAT("- ",J57-I57))) -> -
G58: Total | I58: =SUM(I51:I57) -> 7 | J58: =SUM(J51:J57) -> 7
G60: Status (Universo) | I60: 45799
G61: lt004_protection | I61: ok
B64: 3. LT007_INSTR_ACTIVITY
C67: Resumo | G67: Status (Campos) | I67: 45799 | J67: 45792 | K67: ∆ | M67: Highlights
G68: 1. Concluído | I68: =COUNTIFS('Detalhe Entregas e Status'!$I:$I,'Status Resumo'!G68,'Detalhe Entregas e Status'!$B:$B,"lt007_instr_activity",'Detalhe Entregas e Status'!$C:$C,"<>"&"UNIVERSO") -> 0 | J68: =COUNTIFS('Detalhe Entregas e Status'!$J:$J,'Status Resumo'!G68,'Detalhe Entregas e Status'!$B:$B,"lt007_instr_activity",'Detalhe Entregas e Status'!$C:$C,"<>"&"UNIVERSO") -> 0 | K68: =IF(I68-J68=0,"-",IF(I68-J68>0,_xlfn.CONCAT("+ ",I68-J68),_xlfn.CONCAT("- ",J68-I68))) -> - | M68: Relativamente à tabela lt007_instr_activity apesar de já terem sido entregues 5 campos, estes encontram-se classificados como "6. Por Iniciar" uma vez que ainda estão em análise do lado de Pilar 3.
G69: 2. Em Teste | I69: =COUNTIFS('Detalhe Entregas e Status'!$I:$I,'Status Resumo'!G69,'Detalhe Entregas e Status'!$B:$B,"lt007_instr_activity",'Detalhe Entregas e Status'!$C:$C,"<>"&"UNIVERSO") -> 0 | J69: =COUNTIFS('Detalhe Entregas e Status'!$J:$J,'Status Resumo'!G69,'Detalhe Entregas e Status'!$B:$B,"lt007_instr_activity",'Detalhe Entregas e Status'!$C:$C,"<>"&"UNIVERSO") -> 0 | K69: =IF(I69-J69=0,"-",IF(I69-J69>0,_xlfn.CONCAT("+ ",I69-J69),_xlfn.CONCAT("- ",J69-I69))) -> -
G70: 3. Em Re-especificação | I70: =COUNTIFS('Detalhe Entregas e Status'!$I:$I,'Status Resumo'!G70,'Detalhe Entregas e Status'!$B:$B,"lt007_instr_activity",'Detalhe Entregas e Status'!$C:$C,"<>"&"UNIVERSO") -> 0 | J70: =COUNTIFS('Detalhe Entregas e Status'!$J:$J,'Status Resumo'!G70,'Detalhe Entregas e Status'!$B:$B,"lt007_instr_activity",'Detalhe Entregas e Status'!$C:$C,"<>"&"UNIVERSO") -> 0 | K70: =IF(I70-J70=0,"-",IF(I70-J70>0,_xlfn.CONCAT("+ ",I70-J70),_xlfn.CONCAT("- ",J70-I70))) -> -
G71: 4. Em Correção | I71: =COUNTIFS('Detalhe Entregas e Status'!$I:$I,'Status Resumo'!G71,'Detalhe Entregas e Status'!$B:$B,"lt007_instr_activity",'Detalhe Entregas e Status'!$C:$C,"<>"&"UNIVERSO") -> 0 | J71: =COUNTIFS('Detalhe Entregas e Status'!$J:$J,'Status Resumo'!G71,'Detalhe Entregas e Status'!$B:$B,"lt007_instr_activity",'Detalhe Entregas e Status'!$C:$C,"<>"&"UNIVERSO") -> 0 | K71: =IF(I71-J71=0,"-",IF(I71-J71>0,_xlfn.CONCAT("+ ",I71-J71),_xlfn.CONCAT("- ",J71-I71))) -> -
G72: 5. Em Re-teste | I72: =COUNTIFS('Detalhe Entregas e Status'!$I:$I,'Status Resumo'!G72,'Detalhe Entregas e Status'!$B:$B,"lt007_instr_activity",'Detalhe Entregas e Status'!$C:$C,"<>"&"UNIVERSO") -> 0 | J72: =COUNTIFS('Detalhe Entregas e Status'!$J:$J,'Status Resumo'!G72,'Detalhe Entregas e Status'!$B:$B,"lt007_instr_activity",'Detalhe Entregas e Status'!$C:$C,"<>"&"UNIVERSO") -> 0 | K72: =IF(I72-J72=0,"-",IF(I72-J72>0,_xlfn.CONCAT("+ ",I72-J72),_xlfn.CONCAT("- ",J72-I72))) -> -
G73: 6. Por Iniciar | I73: =COUNTIFS('Detalhe Entregas e Status'!$I:$I,'Status Resumo'!G73,'Detalhe Entregas e Status'!$B:$B,"lt007_instr_activity",'Detalhe Entregas e Status'!$C:$C,"<>"&"UNIVERSO") -> 5 | J73: =COUNTIFS('Detalhe Entregas e Status'!$J:$J,'Status Resumo'!G73,'Detalhe Entregas e Status'!$B:$B,"lt007_instr_activity",'Detalhe Entregas e Status'!$C:$C,"<>"&"UNIVERSO") -> 5 | K73: =IF(I73-J73=0,"-",IF(I73-J73>0,_xlfn.CONCAT("+ ",I73-J73),_xlfn.CONCAT("- ",J73-I73))) -> -
G74: 7. Por Entregar | I74: =COUNTIFS('Detalhe Entregas e Status'!$I:$I,'Status Resumo'!G74,'Detalhe Entregas e Status'!$B:$B,"lt007_instr_activity",'Detalhe Entregas e Status'!$C:$C,"<>"&"UNIVERSO") -> 1 | J74: =COUNTIFS('Detalhe Entregas e Status'!$J:$J,'Status Resumo'!G74,'Detalhe Entregas e Status'!$B:$B,"lt007_instr_activity",'Detalhe Entregas e Status'!$C:$C,"<>"&"UNIVERSO") -> 1 | K74: =IF(I74-J74=0,"-",IF(I74-J74>0,_xlfn.CONCAT("+ ",I74-J74),_xlfn.CONCAT("- ",J74-I74))) -> -
G75: Total | I75: =SUM(I68:I74) -> 6 | J75: =SUM(J68:J74) -> 6
G77: Status (Universo) | I77: 45799
G78: lt007_instr_activity | I78: por iniciar

Sheet Aux Gráficos
F1: Tabela | G1: lt002_instrument
B2: Tabela | C2: Campo | D2: Status Atual | F2: Campo | G2: (Multiple Items)
B3: lt002_instrument | C3: UNIVERSO | D3: 2. Em Teste
B4: lt002_instrument | C4: AVRG_BLNC | D4: 2. Em Teste | F4: Row Labels | G4: Count of Status Atual
B5: lt002_instrument | C5: NW_BSNSS | D5: 6. Por Iniciar | F5: 1. Concluído | G5: 9
B6: lt002_instrument | C6: GRSS_INTRST_INCM | D6: 2. Em Teste | F6: 2. Em Teste | G6: 9
B7: lt002_instrument | C7: GRSS_CMMSSN_INCM | D7: 2. Em Teste | F7: 6. Por Iniciar | G7: 10
B8: lt002_instrument | C8: INTRNL_TRNSFR_RT | D8: 6. Por Iniciar | F8: 7. Por Entregar | G8: 21
B9: lt002_instrument | C9: NT_LN_LSS_PRVSN | D9: 3. Em Re-especificação | F9: 3. Em Re-especificação | G9: 2
B10: lt002_instrument | C10: BSNSS_AREA | D10: 7. Por Entregar
B11: lt002_instrument | C11: MNGMNT_PRDCT | D11: 6. Por Iniciar
B12: lt002_instrument | C12: GRSS_CMMSSN_EXPNS | D12: 2. Em Teste
B13: lt002_instrument | C13: GNS_FNNCL_TRNSCTN_EXCHNG_DFFRNCS | D13: 6. Por Iniciar
B14: lt002_instrument | C14: FLG_INTRBSNSS | D14: 6. Por Iniciar
B15: lt002_instrument | C15: INTRBSNSS_ADJ_COD | D15: 6. Por Iniciar | F15: Tabela | G15: lt004_protection
B16: lt002_instrument | C16: COD_SOC_DSTNTN | D16: 6. Por Iniciar | F16: Campo | G16: (Multiple Items)
B17: lt002_instrument | C17: BSNSS_AREA_DSTNTN | D17: 6. Por Iniciar
B18: lt002_instrument | C18: AVRG_BLNC_OFF_BLNC | D18: 2. Em Teste | F18: Row Labels | G18: Count of Status Atual
B19: lt002_instrument | C19: INTRNL_TRNSFR_RT_OFF_BLNC | D19: 6. Por Iniciar | F19: 2. Em Teste | G19: 1
B20: lt002_instrument | C20: GRSS_CMMSSN_INCM_OFF_BLNC | D20: 2. Em Teste | F20: 7. Por Entregar | G20: 6
B21: lt002_instrument | C21: GRSS_CMMSSN_EXPNS_OFF_BLNC | D21: 2. Em Teste
B22: lt002_instrument | C22: RWA_OFF_BLNC | D22: 7. Por Entregar
B23: lt002_instrument | C23: GRSS_INTRST_EXPNS | D23: 2. Em Teste | F23: Tabela | G23: lt007_instr_activity
B24: lt002_instrument | C24: NT_LN_LSS_PRVSN_OFF_BLNC | D24: 7. Por Entregar | F24: Campo | G24: (Multiple Items)
B25: lt002_instrument | C25: GRSS_INTRST_INCM_CCRR | D25: 1. Concluído
B26: lt002_instrument | C26: GRSS_INTRST_EXPNS_CCRR | D26: 1. Concluído | F26: Row Labels | G26: Count of Status Atual
B27: lt002_instrument | C27: GRSS_CMMSSN_INCM_CCRR | D27: 1. Concluído | F27: 6. Por Iniciar | G27: 5
B28: lt002_instrument | C28: GRSS_CMMSSN_EXPNS_CCRR | D28: 1. Concluído | F28: 7. Por Entregar | G28: 1
B29: lt002_instrument | C29: GNS_FNNCL_TRNSCTN_EXCHNG_CCRR | D29: 1. Concluído
B30: lt002_instrument | C30: BSNSS_AREA_CCRR | D30: 1. Concluído
B31: lt002_instrument | C31: GRSS_CMMSSN_INCM_OFF_BLNC_CCRR | D31: 1. Concluído
B32: lt002_instrument | C32: GRSS_CMMSSN_EXPNS_OFF_BLNC_CCRR | D32: 1. Concluído
B33: lt002_instrument | C33: CCF | D33: 7. Por Entregar
B34: lt002_instrument | C34: EAD | D34: 7. Por Entregar
B35: lt002_instrument | C35: TYP_OFF_BLNC_PRDCT | D35: 7. Por Entregar
B36: lt002_instrument | C36: COD_SOC | D36: 7. Por Entregar
B37: lt002_instrument | C37: SUBPORTFOLIO_ID | D37: 7. Por Entregar
B38: lt002_instrument | C38: DT_RFRNC | D38: 1. Concluído
B39: lt002_instrument | C39: DFLT_STTS_INSTRMNT | D39: 7. Por Entregar
B40: lt002_instrument | C40: IMPRMNT_STTS | D40: 7. Por Entregar
... B75: lt007_instr_activity | C75: INSTRMNT_ID | D75: 6. Por Iniciar

Sheet MacroPlano
B7: Legenda:
B9: « | C9: Entregas da equipa de IT
B10: ♦ | C10: Reuniões de PdS com cliente
B11: 3 | C11: Tempo estimado para a realização da atividade
C12: Feriados
G14: Semana 1 | K14: Semana 2 | P14: Semana 3 | U14: Semana 4 | Z14: Semana 5 | AF14: Semana 6 | AK14: Semana 7 | AO14: Semana 8 | AT14: Semana 9
B15: ID | C15: Atividade | E15: Owner | G15: 12/mai a 15/mai | K15: 16/mai a 22/mai | P15: 23/mai a 29/mai | U15: 30/mai a 05/jun | Z15: 06/jun a 13/jun | AF15: 16/jun a 20/jun | AK15: 23/jun a 26/jun | AO15: 27/jun a 03/jul | AT15: 04/jul a 11/jul
B16: 0. | C16: Gestão
B17: 0.1 | C17: SetUp | E17: Neyond
B18: 0.2 | C18: Reuniões de PdS | E18: Neyond/CdG/IT | J18: ♦ | O18: ♦ | T18: ♦ | Y18: ♦ | AD18: ♦ | AJ18: ♦ | AN18: ♦ | AS18: ♦ | AX18: ♦
B19: 1. | C19: Testes - Entrega 1 | G19: «
B20: 1.1 | C20: lt002_instrument | D20: UNIVERSO | E20: Neyond
B21: 1.2 | C21: lt002_instrument | D21: NW_BSNSS | E21: Neyond
B22: 1.3 | C22: lt002_instrument | D22: GRSS_INTRST_INCM_CCRR | E22: Neyond
B23: =_xlfn.CONCAT(B19,RIGHT(B22,1)+1) -> 1.4 | C23: lt002_instrument | D23: GRSS_INTRST_EXPNS_CCRR | E23: Neyond
B24: 1.5 | C24: lt002_instrument | D24: GRSS_CMMSSN_INCM_CCRR | E24: Neyond
B25: 1.6 | C25: lt002_instrument | D25: GRSS_CMMSSN_EXPNS_CCRR | E25: Neyond
B26: 1.7 | C26: lt002_instrument | D26: GNS_FNNCL_TRNSCTN_EXCHNG_CCRR | E26: Neyond
B27: 1.8 | C27: lt002_instrument | D27: BSNSS_AREA_CCRR | E27: Neyond
B28: 1.9 | C28: lt002_instrument | D28: GRSS_CMMSSN_INCM_OFF_BLNC_CCRR | E28: Neyond
B29: 1.10 | C29: lt002_instrument | D29: GRSS_CMMSSN_EXPNS_OFF_BLNC_CCRR | E29: Neyond
B30: 1.11 | C30: lt002_instrument | D30: DT_RFRNC | E30: Neyond
B31: 1.12 | C31: lt002_instrument | D31: CNCLLD_INSTRMNT_STTS | E31: Neyond
B32: 1.13 | C32: lt002_instrument | D32: INSTRMNT_ID | E32: Neyond
B33: 2. | C33: Testes - Entrega 2 | G33: «
B34: 2.1 | C34: lt002_instrument | D34: GRSS_INTRST_INCM | E34: Neyond
B35: 2.2 | C35: lt002_instrument | D35: GRSS_CMMSSN_INCM | E35: Neyond
B36: 2.3 | C36: lt002_instrument | D36: GRSS_CMMSSN_EXPNS | E36: Neyond
B37: 2.4 | C37: lt002_instrument | D37: AVRG_BLNC_OFF_BLNC | E37: Neyond
B38: 2.5 | C38: lt002_instrument | D38: GRSS_CMMSSN_INCM_OFF_BLNC | E38: Neyond
B39: 2.6 | C39: lt002_instrument | D39: GRSS_CMMSSN_EXPNS_OFF_BLNC | E39: Neyond
B40: 2.7 | C40: lt004_protection | D40: UNIVERSO | E40: Neyond
B41: 2.8 | C41: lt004_protection | D41: TYP_VHCL | E41: Neyond
B42: 2.9 | C42: lt007_instr_activity | D42: UNIVERSO | E42: Neyond
B43: 2.10 | C43: lt007_instr_activity | D43: PRCNTG_ACTVTY | E43: Neyond
B44: 2.11 | C44: lt007_instr_activity | D44: SSTNBL_CTGRY | E44: Neyond
B45: 2.12 | C45: lt007_instr_activity | D45: COD_SOC | E45: Neyond
... B47: 2.14 | C47: lt007_instr_activity | D47: INSTRMNT_ID | E47: Neyond
B48: 3. | C48: Testes - Entrega 3 | L48: «
B49: 3.1 | C49: lt002_instrument | D49: AVRG_BLNC | E49: Neyond
B50: 3.2 | C50: lt002_instrument | D50: INTRNL_TRNSFR_RT | E50: Neyond
B51: 3.3 | C51: lt002_instrument | D51: NT_LN_LSS_PRVSN | E51: Neyond
B52: 3.4 | C52: lt002_instrument | D52: MNGMNT_PRDCT | E52: Neyond
B53: 3.5 | C53: lt002_instrument | D53: GNS_FNNCL_TRNSCTN_EXCHNG_DFFRNCS | E53: Neyond
B54: 3.6 | C54: lt002_instrument | D54: FLG_INTRBSNSS | E54: Neyond
B55: 3.7 | C55: lt002_instrument | D55: INTRBSNSS_ADJ_COD | E55: Neyond
B56: 3.8 | C56: lt002_instrument | D56: COD_SOC_DSTNTN | E56: Neyond
B57: 3.9 | C57: lt002_instrument | D57: BSNSS_AREA_DSTNTN | E57: Neyond
B58: 3.10 | C58: lt002_instrument | D58: INTRNL_TRNSFR_RT_OFF_BLNC | E58: Neyond
B59: 3.11 | C59: lt002_instrument | D59: GRSS_INTRST_EXPNS | E59: Neyond
B60: 3.12 | C60: lt002_instrument | D60: COD_SOC_INTRGRP | E60: Neyond
B61: 4. | C61: Testes - Entrega 4 | Q61: «
B62: 4.1 | C62: lt002_instrument | D62: BSNSS_AREA | E62: Neyond
B63: 4.2 | C63: lt002_instrument | D63: RWA_OFF_BLNC | E63: Neyond
B64: 4.3 | C64: lt002_instrument | D64: NT_LN_LSS_PRVSN_OFF_BLNC | E64: Neyond
B65: 4.4 | C65: lt002_instrument | D65: CCF | E65: Neyond
B66: 4.5 | C66: lt002_instrument | D66: COD_SOC | E66: Neyond
B67: 4.6 | C67: lt002_instrument | D67: SUBPORTFOLIO_ID | E67: Neyond
B68: 4.7 | C68: lt002_instrument | D68: DFLT_STTS_INSTRMNT | E68: Neyond
B69: 4.8 | C69: lt002_instrument | D69: IMPRMNT_STTS | E69: Neyond
B70: 4.9 | C70: lt002_instrument | D70: PRFRMNG_STTS | E70: Neyond
B71: 4.10 | C71: lt002_instrument | D71: TYP_INSTRMNT | E71: Neyond
B72: 4.11 | C72: lt002_instrument | D72: GRSS_CRRYNG_AMNT_INSTRMNT | E72: Neyond
B73: 4.12 | C73: lt002_instrument | D73: PRVSNS_OFF_BLNC_SHT | E73: Neyond
... B87: 4.26 | C87: lt007_instr_activity | D87: SSTNBL_INDCTR | E87: Neyond
B88: 5. | C88: Testes - Entrega 5 | V88: «
B89: 5.1 | C89: lt002_instrument | D89: EAD | E89: Neyond
B90: 5.2 | C90: lt002_instrument | D90: TYP_OFF_BLNC_PRDCT | E90: Neyond
B91: 5.3 | C91: lt002_instrument | D91: ACCMLTD_CHNGS_FV_CR_INSTRMNT | E91: Neyond
B92: 5.4 | C92: lt002_instrument | D92: ACCNTNG_CLSSFCTN | E92: Neyond
B93: 5.5 | C93: lt002_instrument | D93: OFF_BLNC_SHT_AMNT_INSTRMNT | E93: Neyond
B94: 5.6 | C94: lt002_instrument | D94: RWA | E94: Neyond
B95: 5.7 | C95: lt002_instrument | D95: ACCMLTD_IMPRMNT_INSTRMNT | E95: Neyond
B96: 5.8 | C96: lt002_instrument | D96: IDCMB | E96: Neyond
B97: 6. | C97: Re-Testes
B98: 6.1 | C98: Re-Testes às correções efetuadas | E98: Neyond
B99: 7. | C99: Documentação
B100: 7.1 | C100: Atualização do documento de especificação | E100: Neyond

Sheet Detalhe Entregas e Status
E7: Entrega IT
B8: Tabela | C8: Campo | D8: Entrega Neyond | E8: Data Prevista | F8: Data Real | G8: Atraso (em dias) | I8: Status Atual | J8: Status Anterior
B9: lt002_instrument | C9: UNIVERSO | D9: Package 1 | E9: 45782 | F9: 45782 | G9: =+IF(F9="","N/A",F9-E9) -> 0 | I9: 2. Em Teste | J9: 2. Em Teste
B10: lt002_instrument | C10: AVRG_BLNC | D10: Package 4 | E10: 45796 | F10: 45796 | G10: =+IF(F10="","N/A",F10-E10) -> 0 | I10: 2. Em Teste | J10: 7. Por Entregar
B11: lt002_instrument | C11: NW_BSNSS | D11: Package 5 | E11: 45782 | F11: 45782 | G11: =+IF(F11="","N/A",F11-E11) -> 0 | I11: 6. Por Iniciar | J11: 6. Por Iniciar
B12: lt002_instrument | C12: GRSS_INTRST_INCM | D12: Package 4 | E12: 45789 | F12: 45789 | G12: =+IF(F12="","N/A",F12-E12) -> 0 | I12: 2. Em Teste | J12: 6. Por Iniciar
B13: lt002_instrument | C13: GRSS_CMMSSN_INCM | D13: Package 4 | E13: 45789 | F13: 45789 | G13: =+IF(F13="","N/A",F13-E13) -> 0 | I13: 2. Em Teste | J13: 6. Por Iniciar
B14: lt002_instrument | C14: INTRNL_TRNSFR_RT | D14: Package 1 | E14: 45796 | F14: 45796 | G14: =+IF(F14="","N/A",F14-E14) -> 0 | I14: 6. Por Iniciar | J14: 7. Por Entregar
B15: lt002_instrument | C15: NT_LN_LSS_PRVSN | D15: Package 4 | E15: 45796 | F15: 45796 | G15: =+IF(F15="","N/A",F15-E15) -> 0 | I15: 3. Em Re-especificação | J15: 7. Por Entregar
B16: lt002_instrument | C16: BSNSS_AREA | D16: Package 5 | E16: 45803 | G16: =+IF(F16="","N/A",F16-E16) -> N/A | I16: 7. Por Entregar | J16: 7. Por Entregar
B17: lt002_instrument | C17: MNGMNT_PRDCT | D17: Package 1 | E17: 45796 | F17: 45796 | G17: =+IF(F17="","N/A",F17-E17) -> 0 | I17: 6. Por Iniciar | J17: 7. Por Entregar
B18: lt002_instrument | C18: GRSS_CMMSSN_EXPNS | D18: Package 4 | E18: 45789 | F18: 45789 | G18: =+IF(F18="","N/A",F18-E18) -> 0 | I18: 2. Em Teste | J18: 6. Por Iniciar
B19: lt002_instrument | C19: GNS_FNNCL_TRNSCTN_EXCHNG_DFFRNCS | D19: Package 4 | E19: 45796 | F19: 45796 | G19: =+IF(F19="","N/A",F19-E19) -> 0 | I19: 6. Por Iniciar | J19: 7. Por Entregar
B20: lt002_instrument | C20: FLG_INTRBSNSS | D20: Package 1 | E20: 45796 | F20: 45796 | G20: =+IF(F20="","N/A",F20-E20) -> 0 | I20: 6. Por Iniciar | J20: 7. Por Entregar
B21: lt002_instrument | C21: INTRBSNSS_ADJ_COD | D21: Package 1 | E21: 45796 | F21: 45796 | G21: =+IF(F21="","N/A",F21-E21) -> 0 | I21: 6. Por Iniciar | J21: 7. Por Entregar
B22: lt002_instrument | C22: COD_SOC_DSTNTN | D22: Package 1 | E22: 45796 | F22: 45796 | G22: =+IF(F22="","N/A",F22-E22) -> 0 | I22: 6. Por Iniciar | J22: 7. Por Entregar
B23: lt002_instrument | C23: BSNSS_AREA_DSTNTN | D23: Package 1 | E23: 45796 | F23: 45796 | G23: =+IF(F23="","N/A",F23-E23) -> 0 | I23: 6. Por Iniciar | J23: 7. Por Entregar
B24: lt002_instrument | C24: AVRG_BLNC_OFF_BLNC | D24: Package 4 | E24: 45789 | F24: 45789 | G24: =+IF(F24="","N/A",F24-E24) -> 0 | I24: 2. Em Teste | J24: 6. Por Iniciar
B25: lt002_instrument | C25: INTRNL_TRNSFR_RT_OFF_BLNC | D25: Package 1 | E25: 45796 | F25: 45796 | G25: =+IF(F25="","N/A",F25-E25) -> 0 | I25: 6. Por Iniciar | J25: 7. Por Entregar
B26: lt002_instrument | C26: GRSS_CMMSSN_INCM_OFF_BLNC | D26: Package 4 | E26: 45789 | F26: 45789 | G26: =+IF(F26="","N/A",F26-E26) -> 0 | I26: 2. Em Teste | J26: 6. Por Iniciar
B27: lt002_instrument | C27: GRSS_CMMSSN_EXPNS_OFF_BLNC | D27: Package 4 | E27: 45789 | F27: 45789 | G27: =+IF(F27="","N/A",F27-E27) -> 0 | I27: 2. Em Teste | J27: 6. Por Iniciar
B28: lt002_instrument | C28: RWA_OFF_BLNC | D28: Package 1 | E28: 45803 | G28: =+IF(F28="","N/A",F28-E28) -> N/A | I28: 7. Por Entregar | J28: 7. Por Entregar
B29: lt002_instrument | C29: GRSS_INTRST_EXPNS | D29: Package 4 | E29: 45796 | F29: 45796 | G29: =+IF(F29="","N/A",F29-E29) -> 0 | I29: 2. Em Teste | J29: 7. Por Entregar
B30: lt002_instrument | C30: NT_LN_LSS_PRVSN_OFF_BLNC | D30: Package 4 | E30: 45803 | G30: =+IF(F30="","N/A",F30-E30) -> N/A | I30: 7. Por Entregar | J30: 7. Por Entregar
B31: lt002_instrument | C31: GRSS_INTRST_INCM_CCRR | D31: Package 4 | E31: 45782 | F31: 45782 | G31: =+IF(F31="","N/A",F31-E31) -> 0 | I31: 1. Concluído | J31: 6. Por Iniciar
B32: lt002_instrument | C32: GRSS_INTRST_EXPNS_CCRR | D32: Package 4 | E32: 45782 | F32: 45782 | G32: =+IF(F32="","N/A",F32-E32) -> 0 | I32: 1. Concluído | J32: 6. Por Iniciar
B33: lt002_instrument | C33: GRSS_CMMSSN_INCM_CCRR | D33: Package 4 | E33: 45782 | F33: 45782 | G33: =+IF(F33="","N/A",F33-E33) -> 0 | I33: 1. Concluído | J33: 6. Por Iniciar
B34: lt002_instrument | C34: GRSS_CMMSSN_EXPNS_CCRR | D34: Package 4 | E34: 45782 | F34: 45782 | G34: =+IF(F34="","N/A",F34-E34) -> 0 | I34: 1. Concluído | J34: 6. Por Iniciar
B35: lt002_instrument | C35: GNS_FNNCL_TRNSCTN_EXCHNG_CCRR | D35: Package 4 | E35: 45782 | F35: 45782 | G35: =+IF(F35="","N/A",F35-E35) -> 0 | I35: 1. Concluído | J35: 6. Por Iniciar
B36: lt002_instrument | C36: BSNSS_AREA_CCRR | D36: Package 4 | E36: 45782 | F36: 45782 | G36: =+IF(F36="","N/A",F36-E36) -> 0 | I36: 1. Concluído | J36: 6. Por Iniciar
B37: lt002_instrument | C37: GRSS_CMMSSN_INCM_OFF_BLNC_CCRR | D37: Package 4 | E37: 45782 | F37: 45782 | G37: =+IF(F37="","N/A",F37-E37) -> 0 | I37: 1. Concluído | J37: 6. Por Iniciar
B38: lt002_instrument | C38: GRSS_CMMSSN_EXPNS_OFF_BLNC_CCRR | D38: Package 4 | E38: 45782 | F38: 45782 | G38: =+IF(F38="","N/A",F38-E38) -> 0 | I38: 1. Concluído | J38: 6. Por Iniciar
B39: lt002_instrument | C39: CCF | D39: Package 2 | E39: 45803 | G39: =+IF(F39="","N/A",F39-E39) -> N/A | I39: 7. Por Entregar | J39: 7. Por Entregar
B40: lt002_instrument | C40: EAD | D40: Package 2 | E40: 45810 | G40: =+IF(F40="","N/A",F40-E40) -> N/A | I40: 7. Por Entregar | J40: 7. Por Entregar
B41: lt002_instrument | C41: TYP_OFF_BLNC_PRDCT | D41: Package 2 | E41: 45810 | G41: =+IF(F41="","N/A",F41-E41) -> N/A | I41: 7. Por Entregar | J41: 7. Por Entregar
B42: lt002_instrument | C42: COD_SOC | D42: Package 2 | E42: 45803 | G42: =+IF(F42="","N/A",F42-E42) -> N/A | I42: 7. Por Entregar | J42: 7. Por Entregar
B43: lt002_instrument | C43: SUBPORTFOLIO_ID | D43: Package 2 | E43: 45803 | G43: =+IF(F43="","N/A",F43-E43) -> N/A | I43: 7. Por Entregar | J43: 7. Por Entregar
B44: lt002_instrument | C44: DT_RFRNC | D44: Package 2 | E44: 45782 | F44: 45782 | G44: =+IF(F44="","N/A",F44-E44) -> 0 | I44: 1. Concluído | J44: 6. Por Iniciar
B45: lt002_instrument | C45: DFLT_STTS_INSTRMNT | D45: Package 2 | E45: 45803 | G45: =+IF(F45="","N/A",F45-E45) -> N/A | I45: 7. Por Entregar | J45: 7. Por Entregar
B46: lt002_instrument | C46: IMPRMNT_STTS | D46: Package 2 | E46: 45803 | G46: =+IF(F46="","N/A",F46-E46) -> N/A | I46: 7. Por Entregar | J46: 7. Por Entregar
B47: lt002_instrument | C47: PRFRMNG_STTS | D47: Package 2 | E47: 45803 | G47: =+IF(F47="","N/A",F47-E47) -> N/A | I47: 7. Por Entregar | J47: 7. Por Entregar
B48: lt002_instrument | C48: TYP_INSTRMNT | D48: Package 2 | E48: 45803 | G48: =+IF(F48="","N/A",F48-E48) -> N/A | I48: 7. Por Entregar | J48: 7. Por Entregar
B49: lt002_instrument | C49: GRSS_CRRYNG_AMNT_INSTRMNT | D49: Package 2 | E49: 45803 | G49: =+IF(F49="","N/A",F49-E49) -> N/A | I49: 7. Por Entregar | J49: 7. Por Entregar
B50: lt002_instrument | C50: ACCMLTD_CHNGS_FV_CR_INSTRMNT | D50: Package 2 | E50: 45810 | G50: =+IF(F50="","N/A",F50-E50) -> N/A | I50: 7. Por Entregar | J50: 7. Por Entregar
B51: lt002_instrument | C51: ACCNTNG_CLSSFCTN | D51: Package 2 | E51: 45810 | G51: =+IF(F51="","N/A",F51-E51) -> N/A | I51: 7. Por Entregar | J51: 7. Por Entregar
B52: lt002_instrument | C52: OFF_BLNC_SHT_AMNT_INSTRMNT | D52: Package 2 | E52: 45810 | G52: =+IF(F52="","N/A",F52-E52) -> N/A | I52: 7. Por Entregar | J52: 7. Por Entregar
B53: lt002_instrument | C53: PRVSNS_OFF_BLNC_SHT | D53: Package 2 | E53: 45803 | G53: =+IF(F53="","N/A",F53-E53) -> N/A | I53: 7. Por Entregar | J53: 7. Por Entregar
B54: lt002_instrument | C54: RWA | D54: Package 2 | E54: 45810 | G54: =+IF(F54="","N/A",F54-E54) -> N/A | I54: 7. Por Entregar | J54: 7. Por Entregar
B55: lt002_instrument | C55: ACCMLTD_IMPRMNT_INSTRMNT | D55: Package 2 | E55: 45810 | G55: =+IF(F55="","N/A",F55-E55) -> N/A | I55: 7. Por Entregar | J55: 7. Por Entregar
B56: lt002_instrument | C56: COD_SOC_INTRGRP | D56: Package 2 | E56: 45796 | F56: 45796 | G56: =+IF(F56="","N/A",F56-E56) -> 0 | I56: 6. Por Iniciar | J56: 7. Por Entregar
B57: lt002_instrument | C57: LCL_INSTMRNT_ID | D57: Package 5 | E57: 45803 | G57: =+IF(F57="","N/A",F57-E57) -> N/A | I57: 7. Por Entregar | J57: 7. Por Entregar
B58: lt002_instrument | C58: IDCMB | D58: Package 7 | E58: 45810 | G58: =+IF(F58="","N/A",F58-E58) -> N/A | I58: 7. Por Entregar | J58: 7. Por Entregar
B59: lt002_instrument | C59: CNCLLD_INSTRMNT_STTS | D59: Package 5 | E59: 45782 | F59: 45782 | G59: =+IF(F59="","N/A",F59-E59) -> 0 | I59: 3. Em Re-especificação | J59: 6. Por Iniciar
B60: lt002_instrument | C60: INSTRMNT_ID | D60: Package 5 | E60: 45782 | F60: 45782 | G60: =+IF(F60="","N/A",F60-E60) -> 0 | I60: 2. Em Teste | J60: 2. Em Teste
B61: lt004_protection | C61: UNIVERSO | D61: Package 3 | E61: 45789 | F61: 45789 | G61: =+IF(F61="","N/A",F61-E61) -> 0 | I61: 1. Concluído | J61: 1. Concluído
B62: lt004_protection | C62: COD_SOC | D62: Package 3 | E62: 45803 | G62: =+IF(F62="","N/A",F62-E62) -> N/A | I62: 7. Por Entregar | J62: 7. Por Entregar
B63: lt004_protection | C63: DT_RFRNC | D63: Package 3 | E63: 45803 | G63: =+IF(F63="","N/A",F63-E63) -> N/A | I63: 7. Por Entregar | J63: 7. Por Entregar
B64: lt004_protection | C64: PRTCTN_ID | D64: Package 3 | E64: 45803 | G64: =+IF(F64="","N/A",F64-E64) -> N/A | I64: 7. Por Entregar | J64: 7. Por Entregar
B65: lt004_protection | C65: TYP_PRTCTN | D65: Package 3 | E65: 45803 | G65: =+IF(F65="","N/A",F65-E65) -> N/A | I65: 7. Por Entregar | J65: 7. Por Entregar
B66: lt004_protection | C66: PRTCTN_VL | D66: Package 3 | E66: 45803 | G66: =+IF(F66="","N/A",F66-E66) -> N/A | I66: 7. Por Entregar | J66: 7. Por Entregar
B67: lt004_protection | C67: TYP_VHCL | D67: Package 7 | E67: 45789 | F67: 45789 | G67: =+IF(F67="","N/A",F67-E67) -> 0 | I67: 2. Em Teste | J67: 2. Em Teste
B68: lt004_protection | C68: FLG_ELCTRC_VHCL | D68: Package 7 | E68: 45803 | G68: =+IF(F68="","N/A",F68-E68) -> N/A | I68: 7. Por Entregar | J68: 7. Por Entregar
B69: lt006_instr_protection | C69: UNIVERSO | D69: Package 3 | E69: 45803 | G69: =+IF(F69="","N/A",F69-E69) -> N/A | I69: 7. Por Entregar | J69: 7. Por Entregar
B70: lt006_instr_protection | C70: COD_SOC | D70: Package 3 | E70: 45803 | G70: =+IF(F70="","N/A",F70-E70) -> N/A | I70: 7. Por Entregar | J70: 7. Por Entregar
B71: lt006_instr_protection | C71: DT_RFRNC | D71: Package 3 | E71: 45803 | G71: =+IF(F71="","N/A",F71-E71) -> N/A | I71: 7. Por Entregar | J71: 7. Por Entregar
B72: lt006_instr_protection | C72: INSTRMNT_ID | D72: Package 3 | E72: 45803 | G72: =+IF(F72="","N/A",F72-E72) -> N/A | I72: 7. Por Entregar | J72: 7. Por Entregar
B73: lt006_instr_protection | C73: PRTCTN_ID | D73: Package 3 | E73: 45803 | G73: =+IF(F73="","N/A",F73-E73) -> N/A | I73: 7. Por Entregar | J73: 7. Por Entregar
B74: lt006_instr_protection | C74: TYP_RLTN | D74: Package 7 | E74: 45803 | G74: =+IF(F74="","N/A",F74-E74) -> N/A | I74: 7. Por Entregar | J74: 7. Por Entregar
B75: lt007_instr_activity | C75: UNIVERSO | D75: Package 6 | E75: 45789 | F75: 45789 | G75: =+IF(F75="","N/A",F75-E75) -> 0 | I75: 6. Por Iniciar | J75: 6. Por Iniciar
B76: lt007_instr_activity | C76: PRCNTG_ACTVTY | D76: Package 6 | E76: 45789 | F76: 45789 | G76: =+IF(F76="","N/A",F76-E76) -> 0 | I76: 6. Por Iniciar | J76: 6. Por Iniciar
B77: lt007_instr_activity | C77: SSTNBL_INDCTR | D77: Package 7 | E77: 45803 | G77: =+IF(F77="","N/A",F77-E77) -> N/A | I77: 7. Por Entregar | J77: 7. Por Entregar
B78: lt007_instr_activity | C78: SSTNBL_CTGRY | D78: Package 6 | E78: 45789 | F78: 45789 | G78: =+IF(F78="","N/A",F78-E78) -> 0 | I78: 6. Por Iniciar | J78: 6. Por Iniciar
B79: lt007_instr_activity | C79: COD_SOC | D79: Package 6 | E79: 45789 | F79: 45789 | G79: =+IF(F79="","N/A",F79-E79) -> 0 | I79: 6. Por Iniciar | J79: 6. Por Iniciar
B80: lt007_instr_activity | C80: DT_RFRNC | D80: Package 6 | E80: 45789 | F80: 45789 | G80: =+IF(F80="","N/A",F80-E80) -> 0 | I80: 6. Por Iniciar | J80: 6. Por Iniciar
B81: lt007_instr_activity | C81: INSTRMNT_ID | D81: Package 6 | E81: 45789 | F81: 45789 | G81: =+IF(F81="","N/A",F81-E81) -> 0 | I81: 6. Por Iniciar | J81: 6. Por Iniciar

Sheet Aux Testes_Status
B7: Status para Testes/Re-Testes
B9: Status | C9: Descrição
B10: 1. Concluído | C10: Campo concluído com sucesso.
B11: 2. Em Teste | C11: Campo em teste pela equipa Neyond.
B12: 3. Em Re-especificação | C12: Campo em re-especificação pela equipa Neyond.
B13: 4. Em Correção | C13: Campo em correção pela equipa IT.
B14: 5. Em Re-teste | C14: Campo em re-teste pela equipa Neyond.
B15: 6. Por Iniciar | C15: Campo não iniciado pela equipa Neyond.
B16: 7. Por Entregar | C16: Campo ainda não entregue para testes por parte da equipa de IT.
