Workbook

Sheet Sheet
A1: univ | B1: ref_date | C1: ambito | D1: segmento | E1: instrmnt_id_aux | F1: instrmnt_id | G1: lcl_instmrnt_id | H1: cempcta | I1: ckbalcao | J1: cknumcta | K1: zdeposit_mis | L1: ckarea | M1: bsnss_area | N1: ckmetamis | O1: dinioper | P1: cnclld_instrmnt_stts | Q1: ckprodmi
A2: CANCELADOS | B2: 2025-01-31 | C2: GD | D2: ESTR | E2: 31000311582823029000000000000000 | F2: 31000311582823029000000000000000 | G2: 31000311582823029000000000000000 | H2: 31 | I2: 0003 | J2: 11582823029 | K2: 000000000000000 | L2: AN01020410 | M2: BA4 | N2: AI10A1 | O2: NULL | P2: ANALISE | Q2: {=INDEX(Sheet1!$A$1:$M$24,MATCH(1,(Sheet1!$B$1:$B$24=Sheet!I2)*(Sheet!J2=Sheet1!$C$1:$C$24)*(Sheet1!$D$1:$D$24=Sheet!K2),0),5)} -> #N/A | R2: =IF(OR(LEFT(Q2;2)="0C"
A3: CANCELADOS | B3: 2025-01-31 | C3: GD | D3: ESTR | E3: 31641600000000940PC0654399000000 | F3: SNCO0000000031641600000000940PC0654399000000BA11 | G3: SNCO0000000031641600000000940PC0654399000000BA11 | H3: 31 | I3: 6416 | J3: 00000000940 | K3: PC0654399000000 | L3: AN02030400 | M3: BA11 | N3: AI0408 | O3: NULL | P3: ANALISE | Q3: {=INDEX(Sheet1!$A$1:$M$24,MATCH(1,(Sheet1!$B$1:$B$24=Sheet!I3)*(Sheet!J3=Sheet1!$C$1:$C$24)*(Sheet1!$D$1:$D$24=Sheet!K3),0),5)} -> #N/A
A4: CANCELADOS | B4: 2025-01-31 | C4: GD | D4: ESTR | E4: 31000311766822029000000000000000 | F4: 31000311766822029000000000000000 | G4: 31000311766822029000000000000000 | H4: 31 | I4: 0003 | J4: 11766822029 | K4: 000000000000000 | L4: AN01020410 | M4: BA4 | N4: AO0306 | O4: NULL | P4: ANALISE | Q4: {=INDEX(Sheet1!$A$1:$M$24,MATCH(1,(Sheet1!$B$1:$B$24=Sheet!I4)*(Sheet!J4=Sheet1!$C$1:$C$24)*(Sheet1!$D$1:$D$24=Sheet!K4),0),5)} -> #N/A | S4: confirming
A5: CANCELADOS | B5: 2025-01-31 | C5: GD | D5: ESTR | E5: 31000311594687029000000000000000 | F5: 31000311594687029000000000000000 | G5: 31000311594687029000000000000000 | H5: 31 | I5: 0003 | J5: 11594687029 | K5: 000000000000000 | L5: AN01020410 | M5: BA4 | N5: AI10A1 | O5: NULL | P5: ANALISE | Q5: {=INDEX(Sheet1!$A$1:$M$24,MATCH(1,(Sheet1!$B$1:$B$24=Sheet!I5)*(Sheet!J5=Sheet1!$C$1:$C$24)*(Sheet1!$D$1:$D$24=Sheet!K5),0),5)} -> #N/A
A6: CANCELADOS | B6: 2025-01-31 | C6: GD | D6: ESTR | E6: 31000311767853029000000000000000 | F6: 31000311767853029000000000000000 | G6: 31000311767853029000000000000000 | H6: 31 | I6: 0003 | J6: 11767853029 | K6: 000000000000000 | L6: AN01010500 | M6: BA2 | N6: AI0807 | O6: NULL | P6: ANALISE | Q6: {=INDEX(Sheet1!$A$1:$M$24,MATCH(1,(Sheet1!$B$1:$B$24=Sheet!I6)*(Sheet!J6=Sheet1!$C$1:$C$24)*(Sheet1!$D$1:$D$24=Sheet!K6),0),5)} -> #N/A
A7: CANCELADOS | B7: 2025-01-31 | C7: GD | D7: ESTR | E7: 31000311757417029000000000000000 | F7: 31000311757417029000000000000000 | G7: 31000311757417029000000000000000 | H7: 31 | I7: 0003 | J7: 11757417029 | K7: 000000000000000 | L7: AN01020410 | M7: BA4 | N7: AO0306 | O7: NULL | P7: ANALISE | Q7: {=INDEX(Sheet1!$A$1:$M$24,MATCH(1,(Sheet1!$B$1:$B$24=Sheet!I7)*(Sheet!J7=Sheet1!$C$1:$C$24)*(Sheet1!$D$1:$D$24=Sheet!K7),0),5)} -> #N/A | S7: confirming
A8: CANCELADOS | B8: 2025-01-31 | C8: GD | D8: ESTR | E8: 31000311671345029000000000000000 | F8: 31000311671345029000000000000000 | G8: 31000311671345029000000000000000 | H8: 31 | I8: 0003 | J8: 11671345029 | K8: 000000000000000 | L8: AN01020200 | M8: BA4 | N8: AI10A1 | O8: NULL | P8: ANALISE | Q8: {=INDEX(Sheet1!$A$1:$M$24,MATCH(1,(Sheet1!$B$1:$B$24=Sheet!I8)*(Sheet!J8=Sheet1!$C$1:$C$24)*(Sheet1!$D$1:$D$24=Sheet!K8),0),5)} -> #N/A
A9: CANCELADOS | B9: 2025-01-31 | C9: GD | D9: ESTR | E9: 31000311767812029000000000000000 | F9: 31000311767812029000000000000000 | G9: 31000311767812029000000000000000 | H9: 31 | I9: 0003 | J9: 11767812029 | K9: 000000000000000 | L9: AN01020210 | M9: BA3 | N9: AI10A1 | O9: NULL | P9: ANALISE | Q9: {=INDEX(Sheet1!$A$1:$M$24,MATCH(1,(Sheet1!$B$1:$B$24=Sheet!I9)*(Sheet!J9=Sheet1!$C$1:$C$24)*(Sheet1!$D$1:$D$24=Sheet!K9),0),5)} -> #N/A
A10: CANCELADOS | B10: 2025-01-31 | C10: GD | D10: ESTR | E10: 31000311594703029000000000000000 | F10: 31000311594703029000000000000000 | G10: 31000311594703029000000000000000 | H10: 31 | I10: 0003 | J10: 11594703029 | K10: 000000000000000 | L10: AN01020410 | M10: BA4 | N10: AI10A1 | O10: NULL | P10: ANALISE | Q10: {=INDEX(Sheet1!$A$1:$M$24,MATCH(1,(Sheet1!$B$1:$B$24=Sheet!I10)*(Sheet!J10=Sheet1!$C$1:$C$24)*(Sheet1!$D$1:$D$24=Sheet!K10),0),5)} -> #N/A
A11: CANCELADOS | B11: 2025-01-31 | C11: GD | D11: ESTR | E11: 31000311590172029000000000000000 | F11: 31000311590172029000000000000000 | G11: 31000311590172029000000000000000 | H11: 31 | I11: 0003 | J11: 11590172029 | K11: 000000000000000 | L11: AN01020410 | M11: BA4 | N11: AI10A1 | O11: NULL | P11: ANALISE | Q11: {=INDEX(Sheet1!$A$1:$M$24,MATCH(1,(Sheet1!$B$1:$B$24=Sheet!I11)*(Sheet!J11=Sheet1!$C$1:$C$24)*(Sheet1!$D$1:$D$24=Sheet!K11),0),5)} -> #N/A
A12: CANCELADOS | B12: 2025-01-31 | C12: GD | D12: ESTR | E12: 31000311756815029000000000000000 | F12: 31000311756815029000000000000000 | G12: 31000311756815029000000000000000 | H12: 31 | I12: 0003 | J12: 11756815029 | K12: 000000000000000 | L12: AN01020410 | M12: BA4 | N12: AO0306 | O12: NULL | P12: ANALISE | Q12: {=INDEX(Sheet1!$A$1:$M$24,MATCH(1,(Sheet1!$B$1:$B$24=Sheet!I12)*(Sheet!J12=Sheet1!$C$1:$C$24)*(Sheet1!$D$1:$D$24=Sheet!K12),0),5)} -> #N/A | S12: confirming
A13: CANCELADOS | B13: 2025-01-31 | C13: GD | D13: ESTR | E13: 31000311594737029000000000000000 | F13: 31000311594737029000000000000000 | G13: 31000311594737029000000000000000 | H13: 31 | I13: 0003 | J13: 11594737029 | K13: 000000000000000 | L13: AN01020410 | M13: BA4 | N13: AI10A1 | O13: NULL | P13: ANALISE | Q13: {=INDEX(Sheet1!$A$1:$M$24,MATCH(1,(Sheet1!$B$1:$B$24=Sheet!I13)*(Sheet!J13=Sheet1!$C$1:$C$24)*(Sheet1!$D$1:$D$24=Sheet!K13),0),5)} -> #N/A
A14: CANCELADOS | B14: 2025-01-31 | C14: GD | D14: ESTR | E14: 31641600000000281PC0649155000000 | F14: 31641600000000281PC0649155000000 | G14: 31641600000000281PC0649155000000 | H14: 31 | I14: 6416 | J14: 00000000281 | K14: PC0649155000000 | L14: AN02030400 | M14: BA11 | N14: AI0408 | O14: NULL | P14: ANALISE | Q14: {=INDEX(Sheet1!$A$1:$M$24,MATCH(1,(Sheet1!$B$1:$B$24=Sheet!I14)*(Sheet!J14=Sheet1!$C$1:$C$24)*(Sheet1!$D$1:$D$24=Sheet!K14),0),5)} -> #N/A
A15: CANCELADOS | B15: 2025-01-31 | C15: GD | D15: ESTR | E15: 31000311766913029000000000000000 | F15: 31000311766913029000000000000000 | G15: 31000311766913029000000000000000 | H15: 31 | I15: 0003 | J15: 11766913029 | K15: 000000000000000 | L15: AN01020410 | M15: BA4 | N15: AO0306 | O15: NULL | P15: ANALISE | Q15: {=INDEX(Sheet1!$A$1:$M$24,MATCH(1,(Sheet1!$B$1:$B$24=Sheet!I15)*(Sheet!J15=Sheet1!$C$1:$C$24)*(Sheet1!$D$1:$D$24=Sheet!K15),0),5)} -> #N/A | S15: confirming
A16: CANCELADOS | B16: 2025-01-31 | C16: GD | D16: ESTR | E16: 31000311766921029000000000000000 | F16: 31000311766921029000000000000000 | G16: 31000311766921029000000000000000 | H16: 31 | I16: 0003 | J16: 11766921029 | K16: 000000000000000 | L16: AN01020410 | M16: BA4 | N16: AO0306 | O16: NULL | P16: ANALISE | Q16: {=INDEX(Sheet1!$A$1:$M$24,MATCH(1,(Sheet1!$B$1:$B$24=Sheet!I16)*(Sheet!J16=Sheet1!$C$1:$C$24)*(Sheet1!$D$1:$D$24=Sheet!K16),0),5)} -> #N/A | S16: confirming
A17: CANCELADOS | B17: 2025-01-31 | C17: GD | D17: ESTR | E17: 31000311766814029000000000000000 | F17: 31000311766814029000000000000000 | G17: 31000311766814029000000000000000 | H17: 31 | I17: 0003 | J17: 11766814029 | K17: 000000000000000 | L17: AN01010201 | M17: BA2 | N17: AO0306 | O17: NULL | P17: ANALISE | Q17: {=INDEX(Sheet1!$A$1:$M$24,MATCH(1,(Sheet1!$B$1:$B$24=Sheet!I17)*(Sheet!J17=Sheet1!$C$1:$C$24)*(Sheet1!$D$1:$D$24=Sheet!K17),0),5)} -> #N/A | S17: confirming
A18: CANCELADOS | B18: 2025-01-31 | C18: GD | D18: ESTR | E18: 31641600000001120PC0648235000000 | F18: 31641600000001120PC0648235000000 | G18: 31641600000001120PC0648235000000 | H18: 31 | I18: 6416 | J18: 00000001120 | K18: PC0648235000000 | L18: AN02030400 | M18: BA11 | N18: AI0408 | O18: NULL | P18: ANALISE | Q18: {=INDEX(Sheet1!$A$1:$M$24,MATCH(1,(Sheet1!$B$1:$B$24=Sheet!I18)*(Sheet!J18=Sheet1!$C$1:$C$24)*(Sheet1!$D$1:$D$24=Sheet!K18),0),5)} -> #N/A
A19: CANCELADOS | B19: 2025-01-31 | C19: GD | D19: ESTR | E19: 31000311631513029000000000000000 | F19: 31000311631513029000000000000000 | G19: 31000311631513029000000000000000 | H19: 31 | I19: 0003 | J19: 11631513029 | K19: 000000000000000 | L19: AN01010500 | M19: BA2 | N19: AI10A1 | O19: NULL | P19: ANALISE | Q19: {=INDEX(Sheet1!$A$1:$M$24,MATCH(1,(Sheet1!$B$1:$B$24=Sheet!I19)*(Sheet!J19=Sheet1!$C$1:$C$24)*(Sheet1!$D$1:$D$24=Sheet!K19),0),5)} -> #N/A
A20: CANCELADOS | B20: 2025-01-31 | C20: GD | D20: ESTR | E20: 31000311594711029000000000000000 | F20: 31000311594711029000000000000000 | G20: 31000311594711029000000000000000 | H20: 31 | I20: 0003 | J20: 11594711029 | K20: 000000000000000 | L20: AN01020410 | M20: BA4 | N20: AI10A1 | O20: NULL | P20: ANALISE | Q20: {=INDEX(Sheet1!$A$1:$M$24,MATCH(1,(Sheet1!$B$1:$B$24=Sheet!I20)*(Sheet!J20=Sheet1!$C$1:$C$24)*(Sheet1!$D$1:$D$24=Sheet!K20),0),5)} -> #N/A
A21: CANCELADOS | B21: 2025-01-31 | C21: GD | D21: ESTR | E21: 31000311754141029000000000000000 | F21: 31000311754141029000000000000000 | G21: 31000311754141029000000000000000 | H21: 31 | I21: 0003 | J21: 11754141029 | K21: 000000000000000 | L21: AN01020410 | M21: BA4 | N21: AO0306 | O21: NULL | P21: ANALISE | Q21: {=INDEX(Sheet1!$A$1:$M$24,MATCH(1,(Sheet1!$B$1:$B$24=Sheet!I21)*(Sheet!J21=Sheet1!$C$1:$C$24)*(Sheet1!$D$1:$D$24=Sheet!K21),0),5)} -> #N/A | S21: confirming
A22: CANCELADOS | B22: 2025-01-31 | C22: GD | D22: ESTR | E22: 31641600000000940PC0651755000000 | F22: SNCO0000000031641600000000940PC0651755000000BA11 | G22: SNCO0000000031641600000000940PC0651755000000BA11 | H22: 31 | I22: 6416 | J22: 00000000940 | K22: PC0651755000000 | L22: AN02030400 | M22: BA11 | N22: AI0408 | O22: NULL | P22: ANALISE | Q22: {=INDEX(Sheet1!$A$1:$M$24,MATCH(1,(Sheet1!$B$1:$B$24=Sheet!I22)*(Sheet!J22=Sheet1!$C$1:$C$24)*(Sheet1!$D$1:$D$24=Sheet!K22),0),5)} -> #N/A
A23: CANCELADOS | B23: 2025-01-31 | C23: GD | D23: ESTR | E23: 31000010945666541000000000000000 | F23: 31000010945666541000000000000000 | G23: 31000010945666541000000000000000 | H23: 31 | I23: 0000 | J23: 10945666541 | K23: 000000000000000 | L23: AN04030000 | M23: BA22 | N23: AI0307 | O23: NULL | P23: ANALISE | Q23: {=INDEX(Sheet1!$A$1:$M$24,MATCH(1,(Sheet1!$B$1:$B$24=Sheet!I23)*(Sheet!J23=Sheet1!$C$1:$C$24)*(Sheet1!$D$1:$D$24=Sheet!K23),0),5)} -> #N/A

Sheet Caso 1
A1: instrmnt_di | B1: cempcta | C1: ckbalcao | D1: cknumcta | E1: zdeposit_mis | F1: ckarea | G1: bsnss_area | H1: ckmetamis | I1: dinioper | J1: ckprodmi
A2: {=INDEX(Sheet!$A$1:$Q$23,MATCH(1,(Sheet!$I$1:$I$23='Caso 1'!C2)*('Caso 1'!D2=Sheet!$J$1:$J$23)*(Sheet!$K$1:$K$23='Caso 1'!E2),0),5)} -> 31000311582823029000000000000000 | B2: 31 | C2: 0003 | D2: 11582823029 | E2: 000000000000000 | F2: AN01020410 | G2: BA4 | H2: AI10A1 | I2: NULL | J2: 029213
A3: {=INDEX(Sheet!$A$1:$Q$23,MATCH(1,(Sheet!$I$1:$I$23='Caso 1'!C3)*('Caso 1'!D3=Sheet!$J$1:$J$23)*(Sheet!$K$1:$K$23='Caso 1'!E3),0),5)} -> 31000311766822029000000000000000 | B3: 31 | C3: 0003 | D3: 11766822029 | E3: 000000000000000 | F3: AN01020410 | G3: BA4 | H3: AO0306 | I3: NULL | J3: 029287
A4: {=INDEX(Sheet!$A$1:$Q$23,MATCH(1,(Sheet!$I$1:$I$23='Caso 1'!C4)*('Caso 1'!D4=Sheet!$J$1:$J$23)*(Sheet!$K$1:$K$23='Caso 1'!E4),0),5)} -> 31000311594687029000000000000000 | B4: 31 | C4: 0003 | D4: 11594687029 | E4: 000000000000000 | F4: AN01020410 | G4: BA4 | H4: AI10A1 | I4: NULL | J4: 029213
A5: {=INDEX(Sheet!$A$1:$Q$23,MATCH(1,(Sheet!$I$1:$I$23='Caso 1'!C5)*('Caso 1'!D5=Sheet!$J$1:$J$23)*(Sheet!$K$1:$K$23='Caso 1'!E5),0),5)} -> 31000311767853029000000000000000 | B5: 31 | C5: 0003 | D5: 11767853029 | E5: 000000000000000 | F5: AN01010500 | G5: BA2 | H5: AI0807 | I5: NULL | J5: 029286
A6: {=INDEX(Sheet!$A$1:$Q$23,MATCH(1,(Sheet!$I$1:$I$23='Caso 1'!C6)*('Caso 1'!D6=Sheet!$J$1:$J$23)*(Sheet!$K$1:$K$23='Caso 1'!E6),0),5)} -> 31000311757417029000000000000000 | B6: 31 | C6: 0003 | D6: 11757417029 | E6: 000000000000000 | F6: AN01020410 | G6: BA4 | H6: AO0306 | I6: NULL | J6: 029287
A7: {=INDEX(Sheet!$A$1:$Q$23,MATCH(1,(Sheet!$I$1:$I$23='Caso 1'!C7)*('Caso 1'!D7=Sheet!$J$1:$J$23)*(Sheet!$K$1:$K$23='Caso 1'!E7),0),5)} -> 31000311671345029000000000000000 | B7: 31 | C7: 0003 | D7: 11671345029 | E7: 000000000000000 | F7: AN01020200 | G7: BA4 | H7: AI10A1 | I7: NULL | J7: 029213
A8: {=INDEX(Sheet!$A$1:$Q$23,MATCH(1,(Sheet!$I$1:$I$23='Caso 1'!C8)*('Caso 1'!D8=Sheet!$J$1:$J$23)*(Sheet!$K$1:$K$23='Caso 1'!E8),0),5)} -> 31000311767812029000000000000000 | B8: 31 | C8: 0003 | D8: 11767812029 | E8: 000000000000000 | F8: AN01020210 | G8: BA3 | H8: AI10A1 | I8: NULL | J8: 029213
A9: {=INDEX(Sheet!$A$1:$Q$23,MATCH(1,(Sheet!$I$1:$I$23='Caso 1'!C9)*('Caso 1'!D9=Sheet!$J$1:$J$23)*(Sheet!$K$1:$K$23='Caso 1'!E9),0),5)} -> 31000311594703029000000000000000 | B9: 31 | C9: 0003 | D9: 11594703029 | E9: 000000000000000 | F9: AN01020410 | G9: BA4 | H9: AI10A1 | I9: NULL | J9: 029213
A10: {=INDEX(Sheet!$A$1:$Q$23,MATCH(1,(Sheet!$I$1:$I$23='Caso 1'!C10)*('Caso 1'!D10=Sheet!$J$1:$J$23)*(Sheet!$K$1:$K$23='Caso 1'!E10),0),5)} -> 31000311590172029000000000000000 | B10: 31 | C10: 0003 | D10: 11590172029 | E10: 000000000000000 | F10: AN01020410 | G10: BA4 | H10: AI10A1 | I10: NULL | J10: 029213
A11: {=INDEX(Sheet!$A$1:$Q$23,MATCH(1,(Sheet!$I$1:$I$23='Caso 1'!C11)*('Caso 1'!D11=Sheet!$J$1:$J$23)*(Sheet!$K$1:$K$23='Caso 1'!E11),0),5)} -> 31000311756815029000000000000000 | B11: 31 | C11: 0003 | D11: 11756815029 | E11: 000000000000000 | F11: AN01020410 | G11: BA4 | H11: AO0306 | I11: NULL | J11: 029287
A12: {=INDEX(Sheet!$A$1:$Q$23,MATCH(1,(Sheet!$I$1:$I$23='Caso 1'!C12)*('Caso 1'!D12=Sheet!$J$1:$J$23)*(Sheet!$K$1:$K$23='Caso 1'!E12),0),5)} -> 31000311594737029000000000000000 | B12: 31 | C12: 0003 | D12: 11594737029 | E12: 000000000000000 | F12: AN01020410 | G12: BA4 | H12: AI10A1 | I12: NULL | J12: 029213
A13: {=INDEX(Sheet!$A$1:$Q$23,MATCH(1,(Sheet!$I$1:$I$23='Caso 1'!C13)*('Caso 1'!D13=Sheet!$J$1:$J$23)*(Sheet!$K$1:$K$23='Caso 1'!E13),0),5)} -> 31000311766913029000000000000000 | B13: 31 | C13: 0003 | D13: 11766913029 | E13: 000000000000000 | F13: AN01020410 | G13: BA4 | H13: AO0306 | I13: NULL | J13: 029287
... A19: {=INDEX(Sheet!$A$1:$Q$23,MATCH(1,(Sheet!$I$1:$I$23='Caso 1'!C19)*('Caso 1'!D19=Sheet!$J$1:$J$23)*(Sheet!$K$1:$K$23='Caso 1'!E19),0),5)} -> 31000010945666541000000000000000 | B19: 31 | C19: 0000 | D19: 10945666541 | E19: 000000000000000 | F19: AN04030000 | G19: BA22 | H19: AI0307 | I19: NULL | J19: S96SB0

Sheet Caso 2
B2: CT201
B4: cempcta | C4: ckbalcao | D4: cknumcta | E4: zdeposit | F4: zseqdiv | G4: zcliente | H4: ckprodmi | I4: chcruza | J4: dinioper
B5: 31 | C5: 6416 | D5: 00000000281 | E5: PC0649155000000 | F5: 0 | G5: 7400199147 | H5: 113EMP | I5: 1 | J5: 45492
B6: 31 | C6: 6416 | D6: 00000000940 | E6: PC0651755000000 | F6: 0 | G6: 8039312356 | H6: 113EMP | I6: 1 | J6: 45545
B7: 31 | C7: 6416 | D7: 00000000940 | E7: PC0654399000000 | F7: 0 | G7: 8039312356 | H7: 113EMP | I7: 1 | J7: 45594
B8: 31 | C8: 6416 | D8: 00000001120 | E8: PC0648235000000 | F8: 0 | G8: 7400199147 | H8: 113EMP | I8: 1 | J8: 45476
B11: CT207
B14: cempcta | C14: ckbalcao | D14: cknumcta | E14: zdeposit | F14: zseqdiv | G14: zcliente | H14: ckprodmi | I14: chcruza | J14: ckmetamis | K14: ckarea
B15: 31 | C15: 6416 | D15: 00000000281 | E15: PC0649155000000 | F15: 0 | G15: 7400199147 | H15: 113EMP | I15: 1 | J15: AI0408 | K15: AN02020300
B16: 31 | C16: 6416 | D16: 00000000281 | E16: PC0649155000000 | F16: 1 | G16: 7400199147 | H16: 113EMP | I16: 0 | J16: AI0408 | K16: AN02030400
B17: 31 | C17: 6416 | D17: 00000000940 | E17: PC0651755000000 | F17: 0 | G17: 8039312356 | H17: 113EMP | I17: 1 | J17: AI0408 | K17: AN01020200
B18: 31 | C18: 6416 | D18: 00000000940 | E18: PC0651755000000 | F18: 1 | G18: 8039312356 | H18: 113EMP | I18: 0 | J18: AI0408 | K18: AN02030400
B19: 31 | C19: 6416 | D19: 00000000940 | E19: PC0654399000000 | F19: 0 | G19: 8039312356 | H19: 113EMP | I19: 1 | J19: AI0408 | K19: AN01020200
B20: 31 | C20: 6416 | D20: 00000000940 | E20: PC0654399000000 | F20: 1 | G20: 8039312356 | H20: 113EMP | I20: 0 | J20: AI0408 | K20: AN02030400
B21: 31 | C21: 6416 | D21: 00000001120 | E21: PC0648235000000 | F21: 0 | G21: 7400199147 | H21: 113EMP | I21: 1 | J21: AI0408 | K21: AN02020300
B22: 31 | C22: 6416 | D22: 00000001120 | E22: PC0648235000000 | F22: 1 | G22: 7400199147 | H22: 113EMP | I22: 0 | J22: AI0408 | K22: AN02030400

Sheet Sheet1
A1: ref_date | B1: cempcta | C1: ckbalcao | D1: cknumcta | E1: zdeposit | F1: zseqdiv | G1: zcliente | H1: ckprodmi | I1: chcruza | J1: ckmetamis | K1: ckarea
A2: 2025-01-31 | B2: 31 | C2: 6416 | D2: 00000001120 | E2: PC0648235000000 | F2: 0 | G2: 7400199147 | H2: 113EMP | I2: 1 | J2: AI0408 | K2: AN02020300
A3: 2025-01-31 | B3: 31 | C3: 6416 | D3: 00000000940 | E3: PC0654399000000 | F3: 1 | G3: 8039312356 | H3: 113EMP | I3: 0 | J3: AI0408 | K3: AN02030400
A4: 2025-01-31 | B4: 31 | C4: 6416 | D4: 00000000940 | E4: PC0651755000000 | F4: 0 | G4: 8039312356 | H4: 113EMP | I4: 1 | J4: AI0408 | K4: AN01020200
A5: 2025-01-31 | B5: 31 | C5: 6416 | D5: 00000000281 | E5: PC0649155000000 | F5: 0 | G5: 7400199147 | H5: 113EMP | I5: 1 | J5: AI0408 | K5: AN02020300
A6: 2025-01-31 | B6: 31 | C6: 6416 | D6: 00000000940 | E6: PC0651755000000 | F6: 1 | G6: 8039312356 | H6: 113EMP | I6: 0 | J6: AI0408 | K6: AN02030400
A7: 2025-01-31 | B7: 31 | C7: 6416 | D7: 00000000281 | E7: PC0649155000000 | F7: 1 | G7: 7400199147 | H7: 113EMP | I7: 0 | J7: AI0408 | K7: AN02030400
A8: 2025-01-31 | B8: 31 | C8: 6416 | D8: 00000001120 | E8: PC0648235000000 | F8: 1 | G8: 7400199147 | H8: 113EMP | I8: 0 | J8: AI0408 | K8: AN02030400
A9: 2025-01-31 | B9: 31 | C9: 6416 | D9: 00000000940 | E9: PC0654399000000 | F9: 0 | G9: 8039312356 | H9: 113EMP | I9: 1 | J9: AI0408 | K9: AN01020200
